panel,method,supplier_region,query_N,MAE_log,MAE_RUB
primary_all8,total,Алтайский край,63,0.12289467092547238,6024.628086482805
primary_all8,total,Амурская область,17,0.2846564042913309,28324.79707616519
primary_all8,total,Архангельская область,21,0.20542573870684272,14326.712214587362
primary_all8,total,Астраханская область,8,0.1621799453499999,9246.554929117432
primary_all8,total,Владимирская область,16,0.14853513568449572,10461.129332200262
primary_all8,total,Волгоградская область,34,0.1274836264122295,7046.890419454875
primary_all8,total,Вологодская область,25,0.09989095753196367,6042.532534165818
primary_all8,total,Еврейская автономная область,6,0.24128804117827882,19174.737433514627
primary_all8,total,Забайкальский край,22,0.17907404617962114,15679.237267577513
primary_all8,total,Ивановская область,26,0.2076645517259155,10805.794632680792
primary_all8,total,Иркутская область,37,0.1800425715312024,14548.770728675696
primary_all8,total,Кабардино-Балкарская Республика,7,0.15711424809073676,7183.04385635545
primary_all8,total,Калининградская область,18,0.22229362399405922,16348.090346736097
primary_all8,total,Калужская область,25,0.13682056263246103,8499.751138713209
primary_all8,total,Камчатский край,4,0.18307898696499025,24506.85311510408
primary_all8,total,Карачаево-Черкесская Республика,11,0.18187638911615475,8508.188571978231
primary_all8,total,Кировская область,43,0.10967423007837009,5396.352660960387
primary_all8,total,Костромская область,23,0.19084261046251844,9996.940840892124
primary_all8,total,Красноярский край,45,0.1748158370534464,12460.764608964813
primary_all8,total,Курганская область,26,0.07869375055766306,4115.07439053902
primary_all8,total,Ленинградская область,13,0.22607996755171925,19614.974149003716
primary_all8,total,Липецкая область,14,0.11429742229454234,7046.07366066474
primary_all8,total,Магаданская область,1,0.11034848869247504,16222.162986951065
primary_all8,total,Московская область,32,0.1529241154752224,15743.440741413724
primary_all8,total,Мурманская область,8,0.1775887352943657,18866.256143632287
primary_all8,total,Ненецкий автономный округ,2,0.27653453092510993,33818.92930060848
primary_all8,total,Нижегородская область,48,0.14007708394551777,8191.737626810963
primary_all8,total,Новгородская область,20,0.1667586130638484,10555.759531538613
primary_all8,total,Омская область,33,0.11183565714705315,5788.642561877154
primary_all8,total,Оренбургская область,39,0.12477362527258976,6992.64268356177
primary_all8,total,Орловская область,21,0.1220758132044406,6696.667393959998
primary_all8,total,Пензенская область,25,0.10664491976582134,5599.6996886348425
primary_all8,total,Пермский край,20,0.11690388638498908,6555.870149648213
primary_all8,total,Приморский край,32,0.17632246330827323,14048.921499713637
primary_all8,total,Псковская область,17,0.19186543383065585,9991.735064806577
primary_all8,total,Республика Адыгея,9,0.13724285340742093,9358.113757891251
primary_all8,total,Республика Алтай,11,0.2357629100305001,16011.273478947567
primary_all8,total,Республика Башкортостан,61,0.13064987718570675,7512.819667441576
primary_all8,total,Республика Дагестан,5,0.24794651397225528,12960.557827969595
primary_all8,total,Республика Калмыкия,6,0.15676426465909396,6895.873306567395
primary_all8,total,Республика Карелия,17,0.16005506609146436,12715.134836793159
primary_all8,total,Республика Коми,16,0.16161747872064391,12201.647488533697
primary_all8,total,Республика Марий Эл,16,0.11484385730340296,6011.832899518544
primary_all8,total,Республика Мордовия,22,0.09419393977116916,4676.426542796763
primary_all8,total,Республика Саха (Якутия),21,0.26954810638964827,28763.61877942755
primary_all8,total,Республика Татарстан,44,0.2593355686215869,17188.695336398432
primary_all8,total,Республика Тыва,11,0.11410097217631138,7288.435248913841
primary_all8,total,Республика Хакасия,12,0.1510692014291335,10234.722895567691
primary_all8,total,Самарская область,36,0.10557648754609551,6163.648368999805
primary_all8,total,Саратовская область,37,0.14427667865928492,7053.363339277758
primary_all8,total,Сахалинская область,1,0.12684764994743958,11511.142772396473
primary_all8,total,Свердловская область,14,0.18861577777861274,13048.176983848884
primary_all8,total,Смоленская область,2,0.21752052095383334,16939.239407590903
primary_all8,total,Ставропольский край,20,0.15162103251218467,8944.405656581386
primary_all8,total,Тамбовская область,24,0.11562001035070495,5947.90721621165
primary_all8,total,Томская область,18,0.2102141138662738,15950.880776552147
primary_all8,total,Тульская область,23,0.15484105144536534,10458.62345910615
primary_all8,total,Тюменская область,21,0.1041772381627572,7210.274592113479
primary_all8,total,Удмуртская Республика,27,0.0964594764810201,5288.770573310594
primary_all8,total,Ульяновская область,22,0.14564465822882963,7020.8293848716885
primary_all8,total,Хабаровский край,14,0.24902242743050693,23118.2284016663
primary_all8,total,Ханты-Мансийский автономный округ — Югра,22,0.35667696417141903,37364.444256343806
primary_all8,total,Челябинская область,32,0.14784220523434316,9383.04204793067
primary_all8,total,Чувашская Республика,24,0.10575275085658371,5290.320759521193
primary_all8,total,Чукотский автономный округ,1,0.40218355766956115,66028.56369648504
primary_all8,total,Ямало-Ненецкий автономный округ,10,0.43368701942501725,56610.702110747436
primary_all8,total,Ярославская область,18,0.14058620847695055,8958.389064440316
primary_all8,spending,Алтайский край,63,0.1255635345106523,6284.953848608144
primary_all8,spending,Амурская область,17,0.2511387571231757,24964.792346314644
primary_all8,spending,Архангельская область,21,0.23313235114322028,17281.684349737414
primary_all8,spending,Астраханская область,8,0.19507786450515763,10903.375115701474
primary_all8,spending,Владимирская область,16,0.0851804715898129,5663.923482868238
primary_all8,spending,Волгоградская область,34,0.10360439516645613,5755.1028328572875
primary_all8,spending,Вологодская область,25,0.12615579363606527,7871.720171105305
primary_all8,spending,Еврейская автономная область,6,0.22245253864482498,17898.57227845195
primary_all8,spending,Забайкальский край,22,0.20433791121466285,17216.38818725813
primary_all8,spending,Ивановская область,26,0.20577501091909145,10781.6746663769
primary_all8,spending,Иркутская область,37,0.16714492239370235,13420.423135439856
primary_all8,spending,Кабардино-Балкарская Республика,7,0.13744928769049128,6238.266552721912
primary_all8,spending,Калининградская область,18,0.16893245786750366,11791.259387845224
primary_all8,spending,Калужская область,25,0.135431867758128,8292.78094083533
primary_all8,spending,Камчатский край,4,0.13893651738448165,18373.370232759895
primary_all8,spending,Карачаево-Черкесская Республика,11,0.14756048586681525,6843.584760835651
primary_all8,spending,Кировская область,43,0.11522522662375442,5758.907448887803
primary_all8,spending,Костромская область,23,0.16111029871202653,8529.43086961296
primary_all8,spending,Красноярский край,45,0.15946541255711505,10788.094765576972
primary_all8,spending,Курганская область,26,0.07809701459109952,4031.229765093777
primary_all8,spending,Ленинградская область,13,0.203765929401142,16965.276359306044
primary_all8,spending,Липецкая область,14,0.17173392489443248,10230.002010749586
primary_all8,spending,Магаданская область,1,0.17615772820538034,25078.11227792762
primary_all8,spending,Московская область,32,0.14723804524090867,15215.445904182287
primary_all8,spending,Мурманская область,8,0.3385726499211308,40463.32195072079
primary_all8,spending,Ненецкий автономный округ,2,0.11169616706927599,15423.108379828023
primary_all8,spending,Нижегородская область,48,0.12526299115273254,7112.802892756132
primary_all8,spending,Новгородская область,20,0.14209819403417318,8431.822365340147
primary_all8,spending,Омская область,33,0.08952838480788897,4530.102880899343
primary_all8,spending,Оренбургская область,39,0.1270852037663948,6996.774350344576
primary_all8,spending,Орловская область,21,0.10488969015820454,5596.369863499191
primary_all8,spending,Пензенская область,25,0.09663859414423356,5022.648258160801
primary_all8,spending,Пермский край,20,0.11599923371877159,6533.696085848055
primary_all8,spending,Приморский край,32,0.1548147220875935,12620.57540587112
primary_all8,spending,Псковская область,17,0.21771724307083987,11533.495876807618
primary_all8,spending,Республика Адыгея,9,0.10970598367283418,6248.46697521319
primary_all8,spending,Республика Алтай,11,0.12042327897005639,6862.033784032218
primary_all8,spending,Республика Башкортостан,61,0.13715452248694518,8001.941138177634
primary_all8,spending,Республика Дагестан,5,0.12194727317240073,5891.104167052967
primary_all8,spending,Республика Калмыкия,6,0.15732355929292297,6862.96986764653
primary_all8,spending,Республика Карелия,17,0.17806131207404452,14487.504632231346
primary_all8,spending,Республика Коми,16,0.10695141140130149,7691.385058859363
primary_all8,spending,Республика Марий Эл,16,0.1377831844665286,7145.4803119529515
primary_all8,spending,Республика Мордовия,22,0.10565119780719706,5431.828117470239
primary_all8,spending,Республика Саха (Якутия),21,0.1364828860760987,16215.29206914541
primary_all8,spending,Республика Татарстан,44,0.2659509037419316,18059.95392701082
primary_all8,spending,Республика Тыва,11,0.17820111846045397,11123.539334455952
primary_all8,spending,Республика Хакасия,12,0.12944776838590558,8667.246214157698
primary_all8,spending,Самарская область,36,0.1024364907891789,5951.5355671256275
primary_all8,spending,Саратовская область,37,0.12040646847604684,5853.153237140694
primary_all8,spending,Сахалинская область,1,0.18397959582704182,16237.56273280787
primary_all8,spending,Свердловская область,14,0.16949872062389026,12658.551644036559
primary_all8,spending,Смоленская область,2,0.17683248554944786,13279.647942394804
primary_all8,spending,Ставропольский край,20,0.10879543450910374,6400.256613883224
primary_all8,spending,Тамбовская область,24,0.12209852081590888,6173.544314634787
primary_all8,spending,Томская область,18,0.1858162170214413,14132.47148442235
primary_all8,spending,Тульская область,23,0.11919824748120719,7658.341760721468
primary_all8,spending,Тюменская область,21,0.09204408854251807,6757.051856297725
primary_all8,spending,Удмуртская Республика,27,0.08363795465334624,4657.335067679219
primary_all8,spending,Ульяновская область,22,0.11171589925473305,5277.227490636883
primary_all8,spending,Хабаровский край,14,0.19444367758509198,19500.550068089826
primary_all8,spending,Ханты-Мансийский автономный округ — Югра,22,0.33718022803084885,34702.0412367429
primary_all8,spending,Челябинская область,32,0.12447504452085245,7646.353656971534
primary_all8,spending,Чувашская Республика,24,0.09567677692749281,4829.3885167635935
primary_all8,spending,Чукотский автономный округ,1,0.2708333746195919,47308.10009825323
primary_all8,spending,Ямало-Ненецкий автономный округ,10,0.2691234891776377,38558.07766093082
primary_all8,spending,Ярославская область,18,0.10705440339921798,6153.785036413569
primary_all8,context_no_salary,Алтайский край,63,0.23074354360632604,13033.292657138842
primary_all8,context_no_salary,Амурская область,17,0.16211304869272875,17187.739870805137
primary_all8,context_no_salary,Архангельская область,21,0.2551440794135178,17034.00588397775
primary_all8,context_no_salary,Астраханская область,8,0.17641778623149262,9638.238070120417
primary_all8,context_no_salary,Владимирская область,16,0.12761773912537067,8621.11964664438
primary_all8,context_no_salary,Волгоградская область,34,0.12256770657007605,6915.750420616337
primary_all8,context_no_salary,Вологодская область,25,0.11827420662573189,6886.377430614883
primary_all8,context_no_salary,Еврейская автономная область,6,0.15647771693416304,13701.4699025502
primary_all8,context_no_salary,Забайкальский край,22,0.15220800787967184,12380.636135749482
primary_all8,context_no_salary,Ивановская область,26,0.1486440332907948,7523.8126703867565
primary_all8,context_no_salary,Иркутская область,37,0.11767290286118957,9149.600995629578
primary_all8,context_no_salary,Кабардино-Балкарская Республика,7,0.12627770122640466,6161.906698559399
primary_all8,context_no_salary,Калининградская область,18,0.1697381963512917,10952.912891671183
primary_all8,context_no_salary,Калужская область,25,0.1564824063490277,9037.913710537676
primary_all8,context_no_salary,Камчатский край,4,0.14875876594079918,19397.462390028893
primary_all8,context_no_salary,Карачаево-Черкесская Республика,11,0.11186608163629669,5348.106706382025
primary_all8,context_no_salary,Кировская область,43,0.13865542285617458,7367.614458145296
primary_all8,context_no_salary,Костромская область,23,0.10310217456704522,5441.371398498841
primary_all8,context_no_salary,Красноярский край,45,0.14570205445930656,11307.135949642832
primary_all8,context_no_salary,Курганская область,26,0.16424158360952362,9316.432021733604
primary_all8,context_no_salary,Ленинградская область,13,0.18623548149323044,14493.318020014047
primary_all8,context_no_salary,Липецкая область,14,0.11306247696919693,6957.562146960874
primary_all8,context_no_salary,Магаданская область,1,0.4178114085748881,53026.372455213655
primary_all8,context_no_salary,Московская область,32,0.40673683505230984,34101.15356163586
primary_all8,context_no_salary,Мурманская область,8,0.1724460980918383,16286.613103988067
primary_all8,context_no_salary,Ненецкий автономный округ,2,0.08925597189058276,12419.401103230259
primary_all8,context_no_salary,Нижегородская область,48,0.10224821978681693,5715.429887436351
primary_all8,context_no_salary,Новгородская область,20,0.10320743646254024,5967.67704046929
primary_all8,context_no_salary,Омская область,33,0.12214921360640654,6229.646876498394
primary_all8,context_no_salary,Оренбургская область,39,0.10671976135417766,5608.352163141219
primary_all8,context_no_salary,Орловская область,21,0.09858338808603237,5455.233911323313
primary_all8,context_no_salary,Пензенская область,25,0.10736299708252084,5611.411272097461
primary_all8,context_no_salary,Пермский край,20,0.12170434543844628,6739.940773472978
primary_all8,context_no_salary,Приморский край,32,0.10510643507500589,8838.89551592857
primary_all8,context_no_salary,Псковская область,17,0.1565030513981584,8109.39372732644
primary_all8,context_no_salary,Республика Адыгея,9,0.09361309750786656,5632.800048672903
primary_all8,context_no_salary,Республика Алтай,11,0.1428533460616108,8131.824597882011
primary_all8,context_no_salary,Республика Башкортостан,61,0.08633974387744672,5040.458889176627
primary_all8,context_no_salary,Республика Дагестан,5,0.14177406758013406,7086.744156027387
primary_all8,context_no_salary,Республика Калмыкия,6,0.06499065031220368,2687.380170022352
primary_all8,context_no_salary,Республика Карелия,17,0.22375562161329465,14977.735762225911
primary_all8,context_no_salary,Республика Коми,16,0.15876897637998455,11032.246049568505
primary_all8,context_no_salary,Республика Марий Эл,16,0.11937109628631914,6131.791109173916
primary_all8,context_no_salary,Республика Мордовия,22,0.11815318813641827,6128.452140774019
primary_all8,context_no_salary,Республика Саха (Якутия),21,0.24378810605204748,23746.585929998637
primary_all8,context_no_salary,Республика Татарстан,44,0.1904010743181659,13169.708173404604
primary_all8,context_no_salary,Республика Тыва,11,0.12602674030831762,7903.8317002609365
primary_all8,context_no_salary,Республика Хакасия,12,0.11948220822482163,7873.088913746292
primary_all8,context_no_salary,Самарская область,36,0.07713490763433765,4584.083208730087
primary_all8,context_no_salary,Саратовская область,37,0.1553094687487896,8172.088935134657
primary_all8,context_no_salary,Сахалинская область,1,0.3478523446915798,28388.1212922305
primary_all8,context_no_salary,Свердловская область,14,0.18484002906665267,13507.778185431702
primary_all8,context_no_salary,Смоленская область,2,0.03784691581095245,3028.4978117453866
primary_all8,context_no_salary,Ставропольский край,20,0.10546270514445374,5478.231534251131
primary_all8,context_no_salary,Тамбовская область,24,0.09805122887939755,5189.827662201289
primary_all8,context_no_salary,Томская область,18,0.18712224541243425,12428.245015507555
primary_all8,context_no_salary,Тульская область,23,0.1618317601657345,9681.75651487112
primary_all8,context_no_salary,Тюменская область,21,0.13307088196520844,8001.186233722573
primary_all8,context_no_salary,Удмуртская Республика,27,0.07355314060623444,4172.826352672854
primary_all8,context_no_salary,Ульяновская область,22,0.11084414760362855,5514.876272387563
primary_all8,context_no_salary,Хабаровский край,14,0.1417712213110343,13331.489608341188
primary_all8,context_no_salary,Ханты-Мансийский автономный округ — Югра,22,0.30550122881447306,32201.074687037326
primary_all8,context_no_salary,Челябинская область,32,0.09351820177346443,5625.462174407661
primary_all8,context_no_salary,Чувашская Республика,24,0.10362125429852938,5201.9993993621165
primary_all8,context_no_salary,Чукотский автономный округ,1,0.16798828502220253,30833.92940709513
primary_all8,context_no_salary,Ямало-Ненецкий автономный округ,10,0.29349902386028254,39698.82290570707
primary_all8,context_no_salary,Ярославская область,18,0.08060987122975642,4609.166846397246
primary_all8,NCut_hard,Алтайский край,63,0.12505295436340944,6260.349740704334
primary_all8,NCut_hard,Амурская область,17,0.25724453870570907,26136.19335957218
primary_all8,NCut_hard,Архангельская область,21,0.23204892042165232,17367.64429013629
primary_all8,NCut_hard,Астраханская область,8,0.19476758186774057,10909.98712504315
primary_all8,NCut_hard,Владимирская область,16,0.08248407953567238,5437.4555495514305
primary_all8,NCut_hard,Волгоградская область,34,0.11234762764194063,6324.4724573000685
primary_all8,NCut_hard,Вологодская область,25,0.13221677054776648,8300.807690611473
primary_all8,NCut_hard,Еврейская автономная область,6,0.22655704343406877,18435.09249442391
primary_all8,NCut_hard,Забайкальский край,22,0.20451583244575994,17184.540727802654
primary_all8,NCut_hard,Ивановская область,26,0.21947676856282217,11603.167488348285
primary_all8,NCut_hard,Иркутская область,37,0.15678430503188126,12478.57039754998
primary_all8,NCut_hard,Кабардино-Балкарская Республика,7,0.14787979620968553,6758.855987342872
primary_all8,NCut_hard,Калининградская область,18,0.18181203768083126,12307.084320718046
primary_all8,NCut_hard,Калужская область,25,0.1330687873433682,8137.5484804738835
primary_all8,NCut_hard,Камчатский край,4,0.13975717244587926,18480.947452932403
primary_all8,NCut_hard,Карачаево-Черкесская Республика,11,0.16431633863064363,7704.986968464073
primary_all8,NCut_hard,Кировская область,43,0.12108491590999429,6085.433019925257
primary_all8,NCut_hard,Костромская область,23,0.1556265889858536,8291.3254015878
primary_all8,NCut_hard,Красноярский край,45,0.16547280111228,11398.157144057219
primary_all8,NCut_hard,Курганская область,26,0.08434753656477213,4364.897365300367
primary_all8,NCut_hard,Ленинградская область,13,0.18548562036414326,15692.268789081554
primary_all8,NCut_hard,Липецкая область,14,0.16487482465855624,9909.349276521521
primary_all8,NCut_hard,Магаданская область,1,0.1794403484509708,25504.777863293857
primary_all8,NCut_hard,Московская область,32,0.180591732617208,18711.812803275785
primary_all8,NCut_hard,Мурманская область,8,0.35319750652772575,43168.93094901557
primary_all8,NCut_hard,Ненецкий автономный округ,2,0.11169616706927599,15423.108379828023
primary_all8,NCut_hard,Нижегородская область,48,0.1252777166382292,7209.706559181984
primary_all8,NCut_hard,Новгородская область,20,0.14828669113095713,8781.900225706559
primary_all8,NCut_hard,Омская область,33,0.10097427761300225,5162.977722378432
primary_all8,NCut_hard,Оренбургская область,39,0.12734278584202763,7086.644705271267
primary_all8,NCut_hard,Орловская область,21,0.10716331003420367,5721.0345811499765
primary_all8,NCut_hard,Пензенская область,25,0.10723391261657468,5564.5182096265735
primary_all8,NCut_hard,Пермский край,20,0.1327170163822368,7437.989148799436
primary_all8,NCut_hard,Приморский край,32,0.155037605879923,12387.918382839605
primary_all8,NCut_hard,Псковская область,17,0.20144395843702334,10565.701093296195
primary_all8,NCut_hard,Республика Адыгея,9,0.13198321837242094,7633.422463836727
primary_all8,NCut_hard,Республика Алтай,11,0.1313200555525351,7467.954860460226
primary_all8,NCut_hard,Республика Башкортостан,61,0.13890430754782246,8065.172937524483
primary_all8,NCut_hard,Республика Дагестан,5,0.13594559710817614,6826.987183342098
primary_all8,NCut_hard,Республика Калмыкия,6,0.13714603525570576,5915.729742624968
primary_all8,NCut_hard,Республика Карелия,17,0.19152157494368516,15685.421296362338
primary_all8,NCut_hard,Республика Коми,16,0.11431220991300328,8154.981022780836
primary_all8,NCut_hard,Республика Марий Эл,16,0.1325431848004499,6857.896236725368
primary_all8,NCut_hard,Республика Мордовия,22,0.11464113813279023,5827.954412617673
primary_all8,NCut_hard,Республика Саха (Якутия),21,0.26044510428093737,29888.966666943576
primary_all8,NCut_hard,Республика Татарстан,44,0.2641402686672333,17917.797027037417
primary_all8,NCut_hard,Республика Тыва,11,0.16804843299240702,10644.282672913869
primary_all8,NCut_hard,Республика Хакасия,12,0.12595447394382728,8444.901379846446
primary_all8,NCut_hard,Самарская область,36,0.1042908197627989,6019.831482081848
primary_all8,NCut_hard,Саратовская область,37,0.11746207809923094,5720.290671078974
primary_all8,NCut_hard,Сахалинская область,1,0.22895701183476902,19773.07679790679
primary_all8,NCut_hard,Свердловская область,14,0.16446623467609353,12673.979369598741
primary_all8,NCut_hard,Смоленская область,2,0.17683248554944786,13279.647942394804
primary_all8,NCut_hard,Ставропольский край,20,0.11017366614960115,6531.563678182519
primary_all8,NCut_hard,Тамбовская область,24,0.12591658208874934,6379.054092147694
primary_all8,NCut_hard,Томская область,18,0.20011831316924303,14930.6716480337
primary_all8,NCut_hard,Тульская область,23,0.11566969594201992,7381.847339470737
primary_all8,NCut_hard,Тюменская область,21,0.09844454907897704,7199.673966363257
primary_all8,NCut_hard,Удмуртская Республика,27,0.07399719854874681,4147.626026445734
primary_all8,NCut_hard,Ульяновская область,22,0.11994048167155326,5724.291057787012
primary_all8,NCut_hard,Хабаровский край,14,0.1864937628014777,18937.143155165504
primary_all8,NCut_hard,Ханты-Мансийский автономный округ — Югра,22,0.32164898081556215,33375.34968055017
primary_all8,NCut_hard,Челябинская область,32,0.12439292130878182,7666.127150830064
primary_all8,NCut_hard,Чувашская Республика,24,0.0915970974381796,4642.709839136383
primary_all8,NCut_hard,Чукотский автономный округ,1,0.2708333746195919,47308.10009825323
primary_all8,NCut_hard,Ямало-Ненецкий автономный округ,10,0.28275615244585256,40194.42152878364
primary_all8,NCut_hard,Ярославская область,18,0.10724719032140634,6139.0306332643195
primary_all8,SSE_hard,Алтайский край,63,0.1243392870117407,6180.638970043709
primary_all8,SSE_hard,Амурская область,17,0.27976456507547515,26971.596909879983
primary_all8,SSE_hard,Архангельская область,21,0.22608630563262824,16271.470025685083
primary_all8,SSE_hard,Астраханская область,8,0.1917654554660444,10728.269073059126
primary_all8,SSE_hard,Владимирская область,16,0.07177969416043795,4506.979741237046
primary_all8,SSE_hard,Волгоградская область,34,0.10149116114783553,5669.657842761515
primary_all8,SSE_hard,Вологодская область,25,0.12305255613114731,7664.768029617483
primary_all8,SSE_hard,Еврейская автономная область,6,0.2599119788946063,22086.598120406048
primary_all8,SSE_hard,Забайкальский край,22,0.2347737014848534,20089.68583834479
primary_all8,SSE_hard,Ивановская область,26,0.20505591522703798,10681.447840817067
primary_all8,SSE_hard,Иркутская область,37,0.1570666312227722,12460.235508995687
primary_all8,SSE_hard,Кабардино-Балкарская Республика,7,0.16987200820838894,8066.929094015175
primary_all8,SSE_hard,Калининградская область,18,0.1765247698035327,12778.591986373453
primary_all8,SSE_hard,Калужская область,25,0.13364268031092089,8196.516836537245
primary_all8,SSE_hard,Камчатский край,4,0.1338023811198923,17692.27669560589
primary_all8,SSE_hard,Карачаево-Черкесская Республика,11,0.11656379028293916,5247.535970516667
primary_all8,SSE_hard,Кировская область,43,0.12339755344139791,6244.370748466255
primary_all8,SSE_hard,Костромская область,23,0.17024415382078378,9063.93576891086
primary_all8,SSE_hard,Красноярский край,45,0.15543668726879617,10630.977022407851
primary_all8,SSE_hard,Курганская область,26,0.08738485606930392,4520.079295554793
primary_all8,SSE_hard,Ленинградская область,13,0.1443347049646563,12061.294837518795
primary_all8,SSE_hard,Липецкая область,14,0.1703614337708293,10126.818846107793
primary_all8,SSE_hard,Магаданская область,1,0.10593828214470946,15607.584826783364
primary_all8,SSE_hard,Московская область,32,0.1579040269680152,16209.632552854295
primary_all8,SSE_hard,Мурманская область,8,0.36076125244608703,42803.14185294555
primary_all8,SSE_hard,Ненецкий автономный округ,2,0.13355303560487464,17735.637789473207
primary_all8,SSE_hard,Нижегородская область,48,0.11941913901752106,6799.577195467019
primary_all8,SSE_hard,Новгородская область,20,0.1395403526581375,8168.554338047734
primary_all8,SSE_hard,Омская область,33,0.07262537374865967,3576.709904284126
primary_all8,SSE_hard,Оренбургская область,39,0.12213895600276573,6743.342011174963
primary_all8,SSE_hard,Орловская область,21,0.10556174762229352,5633.188334093694
primary_all8,SSE_hard,Пензенская область,25,0.10710720435081562,5543.802453909898
primary_all8,SSE_hard,Пермский край,20,0.1126670059359725,6352.451155000921
primary_all8,SSE_hard,Приморский край,32,0.15304300936256604,12771.278412080757
primary_all8,SSE_hard,Псковская область,17,0.21776999403922326,11533.527797174766
primary_all8,SSE_hard,Республика Адыгея,9,0.11599177607210977,6648.363581713547
primary_all8,SSE_hard,Республика Алтай,11,0.13189851393399607,7676.270344844349
primary_all8,SSE_hard,Республика Башкортостан,61,0.1460273617220835,8533.805552552501
primary_all8,SSE_hard,Республика Дагестан,5,0.12862919956391466,6210.613998726473
primary_all8,SSE_hard,Республика Калмыкия,6,0.14420604165474504,6265.8564177221015
primary_all8,SSE_hard,Республика Карелия,17,0.18030759703499447,14643.294055447695
primary_all8,SSE_hard,Республика Коми,16,0.10812867716394248,7522.949266690728
primary_all8,SSE_hard,Республика Марий Эл,16,0.14082787862063906,7291.12417884057
primary_all8,SSE_hard,Республика Мордовия,22,0.10863919338313882,5582.178027853984
primary_all8,SSE_hard,Республика Саха (Якутия),21,0.20642018296822973,22862.638098996267
primary_all8,SSE_hard,Республика Татарстан,44,0.2701874932066379,18266.753621435528
primary_all8,SSE_hard,Республика Тыва,11,0.11893222497422297,7218.709456410503
primary_all8,SSE_hard,Республика Хакасия,12,0.1133576364948663,7635.27529603572
primary_all8,SSE_hard,Самарская область,36,0.10052647653752188,5837.434240617218
primary_all8,SSE_hard,Саратовская область,37,0.125740186254391,6128.199678553585
primary_all8,SSE_hard,Сахалинская область,1,0.21552632023381513,18733.939774206534
primary_all8,SSE_hard,Свердловская область,14,0.17552827339394433,13063.972914215547
primary_all8,SSE_hard,Смоленская область,2,0.17932753190341177,13365.675448212689
primary_all8,SSE_hard,Ставропольский край,20,0.10944793308411756,6456.0242689555735
primary_all8,SSE_hard,Тамбовская область,24,0.11400744187799246,5778.572779707557
primary_all8,SSE_hard,Томская область,18,0.2083475765944234,15452.02827527798
primary_all8,SSE_hard,Тульская область,23,0.09707673277858506,6057.410973470316
primary_all8,SSE_hard,Тюменская область,21,0.09479522612798721,6835.315746847924
primary_all8,SSE_hard,Удмуртская Республика,27,0.08011020627485227,4340.932959830194
primary_all8,SSE_hard,Ульяновская область,22,0.11356605638207817,5380.713110079235
primary_all8,SSE_hard,Хабаровский край,14,0.19013635682173927,18694.203292527418
primary_all8,SSE_hard,Ханты-Мансийский автономный округ — Югра,22,0.3185542941908119,32956.283024798155
primary_all8,SSE_hard,Челябинская область,32,0.13202040335562398,8172.187193221608
primary_all8,SSE_hard,Чувашская Республика,24,0.09517521329837926,4796.145533491853
primary_all8,SSE_hard,Чукотский автономный округ,1,0.3944421111193961,64992.09624367769
primary_all8,SSE_hard,Ямало-Ненецкий автономный округ,10,0.3105974588875542,43402.546678282284
primary_all8,SSE_hard,Ярославская область,18,0.10520535191193077,6052.244807804197
primary_all8,NCut_soft,Алтайский край,63,0.12688611995597085,6349.484003916624
primary_all8,NCut_soft,Амурская область,17,0.26080765560773383,25942.912684433675
primary_all8,NCut_soft,Архангельская область,21,0.21937905160500012,15917.795258569231
primary_all8,NCut_soft,Астраханская область,8,0.19507786450515763,10903.375115701474
primary_all8,NCut_soft,Владимирская область,16,0.08533233269361051,5674.05068979598
primary_all8,NCut_soft,Волгоградская область,34,0.10158770042629517,5693.129389024128
primary_all8,NCut_soft,Вологодская область,25,0.12874359758428797,8019.335565395753
primary_all8,NCut_soft,Еврейская автономная область,6,0.22245253864482498,17898.57227845195
primary_all8,NCut_soft,Забайкальский край,22,0.20841807297233353,17473.40965187325
primary_all8,NCut_soft,Ивановская область,26,0.2108394993553579,11111.989870086185
primary_all8,NCut_soft,Иркутская область,37,0.16806976466628984,13489.215506129509
primary_all8,NCut_soft,Кабардино-Балкарская Республика,7,0.1377446824133331,6245.6595848879615
primary_all8,NCut_soft,Калининградская область,18,0.1722418945546005,11937.873652806227
primary_all8,NCut_soft,Калужская область,25,0.135431867758128,8292.78094083533
primary_all8,NCut_soft,Камчатский край,4,0.13893651738448165,18373.370232759895
primary_all8,NCut_soft,Карачаево-Черкесская Республика,11,0.15034945868463853,6990.540837937011
primary_all8,NCut_soft,Кировская область,43,0.11426637213199049,5696.00471327527
primary_all8,NCut_soft,Костромская область,23,0.16084891852584696,8516.022492614376
primary_all8,NCut_soft,Красноярский край,45,0.1598250666263818,10835.528277767824
primary_all8,NCut_soft,Курганская область,26,0.07809701459109952,4031.229765093777
primary_all8,NCut_soft,Ленинградская область,13,0.21057488353403642,18119.65428741149
primary_all8,NCut_soft,Липецкая область,14,0.1662473455983049,9972.420974384868
primary_all8,NCut_soft,Магаданская область,1,0.1761577282053821,25078.112277927852
primary_all8,NCut_soft,Московская область,32,0.14521504240088717,15036.31230105805
primary_all8,NCut_soft,Мурманская область,8,0.3385726499211308,40463.32195072079
primary_all8,NCut_soft,Ненецкий автономный округ,2,0.11169616706927599,15423.108379828023
primary_all8,NCut_soft,Нижегородская область,48,0.12126668856249179,6897.462316637629
primary_all8,NCut_soft,Новгородская область,20,0.14264172218780544,8460.706698935386
primary_all8,NCut_soft,Омская область,33,0.09259246734770338,4689.4764459966555
primary_all8,NCut_soft,Оренбургская область,39,0.12293694479592464,6784.945631724272
primary_all8,NCut_soft,Орловская область,21,0.10488969015820454,5596.369863499191
primary_all8,NCut_soft,Пензенская область,25,0.09779001664270474,5089.812640022565
primary_all8,NCut_soft,Пермский край,20,0.11857293872004737,6666.1994413786615
primary_all8,NCut_soft,Приморский край,32,0.14724013836880462,11973.430485417672
primary_all8,NCut_soft,Псковская область,17,0.21049526790215609,11088.168448305654
primary_all8,NCut_soft,Республика Адыгея,9,0.11960793267161209,6823.2536523136505
primary_all8,NCut_soft,Республика Алтай,11,0.12042327897005672,6862.033784032237
primary_all8,NCut_soft,Республика Башкортостан,61,0.1373162045428825,7962.11503263712
primary_all8,NCut_soft,Республика Дагестан,5,0.12194727317240037,5891.104167052943
primary_all8,NCut_soft,Республика Калмыкия,6,0.13147589133293755,5615.556830544581
primary_all8,NCut_soft,Республика Карелия,17,0.18409998695455052,14991.377843269282
primary_all8,NCut_soft,Республика Коми,16,0.10561543381180771,7604.7309683885105
primary_all8,NCut_soft,Республика Марий Эл,16,0.1377831844665286,7145.4803119529515
primary_all8,NCut_soft,Республика Мордовия,22,0.10469566854132713,5397.413953576806
primary_all8,NCut_soft,Республика Саха (Якутия),21,0.1876280062499035,21477.832132160744
primary_all8,NCut_soft,Республика Татарстан,44,0.26664250288221925,18089.25909957906
primary_all8,NCut_soft,Республика Тыва,11,0.1756679099509736,10985.260228969435
primary_all8,NCut_soft,Республика Хакасия,12,0.13127600758575753,8774.341658967693
primary_all8,NCut_soft,Самарская область,36,0.10247628105439342,5946.06657756985
primary_all8,NCut_soft,Саратовская область,37,0.11688803050149213,5672.960746290735
primary_all8,NCut_soft,Сахалинская область,1,0.23199137420887794,20005.91993816143
primary_all8,NCut_soft,Свердловская область,14,0.17159478134884562,12970.279967984854
primary_all8,NCut_soft,Смоленская область,2,0.17683248554944786,13279.647942394804
primary_all8,NCut_soft,Ставропольский край,20,0.11409742827547316,6660.4113388937085
primary_all8,NCut_soft,Тамбовская область,24,0.12312067071334461,6229.148721234452
primary_all8,NCut_soft,Томская область,18,0.1920283857239203,14494.102967844769
primary_all8,NCut_soft,Тульская область,23,0.11919824748120719,7658.341760721468
primary_all8,NCut_soft,Тюменская область,21,0.09315313442592182,6818.6790670103555
primary_all8,NCut_soft,Удмуртская Республика,27,0.08141073550635111,4509.484214676636
primary_all8,NCut_soft,Ульяновская область,22,0.1119539037797392,5291.520543049182
primary_all8,NCut_soft,Хабаровский край,14,0.19864905279829806,19829.79692985481
primary_all8,NCut_soft,Ханты-Мансийский автономный округ — Югра,22,0.33981965187245283,34868.618973151344
primary_all8,NCut_soft,Челябинская область,32,0.1245867654054732,7669.999913524483
primary_all8,NCut_soft,Чувашская Республика,24,0.09502104840897545,4793.65325159024
primary_all8,NCut_soft,Чукотский автономный округ,1,0.2708333746195919,47308.10009825323
primary_all8,NCut_soft,Ямало-Ненецкий автономный округ,10,0.2691234891776377,38558.07766093082
primary_all8,NCut_soft,Ярославская область,18,0.11106706608998075,6368.403422792259
primary_all8,SSE_soft,Алтайский край,63,0.12587112475828247,6295.943049542329
primary_all8,SSE_soft,Амурская область,17,0.254430817952926,25188.022140471367
primary_all8,SSE_soft,Архангельская область,21,0.23393050101581475,17323.365603750055
primary_all8,SSE_soft,Астраханская область,8,0.19776827669928743,11037.4434337533
primary_all8,SSE_soft,Владимирская область,16,0.0851804715898129,5663.923482868238
primary_all8,SSE_soft,Волгоградская область,34,0.10324880074789151,5743.165621480848
primary_all8,SSE_soft,Вологодская область,25,0.12786456882445485,7977.452097113452
primary_all8,SSE_soft,Еврейская автономная область,6,0.2211911524743284,17943.781675034315
primary_all8,SSE_soft,Забайкальский край,22,0.22314237880637852,19179.519565101644
primary_all8,SSE_soft,Ивановская область,26,0.20803492724544242,10900.027874779978
primary_all8,SSE_soft,Иркутская область,37,0.1621372451468436,13021.731107943007
primary_all8,SSE_soft,Кабардино-Балкарская Республика,7,0.14390248255990304,6578.895052138066
primary_all8,SSE_soft,Калининградская область,18,0.15239600856252078,10816.759995639664
primary_all8,SSE_soft,Калужская область,25,0.135431867758128,8292.78094083533
primary_all8,SSE_soft,Камчатский край,4,0.13893651738448165,18373.370232759895
primary_all8,SSE_soft,Карачаево-Черкесская Республика,11,0.14756048586681525,6843.584760835651
primary_all8,SSE_soft,Кировская область,43,0.11776546514099877,5908.65409015238
primary_all8,SSE_soft,Костромская область,23,0.16479139653840413,8723.51559351563
primary_all8,SSE_soft,Красноярский край,45,0.15663633873510788,10644.166858916775
primary_all8,SSE_soft,Курганская область,26,0.07549238565179728,3888.9915327818217
primary_all8,SSE_soft,Ленинградская область,13,0.19269703545998282,15824.371604143953
primary_all8,SSE_soft,Липецкая область,14,0.1719071512800387,10239.105200331851
primary_all8,SSE_soft,Магаданская область,1,0.17615772820538034,25078.11227792762
primary_all8,SSE_soft,Московская область,32,0.15317708880906805,15777.071609183497
primary_all8,SSE_soft,Мурманская область,8,0.33857264992113056,40463.321950720754
primary_all8,SSE_soft,Ненецкий автономный округ,2,0.11698643645777285,15992.143854892522
primary_all8,SSE_soft,Нижегородская область,48,0.12349888425225135,7002.446681485766
primary_all8,SSE_soft,Новгородская область,20,0.1483314839615745,8772.416992809627
primary_all8,SSE_soft,Омская область,33,0.08747538534681698,4444.4858703848195
primary_all8,SSE_soft,Оренбургская область,39,0.126139395994119,6954.398779321196
primary_all8,SSE_soft,Орловская область,21,0.10488969015820454,5596.369863499191
primary_all8,SSE_soft,Пензенская область,25,0.09877881323922161,5119.625999880631
primary_all8,SSE_soft,Пермский край,20,0.1088436990915981,6127.914287113114
primary_all8,SSE_soft,Приморский край,32,0.143706464777213,11621.391459176777
primary_all8,SSE_soft,Псковская область,17,0.2147212965697572,11374.334862628277
primary_all8,SSE_soft,Республика Адыгея,9,0.11262269705145005,6410.644810346321
primary_all8,SSE_soft,Республика Алтай,11,0.11624907706771527,6608.826358984269
primary_all8,SSE_soft,Республика Башкортостан,61,0.13979920091602807,8135.733225565292
primary_all8,SSE_soft,Республика Дагестан,5,0.12194727317240073,5891.104167052967
primary_all8,SSE_soft,Республика Калмыкия,6,0.15732355929292297,6862.96986764653
primary_all8,SSE_soft,Республика Карелия,17,0.17806131207404452,14487.504632231346
primary_all8,SSE_soft,Республика Коми,16,0.1146530889619668,8380.101520197402
primary_all8,SSE_soft,Республика Марий Эл,16,0.13868421498481598,7189.908049425592
primary_all8,SSE_soft,Республика Мордовия,22,0.10565119780719706,5431.828117470239
primary_all8,SSE_soft,Республика Саха (Якутия),21,0.14723513358454157,17413.217604931568
primary_all8,SSE_soft,Республика Татарстан,44,0.2666565435608051,18090.189531792563
primary_all8,SSE_soft,Республика Тыва,11,0.1683165498314991,10498.116210534434
primary_all8,SSE_soft,Республика Хакасия,12,0.12944776838590558,8667.246214157698
primary_all8,SSE_soft,Самарская область,36,0.1024364907891789,5951.5355671256275
primary_all8,SSE_soft,Саратовская область,37,0.12422428556414404,6048.124411277372
primary_all8,SSE_soft,Сахалинская область,1,0.18397959582704182,16237.56273280787
primary_all8,SSE_soft,Свердловская область,14,0.16949872062389026,12658.551644036559
primary_all8,SSE_soft,Смоленская область,2,0.17683248554944786,13279.647942394804
primary_all8,SSE_soft,Ставропольский край,20,0.10759848655576051,6330.602719543047
primary_all8,SSE_soft,Тамбовская область,24,0.1235710843672541,6250.1710725549165
primary_all8,SSE_soft,Томская область,18,0.18618456569962424,13906.404767671827
primary_all8,SSE_soft,Тульская область,23,0.11374745017642156,7328.682870086523
primary_all8,SSE_soft,Тюменская область,21,0.08929512915858688,6523.487375328982
primary_all8,SSE_soft,Удмуртская Республика,27,0.08578000280211134,4772.077465509945
primary_all8,SSE_soft,Ульяновская область,22,0.11107111104889808,5239.2990345866965
primary_all8,SSE_soft,Хабаровский край,14,0.19444367758509198,19500.550068089826
primary_all8,SSE_soft,Ханты-Мансийский автономный округ — Югра,22,0.3364121671520932,34829.522720898785
primary_all8,SSE_soft,Челябинская область,32,0.1235036943867171,7586.644634087734
primary_all8,SSE_soft,Чувашская Республика,24,0.09673229754289474,4884.053714989022
primary_all8,SSE_soft,Чукотский автономный округ,1,0.3129072725781388,53574.305719230586
primary_all8,SSE_soft,Ямало-Ненецкий автономный округ,10,0.2833221511025979,40163.385418295264
primary_all8,SSE_soft,Ярославская область,18,0.10705440339921798,6153.785036413569
primary_all8,median,Алтайский край,63,0.1938240293505285,9950.817072648666
primary_all8,median,Амурская область,17,0.5338591769471731,44216.83427541168
primary_all8,median,Архангельская область,21,0.28777310664469624,19401.92625177366
primary_all8,median,Астраханская область,8,0.1818556818914827,10004.012500000003
primary_all8,median,Владимирская область,16,0.12554838569480686,7801.200000000008
primary_all8,median,Волгоградская область,34,0.15917700882018676,8901.049475821856
primary_all8,median,Вологодская область,25,0.14604042263409192,8667.460005302599
primary_all8,median,Еврейская автономная область,6,0.2582665983663377,18213.523080071798
primary_all8,median,Забайкальский край,22,0.3765119639300858,28941.627272727263
primary_all8,median,Ивановская область,26,0.25033812200384886,13206.392307692295
primary_all8,median,Иркутская область,37,0.28985209535432105,21877.491865640844
primary_all8,median,Кабардино-Балкарская Республика,7,0.36714000541576475,19350.229645590873
primary_all8,median,Калининградская область,18,0.18110371293961958,11878.135151610395
primary_all8,median,Калужская область,25,0.16864409959523927,10293.198231937307
primary_all8,median,Камчатский край,4,0.8787034172042261,83876.00193581049
primary_all8,median,Карачаево-Черкесская Республика,11,0.24189230364748954,12245.86717766928
primary_all8,median,Кировская область,43,0.18184687015265522,9382.03131995676
primary_all8,median,Костромская область,23,0.1955187632222891,10179.486348183184
primary_all8,median,Красноярский край,45,0.20259691074687838,14320.282891930045
primary_all8,median,Курганская область,26,0.11848194769638556,6121.626923076931
primary_all8,median,Ленинградская область,13,0.3549537819203945,25513.94275372555
primary_all8,median,Липецкая область,14,0.14457978076243563,8976.671428571432
primary_all8,median,Магаданская область,1,0.7647515986399522,82998.95579843254
primary_all8,median,Московская область,32,0.33151726373371065,29915.967641713367
primary_all8,median,Мурманская область,8,0.639139050061686,51187.43901512715
primary_all8,median,Ненецкий автономный округ,2,0.7591693105246984,72804.35551640533
primary_all8,median,Нижегородская область,48,0.1595895342773399,9357.843586829344
primary_all8,median,Новгородская область,20,0.12739380301357164,6973.721924021532
primary_all8,median,Омская область,33,0.16932740936348853,8593.62593328588
primary_all8,median,Оренбургская область,39,0.1266016981762963,7228.005728313553
primary_all8,median,Орловская область,21,0.1297127227746086,7351.947910777423
primary_all8,median,Пензенская область,25,0.15154464230809794,7728.615635833656
primary_all8,median,Пермский край,20,0.10009295784585932,5882.835000000001
primary_all8,median,Приморский край,32,0.3248961978161138,23153.172311703558
primary_all8,median,Псковская область,17,0.16337591254356632,8236.288235294089
primary_all8,median,Республика Адыгея,9,0.2058494547679894,12124.555009937347
primary_all8,median,Республика Алтай,11,0.13806860722043754,7949.105072584771
primary_all8,median,Республика Башкортостан,61,0.14871504970782348,8568.526147887394
primary_all8,median,Республика Дагестан,5,0.4486760613084616,25889.869351628095
primary_all8,median,Республика Калмыкия,6,0.29752039186686857,13986.099999999962
primary_all8,median,Республика Карелия,17,0.3198114244507674,21988.02062046179
primary_all8,median,Республика Коми,16,0.31322157424417074,22693.62609952659
primary_all8,median,Республика Марий Эл,16,0.17291264308058973,8621.318277372631
primary_all8,median,Республика Мордовия,22,0.1679016367504783,8739.20855966693
primary_all8,median,Республика Саха (Якутия),21,0.6921331304114245,59423.1169427825
primary_all8,median,Республика Татарстан,44,0.2340905045623175,16913.65909090905
primary_all8,median,Республика Тыва,11,0.13979025646210355,8566.313554283348
primary_all8,median,Республика Хакасия,12,0.13034256198453256,8429.22966091643
primary_all8,median,Самарская область,36,0.11130316699616898,6758.78147567369
primary_all8,median,Саратовская область,37,0.2167856125620733,10859.85128153598
primary_all8,median,Сахалинская область,1,0.2904319411019074,24355.255798432525
primary_all8,median,Свердловская область,14,0.14780913008986676,11516.113972716359
primary_all8,median,Смоленская область,2,0.12201872465137686,9458.650000000001
primary_all8,median,Ставропольский край,20,0.12406583198579071,6754.269999999992
primary_all8,median,Тамбовская область,24,0.16588306477962336,9327.554166666654
primary_all8,median,Томская область,18,0.26875284322496523,19603.072975914336
primary_all8,median,Тульская область,23,0.1312223529899393,8207.269608794997
primary_all8,median,Тюменская область,21,0.13109789494144086,9784.873977825906
primary_all8,median,Удмуртская Республика,27,0.10014638289207978,5623.794659201203
primary_all8,median,Ульяновская область,22,0.2128739248413492,10643.06356431716
primary_all8,median,Хабаровский край,14,0.5271352877252067,42104.27142857142
primary_all8,median,Ханты-Мансийский автономный округ — Югра,22,0.6839342540088167,62903.277725681684
primary_all8,median,Челябинская область,32,0.13401020806017294,8423.937456705418
primary_all8,median,Чувашская Республика,24,0.1616098283399383,8494.423390136302
primary_all8,median,Чукотский автономный округ,1,1.2917539399818505,144604.65523437812
primary_all8,median,Ямало-Ненецкий автономный округ,10,0.9686926489402399,98801.14126451698
primary_all8,median,Ярославская область,18,0.10414129570387567,5997.561111111103
core_common6,total,Алтайский край,63,0.12289467092547238,6024.628086482805
core_common6,total,Амурская область,17,0.2846564042913309,28324.79707616519
core_common6,total,Архангельская область,21,0.20542573870684272,14326.712214587362
core_common6,total,Астраханская область,8,0.1621799453499999,9246.554929117432
core_common6,total,Владимирская область,16,0.14853513568449572,10461.129332200262
core_common6,total,Волгоградская область,34,0.1274836264122295,7046.890419454875
core_common6,total,Вологодская область,25,0.09989095753196367,6042.532534165818
core_common6,total,Еврейская автономная область,6,0.24128804117827882,19174.737433514627
core_common6,total,Забайкальский край,22,0.17907404617962114,15679.237267577513
core_common6,total,Ивановская область,26,0.2076645517259155,10805.794632680792
core_common6,total,Иркутская область,37,0.1800425715312024,14548.770728675696
core_common6,total,Кабардино-Балкарская Республика,7,0.15711424809073676,7183.04385635545
core_common6,total,Калининградская область,19,0.24521149333565234,19126.2880657127
core_common6,total,Калужская область,25,0.13682056263246103,8499.751138713209
core_common6,total,Камчатский край,5,0.1786701301817061,23743.18707642402
core_common6,total,Карачаево-Черкесская Республика,11,0.18187638911615475,8508.188571978231
core_common6,total,Кировская область,43,0.10967423007837009,5396.352660960387
core_common6,total,Костромская область,24,0.18842151850177644,9906.944904989357
core_common6,total,Красноярский край,45,0.1748158370534464,12460.764608964813
core_common6,total,Курганская область,26,0.07869375055766306,4115.07439053902
core_common6,total,Ленинградская область,17,0.2577963958545843,24504.83873587752
core_common6,total,Липецкая область,14,0.11429742229454234,7046.07366066474
core_common6,total,Магаданская область,1,0.11034848869247504,16222.162986951065
core_common6,total,Московская область,37,0.14103271972018477,14686.516567376037
core_common6,total,Мурманская область,12,0.17867737259546543,20122.262429088194
core_common6,total,Ненецкий автономный округ,2,0.27653453092510993,33818.92930060848
core_common6,total,Нижегородская область,49,0.1442516706045605,8404.87242404651
core_common6,total,Новгородская область,20,0.1667586130638484,10555.759531538613
core_common6,total,Омская область,33,0.11183565714705315,5788.642561877154
core_common6,total,Оренбургская область,39,0.12477362527258976,6992.64268356177
core_common6,total,Орловская область,21,0.1220758132044406,6696.667393959998
core_common6,total,Пензенская область,25,0.10664491976582134,5599.6996886348425
core_common6,total,Пермский край,20,0.11690388638498908,6555.870149648213
core_common6,total,Приморский край,32,0.17632246330827323,14048.921499713637
core_common6,total,Псковская область,18,0.22080272643507845,12507.179620343879
core_common6,total,Республика Адыгея,9,0.13724285340742093,9358.113757891251
core_common6,total,Республика Алтай,11,0.2357629100305001,16011.273478947567
core_common6,total,Республика Башкортостан,61,0.13064987718570675,7512.819667441576
core_common6,total,Республика Дагестан,5,0.24794651397225528,12960.557827969595
core_common6,total,Республика Калмыкия,6,0.15676426465909396,6895.873306567395
core_common6,total,Республика Карелия,17,0.16005506609146436,12715.134836793159
core_common6,total,Республика Коми,16,0.16161747872064391,12201.647488533697
core_common6,total,Республика Марий Эл,16,0.11484385730340296,6011.832899518544
core_common6,total,Республика Мордовия,22,0.09419393977116916,4676.426542796763
core_common6,total,Республика Саха (Якутия),27,0.24411242694367952,26780.662817372373
core_common6,total,Республика Татарстан,44,0.2593355686215869,17188.695336398432
core_common6,total,Республика Тыва,11,0.11410097217631138,7288.435248913841
core_common6,total,Республика Хакасия,12,0.1510692014291335,10234.722895567691
core_common6,total,Самарская область,36,0.10557648754609551,6163.648368999805
core_common6,total,Саратовская область,37,0.14427667865928492,7053.363339277758
core_common6,total,Сахалинская область,1,0.12684764994743958,11511.142772396473
core_common6,total,Свердловская область,14,0.18861577777861274,13048.176983848884
core_common6,total,Смоленская область,2,0.21752052095383334,16939.239407590903
core_common6,total,Ставропольский край,20,0.15162103251218467,8944.405656581386
core_common6,total,Тамбовская область,24,0.11562001035070495,5947.90721621165
core_common6,total,Томская область,19,0.20755577882106033,15804.930943569922
core_common6,total,Тульская область,23,0.15484105144536534,10458.62345910615
core_common6,total,Тюменская область,21,0.1041772381627572,7210.274592113479
core_common6,total,Удмуртская Республика,27,0.0964594764810201,5288.770573310594
core_common6,total,Ульяновская область,22,0.14564465822882963,7020.8293848716885
core_common6,total,Хабаровский край,14,0.24902242743050693,23118.2284016663
core_common6,total,Ханты-Мансийский автономный округ — Югра,22,0.35667696417141903,37364.444256343806
core_common6,total,Челябинская область,32,0.14784220523434316,9383.04204793067
core_common6,total,Чувашская Республика,24,0.10575275085658371,5290.320759521193
core_common6,total,Чукотский автономный округ,1,0.40218355766956115,66028.56369648504
core_common6,total,Ямало-Ненецкий автономный округ,11,0.44852975257743355,58738.16004711164
core_common6,total,Ярославская область,18,0.14058620847695055,8958.389064440316
core_common6,spending,Алтайский край,63,0.1255635345106523,6284.953848608144
core_common6,spending,Амурская область,17,0.2511387571231757,24964.792346314644
core_common6,spending,Архангельская область,21,0.23313235114322028,17281.684349737414
core_common6,spending,Астраханская область,8,0.19507786450515763,10903.375115701474
core_common6,spending,Владимирская область,16,0.0851804715898129,5663.923482868238
core_common6,spending,Волгоградская область,34,0.10360439516645613,5755.1028328572875
core_common6,spending,Вологодская область,25,0.12615579363606527,7871.720171105305
core_common6,spending,Еврейская автономная область,6,0.22245253864482498,17898.57227845195
core_common6,spending,Забайкальский край,22,0.20433791121466285,17216.38818725813
core_common6,spending,Ивановская область,26,0.20577501091909145,10781.6746663769
core_common6,spending,Иркутская область,37,0.16714492239370235,13420.423135439856
core_common6,spending,Кабардино-Балкарская Республика,7,0.13744928769049128,6238.266552721912
core_common6,spending,Калининградская область,19,0.16136085289048654,11269.956929087844
core_common6,spending,Калужская область,25,0.135431867758128,8292.78094083533
core_common6,spending,Камчатский край,5,0.14098197704474275,18508.118754404117
core_common6,spending,Карачаево-Черкесская Республика,11,0.14756048586681525,6843.584760835651
core_common6,spending,Кировская область,43,0.11522522662375442,5758.907448887803
core_common6,spending,Костромская область,24,0.15870299605040086,8431.941355822142
core_common6,spending,Красноярский край,45,0.15946541255711505,10788.094765576972
core_common6,spending,Курганская область,26,0.07809701459109952,4031.229765093777
core_common6,spending,Ленинградская область,17,0.23759317831986385,19786.927523782135
core_common6,spending,Липецкая область,14,0.17173392489443248,10230.002010749586
core_common6,spending,Магаданская область,1,0.17615772820538034,25078.11227792762
core_common6,spending,Московская область,37,0.1416079733360623,14915.340042938862
core_common6,spending,Мурманская область,12,0.31005950945636124,38689.85126723205
core_common6,spending,Ненецкий автономный округ,2,0.11169616706927599,15423.108379828023
core_common6,spending,Нижегородская область,49,0.12566557242678392,7143.722585458878
core_common6,spending,Новгородская область,20,0.14209819403417318,8431.822365340147
core_common6,spending,Омская область,33,0.08952838480788897,4530.102880899343
core_common6,spending,Оренбургская область,39,0.1270852037663948,6996.774350344576
core_common6,spending,Орловская область,21,0.10488969015820454,5596.369863499191
core_common6,spending,Пензенская область,25,0.09663859414423356,5022.648258160801
core_common6,spending,Пермский край,20,0.11599923371877159,6533.696085848055
core_common6,spending,Приморский край,32,0.1548147220875935,12620.57540587112
core_common6,spending,Псковская область,18,0.2334934932415353,12817.095374448232
core_common6,spending,Республика Адыгея,9,0.10970598367283418,6248.46697521319
core_common6,spending,Республика Алтай,11,0.12042327897005639,6862.033784032218
core_common6,spending,Республика Башкортостан,61,0.13715452248694518,8001.941138177634
core_common6,spending,Республика Дагестан,5,0.12194727317240073,5891.104167052967
core_common6,spending,Республика Калмыкия,6,0.15732355929292297,6862.96986764653
core_common6,spending,Республика Карелия,17,0.17806131207404452,14487.504632231346
core_common6,spending,Республика Коми,16,0.10695141140130149,7691.385058859363
core_common6,spending,Республика Марий Эл,16,0.1377831844665286,7145.4803119529515
core_common6,spending,Республика Мордовия,22,0.10565119780719706,5431.828117470239
core_common6,spending,Республика Саха (Якутия),27,0.15427032597989593,19035.536761679603
core_common6,spending,Республика Татарстан,44,0.2659509037419316,18059.95392701082
core_common6,spending,Республика Тыва,11,0.17820111846045397,11123.539334455952
core_common6,spending,Республика Хакасия,12,0.12944776838590558,8667.246214157698
core_common6,spending,Самарская область,36,0.1024364907891789,5951.5355671256275
core_common6,spending,Саратовская область,37,0.12040646847604684,5853.153237140694
core_common6,spending,Сахалинская область,1,0.18397959582704182,16237.56273280787
core_common6,spending,Свердловская область,14,0.16949872062389026,12658.551644036559
core_common6,spending,Смоленская область,2,0.17683248554944786,13279.647942394804
core_common6,spending,Ставропольский край,20,0.10879543450910374,6400.256613883224
core_common6,spending,Тамбовская область,24,0.12209852081590888,6173.544314634787
core_common6,spending,Томская область,19,0.1778177810613444,13526.538554283314
core_common6,spending,Тульская область,23,0.11919824748120719,7658.341760721468
core_common6,spending,Тюменская область,21,0.09204408854251807,6757.051856297725
core_common6,spending,Удмуртская Республика,27,0.08363795465334624,4657.335067679219
core_common6,spending,Ульяновская область,22,0.11171589925473305,5277.227490636883
core_common6,spending,Хабаровский край,14,0.19444367758509198,19500.550068089826
core_common6,spending,Ханты-Мансийский автономный округ — Югра,22,0.33718022803084885,34702.0412367429
core_common6,spending,Челябинская область,32,0.12447504452085245,7646.353656971534
core_common6,spending,Чувашская Республика,24,0.09567677692749281,4829.3885167635935
core_common6,spending,Чукотский автономный округ,1,0.2708333746195919,47308.10009825323
core_common6,spending,Ямало-Ненецкий автономный округ,11,0.29418727005733913,41849.98868423573
core_common6,spending,Ярославская область,18,0.10705440339921798,6153.785036413569
core_common6,context_no_salary,Алтайский край,63,0.23074354360632604,13033.292657138842
core_common6,context_no_salary,Амурская область,17,0.16211304869272875,17187.739870805137
core_common6,context_no_salary,Архангельская область,21,0.2551440794135178,17034.00588397775
core_common6,context_no_salary,Астраханская область,8,0.17641778623149262,9638.238070120417
core_common6,context_no_salary,Владимирская область,16,0.12761773912537067,8621.11964664438
core_common6,context_no_salary,Волгоградская область,34,0.12256770657007605,6915.750420616337
core_common6,context_no_salary,Вологодская область,25,0.11827420662573189,6886.377430614883
core_common6,context_no_salary,Еврейская автономная область,6,0.15647771693416304,13701.4699025502
core_common6,context_no_salary,Забайкальский край,22,0.15220800787967184,12380.636135749482
core_common6,context_no_salary,Ивановская область,26,0.1486440332907948,7523.8126703867565
core_common6,context_no_salary,Иркутская область,37,0.11767290286118957,9149.600995629578
core_common6,context_no_salary,Кабардино-Балкарская Республика,7,0.12627770122640466,6161.906698559399
core_common6,context_no_salary,Калининградская область,19,0.17953390291971347,11547.433211935435
core_common6,context_no_salary,Калужская область,25,0.1564824063490277,9037.913710537676
core_common6,context_no_salary,Камчатский край,5,0.16264856811946693,20160.4589519675
core_common6,context_no_salary,Карачаево-Черкесская Республика,11,0.11186608163629669,5348.106706382025
core_common6,context_no_salary,Кировская область,43,0.13865542285617458,7367.614458145296
core_common6,context_no_salary,Костромская область,24,0.10004334331782161,5293.812338540804
core_common6,context_no_salary,Красноярский край,45,0.14570205445930656,11307.135949642832
core_common6,context_no_salary,Курганская область,26,0.16424158360952362,9316.432021733604
core_common6,context_no_salary,Ленинградская область,17,0.21725066250181282,17397.985006514555
core_common6,context_no_salary,Липецкая область,14,0.11306247696919693,6957.562146960874
core_common6,context_no_salary,Магаданская область,1,0.4178114085748881,53026.372455213655
core_common6,context_no_salary,Московская область,37,0.4303125621722245,36827.08888589264
core_common6,context_no_salary,Мурманская область,12,0.1701640763047075,16816.837691242974
core_common6,context_no_salary,Ненецкий автономный округ,2,0.08925597189058276,12419.401103230259
core_common6,context_no_salary,Нижегородская область,49,0.10124066944904195,5669.629467169362
core_common6,context_no_salary,Новгородская область,20,0.10320743646254024,5967.67704046929
core_common6,context_no_salary,Омская область,33,0.12214921360640654,6229.646876498394
core_common6,context_no_salary,Оренбургская область,39,0.10671976135417766,5608.352163141219
core_common6,context_no_salary,Орловская область,21,0.09858338808603237,5455.233911323313
core_common6,context_no_salary,Пензенская область,25,0.10736299708252084,5611.411272097461
core_common6,context_no_salary,Пермский край,20,0.12170434543844628,6739.940773472978
core_common6,context_no_salary,Приморский край,32,0.10510643507500589,8838.89551592857
core_common6,context_no_salary,Псковская область,18,0.1549486471829263,8063.9642040816725
core_common6,context_no_salary,Республика Адыгея,9,0.09361309750786656,5632.800048672903
core_common6,context_no_salary,Республика Алтай,11,0.1428533460616108,8131.824597882011
core_common6,context_no_salary,Республика Башкортостан,61,0.08633974387744672,5040.458889176627
core_common6,context_no_salary,Республика Дагестан,5,0.14177406758013406,7086.744156027387
core_common6,context_no_salary,Республика Калмыкия,6,0.06499065031220368,2687.380170022352
core_common6,context_no_salary,Республика Карелия,17,0.22375562161329465,14977.735762225911
core_common6,context_no_salary,Республика Коми,16,0.15876897637998455,11032.246049568505
core_common6,context_no_salary,Республика Марий Эл,16,0.11937109628631914,6131.791109173916
core_common6,context_no_salary,Республика Мордовия,22,0.11815318813641827,6128.452140774019
core_common6,context_no_salary,Республика Саха (Якутия),27,0.26421466812622585,26490.69277909861
core_common6,context_no_salary,Республика Татарстан,44,0.1904010743181659,13169.708173404604
core_common6,context_no_salary,Республика Тыва,11,0.12602674030831762,7903.8317002609365
core_common6,context_no_salary,Республика Хакасия,12,0.11948220822482163,7873.088913746292
core_common6,context_no_salary,Самарская область,36,0.07713490763433765,4584.083208730087
core_common6,context_no_salary,Саратовская область,37,0.1553094687487896,8172.088935134657
core_common6,context_no_salary,Сахалинская область,1,0.3478523446915798,28388.1212922305
core_common6,context_no_salary,Свердловская область,14,0.18484002906665267,13507.778185431702
core_common6,context_no_salary,Смоленская область,2,0.03784691581095245,3028.4978117453866
core_common6,context_no_salary,Ставропольский край,20,0.10546270514445374,5478.231534251131
core_common6,context_no_salary,Тамбовская область,24,0.09805122887939755,5189.827662201289
core_common6,context_no_salary,Томская область,19,0.18434327997625333,12277.551434419534
core_common6,context_no_salary,Тульская область,23,0.1618317601657345,9681.75651487112
core_common6,context_no_salary,Тюменская область,21,0.13307088196520844,8001.186233722573
core_common6,context_no_salary,Удмуртская Республика,27,0.07355314060623444,4172.826352672854
core_common6,context_no_salary,Ульяновская область,22,0.11084414760362855,5514.876272387563
core_common6,context_no_salary,Хабаровский край,14,0.1417712213110343,13331.489608341188
core_common6,context_no_salary,Ханты-Мансийский автономный округ — Югра,22,0.30550122881447306,32201.074687037326
core_common6,context_no_salary,Челябинская область,32,0.09351820177346443,5625.462174407661
core_common6,context_no_salary,Чувашская Республика,24,0.10362125429852938,5201.9993993621165
core_common6,context_no_salary,Чукотский автономный округ,1,0.16798828502220253,30833.92940709513
core_common6,context_no_salary,Ямало-Ненецкий автономный округ,11,0.2840015531901238,38876.88846993114
core_common6,context_no_salary,Ярославская область,18,0.08060987122975642,4609.166846397246
core_common6,NCut_soft,Алтайский край,63,0.12688611995597085,6349.484003916624
core_common6,NCut_soft,Амурская область,17,0.26080765560773383,25942.912684433675
core_common6,NCut_soft,Архангельская область,21,0.21937905160500012,15917.795258569231
core_common6,NCut_soft,Астраханская область,8,0.19507786450515763,10903.375115701474
core_common6,NCut_soft,Владимирская область,16,0.08533233269361051,5674.05068979598
core_common6,NCut_soft,Волгоградская область,34,0.10158770042629517,5693.129389024128
core_common6,NCut_soft,Вологодская область,25,0.12874359758428797,8019.335565395753
core_common6,NCut_soft,Еврейская автономная область,6,0.22245253864482498,17898.57227845195
core_common6,NCut_soft,Забайкальский край,22,0.20841807297233353,17473.40965187325
core_common6,NCut_soft,Ивановская область,26,0.2108394993553579,11111.989870086185
core_common6,NCut_soft,Иркутская область,37,0.16806976466628984,13489.215506129509
core_common6,NCut_soft,Кабардино-Балкарская Республика,7,0.1377446824133331,6245.6595848879615
core_common6,NCut_soft,Калининградская область,19,0.16449610869931514,11408.854653787737
core_common6,NCut_soft,Калужская область,25,0.135431867758128,8292.78094083533
core_common6,NCut_soft,Камчатский край,5,0.14098197704474275,18508.118754404117
core_common6,NCut_soft,Карачаево-Черкесская Республика,11,0.15034945868463853,6990.540837937011
core_common6,NCut_soft,Кировская область,43,0.11426637213199049,5696.00471327527
core_common6,NCut_soft,Костромская область,24,0.15637470754169494,8297.95774919372
core_common6,NCut_soft,Красноярский край,45,0.1598250666263818,10835.528277767824
core_common6,NCut_soft,Курганская область,26,0.07809701459109952,4031.229765093777
core_common6,NCut_soft,Ленинградская область,17,0.24280002559795957,20669.687115862765
core_common6,NCut_soft,Липецкая область,14,0.1662473455983049,9972.420974384868
core_common6,NCut_soft,Магаданская область,1,0.1761577282053821,25078.112277927852
core_common6,NCut_soft,Московская область,37,0.13985834925820584,14760.413683480061
core_common6,NCut_soft,Мурманская область,12,0.31005950945636124,38689.85126723205
core_common6,NCut_soft,Ненецкий автономный округ,2,0.11169616706927599,15423.108379828023
core_common6,NCut_soft,Нижегородская область,49,0.12179110626884498,6935.00184467206
core_common6,NCut_soft,Новгородская область,20,0.14264172218780544,8460.706698935386
core_common6,NCut_soft,Омская область,33,0.09259246734770338,4689.4764459966555
core_common6,NCut_soft,Оренбургская область,39,0.12293694479592464,6784.945631724272
core_common6,NCut_soft,Орловская область,21,0.10488969015820454,5596.369863499191
core_common6,NCut_soft,Пензенская область,25,0.09779001664270474,5089.812640022565
core_common6,NCut_soft,Пермский край,20,0.11857293872004737,6666.1994413786615
core_common6,NCut_soft,Приморский край,32,0.14724013836880462,11973.430485417672
core_common6,NCut_soft,Псковская область,18,0.22667273891555617,12396.508358640822
core_common6,NCut_soft,Республика Адыгея,9,0.11960793267161209,6823.2536523136505
core_common6,NCut_soft,Республика Алтай,11,0.12042327897005672,6862.033784032237
core_common6,NCut_soft,Республика Башкортостан,61,0.1373162045428825,7962.11503263712
core_common6,NCut_soft,Республика Дагестан,5,0.12194727317240037,5891.104167052943
core_common6,NCut_soft,Республика Калмыкия,6,0.13147589133293755,5615.556830544581
core_common6,NCut_soft,Республика Карелия,17,0.18409998695455052,14991.377843269282
core_common6,NCut_soft,Республика Коми,16,0.10561543381180771,7604.7309683885105
core_common6,NCut_soft,Республика Марий Эл,16,0.1377831844665286,7145.4803119529515
core_common6,NCut_soft,Республика Мордовия,22,0.10469566854132713,5397.413953576806
core_common6,NCut_soft,Республика Саха (Якутия),27,0.19404986389285522,23128.6234773582
core_common6,NCut_soft,Республика Татарстан,44,0.26664250288221925,18089.25909957906
core_common6,NCut_soft,Республика Тыва,11,0.1756679099509736,10985.260228969435
core_common6,NCut_soft,Республика Хакасия,12,0.13127600758575753,8774.341658967693
core_common6,NCut_soft,Самарская область,36,0.10247628105439342,5946.06657756985
core_common6,NCut_soft,Саратовская область,37,0.11688803050149213,5672.960746290735
core_common6,NCut_soft,Сахалинская область,1,0.23199137420887794,20005.91993816143
core_common6,NCut_soft,Свердловская область,14,0.17159478134884562,12970.279967984854
core_common6,NCut_soft,Смоленская область,2,0.17683248554944786,13279.647942394804
core_common6,NCut_soft,Ставропольский край,20,0.11409742827547316,6660.4113388937085
core_common6,NCut_soft,Тамбовская область,24,0.12312067071334461,6229.148721234452
core_common6,NCut_soft,Томская область,19,0.1823155474008301,13761.34496930701
core_common6,NCut_soft,Тульская область,23,0.11919824748120719,7658.341760721468
core_common6,NCut_soft,Тюменская область,21,0.09315313442592182,6818.6790670103555
core_common6,NCut_soft,Удмуртская Республика,27,0.08141073550635111,4509.484214676636
core_common6,NCut_soft,Ульяновская область,22,0.1119539037797392,5291.520543049182
core_common6,NCut_soft,Хабаровский край,14,0.19864905279829806,19829.79692985481
core_common6,NCut_soft,Ханты-Мансийский автономный округ — Югра,22,0.33981965187245283,34868.618973151344
core_common6,NCut_soft,Челябинская область,32,0.1245867654054732,7669.999913524483
core_common6,NCut_soft,Чувашская Республика,24,0.09502104840897545,4793.65325159024
core_common6,NCut_soft,Чукотский автономный округ,1,0.2708333746195919,47308.10009825323
core_common6,NCut_soft,Ямало-Ненецкий автономный округ,11,0.29418727005733913,41849.98868423573
core_common6,NCut_soft,Ярославская область,18,0.11106706608998075,6368.403422792259
core_common6,SSE_soft,Алтайский край,63,0.12587112475828247,6295.943049542329
core_common6,SSE_soft,Амурская область,17,0.254430817952926,25188.022140471367
core_common6,SSE_soft,Архангельская область,21,0.23393050101581475,17323.365603750055
core_common6,SSE_soft,Астраханская область,8,0.19776827669928743,11037.4434337533
core_common6,SSE_soft,Владимирская область,16,0.0851804715898129,5663.923482868238
core_common6,SSE_soft,Волгоградская область,34,0.10324880074789151,5743.165621480848
core_common6,SSE_soft,Вологодская область,25,0.12786456882445485,7977.452097113452
core_common6,SSE_soft,Еврейская автономная область,6,0.2211911524743284,17943.781675034315
core_common6,SSE_soft,Забайкальский край,22,0.22314237880637852,19179.519565101644
core_common6,SSE_soft,Ивановская область,26,0.20803492724544242,10900.027874779978
core_common6,SSE_soft,Иркутская область,37,0.1621372451468436,13021.731107943007
core_common6,SSE_soft,Кабардино-Балкарская Республика,7,0.14390248255990304,6578.895052138066
core_common6,SSE_soft,Калининградская область,19,0.14569474302260801,10346.746978577308
core_common6,SSE_soft,Калужская область,25,0.135431867758128,8292.78094083533
core_common6,SSE_soft,Камчатский край,5,0.14098197704474275,18508.118754404117
core_common6,SSE_soft,Карачаево-Черкесская Республика,11,0.14756048586681525,6843.584760835651
core_common6,SSE_soft,Кировская область,43,0.11776546514099877,5908.65409015238
core_common6,SSE_soft,Костромская область,24,0.1622307148006794,8617.93921622887
core_common6,SSE_soft,Красноярский край,45,0.15663633873510788,10644.166858916775
core_common6,SSE_soft,Курганская область,26,0.07549238565179728,3888.9915327818217
core_common6,SSE_soft,Ленинградская область,17,0.22912873001191858,18914.47094630524
core_common6,SSE_soft,Липецкая область,14,0.1719071512800387,10239.105200331851
core_common6,SSE_soft,Магаданская область,1,0.17615772820538034,25078.11227792762
core_common6,SSE_soft,Московская область,37,0.14924266508337358,15724.697973546123
core_common6,SSE_soft,Мурманская область,12,0.2845702857845824,34363.60743910599
core_common6,SSE_soft,Ненецкий автономный округ,2,0.11698643645777285,15992.143854892522
core_common6,SSE_soft,Нижегородская область,49,0.12393746770794518,7035.618541765457
core_common6,SSE_soft,Новгородская область,20,0.1483314839615745,8772.416992809627
core_common6,SSE_soft,Омская область,33,0.08747538534681698,4444.4858703848195
core_common6,SSE_soft,Оренбургская область,39,0.126139395994119,6954.398779321196
core_common6,SSE_soft,Орловская область,21,0.10488969015820454,5596.369863499191
core_common6,SSE_soft,Пензенская область,25,0.09877881323922161,5119.625999880631
core_common6,SSE_soft,Пермский край,20,0.1088436990915981,6127.914287113114
core_common6,SSE_soft,Приморский край,32,0.143706464777213,11621.391459176777
core_common6,SSE_soft,Псковская область,18,0.23066398821273498,12666.77663883441
core_common6,SSE_soft,Республика Адыгея,9,0.11262269705145005,6410.644810346321
core_common6,SSE_soft,Республика Алтай,11,0.11624907706771527,6608.826358984269
core_common6,SSE_soft,Республика Башкортостан,61,0.13979920091602807,8135.733225565292
core_common6,SSE_soft,Республика Дагестан,5,0.12194727317240073,5891.104167052967
core_common6,SSE_soft,Республика Калмыкия,6,0.15732355929292297,6862.96986764653
core_common6,SSE_soft,Республика Карелия,17,0.17806131207404452,14487.504632231346
core_common6,SSE_soft,Республика Коми,16,0.1146530889619668,8380.101520197402
core_common6,SSE_soft,Республика Марий Эл,16,0.13868421498481598,7189.908049425592
core_common6,SSE_soft,Республика Мордовия,22,0.10565119780719706,5431.828117470239
core_common6,SSE_soft,Республика Саха (Якутия),27,0.1599420399516273,19572.098517986637
core_common6,SSE_soft,Республика Татарстан,44,0.2666565435608051,18090.189531792563
core_common6,SSE_soft,Республика Тыва,11,0.1683165498314991,10498.116210534434
core_common6,SSE_soft,Республика Хакасия,12,0.12944776838590558,8667.246214157698
core_common6,SSE_soft,Самарская область,36,0.1024364907891789,5951.5355671256275
core_common6,SSE_soft,Саратовская область,37,0.12422428556414404,6048.124411277372
core_common6,SSE_soft,Сахалинская область,1,0.18397959582704182,16237.56273280787
core_common6,SSE_soft,Свердловская область,14,0.16949872062389026,12658.551644036559
core_common6,SSE_soft,Смоленская область,2,0.17683248554944786,13279.647942394804
core_common6,SSE_soft,Ставропольский край,20,0.10759848655576051,6330.602719543047
core_common6,SSE_soft,Тамбовская область,24,0.1235710843672541,6250.1710725549165
core_common6,SSE_soft,Томская область,19,0.17816674296699142,13312.370085782817
core_common6,SSE_soft,Тульская область,23,0.11374745017642156,7328.682870086523
core_common6,SSE_soft,Тюменская область,21,0.08929512915858688,6523.487375328982
core_common6,SSE_soft,Удмуртская Республика,27,0.08578000280211134,4772.077465509945
core_common6,SSE_soft,Ульяновская область,22,0.11107111104889808,5239.2990345866965
core_common6,SSE_soft,Хабаровский край,14,0.19444367758509198,19500.550068089826
core_common6,SSE_soft,Ханты-Мансийский автономный округ — Югра,22,0.3364121671520932,34829.522720898785
core_common6,SSE_soft,Челябинская область,32,0.1235036943867171,7586.644634087734
core_common6,SSE_soft,Чувашская Республика,24,0.09673229754289474,4884.053714989022
core_common6,SSE_soft,Чукотский автономный округ,1,0.3129072725781388,53574.305719230586
core_common6,SSE_soft,Ямало-Ненецкий автономный округ,11,0.3070951445345757,43309.35937274887
core_common6,SSE_soft,Ярославская область,18,0.10705440339921798,6153.785036413569
core_common6,median,Алтайский край,63,0.1938240293505285,9950.817072648666
core_common6,median,Амурская область,17,0.5338591769471731,44216.83427541168
core_common6,median,Архангельская область,21,0.28777310664469624,19401.92625177366
core_common6,median,Астраханская область,8,0.1818556818914827,10004.012500000003
core_common6,median,Владимирская область,16,0.12554838569480686,7801.200000000008
core_common6,median,Волгоградская область,34,0.15917700882018676,8901.049475821856
core_common6,median,Вологодская область,25,0.14604042263409192,8667.460005302599
core_common6,median,Еврейская автономная область,6,0.2582665983663377,18213.523080071798
core_common6,median,Забайкальский край,22,0.3765119639300858,28941.627272727263
core_common6,median,Ивановская область,26,0.25033812200384886,13206.392307692295
core_common6,median,Иркутская область,37,0.28985209535432105,21877.491865640844
core_common6,median,Кабардино-Балкарская Республика,7,0.36714000541576475,19350.229645590873
core_common6,median,Калининградская область,19,0.18973231789362105,12394.18351684792
core_common6,median,Калужская область,25,0.16864409959523927,10293.198231937307
core_common6,median,Камчатский край,5,0.8571732894453028,79828.80155748603
core_common6,median,Карачаево-Черкесская Республика,11,0.24189230364748954,12245.86717766928
core_common6,median,Кировская область,43,0.18184687015265522,9382.03131995676
core_common6,median,Костромская область,24,0.1932863816466869,10155.978688107994
core_common6,median,Красноярский край,45,0.20259691074687838,14320.282891930045
core_common6,median,Курганская область,26,0.11848194769638556,6121.626923076931
core_common6,median,Ленинградская область,17,0.4044236243215476,29445.238576378357
core_common6,median,Липецкая область,14,0.14457978076243563,8976.671428571432
core_common6,median,Магаданская область,1,0.7647515986399522,82998.95579843254
core_common6,median,Московская область,37,0.36279013702581847,33078.11788576189
core_common6,median,Мурманская область,12,0.7114097052648677,58640.062823705295
core_common6,median,Ненецкий автономный округ,2,0.7591693105246984,72804.35551640533
core_common6,median,Нижегородская область,49,0.1590264124420141,9350.950833927413
core_common6,median,Новгородская область,20,0.12739380301357164,6973.721924021532
core_common6,median,Омская область,33,0.16932740936348853,8593.62593328588
core_common6,median,Оренбургская область,39,0.1266016981762963,7228.005728313553
core_common6,median,Орловская область,21,0.1297127227746086,7351.947910777423
core_common6,median,Пензенская область,25,0.15154464230809794,7728.615635833656
core_common6,median,Пермский край,20,0.10009295784585932,5882.835000000001
core_common6,median,Приморский край,32,0.3248961978161138,23153.172311703558
core_common6,median,Псковская область,18,0.15616378071603737,7879.516666666637
core_common6,median,Республика Адыгея,9,0.2058494547679894,12124.555009937347
core_common6,median,Республика Алтай,11,0.13806860722043754,7949.105072584771
core_common6,median,Республика Башкортостан,61,0.14871504970782348,8568.526147887394
core_common6,median,Республика Дагестан,5,0.4486760613084616,25889.869351628095
core_common6,median,Республика Калмыкия,6,0.29752039186686857,13986.099999999962
core_common6,median,Республика Карелия,17,0.3198114244507674,21988.02062046179
core_common6,median,Республика Коми,16,0.31322157424417074,22693.62609952659
core_common6,median,Республика Марий Эл,16,0.17291264308058973,8621.318277372631
core_common6,median,Республика Мордовия,22,0.1679016367504783,8739.20855966693
core_common6,median,Республика Саха (Якутия),27,0.72677822281658,62740.87984438638
core_common6,median,Республика Татарстан,44,0.2340905045623175,16913.65909090905
core_common6,median,Республика Тыва,11,0.13979025646210355,8566.313554283348
core_common6,median,Республика Хакасия,12,0.13034256198453256,8429.22966091643
core_common6,median,Самарская область,36,0.11130316699616898,6758.78147567369
core_common6,median,Саратовская область,37,0.2167856125620733,10859.85128153598
core_common6,median,Сахалинская область,1,0.2904319411019074,24355.255798432525
core_common6,median,Свердловская область,14,0.14780913008986676,11516.113972716359
core_common6,median,Смоленская область,2,0.12201872465137686,9458.650000000001
core_common6,median,Ставропольский край,20,0.12406583198579071,6754.269999999992
core_common6,median,Тамбовская область,24,0.16588306477962336,9327.554166666654
core_common6,median,Томская область,19,0.2574565674148558,18782.34843945722
core_common6,median,Тульская область,23,0.1312223529899393,8207.269608794997
core_common6,median,Тюменская область,21,0.13109789494144086,9784.873977825906
core_common6,median,Удмуртская Республика,27,0.10014638289207978,5623.794659201203
core_common6,median,Ульяновская область,22,0.2128739248413492,10643.06356431716
core_common6,median,Хабаровский край,14,0.5271352877252067,42104.27142857142
core_common6,median,Ханты-Мансийский автономный округ — Югра,22,0.6839342540088167,62903.277725681684
core_common6,median,Челябинская область,32,0.13401020806017294,8423.937456705418
core_common6,median,Чувашская Республика,24,0.1616098283399383,8494.423390136302
core_common6,median,Чукотский автономный округ,1,1.2917539399818505,144604.65523437812
core_common6,median,Ямало-Ненецкий автономный округ,11,0.9911737028914807,101204.29982600285
core_common6,median,Ярославская область,18,0.10414129570387567,5997.561111111103
NCut_hard_common3,NCut_hard,Алтайский край,63,0.12505295436340944,6260.349740704334
NCut_hard_common3,NCut_hard,Амурская область,17,0.25724453870570907,26136.19335957218
NCut_hard_common3,NCut_hard,Архангельская область,21,0.23204892042165232,17367.64429013629
NCut_hard_common3,NCut_hard,Астраханская область,8,0.19476758186774057,10909.98712504315
NCut_hard_common3,NCut_hard,Владимирская область,16,0.08248407953567238,5437.4555495514305
NCut_hard_common3,NCut_hard,Волгоградская область,34,0.11234762764194063,6324.4724573000685
NCut_hard_common3,NCut_hard,Вологодская область,25,0.13221677054776648,8300.807690611473
NCut_hard_common3,NCut_hard,Еврейская автономная область,6,0.22655704343406877,18435.09249442391
NCut_hard_common3,NCut_hard,Забайкальский край,22,0.20451583244575994,17184.540727802654
NCut_hard_common3,NCut_hard,Ивановская область,26,0.21947676856282217,11603.167488348285
NCut_hard_common3,NCut_hard,Иркутская область,37,0.15678430503188126,12478.57039754998
NCut_hard_common3,NCut_hard,Кабардино-Балкарская Республика,7,0.14787979620968553,6758.855987342872
NCut_hard_common3,NCut_hard,Калининградская область,18,0.18181203768083126,12307.084320718046
NCut_hard_common3,NCut_hard,Калужская область,25,0.1330687873433682,8137.5484804738835
NCut_hard_common3,NCut_hard,Камчатский край,5,0.14163850109386084,18594.180530542122
NCut_hard_common3,NCut_hard,Карачаево-Черкесская Республика,11,0.16431633863064363,7704.986968464073
NCut_hard_common3,NCut_hard,Кировская область,43,0.12108491590999429,6085.433019925257
NCut_hard_common3,NCut_hard,Костромская область,23,0.1556265889858536,8291.3254015878
NCut_hard_common3,NCut_hard,Красноярский край,45,0.16547280111228,11398.157144057219
NCut_hard_common3,NCut_hard,Курганская область,26,0.08434753656477213,4364.897365300367
NCut_hard_common3,NCut_hard,Ленинградская область,13,0.18548562036414326,15692.268789081554
NCut_hard_common3,NCut_hard,Липецкая область,14,0.16487482465855624,9909.349276521521
NCut_hard_common3,NCut_hard,Магаданская область,1,0.1794403484509708,25504.777863293857
NCut_hard_common3,NCut_hard,Московская область,32,0.180591732617208,18711.812803275785
NCut_hard_common3,NCut_hard,Мурманская область,12,0.3355611513889262,42726.08464273431
NCut_hard_common3,NCut_hard,Ненецкий автономный округ,2,0.11169616706927599,15423.108379828023
NCut_hard_common3,NCut_hard,Нижегородская область,48,0.1252777166382292,7209.706559181984
NCut_hard_common3,NCut_hard,Новгородская область,20,0.14828669113095713,8781.900225706559
NCut_hard_common3,NCut_hard,Омская область,33,0.10097427761300225,5162.977722378432
NCut_hard_common3,NCut_hard,Оренбургская область,39,0.12734278584202763,7086.644705271267
NCut_hard_common3,NCut_hard,Орловская область,21,0.10716331003420367,5721.0345811499765
NCut_hard_common3,NCut_hard,Пензенская область,25,0.10723391261657468,5564.5182096265735
NCut_hard_common3,NCut_hard,Пермский край,20,0.1327170163822368,7437.989148799436
NCut_hard_common3,NCut_hard,Приморский край,32,0.155037605879923,12387.918382839605
NCut_hard_common3,NCut_hard,Псковская область,17,0.20144395843702334,10565.701093296195
NCut_hard_common3,NCut_hard,Республика Адыгея,9,0.13198321837242094,7633.422463836727
NCut_hard_common3,NCut_hard,Республика Алтай,11,0.1313200555525351,7467.954860460226
NCut_hard_common3,NCut_hard,Республика Башкортостан,61,0.13890430754782246,8065.172937524483
NCut_hard_common3,NCut_hard,Республика Дагестан,5,0.13594559710817614,6826.987183342098
NCut_hard_common3,NCut_hard,Республика Калмыкия,6,0.13714603525570576,5915.729742624968
NCut_hard_common3,NCut_hard,Республика Карелия,17,0.19152157494368516,15685.421296362338
NCut_hard_common3,NCut_hard,Республика Коми,16,0.11431220991300328,8154.981022780836
NCut_hard_common3,NCut_hard,Республика Марий Эл,16,0.1325431848004499,6857.896236725368
NCut_hard_common3,NCut_hard,Республика Мордовия,22,0.11464113813279023,5827.954412617673
NCut_hard_common3,NCut_hard,Республика Саха (Якутия),27,0.25068538458365935,29670.617004411513
NCut_hard_common3,NCut_hard,Республика Татарстан,44,0.2641402686672333,17917.797027037417
NCut_hard_common3,NCut_hard,Республика Тыва,11,0.16804843299240702,10644.282672913869
NCut_hard_common3,NCut_hard,Республика Хакасия,12,0.12595447394382728,8444.901379846446
NCut_hard_common3,NCut_hard,Самарская область,36,0.1042908197627989,6019.831482081848
NCut_hard_common3,NCut_hard,Саратовская область,37,0.11746207809923094,5720.290671078974
NCut_hard_common3,NCut_hard,Сахалинская область,1,0.22895701183476902,19773.07679790679
NCut_hard_common3,NCut_hard,Свердловская область,14,0.16446623467609353,12673.979369598741
NCut_hard_common3,NCut_hard,Смоленская область,2,0.17683248554944786,13279.647942394804
NCut_hard_common3,NCut_hard,Ставропольский край,20,0.11017366614960115,6531.563678182519
NCut_hard_common3,NCut_hard,Тамбовская область,24,0.12591658208874934,6379.054092147694
NCut_hard_common3,NCut_hard,Томская область,18,0.20011831316924303,14930.6716480337
NCut_hard_common3,NCut_hard,Тульская область,23,0.11566969594201992,7381.847339470737
NCut_hard_common3,NCut_hard,Тюменская область,21,0.09844454907897704,7199.673966363257
NCut_hard_common3,NCut_hard,Удмуртская Республика,27,0.07399719854874681,4147.626026445734
NCut_hard_common3,NCut_hard,Ульяновская область,22,0.11994048167155326,5724.291057787012
NCut_hard_common3,NCut_hard,Хабаровский край,14,0.1864937628014777,18937.143155165504
NCut_hard_common3,NCut_hard,Ханты-Мансийский автономный округ — Югра,22,0.32164898081556215,33375.34968055017
NCut_hard_common3,NCut_hard,Челябинская область,32,0.12439292130878182,7666.127150830064
NCut_hard_common3,NCut_hard,Чувашская Республика,24,0.0915970974381796,4642.709839136383
NCut_hard_common3,NCut_hard,Чукотский автономный округ,1,0.2708333746195919,47308.10009825323
NCut_hard_common3,NCut_hard,Ямало-Ненецкий автономный округ,11,0.3098875672302889,43672.81286064801
NCut_hard_common3,NCut_hard,Ярославская область,18,0.10724719032140634,6139.0306332643195
NCut_hard_common3,spending,Алтайский край,63,0.1255635345106523,6284.953848608144
NCut_hard_common3,spending,Амурская область,17,0.2511387571231757,24964.792346314644
NCut_hard_common3,spending,Архангельская область,21,0.23313235114322028,17281.684349737414
NCut_hard_common3,spending,Астраханская область,8,0.19507786450515763,10903.375115701474
NCut_hard_common3,spending,Владимирская область,16,0.0851804715898129,5663.923482868238
NCut_hard_common3,spending,Волгоградская область,34,0.10360439516645613,5755.1028328572875
NCut_hard_common3,spending,Вологодская область,25,0.12615579363606527,7871.720171105305
NCut_hard_common3,spending,Еврейская автономная область,6,0.22245253864482498,17898.57227845195
NCut_hard_common3,spending,Забайкальский край,22,0.20433791121466285,17216.38818725813
NCut_hard_common3,spending,Ивановская область,26,0.20577501091909145,10781.6746663769
NCut_hard_common3,spending,Иркутская область,37,0.16714492239370235,13420.423135439856
NCut_hard_common3,spending,Кабардино-Балкарская Республика,7,0.13744928769049128,6238.266552721912
NCut_hard_common3,spending,Калининградская область,18,0.16893245786750366,11791.259387845224
NCut_hard_common3,spending,Калужская область,25,0.135431867758128,8292.78094083533
NCut_hard_common3,spending,Камчатский край,5,0.14098197704474275,18508.118754404117
NCut_hard_common3,spending,Карачаево-Черкесская Республика,11,0.14756048586681525,6843.584760835651
NCut_hard_common3,spending,Кировская область,43,0.11522522662375442,5758.907448887803
NCut_hard_common3,spending,Костромская область,23,0.16111029871202653,8529.43086961296
NCut_hard_common3,spending,Красноярский край,45,0.15946541255711505,10788.094765576972
NCut_hard_common3,spending,Курганская область,26,0.07809701459109952,4031.229765093777
NCut_hard_common3,spending,Ленинградская область,13,0.203765929401142,16965.276359306044
NCut_hard_common3,spending,Липецкая область,14,0.17173392489443248,10230.002010749586
NCut_hard_common3,spending,Магаданская область,1,0.17615772820538034,25078.11227792762
NCut_hard_common3,spending,Московская область,32,0.14723804524090867,15215.445904182287
NCut_hard_common3,spending,Мурманская область,12,0.31005950945636124,38689.85126723205
NCut_hard_common3,spending,Ненецкий автономный округ,2,0.11169616706927599,15423.108379828023
NCut_hard_common3,spending,Нижегородская область,48,0.12526299115273254,7112.802892756132
NCut_hard_common3,spending,Новгородская область,20,0.14209819403417318,8431.822365340147
NCut_hard_common3,spending,Омская область,33,0.08952838480788897,4530.102880899343
NCut_hard_common3,spending,Оренбургская область,39,0.1270852037663948,6996.774350344576
NCut_hard_common3,spending,Орловская область,21,0.10488969015820454,5596.369863499191
NCut_hard_common3,spending,Пензенская область,25,0.09663859414423356,5022.648258160801
NCut_hard_common3,spending,Пермский край,20,0.11599923371877159,6533.696085848055
NCut_hard_common3,spending,Приморский край,32,0.1548147220875935,12620.57540587112
NCut_hard_common3,spending,Псковская область,17,0.21771724307083987,11533.495876807618
NCut_hard_common3,spending,Республика Адыгея,9,0.10970598367283418,6248.46697521319
NCut_hard_common3,spending,Республика Алтай,11,0.12042327897005639,6862.033784032218
NCut_hard_common3,spending,Республика Башкортостан,61,0.13715452248694518,8001.941138177634
NCut_hard_common3,spending,Республика Дагестан,5,0.12194727317240073,5891.104167052967
NCut_hard_common3,spending,Республика Калмыкия,6,0.15732355929292297,6862.96986764653
NCut_hard_common3,spending,Республика Карелия,17,0.17806131207404452,14487.504632231346
NCut_hard_common3,spending,Республика Коми,16,0.10695141140130149,7691.385058859363
NCut_hard_common3,spending,Республика Марий Эл,16,0.1377831844665286,7145.4803119529515
NCut_hard_common3,spending,Республика Мордовия,22,0.10565119780719706,5431.828117470239
NCut_hard_common3,spending,Республика Саха (Якутия),27,0.15427032597989593,19035.536761679603
NCut_hard_common3,spending,Республика Татарстан,44,0.2659509037419316,18059.95392701082
NCut_hard_common3,spending,Республика Тыва,11,0.17820111846045397,11123.539334455952
NCut_hard_common3,spending,Республика Хакасия,12,0.12944776838590558,8667.246214157698
NCut_hard_common3,spending,Самарская область,36,0.1024364907891789,5951.5355671256275
NCut_hard_common3,spending,Саратовская область,37,0.12040646847604684,5853.153237140694
NCut_hard_common3,spending,Сахалинская область,1,0.18397959582704182,16237.56273280787
NCut_hard_common3,spending,Свердловская область,14,0.16949872062389026,12658.551644036559
NCut_hard_common3,spending,Смоленская область,2,0.17683248554944786,13279.647942394804
NCut_hard_common3,spending,Ставропольский край,20,0.10879543450910374,6400.256613883224
NCut_hard_common3,spending,Тамбовская область,24,0.12209852081590888,6173.544314634787
NCut_hard_common3,spending,Томская область,18,0.1858162170214413,14132.47148442235
NCut_hard_common3,spending,Тульская область,23,0.11919824748120719,7658.341760721468
NCut_hard_common3,spending,Тюменская область,21,0.09204408854251807,6757.051856297725
NCut_hard_common3,spending,Удмуртская Республика,27,0.08363795465334624,4657.335067679219
NCut_hard_common3,spending,Ульяновская область,22,0.11171589925473305,5277.227490636883
NCut_hard_common3,spending,Хабаровский край,14,0.19444367758509198,19500.550068089826
NCut_hard_common3,spending,Ханты-Мансийский автономный округ — Югра,22,0.33718022803084885,34702.0412367429
NCut_hard_common3,spending,Челябинская область,32,0.12447504452085245,7646.353656971534
NCut_hard_common3,spending,Чувашская Республика,24,0.09567677692749281,4829.3885167635935
NCut_hard_common3,spending,Чукотский автономный округ,1,0.2708333746195919,47308.10009825323
NCut_hard_common3,spending,Ямало-Ненецкий автономный округ,11,0.29418727005733913,41849.98868423573
NCut_hard_common3,spending,Ярославская область,18,0.10705440339921798,6153.785036413569
NCut_hard_common3,context_no_salary,Алтайский край,63,0.23074354360632604,13033.292657138842
NCut_hard_common3,context_no_salary,Амурская область,17,0.16211304869272875,17187.739870805137
NCut_hard_common3,context_no_salary,Архангельская область,21,0.2551440794135178,17034.00588397775
NCut_hard_common3,context_no_salary,Астраханская область,8,0.17641778623149262,9638.238070120417
NCut_hard_common3,context_no_salary,Владимирская область,16,0.12761773912537067,8621.11964664438
NCut_hard_common3,context_no_salary,Волгоградская область,34,0.12256770657007605,6915.750420616337
NCut_hard_common3,context_no_salary,Вологодская область,25,0.11827420662573189,6886.377430614883
NCut_hard_common3,context_no_salary,Еврейская автономная область,6,0.15647771693416304,13701.4699025502
NCut_hard_common3,context_no_salary,Забайкальский край,22,0.15220800787967184,12380.636135749482
NCut_hard_common3,context_no_salary,Ивановская область,26,0.1486440332907948,7523.8126703867565
NCut_hard_common3,context_no_salary,Иркутская область,37,0.11767290286118957,9149.600995629578
NCut_hard_common3,context_no_salary,Кабардино-Балкарская Республика,7,0.12627770122640466,6161.906698559399
NCut_hard_common3,context_no_salary,Калининградская область,18,0.1697381963512917,10952.912891671183
NCut_hard_common3,context_no_salary,Калужская область,25,0.1564824063490277,9037.913710537676
NCut_hard_common3,context_no_salary,Камчатский край,5,0.16264856811946693,20160.4589519675
NCut_hard_common3,context_no_salary,Карачаево-Черкесская Республика,11,0.11186608163629669,5348.106706382025
NCut_hard_common3,context_no_salary,Кировская область,43,0.13865542285617458,7367.614458145296
NCut_hard_common3,context_no_salary,Костромская область,23,0.10310217456704522,5441.371398498841
NCut_hard_common3,context_no_salary,Красноярский край,45,0.14570205445930656,11307.135949642832
NCut_hard_common3,context_no_salary,Курганская область,26,0.16424158360952362,9316.432021733604
NCut_hard_common3,context_no_salary,Ленинградская область,13,0.18623548149323044,14493.318020014047
NCut_hard_common3,context_no_salary,Липецкая область,14,0.11306247696919693,6957.562146960874
NCut_hard_common3,context_no_salary,Магаданская область,1,0.4178114085748881,53026.372455213655
NCut_hard_common3,context_no_salary,Московская область,32,0.40673683505230984,34101.15356163586
NCut_hard_common3,context_no_salary,Мурманская область,12,0.1701640763047075,16816.837691242974
NCut_hard_common3,context_no_salary,Ненецкий автономный округ,2,0.08925597189058276,12419.401103230259
NCut_hard_common3,context_no_salary,Нижегородская область,48,0.10224821978681693,5715.429887436351
NCut_hard_common3,context_no_salary,Новгородская область,20,0.10320743646254024,5967.67704046929
NCut_hard_common3,context_no_salary,Омская область,33,0.12214921360640654,6229.646876498394
NCut_hard_common3,context_no_salary,Оренбургская область,39,0.10671976135417766,5608.352163141219
NCut_hard_common3,context_no_salary,Орловская область,21,0.09858338808603237,5455.233911323313
NCut_hard_common3,context_no_salary,Пензенская область,25,0.10736299708252084,5611.411272097461
NCut_hard_common3,context_no_salary,Пермский край,20,0.12170434543844628,6739.940773472978
NCut_hard_common3,context_no_salary,Приморский край,32,0.10510643507500589,8838.89551592857
NCut_hard_common3,context_no_salary,Псковская область,17,0.1565030513981584,8109.39372732644
NCut_hard_common3,context_no_salary,Республика Адыгея,9,0.09361309750786656,5632.800048672903
NCut_hard_common3,context_no_salary,Республика Алтай,11,0.1428533460616108,8131.824597882011
NCut_hard_common3,context_no_salary,Республика Башкортостан,61,0.08633974387744672,5040.458889176627
NCut_hard_common3,context_no_salary,Республика Дагестан,5,0.14177406758013406,7086.744156027387
NCut_hard_common3,context_no_salary,Республика Калмыкия,6,0.06499065031220368,2687.380170022352
NCut_hard_common3,context_no_salary,Республика Карелия,17,0.22375562161329465,14977.735762225911
NCut_hard_common3,context_no_salary,Республика Коми,16,0.15876897637998455,11032.246049568505
NCut_hard_common3,context_no_salary,Республика Марий Эл,16,0.11937109628631914,6131.791109173916
NCut_hard_common3,context_no_salary,Республика Мордовия,22,0.11815318813641827,6128.452140774019
NCut_hard_common3,context_no_salary,Республика Саха (Якутия),27,0.26421466812622585,26490.69277909861
NCut_hard_common3,context_no_salary,Республика Татарстан,44,0.1904010743181659,13169.708173404604
NCut_hard_common3,context_no_salary,Республика Тыва,11,0.12602674030831762,7903.8317002609365
NCut_hard_common3,context_no_salary,Республика Хакасия,12,0.11948220822482163,7873.088913746292
NCut_hard_common3,context_no_salary,Самарская область,36,0.07713490763433765,4584.083208730087
NCut_hard_common3,context_no_salary,Саратовская область,37,0.1553094687487896,8172.088935134657
NCut_hard_common3,context_no_salary,Сахалинская область,1,0.3478523446915798,28388.1212922305
NCut_hard_common3,context_no_salary,Свердловская область,14,0.18484002906665267,13507.778185431702
NCut_hard_common3,context_no_salary,Смоленская область,2,0.03784691581095245,3028.4978117453866
NCut_hard_common3,context_no_salary,Ставропольский край,20,0.10546270514445374,5478.231534251131
NCut_hard_common3,context_no_salary,Тамбовская область,24,0.09805122887939755,5189.827662201289
NCut_hard_common3,context_no_salary,Томская область,18,0.18712224541243425,12428.245015507555
NCut_hard_common3,context_no_salary,Тульская область,23,0.1618317601657345,9681.75651487112
NCut_hard_common3,context_no_salary,Тюменская область,21,0.13307088196520844,8001.186233722573
NCut_hard_common3,context_no_salary,Удмуртская Республика,27,0.07355314060623444,4172.826352672854
NCut_hard_common3,context_no_salary,Ульяновская область,22,0.11084414760362855,5514.876272387563
NCut_hard_common3,context_no_salary,Хабаровский край,14,0.1417712213110343,13331.489608341188
NCut_hard_common3,context_no_salary,Ханты-Мансийский автономный округ — Югра,22,0.30550122881447306,32201.074687037326
NCut_hard_common3,context_no_salary,Челябинская область,32,0.09351820177346443,5625.462174407661
NCut_hard_common3,context_no_salary,Чувашская Республика,24,0.10362125429852938,5201.9993993621165
NCut_hard_common3,context_no_salary,Чукотский автономный округ,1,0.16798828502220253,30833.92940709513
NCut_hard_common3,context_no_salary,Ямало-Ненецкий автономный округ,11,0.2840015531901238,38876.88846993114
NCut_hard_common3,context_no_salary,Ярославская область,18,0.08060987122975642,4609.166846397246
SSE_hard_common3,SSE_hard,Алтайский край,63,0.1243392870117407,6180.638970043709
SSE_hard_common3,SSE_hard,Амурская область,17,0.27976456507547515,26971.596909879983
SSE_hard_common3,SSE_hard,Архангельская область,21,0.22608630563262824,16271.470025685083
SSE_hard_common3,SSE_hard,Астраханская область,8,0.1917654554660444,10728.269073059126
SSE_hard_common3,SSE_hard,Владимирская область,16,0.07177969416043795,4506.979741237046
SSE_hard_common3,SSE_hard,Волгоградская область,34,0.10149116114783553,5669.657842761515
SSE_hard_common3,SSE_hard,Вологодская область,25,0.12305255613114731,7664.768029617483
SSE_hard_common3,SSE_hard,Еврейская автономная область,6,0.2599119788946063,22086.598120406048
SSE_hard_common3,SSE_hard,Забайкальский край,22,0.2347737014848534,20089.68583834479
SSE_hard_common3,SSE_hard,Ивановская область,26,0.20505591522703798,10681.447840817067
SSE_hard_common3,SSE_hard,Иркутская область,37,0.1570666312227722,12460.235508995687
SSE_hard_common3,SSE_hard,Кабардино-Балкарская Республика,7,0.16987200820838894,8066.929094015175
SSE_hard_common3,SSE_hard,Калининградская область,19,0.1868514104882531,13872.503966114797
SSE_hard_common3,SSE_hard,Калужская область,25,0.13364268031092089,8196.516836537245
SSE_hard_common3,SSE_hard,Камчатский край,4,0.1338023811198923,17692.27669560589
SSE_hard_common3,SSE_hard,Карачаево-Черкесская Республика,11,0.11656379028293916,5247.535970516667
SSE_hard_common3,SSE_hard,Кировская область,43,0.12339755344139791,6244.370748466255
SSE_hard_common3,SSE_hard,Костромская область,24,0.16592126635964713,8855.270775248262
SSE_hard_common3,SSE_hard,Красноярский край,45,0.15543668726879617,10630.977022407851
SSE_hard_common3,SSE_hard,Курганская область,26,0.08738485606930392,4520.079295554793
SSE_hard_common3,SSE_hard,Ленинградская область,17,0.1921457713978454,16036.824007121299
SSE_hard_common3,SSE_hard,Липецкая область,14,0.1703614337708293,10126.818846107793
SSE_hard_common3,SSE_hard,Магаданская область,1,0.10593828214470946,15607.584826783364
SSE_hard_common3,SSE_hard,Московская область,37,0.15804054415227914,16759.486345639067
SSE_hard_common3,SSE_hard,Мурманская область,8,0.36076125244608703,42803.14185294555
SSE_hard_common3,SSE_hard,Ненецкий автономный округ,2,0.13355303560487464,17735.637789473207
SSE_hard_common3,SSE_hard,Нижегородская область,48,0.11941913901752106,6799.577195467019
SSE_hard_common3,SSE_hard,Новгородская область,20,0.1395403526581375,8168.554338047734
SSE_hard_common3,SSE_hard,Омская область,33,0.07262537374865967,3576.709904284126
SSE_hard_common3,SSE_hard,Оренбургская область,39,0.12213895600276573,6743.342011174963
SSE_hard_common3,SSE_hard,Орловская область,21,0.10556174762229352,5633.188334093694
SSE_hard_common3,SSE_hard,Пензенская область,25,0.10710720435081562,5543.802453909898
SSE_hard_common3,SSE_hard,Пермский край,20,0.1126670059359725,6352.451155000921
SSE_hard_common3,SSE_hard,Приморский край,32,0.15304300936256604,12771.278412080757
SSE_hard_common3,SSE_hard,Псковская область,18,0.23354331360056405,12817.125521461647
SSE_hard_common3,SSE_hard,Республика Адыгея,9,0.11599177607210977,6648.363581713547
SSE_hard_common3,SSE_hard,Республика Алтай,11,0.13189851393399607,7676.270344844349
SSE_hard_common3,SSE_hard,Республика Башкортостан,61,0.1460273617220835,8533.805552552501
SSE_hard_common3,SSE_hard,Республика Дагестан,5,0.12862919956391466,6210.613998726473
SSE_hard_common3,SSE_hard,Республика Калмыкия,6,0.14420604165474504,6265.8564177221015
SSE_hard_common3,SSE_hard,Республика Карелия,17,0.18030759703499447,14643.294055447695
SSE_hard_common3,SSE_hard,Республика Коми,16,0.10812867716394248,7522.949266690728
SSE_hard_common3,SSE_hard,Республика Марий Эл,16,0.14082787862063906,7291.12417884057
SSE_hard_common3,SSE_hard,Республика Мордовия,22,0.10863919338313882,5582.178027853984
SSE_hard_common3,SSE_hard,Республика Саха (Якутия),21,0.20642018296822973,22862.638098996267
SSE_hard_common3,SSE_hard,Республика Татарстан,44,0.2701874932066379,18266.753621435528
SSE_hard_common3,SSE_hard,Республика Тыва,11,0.11893222497422297,7218.709456410503
SSE_hard_common3,SSE_hard,Республика Хакасия,12,0.1133576364948663,7635.27529603572
SSE_hard_common3,SSE_hard,Самарская область,36,0.10052647653752188,5837.434240617218
SSE_hard_common3,SSE_hard,Саратовская область,37,0.125740186254391,6128.199678553585
SSE_hard_common3,SSE_hard,Сахалинская область,1,0.21552632023381513,18733.939774206534
SSE_hard_common3,SSE_hard,Свердловская область,14,0.17552827339394433,13063.972914215547
SSE_hard_common3,SSE_hard,Смоленская область,2,0.17932753190341177,13365.675448212689
SSE_hard_common3,SSE_hard,Ставропольский край,20,0.10944793308411756,6456.0242689555735
SSE_hard_common3,SSE_hard,Тамбовская область,24,0.11400744187799246,5778.572779707557
SSE_hard_common3,SSE_hard,Томская область,19,0.19916327960416957,14776.64498772549
SSE_hard_common3,SSE_hard,Тульская область,23,0.09707673277858506,6057.410973470316
SSE_hard_common3,SSE_hard,Тюменская область,21,0.09479522612798721,6835.315746847924
SSE_hard_common3,SSE_hard,Удмуртская Республика,27,0.08011020627485227,4340.932959830194
SSE_hard_common3,SSE_hard,Ульяновская область,22,0.11356605638207817,5380.713110079235
SSE_hard_common3,SSE_hard,Хабаровский край,14,0.19013635682173927,18694.203292527418
SSE_hard_common3,SSE_hard,Ханты-Мансийский автономный округ — Югра,22,0.3185542941908119,32956.283024798155
SSE_hard_common3,SSE_hard,Челябинская область,32,0.13202040335562398,8172.187193221608
SSE_hard_common3,SSE_hard,Чувашская Республика,24,0.09517521329837926,4796.145533491853
SSE_hard_common3,SSE_hard,Чукотский автономный округ,1,0.3944421111193961,64992.09624367769
SSE_hard_common3,SSE_hard,Ямало-Ненецкий автономный округ,10,0.3105974588875542,43402.546678282284
SSE_hard_common3,SSE_hard,Ярославская область,18,0.10520535191193077,6052.244807804197
SSE_hard_common3,spending,Алтайский край,63,0.1255635345106523,6284.953848608144
SSE_hard_common3,spending,Амурская область,17,0.2511387571231757,24964.792346314644
SSE_hard_common3,spending,Архангельская область,21,0.23313235114322028,17281.684349737414
SSE_hard_common3,spending,Астраханская область,8,0.19507786450515763,10903.375115701474
SSE_hard_common3,spending,Владимирская область,16,0.0851804715898129,5663.923482868238
SSE_hard_common3,spending,Волгоградская область,34,0.10360439516645613,5755.1028328572875
SSE_hard_common3,spending,Вологодская область,25,0.12615579363606527,7871.720171105305
SSE_hard_common3,spending,Еврейская автономная область,6,0.22245253864482498,17898.57227845195
SSE_hard_common3,spending,Забайкальский край,22,0.20433791121466285,17216.38818725813
SSE_hard_common3,spending,Ивановская область,26,0.20577501091909145,10781.6746663769
SSE_hard_common3,spending,Иркутская область,37,0.16714492239370235,13420.423135439856
SSE_hard_common3,spending,Кабардино-Балкарская Республика,7,0.13744928769049128,6238.266552721912
SSE_hard_common3,spending,Калининградская область,19,0.16136085289048654,11269.956929087844
SSE_hard_common3,spending,Калужская область,25,0.135431867758128,8292.78094083533
SSE_hard_common3,spending,Камчатский край,4,0.13893651738448165,18373.370232759895
SSE_hard_common3,spending,Карачаево-Черкесская Республика,11,0.14756048586681525,6843.584760835651
SSE_hard_common3,spending,Кировская область,43,0.11522522662375442,5758.907448887803
SSE_hard_common3,spending,Костромская область,24,0.15870299605040086,8431.941355822142
SSE_hard_common3,spending,Красноярский край,45,0.15946541255711505,10788.094765576972
SSE_hard_common3,spending,Курганская область,26,0.07809701459109952,4031.229765093777
SSE_hard_common3,spending,Ленинградская область,17,0.23759317831986385,19786.927523782135
SSE_hard_common3,spending,Липецкая область,14,0.17173392489443248,10230.002010749586
SSE_hard_common3,spending,Магаданская область,1,0.17615772820538034,25078.11227792762
SSE_hard_common3,spending,Московская область,37,0.1416079733360623,14915.340042938862
SSE_hard_common3,spending,Мурманская область,8,0.3385726499211308,40463.32195072079
SSE_hard_common3,spending,Ненецкий автономный округ,2,0.11169616706927599,15423.108379828023
SSE_hard_common3,spending,Нижегородская область,48,0.12526299115273254,7112.802892756132
SSE_hard_common3,spending,Новгородская область,20,0.14209819403417318,8431.822365340147
SSE_hard_common3,spending,Омская область,33,0.08952838480788897,4530.102880899343
SSE_hard_common3,spending,Оренбургская область,39,0.1270852037663948,6996.774350344576
SSE_hard_common3,spending,Орловская область,21,0.10488969015820454,5596.369863499191
SSE_hard_common3,spending,Пензенская область,25,0.09663859414423356,5022.648258160801
SSE_hard_common3,spending,Пермский край,20,0.11599923371877159,6533.696085848055
SSE_hard_common3,spending,Приморский край,32,0.1548147220875935,12620.57540587112
SSE_hard_common3,spending,Псковская область,18,0.2334934932415353,12817.095374448232
SSE_hard_common3,spending,Республика Адыгея,9,0.10970598367283418,6248.46697521319
SSE_hard_common3,spending,Республика Алтай,11,0.12042327897005639,6862.033784032218
SSE_hard_common3,spending,Республика Башкортостан,61,0.13715452248694518,8001.941138177634
SSE_hard_common3,spending,Республика Дагестан,5,0.12194727317240073,5891.104167052967
SSE_hard_common3,spending,Республика Калмыкия,6,0.15732355929292297,6862.96986764653
SSE_hard_common3,spending,Республика Карелия,17,0.17806131207404452,14487.504632231346
SSE_hard_common3,spending,Республика Коми,16,0.10695141140130149,7691.385058859363
SSE_hard_common3,spending,Республика Марий Эл,16,0.1377831844665286,7145.4803119529515
SSE_hard_common3,spending,Республика Мордовия,22,0.10565119780719706,5431.828117470239
SSE_hard_common3,spending,Республика Саха (Якутия),21,0.1364828860760987,16215.29206914541
SSE_hard_common3,spending,Республика Татарстан,44,0.2659509037419316,18059.95392701082
SSE_hard_common3,spending,Республика Тыва,11,0.17820111846045397,11123.539334455952
SSE_hard_common3,spending,Республика Хакасия,12,0.12944776838590558,8667.246214157698
SSE_hard_common3,spending,Самарская область,36,0.1024364907891789,5951.5355671256275
SSE_hard_common3,spending,Саратовская область,37,0.12040646847604684,5853.153237140694
SSE_hard_common3,spending,Сахалинская область,1,0.18397959582704182,16237.56273280787
SSE_hard_common3,spending,Свердловская область,14,0.16949872062389026,12658.551644036559
SSE_hard_common3,spending,Смоленская область,2,0.17683248554944786,13279.647942394804
SSE_hard_common3,spending,Ставропольский край,20,0.10879543450910374,6400.256613883224
SSE_hard_common3,spending,Тамбовская область,24,0.12209852081590888,6173.544314634787
SSE_hard_common3,spending,Томская область,19,0.1778177810613444,13526.538554283314
SSE_hard_common3,spending,Тульская область,23,0.11919824748120719,7658.341760721468
SSE_hard_common3,spending,Тюменская область,21,0.09204408854251807,6757.051856297725
SSE_hard_common3,spending,Удмуртская Республика,27,0.08363795465334624,4657.335067679219
SSE_hard_common3,spending,Ульяновская область,22,0.11171589925473305,5277.227490636883
SSE_hard_common3,spending,Хабаровский край,14,0.19444367758509198,19500.550068089826
SSE_hard_common3,spending,Ханты-Мансийский автономный округ — Югра,22,0.33718022803084885,34702.0412367429
SSE_hard_common3,spending,Челябинская область,32,0.12447504452085245,7646.353656971534
SSE_hard_common3,spending,Чувашская Республика,24,0.09567677692749281,4829.3885167635935
SSE_hard_common3,spending,Чукотский автономный округ,1,0.2708333746195919,47308.10009825323
SSE_hard_common3,spending,Ямало-Ненецкий автономный округ,10,0.2691234891776377,38558.07766093082
SSE_hard_common3,spending,Ярославская область,18,0.10705440339921798,6153.785036413569
SSE_hard_common3,context_no_salary,Алтайский край,63,0.23074354360632604,13033.292657138842
SSE_hard_common3,context_no_salary,Амурская область,17,0.16211304869272875,17187.739870805137
SSE_hard_common3,context_no_salary,Архангельская область,21,0.2551440794135178,17034.00588397775
SSE_hard_common3,context_no_salary,Астраханская область,8,0.17641778623149262,9638.238070120417
SSE_hard_common3,context_no_salary,Владимирская область,16,0.12761773912537067,8621.11964664438
SSE_hard_common3,context_no_salary,Волгоградская область,34,0.12256770657007605,6915.750420616337
SSE_hard_common3,context_no_salary,Вологодская область,25,0.11827420662573189,6886.377430614883
SSE_hard_common3,context_no_salary,Еврейская автономная область,6,0.15647771693416304,13701.4699025502
SSE_hard_common3,context_no_salary,Забайкальский край,22,0.15220800787967184,12380.636135749482
SSE_hard_common3,context_no_salary,Ивановская область,26,0.1486440332907948,7523.8126703867565
SSE_hard_common3,context_no_salary,Иркутская область,37,0.11767290286118957,9149.600995629578
SSE_hard_common3,context_no_salary,Кабардино-Балкарская Республика,7,0.12627770122640466,6161.906698559399
SSE_hard_common3,context_no_salary,Калининградская область,19,0.17953390291971347,11547.433211935435
SSE_hard_common3,context_no_salary,Калужская область,25,0.1564824063490277,9037.913710537676
SSE_hard_common3,context_no_salary,Камчатский край,4,0.14875876594079918,19397.462390028893
SSE_hard_common3,context_no_salary,Карачаево-Черкесская Республика,11,0.11186608163629669,5348.106706382025
SSE_hard_common3,context_no_salary,Кировская область,43,0.13865542285617458,7367.614458145296
SSE_hard_common3,context_no_salary,Костромская область,24,0.10004334331782161,5293.812338540804
SSE_hard_common3,context_no_salary,Красноярский край,45,0.14570205445930656,11307.135949642832
SSE_hard_common3,context_no_salary,Курганская область,26,0.16424158360952362,9316.432021733604
SSE_hard_common3,context_no_salary,Ленинградская область,17,0.21725066250181282,17397.985006514555
SSE_hard_common3,context_no_salary,Липецкая область,14,0.11306247696919693,6957.562146960874
SSE_hard_common3,context_no_salary,Магаданская область,1,0.4178114085748881,53026.372455213655
SSE_hard_common3,context_no_salary,Московская область,37,0.4303125621722245,36827.08888589264
SSE_hard_common3,context_no_salary,Мурманская область,8,0.1724460980918383,16286.613103988067
SSE_hard_common3,context_no_salary,Ненецкий автономный округ,2,0.08925597189058276,12419.401103230259
SSE_hard_common3,context_no_salary,Нижегородская область,48,0.10224821978681693,5715.429887436351
SSE_hard_common3,context_no_salary,Новгородская область,20,0.10320743646254024,5967.67704046929
SSE_hard_common3,context_no_salary,Омская область,33,0.12214921360640654,6229.646876498394
SSE_hard_common3,context_no_salary,Оренбургская область,39,0.10671976135417766,5608.352163141219
SSE_hard_common3,context_no_salary,Орловская область,21,0.09858338808603237,5455.233911323313
SSE_hard_common3,context_no_salary,Пензенская область,25,0.10736299708252084,5611.411272097461
SSE_hard_common3,context_no_salary,Пермский край,20,0.12170434543844628,6739.940773472978
SSE_hard_common3,context_no_salary,Приморский край,32,0.10510643507500589,8838.89551592857
SSE_hard_common3,context_no_salary,Псковская область,18,0.1549486471829263,8063.9642040816725
SSE_hard_common3,context_no_salary,Республика Адыгея,9,0.09361309750786656,5632.800048672903
SSE_hard_common3,context_no_salary,Республика Алтай,11,0.1428533460616108,8131.824597882011
SSE_hard_common3,context_no_salary,Республика Башкортостан,61,0.08633974387744672,5040.458889176627
SSE_hard_common3,context_no_salary,Республика Дагестан,5,0.14177406758013406,7086.744156027387
SSE_hard_common3,context_no_salary,Республика Калмыкия,6,0.06499065031220368,2687.380170022352
SSE_hard_common3,context_no_salary,Республика Карелия,17,0.22375562161329465,14977.735762225911
SSE_hard_common3,context_no_salary,Республика Коми,16,0.15876897637998455,11032.246049568505
SSE_hard_common3,context_no_salary,Республика Марий Эл,16,0.11937109628631914,6131.791109173916
SSE_hard_common3,context_no_salary,Республика Мордовия,22,0.11815318813641827,6128.452140774019
SSE_hard_common3,context_no_salary,Республика Саха (Якутия),21,0.24378810605204748,23746.585929998637
SSE_hard_common3,context_no_salary,Республика Татарстан,44,0.1904010743181659,13169.708173404604
SSE_hard_common3,context_no_salary,Республика Тыва,11,0.12602674030831762,7903.8317002609365
SSE_hard_common3,context_no_salary,Республика Хакасия,12,0.11948220822482163,7873.088913746292
SSE_hard_common3,context_no_salary,Самарская область,36,0.07713490763433765,4584.083208730087
SSE_hard_common3,context_no_salary,Саратовская область,37,0.1553094687487896,8172.088935134657
SSE_hard_common3,context_no_salary,Сахалинская область,1,0.3478523446915798,28388.1212922305
SSE_hard_common3,context_no_salary,Свердловская область,14,0.18484002906665267,13507.778185431702
SSE_hard_common3,context_no_salary,Смоленская область,2,0.03784691581095245,3028.4978117453866
SSE_hard_common3,context_no_salary,Ставропольский край,20,0.10546270514445374,5478.231534251131
SSE_hard_common3,context_no_salary,Тамбовская область,24,0.09805122887939755,5189.827662201289
SSE_hard_common3,context_no_salary,Томская область,19,0.18434327997625333,12277.551434419534
SSE_hard_common3,context_no_salary,Тульская область,23,0.1618317601657345,9681.75651487112
SSE_hard_common3,context_no_salary,Тюменская область,21,0.13307088196520844,8001.186233722573
SSE_hard_common3,context_no_salary,Удмуртская Республика,27,0.07355314060623444,4172.826352672854
SSE_hard_common3,context_no_salary,Ульяновская область,22,0.11084414760362855,5514.876272387563
SSE_hard_common3,context_no_salary,Хабаровский край,14,0.1417712213110343,13331.489608341188
SSE_hard_common3,context_no_salary,Ханты-Мансийский автономный округ — Югра,22,0.30550122881447306,32201.074687037326
SSE_hard_common3,context_no_salary,Челябинская область,32,0.09351820177346443,5625.462174407661
SSE_hard_common3,context_no_salary,Чувашская Республика,24,0.10362125429852938,5201.9993993621165
SSE_hard_common3,context_no_salary,Чукотский автономный округ,1,0.16798828502220253,30833.92940709513
SSE_hard_common3,context_no_salary,Ямало-Ненецкий автономный округ,10,0.29349902386028254,39698.82290570707
SSE_hard_common3,context_no_salary,Ярославская область,18,0.08060987122975642,4609.166846397246
