row_index_0based,ID,native_oktmo8,supplier_region,supplier_region_code,supplier_name,supplier_type,supplier_shape,supplier_excel_row,supplier_year_from,supplier_year_to,population_jan1_2024,market_access_2024,organization_salary_RUB_2024,organization_workers_2024,education_workers_2024,education_worker_share,organization_workers_per_resident,typical_monthly_total_RUB,salary_source_ordinal,workers_total_source_ordinal,education_source_ordinal,population_source_ordinal
0,1,79701000,Республика Адыгея,1,городской округ город Майкоп,городской округ,1,2,2018,9999,161898.0,309.6,57440.5,34686.0,6488.0,0.1870495300697688,0.2142460067449876,29099.70619600347,389112,312691,312726,81554
1,10,84701000,Республика Алтай,4,городской округ город Горно-Алтайск,городской округ,1,11,2018,9999,64508.0,213.5,73499.3,16029.0,3388.0,0.21136689749828436,0.24848080858188132,32085.466552116322,416423,334131,334141,89012
2,1001,17646000,Владимирская область,33,Петушинский муниципальный район,муниципальный район,1,1002,2018,9999,58074.0,433.1,78611.2,12212.0,1602.0,0.1311824434981985,0.21028343148396872,35550.26664153224,75592,61445,61414,19697
3,1002,17648000,Владимирская область,33,Селивановский муниципальный район,муниципальный район,1,1003,2018,9999,16758.0,385.4,52714.3,2080.0,335.0,0.16105769230769232,0.12411982336794367,22646.62207923935,75762,61602,61601,19754
4,1004,17652000,Владимирская область,33,Судогодский муниципальный район,муниципальный район,1,1005,2018,9999,34005.0,401.2,53831.4,6906.0,996.0,0.14422241529105126,0.2030877812086458,24691.13911536397,76226,62023,62001,19872
5,1005,17654000,Владимирская область,33,Суздальский муниципальный район,муниципальный район,1,1006,2018,9999,46532.0,399.1,63652.3,6598.0,1128.0,0.17096089724158836,0.14179489383649962,31859.657990919884,76442,62195,62178,19923
6,1006,17656000,Владимирская область,33,Юрьев-Польский муниципальный район,муниципальный район,1,1007,2018,9999,30784.0,408.7,58722.3,5194.0,845.0,0.1626877165960724,0.16872401247401247,27211.351059377797,76656,62386,62359,19962
7,1007,18701000,Волгоградская область,34,городской округ город-герой Волгоград,городской округ,1,1008,2018,9999,1018898.0,325.6,68989.9,227336.0,27796.0,0.12226836048844002,0.22311948791733816,34180.68369445479,84007,68256,68273,22898
8,1008,18710000,Волгоградская область,34,городской округ город Волжский,городской округ,1,1009,2018,9999,315220.0,332.9,67975.6,56455.0,5742.0,0.10170932601186786,0.17909713850643993,31885.012506116578,84227,68499,68504,22905
9,1009,18715000,Волгоградская область,34,городской округ город Камышин,городской округ,2,1010,2018,9999,105187.0,350.9,50409.5,17592.0,2300.0,0.1307412460209186,0.16724500175877247,30918.34843939196,84446,68712,68722,22911
10,1011,18725000,Волгоградская область,34,городской округ город Урюпинск,городской округ,2,1012,2018,9999,35085.0,363.9,47746.3,6908.0,956.0,0.13839027214823393,0.19689325922759013,25902.838989363663,84887,69118,69144,22926
11,1012,18728000,Волгоградская область,34,городской округ город Фролово,городской округ,2,1013,2018,9999,34173.0,339.8,52506.0,5447.0,604.0,0.11088672663851662,0.15939484388259736,24895.919260772265,85110,69311,69280,22932
12,1013,18602000,Волгоградская область,34,Алексеевский муниципальный район,муниципальный район,1,1014,2018,9999,14771.0,337.0,56323.5,2725.0,387.0,0.1420183486238532,0.18448310879425903,22101.61383948412,77712,63391,63360,20024
13,1014,18604000,Волгоградская область,34,Быковский муниципальный район,муниципальный район,1,1015,2018,9999,24854.0,312.2,47241.5,2137.0,609.0,0.28497894244267663,0.08598213567232639,19657.921267330505,77902,63534,63545,20122
14,1015,18605000,Волгоградская область,34,Городищенский муниципальный район,муниципальный район,1,1016,2018,9999,59927.0,345.2,64417.6,9979.0,1194.0,0.11965126766209039,0.1665192651058788,23270.15528210236,78116,63685,63734,20219
15,1016,18606000,Волгоградская область,34,Даниловский муниципальный район,муниципальный район,1,1017,2018,9999,12175.0,330.6,46810.3,1530.0,262.0,0.17124183006535948,0.12566735112936345,22270.81664638346,78299,63840,63844,20339
16,1017,18608000,Волгоградская область,34,Дубовский муниципальный район,муниципальный район,1,1018,2018,9999,28637.0,331.8,59846.7,2578.0,703.0,0.2726920093095423,0.09002339630547893,22223.35023430505,78507,63986,63991,20418
17,1018,18610000,Волгоградская область,34,Еланский муниципальный район,муниципальный район,1,1019,2018,9999,27976.0,337.2,53337.8,4157.0,645.0,0.15515997113302862,0.14859164998570204,23620.231685618222,78690,64156,64139,20511
18,1019,18612000,Волгоградская область,34,Жирновский муниципальный район,муниципальный район,1,1020,2018,9999,35986.0,333.4,51685.6,5350.0,1028.0,0.19214953271028037,0.14866892680486857,24343.538290568213,78896,64356,64314,20623
19,1020,18614000,Волгоградская область,34,Иловлинский муниципальный район,муниципальный район,1,1021,2018,9999,30650.0,332.5,55517.8,3460.0,594.0,0.17167630057803468,0.11288743882544862,22623.396550906087,79125,64518,64516,20724
20,1021,18616000,Волгоградская область,34,Калачевский муниципальный район,муниципальный район,1,1022,2018,9999,50507.0,325.9,50032.6,6933.0,1078.0,0.15548824462714553,0.13726810145128399,26162.23943786312,79370,64761,64763,20820
21,1023,18620000,Волгоградская область,34,Киквидзенский муниципальный район,муниципальный район,1,1024,2018,9999,14536.0,337.9,44522.5,1449.0,302.0,0.20841959972394755,0.09968354430379747,22344.09991840954,79758,64998,64997,21033
22,1024,18622000,Волгоградская область,34,Клетский муниципальный район,муниципальный район,1,1025,2018,9999,15893.0,325.1,48814.3,2291.0,341.0,0.14884329986905281,0.14415151324482475,22059.946507501307,79940,65147,65149,21099
23,1025,18624000,Волгоградская область,34,Котельниковский муниципальный район,муниципальный район,1,1026,2018,9999,36842.0,314.3,91629.7,7487.0,1052.0,0.14051021771069855,0.20321915205472016,26190.33371839479,80123,65349,65330,21167
24,1026,18626000,Волгоградская область,34,Котовский муниципальный район,муниципальный район,1,1027,2018,9999,28608.0,328.0,57339.3,4607.0,739.0,0.160408074668982,0.16103887024608501,23724.937409173177,80352,65535,65534,21272
25,1027,18646000,Волгоградская область,34,Кумылженский муниципальный район,муниципальный район,1,1028,2018,9999,17511.0,330.1,46230.3,1527.0,456.0,0.29862475442043224,0.08720232996402262,20664.392197826786,82087,66795,66787,22041
26,1028,18630000,Волгоградская область,34,Ленинский муниципальный район,муниципальный район,1,1029,2018,9999,27111.0,325.1,42144.1,3092.0,761.0,0.2461190168175938,0.11404964774445797,20972.138064540304,80553,65665,65692,21334
27,1029,18634000,Волгоградская область,34,Нехаевский муниципальный район,муниципальный район,1,1030,2018,9999,12813.0,337.4,46399.0,1161.0,288.0,0.24806201550387597,0.09061109810348865,22539.983135195096,80731,65788,65806,21419
28,1030,18636000,Волгоградская область,34,Николаевский муниципальный район,муниципальный район,1,1031,2018,9999,28193.0,310.3,48588.8,3682.0,546.0,0.1482889733840304,0.13059979427517468,21835.605210773705,80960,65947,65965,21505
29,1031,18638000,Волгоградская область,34,Новоаннинский муниципальный район,муниципальный район,1,1032,2018,9999,31431.0,342.1,48591.7,4311.0,733.0,0.1700301554163767,0.13715758327765581,24638.261601850703,81150,66145,66115,21587
30,1032,18640000,Волгоградская область,34,Новониколаевский муниципальный район,муниципальный район,1,1033,2018,9999,19463.0,347.8,48614.9,2520.0,518.0,0.20555555555555555,0.12947644248060422,24069.473339254913,81365,66259,66248,21683
31,1033,18642000,Волгоградская область,34,Октябрьский муниципальный район,муниципальный район,1,1034,2018,9999,20005.0,315.5,51795.1,1865.0,448.0,0.24021447721179626,0.09322669332666833,22191.982169604416,81548,66417,66418,21761
32,1034,18643000,Волгоградская область,34,Ольховский муниципальный район,муниципальный район,1,1035,2018,9999,15780.0,330.1,57618.6,1889.0,370.0,0.19587083112758072,0.1197084917617237,22232.32970060435,81722,66540,66535,21863
33,1035,18645000,Волгоградская область,34,Палласовский муниципальный район,муниципальный район,1,1036,2018,9999,37911.0,314.0,45990.7,3753.0,874.0,0.23288036237676527,0.09899501463955053,21769.55128843859,81912,66690,66673,21951
34,1036,18647000,Волгоградская область,34,Руднянский муниципальный район,муниципальный район,1,1037,2018,9999,14070.0,332.2,45232.0,1755.0,321.0,0.1829059829059829,0.12473347547974413,22833.37335373517,82257,66920,66953,22102
35,1037,18649000,Волгоградская область,34,Светлоярский муниципальный район,муниципальный район,1,1038,2018,9999,33189.0,321.6,60865.2,3736.0,777.0,0.2079764453961456,0.112567416915243,23224.497892703977,82476,67125,67079,22175
36,1038,18650000,Волгоградская область,34,Серафимовичский муниципальный район,муниципальный район,1,1039,2018,9999,21811.0,328.9,47142.2,2028.0,494.0,0.24358974358974358,0.0929806061161799,22922.412058325834,82670,67243,67267,22248
37,1039,18651000,Волгоградская область,34,Среднеахтубинский муниципальный район,муниципальный район,1,1040,2018,9999,61526.0,336.5,63569.6,6184.0,1036.0,0.16752910737386806,0.10051035334655267,28086.74268617225,82874,67390,67408,22346
38,1040,18652000,Волгоградская область,34,Старополтавский муниципальный район,муниципальный район,1,1041,2018,9999,16630.0,320.7,45600.5,1726.0,458.0,0.2653534183082271,0.10378833433553819,21424.756056257764,83053,67527,67535,22427
39,1041,18653000,Волгоградская область,34,Суровикинский муниципальный район,муниципальный район,1,1042,2018,9999,33010.0,325.1,41045.0,4827.0,812.0,0.16822042676610732,0.14622841563162678,23222.77269420637,83276,67689,67677,22545
40,1044,18658000,Волгоградская область,34,Чернышковский муниципальный район,муниципальный район,1,1045,2018,9999,12986.0,323.5,47213.5,1589.0,267.0,0.16803020767778476,0.12236254427845372,22358.7460017683,83743,68045,68044,22817
41,1047,19505000,Вологодская область,35,Бабаевский муниципальный округ,муниципальный округ,1,2906,2023,9999,18827.0,320.2,72929.0,4523.0,669.0,0.14791067875304,0.24024008073511446,27113.986781101357,85391,69589,69602,22936
42,1048,19508000,Вологодская область,35,Бабушкинский муниципальный округ,муниципальный округ,1,2907,2023,9999,9515.0,308.4,54216.2,1152.0,271.0,0.23524305555555555,0.1210719915922228,22682.920715788176,85501,69657,69646,22941
43,1049,19510000,Вологодская область,35,Белозерский муниципальный округ,муниципальный округ,1,2908,2023,9999,13265.0,308.9,58608.9,2856.0,449.0,0.15721288515406162,0.21530343007915567,26660.330240275107,85604,69737,69706,22948
44,1051,19514000,Вологодская область,35,Великоустюгский муниципальный округ,муниципальный округ,1,2909,2023,9999,49167.0,297.3,55556.5,9850.0,1952.0,0.1981725888324873,0.20033762482966216,28968.59853747325,85753,69890,69894,22955
45,1052,19516000,Вологодская область,35,Верховажский муниципальный округ,муниципальный округ,1,2910,2023,9999,12428.0,304.6,50373.1,1788.0,435.0,0.24328859060402686,0.1438686836176376,25373.569305622186,85902,70007,69972,22960
46,1053,19518000,Вологодская область,35,Вожегодский муниципальный округ,муниципальный округ,1,2911,2023,9999,13654.0,303.4,61437.4,1620.0,233.0,0.14382716049382716,0.11864655046140325,24960.844889920234,86003,70069,70058,22966
47,1054,19520000,Вологодская область,35,Вологодский муниципальный округ,муниципальный округ,3,2912,2023,9999,52112.0,468.2,62777.5,7448.0,1155.0,0.1550751879699248,0.14292293521645685,32060.733853821825,86123,70150,70162,22970
48,1055,19622000,Вологодская область,35,Вытегорский муниципальный район,муниципальный район,1,1056,2018,9999,21919.0,295.6,70995.3,5027.0,747.0,0.14859757310523175,0.22934440439801085,30993.733724730733,88710,72230,72247,23244
49,1056,19524000,Вологодская область,35,Грязовецкий муниципальный округ,муниципальный округ,1,2913,2023,9999,31660.0,344.7,70749.0,7218.0,818.0,0.11332779163203104,0.22798483891345547,25117.733401247468,86220,70339,70290,22974
50,1057,19526000,Вологодская область,35,Кадуйский муниципальный округ,муниципальный округ,1,2914,2023,9999,16433.0,323.0,72910.8,2593.0,484.0,0.18665638256845352,0.1577922473072476,26009.844423818246,86406,70425,70466,22981
51,1058,19528000,Вологодская область,35,Кирилловский муниципальный округ,муниципальный округ,1,3037,2024,9999,14038.0,315.9,55213.1,2653.0,365.0,0.1375800980022616,0.18898703519019802,23292.321512720122,86450,70494,70512,22985
52,1059,19530000,Вологодская область,35,Кичменгско-Городецкий муниципальный округ,муниципальный округ,1,2915,2023,9999,14278.0,305.5,47517.9,1626.0,388.0,0.23862238622386223,0.11388149600784424,23620.570012539258,86537,70583,70566,22988
53,1060,19532000,Вологодская область,35,Междуреченский муниципальный округ,муниципальный округ,1,2916,2023,9999,4834.0,326.1,51162.5,818.0,157.0,0.19193154034229828,0.16921803889118742,22327.48106232505,86646,70649,70652,22992
54,1061,19534000,Вологодская область,35,Никольский муниципальный округ,муниципальный округ,1,3038,2024,9999,18641.0,311.0,48311.4,2465.0,575.0,0.2332657200811359,0.13223539509682958,24455.03673590538,86710,70682,70672,22996
55,1062,19536000,Вологодская область,35,Нюксенский муниципальный округ,муниципальный округ,1,2917,2023,9999,8427.0,301.3,71691.6,1724.0,335.0,0.1943155452436195,0.20458051501127328,24438.09292055132,86782,70744,70762,23000
56,1063,19538000,Вологодская область,35,Сокольский муниципальный округ,муниципальный округ,1,2918,2023,9999,44621.0,329.2,60325.8,10050.0,1511.0,0.15034825870646767,0.22523027274153426,28139.257431620976,86938,70851,70867,23004
57,1064,19540000,Вологодская область,35,Сямженский муниципальный округ,муниципальный округ,1,2919,2023,9999,8005.0,314.8,58762.2,1145.0,209.0,0.18253275109170305,0.14303560274828234,22510.336349145655,87029,70961,70937,23010
58,1065,19542000,Вологодская область,35,Тарногский муниципальный округ,муниципальный округ,1,2920,2023,9999,10381.0,298.2,53705.2,1363.0,418.0,0.3066764490095378,0.13129756285521627,24938.06561481797,87111,71017,71042,23013
59,1066,19546000,Вологодская область,35,Тотемский муниципальный округ,муниципальный округ,1,2921,2023,9999,21923.0,311.0,62840.2,4167.0,711.0,0.17062634989200864,0.19007435113807417,26388.49815517259,87289,71111,71145,23019
60,1067,19548000,Вологодская область,35,Усть-Кубинский муниципальный округ,муниципальный округ,1,2922,2023,9999,7282.0,321.6,52990.2,841.0,152.0,0.1807372175980975,0.11549024993133754,23412.19818843075,87384,71225,71236,23023
61,1068,19550000,Вологодская область,35,Устюженский муниципальный округ,муниципальный округ,1,2923,2023,9999,15130.0,334.4,51007.9,1880.0,488.0,0.25957446808510637,0.12425644415069398,25366.134663247885,87474,71310,71327,23028
62,1069,19552000,Вологодская область,35,Харовский муниципальный округ,муниципальный округ,1,2924,2023,9999,12814.0,314.5,56509.7,2115.0,342.0,0.16170212765957448,0.16505384735445605,25119.555560368695,87603,71440,71430,23034
63,107,82701000,Республика Дагестан,5,городской округ город Махачкала,городской округ,1,108,2018,9999,759490.0,274.1,57841.4,108508.0,23342.0,0.21511777933424264,0.14286955720285982,30777.07489009847,411517,330200,330150,88219
64,1070,19554000,Вологодская область,35,Чагодощенский муниципальный округ,муниципальный округ,1,3005,2023,9999,10919.0,321.8,65786.9,2015.0,300.0,0.1488833746898263,0.18454070885612237,29563.503883411682,87719,71505,71515,23042
65,1071,19656000,Вологодская область,35,Череповецкий муниципальный район,муниципальный район,3,1072,2018,9999,39202.0,448.4,77639.9,3743.0,1046.0,0.2794549826342506,0.09547982245803785,31152.816518942986,90082,73165,73161,23618
66,1072,19658000,Вологодская область,35,Шекснинский муниципальный район,муниципальный район,1,1073,2018,9999,28758.0,325.4,64438.2,7121.0,829.0,0.11641623367504564,0.24761805410668336,28462.949214828735,90304,73350,73359,23711
67,108,82705000,Республика Дагестан,5,городской округ город Буйнакск,городской округ,2,109,2018,9999,69554.0,345.2,41443.7,8231.0,2478.0,0.3010569797108492,0.11833970727779855,24446.305427271545,411708,330342,330347,88229
68,11,84610000,Республика Алтай,4,Кош-Агачский муниципальный район,муниципальный район,1,12,2018,9999,18620.0,191.0,70732.2,2452.0,988.0,0.4029363784665579,0.13168635875402793,26774.51049709456,415259,332916,332928,88405
69,1107,24701000,Ивановская область,37,городской округ Иваново,городской округ,2,1108,2018,9999,358437.0,405.9,60499.5,76032.0,12676.0,0.1667192760942761,0.21212095849479826,35599.90861377873,111337,90625,90606,28577
70,1108,24703000,Ивановская область,37,городской округ Вичуга,городской округ,2,1109,2018,9999,29623.0,380.9,38989.2,4035.0,787.0,0.19504337050805454,0.13621172737399992,22724.089506944878,111526,90757,90772,28584
71,1109,24705000,Ивановская область,37,городской округ Кинешма,городской округ,2,1110,2018,9999,74804.0,367.7,45411.7,11496.0,2016.0,0.17536534446764093,0.1536816213036736,27932.556859570483,111748,90957,90991,28590
72,111,82715000,Республика Дагестан,5,городской округ город Избербаш,городской округ,1,112,2018,9999,58322.0,273.7,40332.7,3896.0,1798.0,0.46149897330595485,0.06680155001543157,23548.392470713825,412214,330674,330678,88254
73,1110,24706000,Ивановская область,37,городской округ Кохма,городской округ,1,1111,2018,9999,30181.0,384.9,48308.4,2792.0,613.0,0.21955587392550144,0.09250853185779133,30605.607431288157,111926,91106,91108,28595
74,1111,24707000,Ивановская область,37,городской округ Тейково,городской округ,2,1112,2018,9999,30506.0,394.6,43157.2,5555.0,816.0,0.1468946894689469,0.18209532550973578,25557.469931454852,112096,91266,91298,28601
75,1112,24711000,Ивановская область,37,городской округ Шуя,городской округ,2,1113,2018,9999,53312.0,396.5,53084.6,8756.0,1512.0,0.1726815897670169,0.1642406962785114,27405.41199073319,112335,91490,91453,28608
76,1113,24601000,Ивановская область,37,Вичугский муниципальный район,муниципальный район,3,1114,2018,9999,15732.0,392.4,39526.4,1259.0,468.0,0.37172359015091344,0.0800279684719044,23041.053174735167,107715,88049,88053,27667
77,1115,24603000,Ивановская область,37,Гаврилово-Посадский муниципальный район,муниципальный район,1,1116,2018,9999,11865.0,396.7,47938.5,1632.0,309.0,0.18933823529411764,0.13754740834386853,21886.130259743128,108038,88243,88228,27749
78,1116,24605000,Ивановская область,37,Заволжский муниципальный район,муниципальный район,1,1117,2018,9999,12153.0,357.7,41322.1,1222.0,349.0,0.2855973813420622,0.10055130420472311,24054.654798090414,108166,88348,88344,27794
79,1117,24607000,Ивановская область,37,Ивановский муниципальный район,муниципальный район,3,1118,2018,9999,40478.0,622.7,62846.8,7810.0,784.0,0.10038412291933418,0.19294431543060428,35888.36362466163,108400,88499,88494,27830
80,1118,24609000,Ивановская область,37,Ильинский муниципальный район,муниципальный район,1,1119,2018,9999,7336.0,388.7,42474.4,830.0,135.0,0.16265060240963855,0.11314067611777535,20970.166081895106,108546,88621,88640,27905
81,1119,24611000,Ивановская область,37,Кинешемский муниципальный район,муниципальный район,3,1120,2018,9999,17408.0,395.3,43331.1,4189.0,453.0,0.10814036762950585,0.24063648897058823,23415.96467090458,108719,88750,88752,27947
82,1120,24613000,Ивановская область,37,Комсомольский муниципальный район,муниципальный район,1,1121,2018,9999,19537.0,380.4,55184.8,1518.0,344.0,0.22661396574440051,0.07769872549521421,23589.26331530055,108866,88851,88860,28002
83,1121,24614000,Ивановская область,37,Лежневский муниципальный район,муниципальный район,1,1122,2018,9999,14905.0,387.0,58888.5,2765.0,451.0,0.16311030741410487,0.18550821871855083,21150.704244002318,109069,89001,89025,28046
84,1122,24615000,Ивановская область,37,Лухский муниципальный район,муниципальный район,1,1123,2018,9999,7399.0,364.3,40833.5,486.0,107.0,0.22016460905349794,0.06568455196648196,19630.711265752634,109204,89098,89105,28084
85,1123,24617000,Ивановская область,37,Палехский муниципальный район,муниципальный район,1,1124,2018,9999,8518.0,373.3,48758.0,1197.0,218.0,0.1821219715956558,0.14052594505752525,22506.139558180505,109391,89210,89197,28123
86,1124,24619000,Ивановская область,37,Пестяковский муниципальный район,муниципальный район,1,1125,2018,9999,4744.0,366.2,42939.3,521.0,98.0,0.18809980806142035,0.10982293423271501,19486.053324277447,109527,89284,89302,28159
87,1125,24620000,Ивановская область,37,Приволжский муниципальный район,муниципальный район,1,1126,2018,9999,21589.0,370.2,49070.0,3118.0,530.0,0.1699807568954458,0.14442540182500346,24394.8816674068,109748,89437,89458,28188
88,1126,24621000,Ивановская область,37,Пучежский муниципальный район,муниципальный район,1,1127,2018,9999,10538.0,358.4,42853.9,1666.0,267.0,0.1602641056422569,0.15809451508825204,20753.386579503043,109927,89587,89565,28230
89,1127,24623000,Ивановская область,37,Родниковский муниципальный район,муниципальный район,1,1128,2018,9999,29807.0,371.4,44956.0,5265.0,762.0,0.14472934472934473,0.17663636058643942,23351.965156105016,110103,89738,89763,28269
90,1128,24625000,Ивановская область,37,Савинский муниципальный район,муниципальный район,1,1129,2018,9999,9719.0,377.6,44763.1,980.0,229.0,0.2336734693877551,0.10083341907603663,21433.767999139625,110280,89876,89859,28300
91,1129,24629000,Ивановская область,37,Тейковский муниципальный район,муниципальный район,3,1130,2018,9999,9988.0,408.5,41697.3,577.0,217.0,0.37608318890814557,0.05776932318782539,23053.189811505712,110412,89955,89960,28347
92,113,82725000,Республика Дагестан,5,городской округ город Кизилюрт,городской округ,2,114,2018,9999,50403.0,348.3,43601.3,6251.0,1408.0,0.2252439609662454,0.12402039561137233,23488.87419566333,412557,331014,331004,88272
93,1130,24631000,Ивановская область,37,Фурмановский муниципальный район,муниципальный район,1,1131,2018,9999,33630.0,374.0,55508.6,5460.0,829.0,0.15183150183150182,0.1623550401427297,23074.272499657392,110623,90079,90063,28393
94,1131,24633000,Ивановская область,37,Шуйский муниципальный район,муниципальный район,3,1132,2018,9999,19184.0,425.0,42714.8,1090.0,444.0,0.4073394495412844,0.056818181818181816,26657.198089474998,110778,90168,90157,28438
95,1132,24635000,Ивановская область,37,Южский муниципальный район,муниципальный район,1,1133,2018,9999,19100.0,373.1,46097.5,1952.0,467.0,0.23924180327868852,0.10219895287958115,22576.814424863645,110928,90256,90274,28498
96,1133,24637000,Ивановская область,37,Юрьевецкий муниципальный район,муниципальный район,1,1134,2018,9999,11464.0,351.4,39515.0,1195.0,365.0,0.3054393305439331,0.10423935799023029,21779.14465625459,111119,90382,90395,28547
97,1134,25701000,Иркутская область,38,городской округ город Иркутск,городской округ,2,1135,2018,9999,606369.0,232.6,100088.5,192864.0,26370.0,0.1367284718765555,0.3180637532591541,40675.96969365371,118987,96953,96954,31583
98,1135,25703000,Иркутская область,38,городской округ Ангарский,городской округ,1,1136,2018,9999,229085.0,186.3,81000.1,50601.0,8228.0,0.16260548210509673,0.2208830783333697,34883.1528000261,119245,97183,97129,31614
99,1136,25714000,Иркутская область,38,городской округ город Братск,городской округ,2,1137,2018,9999,220097.0,201.9,92229.0,48733.0,8737.0,0.17928303203168283,0.22141601203105904,38208.923735282864,119478,97378,97404,31621
100,1137,25720000,Иркутская область,38,городской округ Зима,городской округ,1,1138,2018,9999,29877.0,191.0,78591.9,6413.0,1273.0,0.19850304069858102,0.21464671821133313,27690.384949179243,119693,97577,97597,31645
101,1138,25726000,Иркутская область,38,городской округ город Саянск,городской округ,1,1139,2018,9999,35724.0,185.8,68906.5,10700.0,1721.0,0.16084112149532712,0.299518530959579,31182.45223937814,119923,97783,97767,31652
102,1139,25732000,Иркутская область,38,городской округ город Тулун,городской округ,2,1140,2018,9999,37583.0,194.3,66572.9,8804.0,1882.0,0.2137664697864607,0.2342548492669558,30439.874000062107,120134,97971,97936,31657
103,114,82730000,Республика Дагестан,5,городской округ город Кизляр,городской округ,2,115,2018,9999,53441.0,320.2,51791.0,8786.0,1827.0,0.20794445709082632,0.16440560618251904,24516.213595998943,412720,331167,331156,88283
104,1140,25736000,Иркутская область,38,городской округ город Усолье-Сибирское,городской округ,1,1141,2018,9999,72594.0,187.5,65751.7,12636.0,3120.0,0.24691358024691357,0.17406397222910985,32801.60520622537,120350,98135,98163,31663
105,1141,25738000,Иркутская область,38,городской округ город Усть-Илимск,городской округ,2,1142,2018,9999,77762.0,180.4,87337.6,15104.0,2677.0,0.17723781779661016,0.19423368740515934,37884.55483441854,120580,98376,98354,31669
106,1142,25745000,Иркутская область,38,городской округ город Черемхово,городской округ,2,1143,2018,9999,53160.0,192.7,69323.6,11566.0,2314.0,0.20006916825177243,0.21756960120391272,31032.647480830034,120842,98594,98652,31676
107,1143,25746000,Иркутская область,38,городской округ город Свирск,городской округ,1,1144,2018,9999,15270.0,185.8,62609.4,2099.0,639.0,0.30443068127679845,0.13745907007203667,27264.37345365912,120976,98766,98778,31681
108,1144,25601000,Иркутская область,38,Балаганский муниципальный район,муниципальный район,1,1145,2018,9999,8577.0,183.2,62240.4,1315.0,609.0,0.46311787072243343,0.15331701060977032,24761.44284034013,112508,91596,91604,28613
109,1146,25604000,Иркутская область,38,Братский муниципальный район,муниципальный район,3,1147,2018,9999,47236.0,264.0,87830.9,9895.0,2295.0,0.23193532086912583,0.20948005758319926,24868.830665269877,112934,91996,92019,28727
110,1147,25606000,Иркутская область,38,Жигаловский муниципальный район,муниципальный район,1,1148,2018,9999,9747.0,169.1,126671.1,20018.0,717.0,0.03581776401238885,2.0537601313224583,30067.71222868057,113353,92348,92352,28997
111,1148,25608000,Иркутская область,38,Заларинский муниципальный район,муниципальный район,1,1149,2018,9999,26236.0,185.6,63924.6,4711.0,1503.0,0.31904054340904264,0.1795624332977588,26016.762954158556,113750,92644,92621,29154
112,1149,25610000,Иркутская область,38,Зиминский муниципальный район,муниципальный район,1,1150,2018,9999,12070.0,198.8,61874.5,2187.0,645.0,0.29492455418381347,0.1811930405965203,26891.176372516104,114092,92862,92872,29348
113,1150,25612000,Иркутская область,38,Иркутский муниципальный район,муниципальный район,3,1151,2018,9999,167989.0,372.4,65699.5,12426.0,4719.0,0.3797682279092226,0.07396912893106096,39919.864878782195,114331,93090,93097,29421
114,1151,25614000,Иркутская область,38,Казачинско-Ленский муниципальный район,муниципальный район,1,1152,2018,9999,14910.0,172.1,121226.2,10129.0,789.0,0.07789515253233291,0.6793427230046948,37652.98777824151,114563,93303,93246,29569
115,1152,25616000,Иркутская область,38,Катангский муниципальный район,муниципальный район,1,1153,2018,9999,3016.0,158.7,153356.8,7800.0,226.0,0.028974358974358974,2.586206896551724,39801.44923894976,114761,93458,93455,29641
116,1153,25618000,Иркутская область,38,Качугский муниципальный район,муниципальный район,1,1154,2018,9999,15044.0,172.8,62604.1,2677.0,1094.0,0.40866641763167727,0.17794469555969158,25256.295077227307,114920,93607,93592,29676
117,1154,25620000,Иркутская область,38,Киренский муниципальный район,муниципальный район,1,1155,2018,9999,15936.0,169.3,117123.7,7044.0,1028.0,0.1459398069278819,0.4420180722891566,34230.34689720771,115147,93784,93791,29772
118,1155,25622000,Иркутская область,38,Куйтунский муниципальный район,муниципальный район,1,1156,2018,9999,26931.0,186.8,60342.8,4013.0,1477.0,0.3680538250685273,0.14901043407225872,26386.108028393366,115344,93979,93977,29854
119,1157,25626000,Иркутская область,38,Нижнеилимский муниципальный район,муниципальный район,1,1158,2018,9999,41873.0,178.5,92977.7,12757.0,1907.0,0.14948655640040762,0.30465932701263343,32857.84342512936,115726,94200,94252,30029
120,1158,25628000,Иркутская область,38,Нижнеудинский муниципальный район,муниципальный район,1,1159,2018,9999,51698.0,190.1,73923.1,13017.0,2883.0,0.22147960359529845,0.25178923749468063,27503.49852925975,115990,94405,94448,30157
121,1159,25630000,Иркутская область,38,Ольхонский муниципальный район,муниципальный район,1,1160,2018,9999,10483.0,174.5,61544.3,1271.0,441.0,0.34697088906372936,0.12124391872555566,24473.00779077789,116313,94731,94741,30381
122,1160,25634000,Иркутская область,38,Слюдянский муниципальный район,муниципальный район,1,1161,2018,9999,38424.0,180.9,74683.2,7871.0,1769.0,0.22474907889721762,0.20484592962731626,28059.597585966465,116761,95075,95084,30508
123,1161,25636000,Иркутская область,38,Тайшетский муниципальный район,муниципальный район,1,1162,2018,9999,69773.0,194.6,86393.9,17444.0,3022.0,0.17324008254987389,0.25001074914365157,29686.711304948876,116941,95297,95283,30579
124,1163,25640000,Иркутская область,38,Усольский муниципальный район,муниципальный район,1,1164,2018,9999,47850.0,187.0,83332.4,8191.0,1800.0,0.2197533878647296,0.17118077324973877,26376.754649431656,117360,95593,95556,30918
125,1165,25644000,Иркутская область,38,Усть-Кутский муниципальный район,муниципальный район,1,1166,2018,9999,41633.0,175.7,134257.8,35055.0,2032.0,0.05796605334474397,0.8420003362717076,40795.930927659254,117736,95874,95931,31081
126,1166,25646000,Иркутская область,38,Усть-Удинский муниципальный район,муниципальный район,1,1167,2018,9999,13291.0,171.0,58666.6,2045.0,956.0,0.46748166259168705,0.15386351666541268,25214.639062177273,117930,96036,96044,31143
127,1167,25648000,Иркутская область,38,Черемховский муниципальный район,муниципальный район,3,1168,2018,9999,28180.0,199.3,63332.0,3482.0,1394.0,0.4003446295232625,0.12356281050390348,25343.124898894348,118102,96139,96149,31238
128,1169,25655000,Иркутская область,38,Шелеховский муниципальный район,муниципальный район,1,1170,2018,9999,63683.0,191.3,88482.8,12495.0,2208.0,0.17671068427370948,0.19620620887835058,35068.620564096025,118545,96524,96488,31450
129,1170,25605000,Иркутская область,38,Аларский муниципальный район,муниципальный район,1,1171,2018,9999,22320.0,186.1,61995.6,3130.0,1243.0,0.39712460063897764,0.14023297491039427,25579.74300836234,113134,92205,92181,28884
130,1171,25607000,Иркутская область,38,Баяндаевский муниципальный район,муниципальный район,1,1172,2018,9999,11534.0,178.0,63986.9,1590.0,681.0,0.42830188679245285,0.13785330327726722,22152.35582811855,113527,92447,92466,29073
131,1172,25609000,Иркутская область,38,Боханский муниципальный район,муниципальный район,1,1173,2018,9999,25159.0,178.7,60665.0,3096.0,1577.0,0.5093669250645995,0.12305735522079574,22745.572505798766,113910,92763,92800,29263
132,1173,25629000,Иркутская область,38,Нукутский муниципальный район,муниципальный район,1,1174,2018,9999,14902.0,185.1,62010.3,2350.0,983.0,0.41829787234042554,0.15769695342906992,25052.33222861194,116124,94595,94562,30312
133,1174,25631000,Иркутская область,38,Осинский муниципальный район,муниципальный район,1,1175,2018,9999,20704.0,177.3,61815.9,2533.0,1201.0,0.47414133438610345,0.1223435085007728,23159.25463732034,116488,94899,94851,30424
134,1175,25657000,Иркутская область,38,Эхирит-Булагатский муниципальный район,муниципальный район,1,1176,2018,9999,29626.0,182.1,59167.2,5981.0,2000.0,0.3343922420999833,0.20188348072638898,23972.74437977131,118781,96707,96698,31497
135,1176,27701000,Калининградская область,39,городской округ город Калининград,городской округ,1,1177,2018,9999,489584.0,327.3,80295.6,115514.0,15445.0,0.1337067368457503,0.23594316807738816,40483.583298813806,124900,101697,101695,32066
136,1178,27712000,Калининградская область,39,городской округ Мамоновский,городской округ,1,1179,2018,9999,8458.0,312.2,56117.9,584.0,150.0,0.2568493150684932,0.0690470560416174,21693.35798276398,125598,102124,102135,32100
137,1179,27717000,Калининградская область,39,городской округ Пионерский,городской округ,1,1180,2018,9999,12928.0,332.0,71932.3,2080.0,300.0,0.14423076923076922,0.1608910891089109,29546.848779962198,125716,102223,102228,32108
138,1180,27725000,Калининградская область,39,городской округ Светловский,городской округ,1,1181,2018,9999,27486.0,341.9,105631.8,6455.0,555.0,0.08597986057319908,0.2348468311140217,23365.05344609366,125933,102387,102377,32116
139,1181,27730000,Калининградская область,39,городской округ Советский,городской округ,1,1182,2018,9999,38474.0,293.7,61178.7,5810.0,760.0,0.13080895008605853,0.15101107241253833,27107.64539294567,126093,102527,102512,32122
140,1182,27740000,Калининградская область,39,городской округ Янтарный,городской округ,1,1183,2018,9999,7206.0,341.0,89238.9,1473.0,114.0,0.07739307535641547,0.20441298917568693,27088.33536293784,126442,102748,102737,32140
141,1185,27506000,Калининградская область,39,муниципальный округ Гвардейский,муниципальный округ,1,2727,2021,9999,28931.0,315.0,56213.3,2831.0,562.0,0.19851642529141647,0.0978535135321973,23640.236806304838,122803,100106,100110,31968
142,1186,27507000,Калининградская область,39,муниципальный округ Гурьевский,муниципальный округ,1,2728,2021,9999,110395.0,331.3,77261.7,11265.0,1705.0,0.1513537505548158,0.10204266497576883,40172.7337443932,123063,100273,100336,31977
143,1187,27709000,Калининградская область,39,городской округ Гусевский,городской округ,1,1188,2018,9999,37472.0,292.6,53619.0,5009.0,950.0,0.18965861449391097,0.13367314261315116,26375.34686467563,125263,101992,101953,32083
144,1188,27510000,Калининградская область,39,муниципальный округ Зеленоградский,муниципальный округ,1,2729,2021,9999,39588.0,325.1,74304.6,5866.0,711.0,0.12120695533583362,0.1481762150146509,41717.67861440776,123241,100465,100500,31988
145,1189,27513000,Калининградская область,39,муниципальный округ Краснознаменский,муниципальный округ,1,2730,2021,9999,10823.0,286.7,62379.2,839.0,190.0,0.22646007151370678,0.07752009609165665,25029.506383440817,123453,100585,100611,31997
146,1190,27734000,Калининградская область,39,городской округ Светлогорский,городской округ,1,2638,2019,9999,21165.0,332.7,66207.1,3604.0,366.0,0.10155382907880134,0.17028112449799196,38449.079664309604,126310,102684,102672,32132
147,1191,27514000,Калининградская область,39,муниципальный округ Неманский,муниципальный округ,1,2731,2021,9999,15267.0,292.6,60846.2,1910.0,448.0,0.23455497382198953,0.12510643872404534,25762.682996034673,123629,100693,100721,32005
148,1192,27515000,Калининградская область,39,муниципальный округ Нестеровский,муниципальный округ,1,2732,2021,9999,11632.0,287.6,61643.1,1684.0,315.0,0.18705463182897863,0.14477303988995874,23711.528247061586,123788,100849,100820,32015
149,1193,27516000,Калининградская область,39,муниципальный округ Озерский,муниципальный округ,1,2733,2021,9999,12553.0,291.6,56999.8,1262.0,250.0,0.19809825673534073,0.10053373695530948,23621.554120851786,123927,100928,100924,32023
150,1194,27518000,Калининградская область,39,муниципальный округ Полесский,муниципальный округ,1,2734,2021,9999,17007.0,312.9,60342.0,1748.0,468.0,0.26773455377574373,0.10278120773799024,23126.44780804521,124083,101038,101020,32032
151,1195,27519000,Калининградская область,39,муниципальный округ Правдинский,муниципальный округ,1,2735,2021,9999,18045.0,309.3,72264.6,2711.0,431.0,0.15898192548874954,0.15023552230534773,20581.75159698523,124266,101157,101180,32042
152,1196,27527000,Калининградская область,39,муниципальный округ Славский,муниципальный округ,1,2736,2021,9999,15573.0,294.7,46801.7,1332.0,335.0,0.2515015015015015,0.08553265266807937,24608.471939190356,124462,101247,101256,32049
153,1197,27539000,Калининградская область,39,муниципальный округ Черняховский,муниципальный округ,1,2737,2021,9999,45312.0,299.2,62572.9,6012.0,967.0,0.1608449767132402,0.1326800847457627,27529.781181169066,124673,101400,101419,32059
154,1198,29701000,Калужская область,40,городской округ город Калуга,городской округ,1,1199,2018,9999,351103.0,399.5,79422.4,109643.0,10712.0,0.09769889550632507,0.3122815811884262,38834.74402925299,134165,109083,109070,34931
155,12,84615000,Республика Алтай,4,Майминский муниципальный район,муниципальный район,1,13,2018,9999,30941.0,214.9,73551.6,6737.0,1030.0,0.15288704170995993,0.21773698329077923,34411.30340893561,415393,333143,333112,88484
156,1200,29602000,Калужская область,40,Бабынинский муниципальный район,муниципальный район,1,1201,2018,9999,20665.0,389.8,68312.5,3367.0,554.0,0.16453816453816453,0.16293249455601258,25103.45999817174,129917,106212,106213,33046
157,1201,29604000,Калужская область,40,Барятинский муниципальный район,муниципальный район,1,1202,2018,9999,5446.0,360.3,59608.3,734.0,134.0,0.18256130790190736,0.13477781858244584,26394.775427471926,130052,106284,106276,33090
158,1203,29608000,Калужская область,40,Дзержинский муниципальный район,муниципальный район,1,1204,2018,9999,56426.0,399.3,68888.7,10755.0,1073.0,0.099767549976755,0.1906036224435544,26115.714141321067,130460,106637,106653,33185
159,1204,29610000,Калужская область,40,Думиничский муниципальный район,муниципальный район,1,1205,2018,9999,13284.0,366.0,42288.3,1052.0,315.0,0.2994296577946768,0.07919301415236375,23335.33237359231,130653,106759,106739,33303
160,1205,29612000,Калужская область,40,Жиздринский муниципальный район,муниципальный район,1,1206,2018,9999,9807.0,360.6,44104.3,850.0,275.0,0.3235294117647059,0.08667278474558988,26221.461353412604,130762,106821,106825,33399
161,1206,29613000,Калужская область,40,Жуковский муниципальный район,муниципальный район,1,1207,2018,9999,60240.0,435.2,83534.0,8466.0,1098.0,0.12969525159461376,0.1405378486055777,28958.4208272827,130998,106988,107034,33449
162,1207,29614000,Калужская область,40,Кировский муниципальный район,муниципальный район,1,1208,2018,9999,37540.0,351.8,56599.0,6892.0,1092.0,0.1584445734184562,0.18359083644112947,28701.499182259304,131163,107156,107167,33553
163,1208,29615000,Калужская область,40,Износковский муниципальный район,муниципальный район,1,1209,2018,9999,6363.0,382.8,68389.6,754.0,138.0,0.1830238726790451,0.1184975640421185,25281.908642935523,131321,107244,107243,33638
164,1209,29616000,Калужская область,40,Козельский муниципальный район,муниципальный район,1,1210,2018,9999,38129.0,377.6,56722.2,6353.0,1079.0,0.16984101999055565,0.16661858427968212,27144.449234788226,131545,107437,107406,33706
165,1210,29618000,Калужская область,40,Куйбышевский муниципальный район,муниципальный район,1,1211,2018,9999,7291.0,345.0,56391.3,981.0,210.0,0.21406727828746178,0.13454944452064188,25133.55238414993,131683,107511,107502,33812
166,1211,29620000,Калужская область,40,Людиновский муниципальный район,муниципальный район,1,1212,2018,9999,38134.0,354.9,61454.2,9537.0,1111.0,0.11649365628604383,0.2500917816122096,28326.014093069152,131890,107669,107633,33850
167,1212,29623000,Калужская область,40,Малоярославецкий муниципальный район,муниципальный район,1,1213,2018,9999,69194.0,430.5,77128.2,10495.0,1412.0,0.13454025726536445,0.151675000722606,32967.44923505735,132119,107820,107842,33899
168,1213,29625000,Калужская область,40,Медынский муниципальный район,муниципальный район,1,1214,2018,9999,12187.0,407.3,49871.7,2931.0,272.0,0.09280109177755032,0.24050217444818248,25858.962861488722,132286,107970,107965,34015
169,1214,29627000,Калужская область,40,Мещовский муниципальный район,муниципальный район,1,1215,2018,9999,11280.0,376.4,48563.5,773.0,290.0,0.37516170763260026,0.06852836879432624,23669.946625702592,132424,108053,108049,34098
170,1215,29629000,Калужская область,40,Мосальский муниципальный район,муниципальный район,1,1216,2018,9999,9032.0,371.4,49701.5,858.0,216.0,0.2517482517482518,0.0949955713020372,24316.007890549707,132604,108122,108150,34140
171,1216,29632000,Калужская область,40,Перемышльский муниципальный район,муниципальный район,1,1217,2018,9999,14402.0,391.0,61744.3,1608.0,395.0,0.24564676616915423,0.11165115956117205,22327.03651212083,132759,108225,108217,34212
172,1217,29634000,Калужская область,40,Спас-Деменский муниципальный район,муниципальный район,1,1218,2018,9999,7334.0,349.0,48916.0,940.0,163.0,0.17340425531914894,0.12817016634851378,25029.601789931552,132929,108287,108282,34315
173,1218,29636000,Калужская область,40,Сухиничский муниципальный район,муниципальный район,1,1219,2018,9999,22227.0,374.0,50460.2,3829.0,596.0,0.155654217811439,0.17226796238808656,25608.7713409475,133085,108422,108393,34404
174,1219,29638000,Калужская область,40,Тарусский муниципальный район,муниципальный район,1,1220,2018,9999,16375.0,425.3,65384.6,1881.0,383.0,0.20361509835194044,0.11487022900763359,27838.41625263295,133290,108515,108535,34528
175,1220,29642000,Калужская область,40,Ульяновский муниципальный район,муниципальный район,1,1221,2018,9999,6942.0,361.5,56053.3,623.0,125.0,0.20064205457463885,0.08974358974358974,26295.811034734303,133420,108602,108594,34602
176,1221,29644000,Калужская область,40,Ферзиковский муниципальный район,муниципальный район,1,1222,2018,9999,18112.0,403.5,72028.2,2241.0,457.0,0.2039268183846497,0.12373012367491167,29975.864752741487,133603,108688,108695,34644
177,1222,29646000,Калужская область,40,Хвастовичский муниципальный район,муниципальный район,1,1223,2018,9999,9685.0,355.4,48986.0,1095.0,253.0,0.2310502283105023,0.11306143520908622,21590.559291309317,133758,108782,108805,34740
178,1223,29650000,Калужская область,40,Юхновский муниципальный район,муниципальный район,1,1224,2018,9999,12596.0,373.6,48955.6,1452.0,337.0,0.23209366391184574,0.11527469037789774,24378.415779095023,133948,108873,108866,34838
179,1258,33701000,Кировская область,43,городской округ город Киров,городской округ,1,1259,2018,9999,500457.0,315.7,71313.0,137115.0,18626.0,0.13584217627538928,0.27397958266144745,36467.45703136653,149469,121230,121233,37728
180,1259,33704000,Кировская область,43,городской округ город Вятские Поляны,городской округ,2,1260,2018,9999,28922.0,355.1,51795.0,7432.0,1102.0,0.1482777179763186,0.25696701472927186,24734.271375231583,149717,121462,121440,37735
181,1260,33707000,Кировская область,43,городской округ город Кирово-Чепецк,городской округ,2,1261,2018,9999,64571.0,328.0,66540.6,18652.0,2014.0,0.10797769676174136,0.2888603242941878,31264.994963306224,149968,121671,121657,37741
182,1261,33710000,Кировская область,43,городской округ город Котельнич,городской округ,2,1262,2018,9999,19454.0,333.4,47149.4,4926.0,736.0,0.14941128704831505,0.25321270689832426,23067.615918315565,150138,121866,121875,37748
183,1262,33713000,Кировская область,43,городской округ город Слободской,городской округ,2,1263,2018,9999,28479.0,341.0,54829.1,7501.0,1155.0,0.15397946940407944,0.26338705712981497,24212.80718469374,150376,122092,122079,37756
184,1264,33502000,Кировская область,43,муниципальный округ Арбажский,муниципальный округ,1,2772,2021,9999,4257.0,325.6,43781.2,812.0,176.0,0.21674876847290642,0.19074465586093492,19941.687245188004,142454,115826,115805,35876
185,1265,33503000,Кировская область,43,муниципальный округ Афанасьевский,муниципальный округ,1,2945,2023,9999,10517.0,306.0,41260.4,1822.0,578.0,0.3172338090010977,0.17324332033849957,20183.96293853861,142557,115883,115876,35884
186,1266,33605000,Кировская область,43,Белохолуницкий муниципальный район,муниципальный район,1,1267,2018,9999,15062.0,311.7,44284.2,2427.0,616.0,0.253811289658014,0.1611339795511884,19680.521535947246,145051,117673,117665,36025
187,1267,33506000,Кировская область,43,муниципальный округ Богородский,муниципальный округ,1,2776,2021,9999,3151.0,314.8,52350.7,670.0,111.0,0.16567164179104477,0.21263091082196128,17946.37070857503,142712,115957,115959,35893
188,1268,33507000,Кировская область,43,муниципальный округ Верхнекамский,муниципальный округ,1,2856,2022,9999,19600.0,300.8,47299.7,4822.0,734.0,0.15221899626710908,0.24602040816326531,22974.071933786134,142881,116095,116140,35900
189,1269,33608000,Кировская область,43,Верхошижемский муниципальный район,муниципальный район,1,1270,2018,9999,6778.0,322.6,48704.7,1119.0,270.0,0.24128686327077747,0.16509294777220418,19644.894884901605,145187,117787,117771,36104
190,1270,33610000,Кировская область,43,Вятскополянский муниципальный район,муниципальный район,3,1271,2018,9999,22503.0,360.1,42873.6,2363.0,791.0,0.33474396953025815,0.10500822112607208,22014.967223316315,145326,117900,117889,36171
191,1271,33612000,Кировская область,43,Даровской муниципальный район,муниципальный район,1,1272,2018,9999,8117.0,314.5,43238.2,1469.0,259.0,0.17631041524846836,0.18097819391400763,19975.33561906775,145515,118030,118013,36258
192,1272,33614000,Кировская область,43,Зуевский муниципальный район,муниципальный район,1,1273,2018,9999,16435.0,312.4,52984.0,3603.0,559.0,0.15514848737163475,0.21922725889869182,21041.910356343797,145683,118167,118215,36305
193,1273,33516000,Кировская область,43,муниципальный округ Кикнурский,муниципальный округ,1,2773,2021,9999,6384.0,336.0,38942.9,914.0,221.0,0.24179431072210067,0.14317042606516292,19099.5190361385,143062,116257,116266,35910
194,1274,33617000,Кировская область,43,Кильмезский муниципальный район,муниципальный район,1,1275,2018,9999,9573.0,330.8,42344.0,1338.0,451.0,0.33707025411061287,0.13976809777499216,19629.01523857391,145865,118333,118347,36375
195,1275,33618000,Кировская область,43,Кирово-Чепецкий муниципальный район,муниципальный район,3,1276,2018,9999,19898.0,352.3,57342.1,3444.0,737.0,0.21399535423925667,0.17308272188159615,25791.587106023533,146075,118476,118482,36453
196,1276,33619000,Кировская область,43,Котельничский муниципальный район,муниципальный район,3,1277,2018,9999,9945.0,341.0,46001.0,1222.0,339.0,0.2774140752864157,0.12287581699346405,19533.30018278814,146233,118580,118560,36536
197,1277,33620000,Кировская область,43,Куменский муниципальный район,муниципальный район,1,1278,2018,9999,14038.0,318.3,57854.2,4037.0,584.0,0.14466187763190488,0.28757657786009405,21789.068721685802,146408,118750,118727,36666
198,1278,33521000,Кировская область,43,муниципальный округ Лебяжский,муниципальный округ,1,2857,2022,9999,5283.0,326.6,40689.3,790.0,193.0,0.24430379746835443,0.14953624834374407,19472.057308334275,143258,116350,116358,35920
199,1279,33522000,Кировская область,43,муниципальный округ Лузский,муниципальный округ,1,2858,2022,9999,12427.0,294.2,45723.0,2042.0,503.0,0.2463271302644466,0.16431962661945762,22745.234488356862,143408,116473,116491,35928
200,1280,33623000,Кировская область,43,Малмыжский муниципальный район,муниципальный район,1,1281,2018,9999,19801.0,338.8,44116.7,3281.0,799.0,0.24352331606217617,0.16569870208575324,20196.3569787319,146630,118882,118880,36735
201,1281,33524000,Кировская область,43,муниципальный округ Мурашинский,муниципальный округ,1,2859,2022,9999,8746.0,305.8,65023.4,2869.0,263.0,0.09166957127919136,0.3280356734507203,20611.789592195266,143587,116614,116615,35937
202,1282,33625000,Кировская область,43,Нагорский муниципальный район,муниципальный район,1,1283,2018,9999,6225.0,301.8,44270.2,1004.0,290.0,0.28884462151394424,0.161285140562249,18179.741088506245,146766,118991,118998,36852
203,1284,33627000,Кировская область,43,Нолинский муниципальный район,муниципальный район,1,1285,2018,9999,15213.0,321.8,43969.9,2526.0,738.0,0.2921615201900237,0.1660422007493591,20596.653564757748,146963,119171,119133,36893
204,1285,33628000,Кировская область,43,Омутнинский муниципальный район,муниципальный район,1,1286,2018,9999,33193.0,305.3,55132.6,9545.0,1388.0,0.14541644840230486,0.2875606302533667,24099.31639793575,147215,119345,119319,36960
205,1286,33529000,Кировская область,43,муниципальный округ Опаринский,муниципальный округ,1,2861,2022,9999,6571.0,298.9,46554.0,1169.0,284.0,0.24294268605645852,0.17790290671130726,22000.265004989244,143907,116845,116872,35956
206,1287,33630000,Кировская область,43,Оричевский муниципальный район,муниципальный район,1,1288,2018,9999,24539.0,318.1,50711.2,4628.0,878.0,0.18971477960242006,0.1885977423692897,21353.09041299625,147428,119517,119549,37030
207,1288,33645000,Кировская область,43,Орловский муниципальный район,муниципальный район,1,1289,2018,9999,9136.0,321.6,49280.8,1987.0,621.0,0.3125314544539507,0.21749124343257442,19775.625437912942,148706,120569,120590,37531
208,1289,33531000,Кировская область,43,муниципальный округ Пижанский,муниципальный округ,1,2862,2022,9999,7903.0,331.8,45963.3,1672.0,315.0,0.18839712918660287,0.21156522839428066,20146.51241228437,144102,117012,117010,35964
209,1290,33632000,Кировская область,43,Подосиновский муниципальный район,муниципальный район,1,1291,2018,9999,11195.0,300.4,47295.1,2049.0,378.0,0.18448023426061494,0.18302813756141134,20947.089497332683,147600,119693,119677,37150
210,1291,33533000,Кировская область,43,муниципальный округ Санчурский,муниципальный округ,1,2777,2021,9999,6900.0,338.4,39558.7,1216.0,306.0,0.25164473684210525,0.17623188405797102,18932.71337039961,144292,117116,117107,35972
211,1292,33534000,Кировская область,43,муниципальный округ Свечинский,муниципальный округ,1,2774,2021,9999,5744.0,324.4,44029.9,812.0,219.0,0.2697044334975369,0.1413649025069638,20820.38481204432,144441,117199,117198,35982
212,1293,33635000,Кировская область,43,Слободской муниципальный район,муниципальный район,3,1294,2018,9999,32057.0,338.4,51617.9,3756.0,947.0,0.25212992545260915,0.1171662975325202,22538.287434054495,147796,119820,119819,37202
213,1294,33636000,Кировская область,43,Советский муниципальный район,муниципальный район,1,1295,2018,9999,21424.0,328.7,48817.2,5022.0,971.0,0.19334926324173635,0.2344100074682599,21936.579981888302,148008,119988,119987,37291
214,1295,33637000,Кировская область,43,Сунский муниципальный район,муниципальный район,1,1296,2018,9999,4826.0,318.8,50882.6,1238.0,156.0,0.1260096930533118,0.2565271446332366,18184.644701461722,148158,120137,120141,37360
215,1296,33638000,Кировская область,43,Тужинский муниципальный район,муниципальный район,1,1297,2018,9999,5475.0,330.8,39954.9,845.0,161.0,0.19053254437869824,0.154337899543379,20230.90973188071,148315,120240,120218,37396
216,1297,33540000,Кировская область,43,муниципальный округ Унинский,муниципальный округ,1,2863,2022,9999,5751.0,311.9,44072.1,1086.0,307.0,0.2826887661141805,0.18883672404799165,18817.72064785438,144597,117351,117361,35990
217,1298,33641000,Кировская область,43,Уржумский муниципальный район,муниципальный район,1,1299,2018,9999,19396.0,330.8,46534.2,4022.0,798.0,0.1984087518647439,0.2073623427510827,21185.404521799253,148489,120447,120401,37439
218,1299,33543000,Кировская область,43,муниципальный округ Фаленский,муниципальный округ,1,2775,2021,9999,7168.0,311.2,44839.4,1278.0,292.0,0.22848200312989045,0.17829241071428573,18985.38778781935,144800,117500,117485,35999
219,13,84620000,Республика Алтай,4,Онгудайский муниципальный район,муниципальный район,1,14,2018,9999,14025.0,202.6,46742.2,2349.0,889.0,0.37845891868880377,0.16748663101604278,24452.56399561724,415539,333255,333225,88525
220,1300,33647000,Кировская область,43,Шабалинский муниципальный район,муниципальный район,1,1301,2018,9999,7140.0,324.7,44357.5,1092.0,279.0,0.2554945054945055,0.15294117647058825,20625.291140176432,148896,120709,120703,37551
221,1301,33649000,Кировская область,43,Юрьянский муниципальный район,муниципальный район,1,1302,2018,9999,15836.0,313.3,61840.7,3491.0,549.0,0.15726152964766543,0.2204470825966153,20800.385327408523,149093,120853,120897,37593
222,1302,33650000,Кировская область,43,Яранский муниципальный район,муниципальный район,1,1303,2018,9999,19268.0,337.7,44396.5,3230.0,689.0,0.213312693498452,0.16763545775378866,21668.379890516833,149272,121069,121057,37658
223,1303,34701000,Костромская область,44,городской округ город Кострома,городской округ,2,1304,2018,9999,265761.0,383.2,67574.4,64207.0,9335.0,0.14538913202610307,0.24159677304043858,33763.84267792219,154577,124967,124970,38156
224,1304,34705000,Костромская область,44,городской округ город Буй,городской округ,2,1305,2018,9999,19938.0,351.1,63047.3,6823.0,755.0,0.11065513703649421,0.34221085364630355,25487.94348575825,154860,125218,125238,38162
225,1305,34706000,Костромская область,44,городской округ город Волгореченск,городской округ,1,1306,2018,9999,14030.0,367.9,72931.3,4810.0,457.0,0.09501039501039502,0.3428367783321454,24841.029404564193,155030,125378,125343,38172
226,1306,34708000,Костромская область,44,городской округ город Галич,городской округ,2,1307,2018,9999,12488.0,347.6,53922.7,4616.0,547.0,0.11850086655112652,0.36963484945547725,26833.82841936293,155219,125499,125507,38178
227,1308,34730000,Костромская область,44,городской округ город Шарья,городской округ,2,1309,2018,9999,30008.0,337.0,55333.6,6227.0,1257.0,0.20186285530753173,0.20751133031191682,26416.587664462935,155572,125824,125819,38192
228,1310,34604000,Костромская область,44,Буйский муниципальный район,муниципальный район,3,1311,2018,9999,8634.0,358.2,40017.6,692.0,233.0,0.33670520231213874,0.08014825110030113,25351.49379546086,151820,123024,123028,37831
229,1311,34606000,Костромская область,44,Вохомский муниципальный район,муниципальный район,1,1312,2018,9999,6543.0,313.1,42235.8,1394.0,288.0,0.2065997130559541,0.21305211676600946,20719.047793884598,152022,123138,123151,37843
230,1312,34608000,Костромская область,44,Галичский муниципальный район,муниципальный район,3,1313,2018,9999,6258.0,351.8,62147.2,1045.0,247.0,0.23636363636363636,0.16698625759028443,23785.700387921053,152127,123232,123221,37861
231,1314,34512000,Костромская область,44,Кологривский муниципальный округ,муниципальный округ,1,2819,2022,9999,3925.0,320.7,38820.9,779.0,159.0,0.20410783055198972,0.19847133757961782,21476.97629589248,150670,122223,122213,37770
232,1315,34614000,Костромская область,44,Костромской муниципальный район,муниципальный район,3,1316,2018,9999,40577.0,491.9,51506.7,5650.0,1553.0,0.27486725663716816,0.13924144219631812,31451.189004004864,152457,123443,123437,37906
233,1316,34616000,Костромская область,44,Красносельский муниципальный район,муниципальный район,1,1317,2018,9999,16012.0,358.7,77237.1,4286.0,571.0,0.13322445170321978,0.26767424431676246,25858.43478784312,152634,123653,123619,37948
234,1319,34522000,Костромская область,44,Межевской муниципальный округ,муниципальный округ,1,2818,2022,9999,2703.0,326.6,43755.6,445.0,110.0,0.24719101123595505,0.16463189049204588,21258.946646757347,150865,122347,122342,37781
235,1320,34524000,Костромская область,44,Нейский муниципальный округ,муниципальный округ,1,2816,2022,9999,9904.0,337.9,47761.7,1893.0,354.0,0.18700475435816163,0.19113489499192246,23494.435933482106,151038,122499,122475,37790
236,1321,34626000,Костромская область,44,муниципальный район город Нерехта и Нерехтский район,муниципальный район,1,1322,2018,9999,27921.0,371.4,57044.8,5198.0,821.0,0.15794536360138514,0.1861681171877798,25183.45454906913,153054,123904,123961,37997
237,1323,34530000,Костромская область,44,Островский муниципальный округ,муниципальный округ,1,3017,2024,9999,8787.0,353.7,43225.9,1447.0,348.0,0.2404975812024879,0.164675088198475,21078.37560313385,151100,122523,122521,37791
238,1324,34532000,Костромская область,44,Павинский муниципальный округ,муниципальный округ,1,3018,2024,9999,2935.0,315.9,40332.4,480.0,130.0,0.2708333333333333,0.1635434412265758,21157.31697824022,151115,122567,122556,37793
239,1325,34534000,Костромская область,44,Парфеньевский муниципальный округ,муниципальный округ,1,2817,2022,9999,4283.0,336.2,41821.5,661.0,237.0,0.3585476550680787,0.15433107634835397,22307.451845151245,151271,122651,122656,37799
240,1326,34536000,Костромская область,44,Поназыревский муниципальный округ,муниципальный округ,1,2889,2023,9999,4593.0,326.6,41439.4,670.0,161.0,0.24029850746268658,0.14587415632484216,22096.940984397104,151352,122690,122699,37805
241,1327,34538000,Костромская область,44,Пыщугский муниципальный округ,муниципальный округ,1,2890,2023,9999,3269.0,321.8,43290.7,541.0,131.0,0.24214417744916822,0.16549403487304987,21081.120241515582,151440,122735,122741,37809
242,1328,34540000,Костромская область,44,Солигаличский муниципальный округ,муниципальный округ,1,3019,2024,9999,7528.0,324.7,48518.8,1442.0,300.0,0.20804438280166435,0.19155154091392135,21179.884585229596,151500,122791,122777,37811
243,1329,34642000,Костромская область,44,Судиславский муниципальный район,муниципальный район,1,1330,2018,9999,10748.0,356.1,52917.0,2053.0,366.0,0.17827569410618607,0.19101228135467063,22239.159672481543,153921,124474,124453,38067
244,1330,34644000,Костромская область,44,Сусанинский муниципальный район,муниципальный район,1,1331,2018,9999,5566.0,352.1,46712.5,1365.0,201.0,0.14725274725274726,0.24523895077254762,21227.40224520864,154120,124593,124590,38082
245,1331,34646000,Костромская область,44,Чухломский муниципальный район,муниципальный район,1,1332,2018,9999,7653.0,334.1,39180.1,1148.0,371.0,0.3231707317073171,0.1500065333856004,22748.802005127753,154269,124746,124738,38106
246,1332,34648000,Костромская область,44,Шарьинский муниципальный район,муниципальный район,3,1333,2018,9999,7134.0,353.2,46416.8,656.0,236.0,0.3597560975609756,0.09195402298850575,22797.562394695058,154396,124798,124791,38130
247,1333,37701000,Курганская область,45,городской округ город Курган,городской округ,1,1334,2018,9999,302354.0,278.2,75790.7,93321.0,10226.0,0.10957876576547615,0.30864814092090725,33045.30217293897,172995,140667,140693,41935
248,1334,37705000,Курганская область,45,городской округ город Шадринск,городской округ,2,1335,2018,9999,67884.0,300.4,64595.2,16992.0,2835.0,0.16684322033898305,0.2503093512462436,27370.902446268698,173209,140939,140892,41941
249,1335,37502000,Курганская область,45,Альменевский муниципальный округ,муниципальный округ,1,2869,2022,9999,7380.0,282.9,45029.1,972.0,345.0,0.3549382716049383,0.13170731707317074,19404.514161058883,168574,137454,137465,41155
250,1336,37504000,Курганская область,45,Белозерский муниципальный округ,муниципальный округ,1,2970,2023,9999,12696.0,277.7,46685.9,1643.0,400.0,0.24345709068776628,0.12941083805923126,17203.660574644487,168664,137515,137532,41159
251,1337,37506000,Курганская область,45,Варгашинский муниципальный округ,муниципальный округ,1,3063,2024,9999,15485.0,277.4,55881.0,2591.0,545.0,0.21034349671941335,0.16732321601549888,19081.95026430538,168717,137582,137558,41161
252,1338,37508000,Курганская область,45,Далматовский муниципальный округ,муниципальный округ,1,3061,2024,9999,22136.0,292.3,58179.8,4835.0,931.0,0.19255429162357807,0.21842247921937116,22359.005785718047,168780,137608,137623,41165
253,1339,37509000,Курганская область,45,Звериноголовский муниципальный округ,муниципальный округ,1,2971,2023,9999,6573.0,270.8,43140.4,1072.0,297.0,0.27705223880597013,0.16309143465692985,17864.3175950413,168891,137685,137683,41169
254,1340,37510000,Курганская область,45,Каргапольский муниципальный округ,муниципальный округ,1,2972,2023,9999,25283.0,282.9,51130.4,3278.0,1016.0,0.3099450884685784,0.12965233556144445,20832.491918603384,169004,137779,137813,41174
255,1341,37512000,Курганская область,45,Катайский муниципальный округ,муниципальный округ,1,3062,2024,9999,18565.0,295.9,51186.3,3284.0,732.0,0.22289890377588306,0.176892001077296,22265.25564470112,169075,137873,137835,41179
256,1342,37514000,Курганская область,45,Кетовский муниципальный округ,муниципальный округ,1,2973,2023,9999,55102.0,281.0,50279.4,6503.0,1860.0,0.2860218360756574,0.11801749482777395,26246.239828632573,169221,137971,137989,41182
257,1343,37516000,Курганская область,45,Куртамышский муниципальный округ,муниципальный округ,1,2866,2022,9999,24231.0,277.4,48743.6,3670.0,1043.0,0.2841961852861035,0.1514588749948413,20093.458252203793,169382,138100,138101,41191
258,1344,37518000,Курганская область,45,Лебяжьевский муниципальный округ,муниципальный округ,1,2865,2022,9999,10941.0,271.3,47412.1,1482.0,474.0,0.31983805668016196,0.13545379764189744,19167.951115249438,169595,138225,138237,41200
259,1345,37520000,Курганская область,45,муниципальный округ Макушинский,муниципальный округ,1,2789,2021,9999,11993.0,267.8,54038.3,2165.0,607.0,0.28036951501154733,0.1805219711498374,20560.733229868154,169780,138387,138375,41208
260,1346,37522000,Курганская область,45,Мишкинский муниципальный округ,муниципальный округ,1,2974,2023,9999,12441.0,286.2,49546.9,2333.0,579.0,0.24817831118731248,0.18752511855960133,20581.755308373966,169898,138451,138479,41214
261,1347,37524000,Курганская область,45,Мокроусовский муниципальный округ,муниципальный округ,1,2981,2023,9999,8983.0,269.7,45432.5,1243.0,393.0,0.3161705551086082,0.13837248135366803,19253.403333414873,170011,138547,138557,41220
262,1348,37526000,Курганская область,45,Петуховский муниципальный округ,муниципальный округ,1,2868,2022,9999,13666.0,263.5,48003.8,2111.0,489.0,0.231643770724775,0.1544709498024294,19608.413897351424,170190,138657,138666,41227
263,1349,37528000,Курганская область,45,Половинский муниципальный округ,муниципальный округ,1,2975,2023,9999,7740.0,268.5,45206.2,1280.0,346.0,0.2703125,0.165374677002584,17796.813175033545,170271,138724,138721,41233
264,1350,37530000,Курганская область,45,Притобольный муниципальный округ,муниципальный округ,1,3064,2024,9999,9619.0,272.5,49686.9,1287.0,405.0,0.3146853146853147,0.13379769206778253,17743.34373280975,170299,138784,138772,41234
265,1351,37532000,Курганская область,45,Сафакулевский муниципальный округ,муниципальный округ,1,2976,2023,9999,10385.0,291.4,44629.8,1384.0,344.0,0.24855491329479767,0.13326913818006741,18698.941496579413,170414,138822,138835,41239
266,1352,37534000,Курганская область,45,Целинный муниципальный округ,муниципальный округ,1,2870,2022,9999,11754.0,279.8,43999.1,1590.0,507.0,0.31886792452830187,0.13527309851965288,17768.748220819212,170606,138950,138940,41244
267,1353,37536000,Курганская область,45,Частоозерский муниципальный округ,муниципальный округ,1,2977,2023,9999,4540.0,264.2,45036.5,641.0,185.0,0.28861154446177845,0.14118942731277534,19715.417110310264,170672,139010,139020,41248
268,1354,37538000,Курганская область,45,Шадринский муниципальный округ,муниципальный округ,3,2978,2023,9999,24509.0,322.8,47294.7,2282.0,658.0,0.2883435582822086,0.09310865396385001,22117.199918490398,170785,139060,139072,41253
269,1355,37540000,Курганская область,45,Шатровский муниципальный округ,муниципальный округ,1,2867,2022,9999,13663.0,279.3,43750.6,1938.0,390.0,0.20123839009287925,0.14184293346995536,19600.637072265472,170947,139206,139202,41258
270,1356,37542000,Курганская область,45,муниципальный округ Шумихинский,муниципальный округ,1,2788,2021,9999,23519.0,289.5,53181.2,3358.0,643.0,0.19148302561048244,0.14277817934435988,22865.627852357506,171125,139343,139358,41267
271,1357,37544000,Курганская область,45,Щучанский муниципальный округ,муниципальный округ,1,2979,2023,9999,15866.0,294.0,55419.1,3675.0,836.0,0.2274829931972789,0.23162737930165134,23401.294045764673,171250,139483,139475,41272
272,1358,37546000,Курганская область,45,Юргамышский муниципальный округ,муниципальный округ,1,2980,2023,9999,15694.0,283.1,60492.6,3518.0,709.0,0.2015349630471859,0.2241621001656684,21707.83641098593,171421,139560,139591,41280
273,1392,41603000,Ленинградская область,47,Бокситогорский муниципальный район,муниципальный район,1,1393,2018,9999,50855.0,318.3,75396.5,9399.0,1349.0,0.14352590701138418,0.1848195850948776,33151.679927181474,196365,159455,159421,44777
274,1393,41606000,Ленинградская область,47,Волосовский муниципальный район,муниципальный район,1,1394,2018,9999,50257.0,327.0,68765.7,6450.0,1329.0,0.20604651162790696,0.12834033070020096,33484.460388856176,196575,159563,159567,44834
275,1394,41609000,Ленинградская область,47,Волховский муниципальный район,муниципальный район,1,1395,2018,9999,78679.0,319.5,77006.3,19548.0,2399.0,0.12272355228156333,0.24845257311353727,36741.43957839693,196786,159753,159808,44890
276,1395,41612000,Ленинградская область,47,Всеволожский муниципальный район,муниципальный район,1,1396,2018,9999,571142.0,360.1,99062.8,78447.0,10543.0,0.134396471503053,0.13735113159249362,47418.87322428583,197032,160008,160017,44995
277,1396,41615000,Ленинградская область,47,Выборгский муниципальный район,муниципальный район,1,1397,2018,9999,194689.0,297.8,91584.5,39970.0,4792.0,0.11988991743807856,0.2053017890070831,41318.83856277485,197270,160226,160300,45149
278,1398,41621000,Ленинградская область,47,Кингисеппский муниципальный район,муниципальный район,1,1399,2018,9999,83361.0,323.7,123058.2,43581.0,1995.0,0.04577682935224066,0.5227984309209343,41758.26334458462,197706,160696,160747,45368
279,1399,41624000,Ленинградская область,47,Киришский муниципальный район,муниципальный район,1,1400,2018,9999,58942.0,319.7,85514.2,18249.0,1794.0,0.09830675653460463,0.30960944657459877,37166.74830678225,197930,160920,160909,45448
280,14,84625000,Республика Алтай,4,Турочакский муниципальный район,муниципальный район,1,15,2018,9999,10794.0,210.9,57696.8,1955.0,647.0,0.3309462915601023,0.18111914026310913,26952.126393157843,415645,333330,333344,88592
281,1400,41625000,Ленинградская область,47,Кировский муниципальный район,муниципальный район,1,1401,2018,9999,108186.0,347.8,86859.3,22069.0,2706.0,0.1226154334133853,0.2039912742868763,40656.5472527844,198168,161153,161129,45495
282,1401,41627000,Ленинградская область,47,Лодейнопольский муниципальный район,муниципальный район,1,1402,2018,9999,27168.0,300.6,59047.6,4514.0,857.0,0.18985378821444396,0.16615135453474675,36294.11907713011,198364,161286,161275,45585
283,1402,41630000,Ленинградская область,47,Ломоносовский муниципальный район,муниципальный район,3,1403,2018,9999,90576.0,349.0,115167.4,20773.0,1998.0,0.09618254464930438,0.22934331390213744,43825.35426883429,198600,161474,161468,45626
284,1403,41633000,Ленинградская область,47,Лужский муниципальный район,муниципальный район,1,1404,2018,9999,74392.0,321.6,70100.0,10263.0,1795.0,0.1749001266686154,0.13795838262178728,38484.79550378801,198831,161677,161709,45734
285,1404,41636000,Ленинградская область,47,Подпорожский муниципальный район,муниципальный район,1,1405,2018,9999,25067.0,295.9,61376.2,3977.0,814.0,0.20467689212974605,0.1586548051222723,32386.79803615514,199030,161851,161861,45834
286,1405,41639000,Ленинградская область,47,Приозерский муниципальный район,муниципальный район,1,1406,2018,9999,56730.0,297.5,70647.0,10867.0,1802.0,0.16582313425968528,0.19155649568129737,37860.597747014304,199253,161989,162041,45884
287,1406,41642000,Ленинградская область,47,Сланцевский муниципальный район,муниципальный район,1,1407,2018,9999,44406.0,308.4,77914.9,5879.0,987.0,0.16788569484606225,0.1323920190965185,35856.49024270661,199445,162151,162157,45984
288,1407,41645000,Ленинградская область,47,Тихвинский муниципальный район,муниципальный район,1,1408,2018,9999,65782.0,318.3,82246.9,18700.0,1969.0,0.10529411764705883,0.2842722933325226,36272.36666536617,199663,162344,162337,46038
289,1408,41648000,Ленинградская область,47,Тосненский муниципальный район,муниципальный район,1,1409,2018,9999,130546.0,343.6,81263.9,24426.0,2635.0,0.10787685253418489,0.18710646055796423,41239.8096131736,199923,162580,162610,46105
290,1409,41754000,Ленинградская область,47,городской округ Сосновоборский,городской округ,1,1410,2018,9999,63462.0,320.4,120590.6,24185.0,1826.0,0.07550134380814555,0.38109419810280165,45164.191985895355,200088,162788,162786,46206
291,1410,42701000,Липецкая область,48,городской округ город Липецк,городской округ,2,1411,2018,9999,485260.0,399.3,80260.6,131408.0,15119.0,0.11505387799829539,0.27079915921361747,37876.007364065634,203780,165614,165651,49221
292,1411,42715000,Липецкая область,48,городской округ город Елец,городской округ,2,1412,2018,9999,94902.0,392.0,60220.9,23471.0,3164.0,0.13480465254995527,0.24731828623211313,33917.53605184961,204027,165844,165867,49229
293,1413,42606000,Липецкая область,48,Грязинский муниципальный район,муниципальный район,1,1414,2018,9999,77383.0,372.6,77641.9,14662.0,1528.0,0.10421497749283863,0.18947314009536978,27595.392273668887,200649,163238,163248,46368
294,1414,42609000,Липецкая область,48,Данковский муниципальный район,муниципальный район,1,1415,2018,9999,31514.0,378.7,59157.2,6538.0,1091.0,0.16687060263077394,0.20746334962239005,27649.779408190556,200839,163420,163423,46548
295,1415,42612000,Липецкая область,48,Добринский муниципальный район,муниципальный район,1,1416,2018,9999,32283.0,362.7,65120.6,4485.0,745.0,0.16610925306577481,0.13892760895827524,23892.947423157988,201021,163557,163551,46711
296,1417,42618000,Липецкая область,48,Долгоруковский муниципальный район,муниципальный район,1,1418,2018,9999,15713.0,365.5,56006.8,2657.0,531.0,0.19984945427173503,0.16909565328072296,22359.63938839596,201348,163760,163785,47051
297,1419,42624000,Липецкая область,48,Задонский муниципальный район,муниципальный район,1,1420,2018,9999,33205.0,373.6,71890.0,5900.0,912.0,0.15457627118644068,0.17768408372233097,24177.087407883657,201703,164049,164068,47350
298,1421,42630000,Липецкая область,48,Краснинский муниципальный район,муниципальный район,1,1422,2018,9999,13181.0,371.9,67414.5,2690.0,378.0,0.14052044609665426,0.20408163265306123,24684.02335922314,202078,164247,164262,47672
299,1422,42633000,Липецкая область,48,Лебедянский муниципальный район,муниципальный район,1,1423,2018,9999,38865.0,375.4,65478.8,10495.0,1056.0,0.10061934254406861,0.2700373086324456,26796.814897701184,202255,164421,164402,47763
300,1423,42636000,Липецкая область,48,Лев-Толстовский муниципальный район,муниципальный район,1,1424,2018,9999,16181.0,375.0,62104.5,2725.0,484.0,0.17761467889908256,0.16840739138495767,27683.18459242848,202495,164580,164594,47934
301,1426,42645000,Липецкая область,48,Тербунский муниципальный район,муниципальный район,1,1427,2018,9999,20466.0,363.9,62431.8,4717.0,770.0,0.16323934704261184,0.2304798201895827,25257.09063979882,202975,164959,164939,48430
302,1427,42648000,Липецкая область,48,Усманский муниципальный район,муниципальный район,1,1428,2018,9999,49178.0,367.2,53900.6,7237.0,1485.0,0.20519552300677077,0.14715929887348,24421.827792139306,203175,165084,165116,48583
303,1428,42652000,Липецкая область,48,Хлевенский муниципальный район,муниципальный район,1,1429,2018,9999,18262.0,372.4,59234.2,3076.0,612.0,0.19895968790637192,0.1684371919833534,23333.966671250655,203371,165223,165229,48835
304,1429,42656000,Липецкая область,48,Чаплыгинский муниципальный район,муниципальный район,1,1430,2018,9999,29850.0,378.5,59232.0,4873.0,782.0,0.16047609275600247,0.16324958123953098,25032.809485141355,203527,165379,165414,48986
305,1430,44701000,Магаданская область,49,городской округ город Магадан,городской округ,1,1431,2018,9999,94768.0,119.2,155268.7,30520.0,4194.0,0.13741808650065532,0.3220496370082728,60130.814907232685,205141,166692,166695,49260
306,1440,46705000,Московская область,50,городской округ Бронницы,городской округ,1,1441,2018,9999,20981.0,489.7,79343.4,5510.0,775.0,0.14065335753176045,0.26261855964920644,41404.52554657122,231802,188158,188157,50211
307,1443,46711000,Московская область,50,городской округ Дзержинский,городской округ,1,1444,2018,9999,57434.0,586.8,108785.2,12233.0,1005.0,0.08215482710700564,0.2129923042100498,46301.10184270303,232977,189202,189217,50259
308,1444,46716000,Московская область,50,городской округ Долгопрудный,городской округ,1,1445,2018,9999,119089.0,569.8,140511.0,22849.0,4660.0,0.2039476563525756,0.1918649077580633,51612.64765206961,233440,189614,189619,50273
309,1445,46709000,Московская область,50,городской округ Домодедово,городской округ,1,1446,2018,9999,226573.0,524.2,116808.3,67915.0,4451.0,0.06553780460870205,0.29974886681113816,45932.80796380277,232538,188823,188802,50244
310,1446,46718000,Московская область,50,городской округ Дубна,городской округ,1,1447,2018,9999,74032.0,413.2,119658.1,19929.0,2078.0,0.10427015906467961,0.2691944024205749,47801.649405460106,233635,189824,189793,50279
311,1447,46722000,Московская область,50,городской округ Егорьевск,городской округ,1,1448,2018,9999,111759.0,440.1,82618.9,20248.0,2824.0,0.13947056499407348,0.18117556527885897,37539.16131133029,233892,190054,190029,50287
312,1448,46725000,Московская область,50,городской округ Жуковский,городской округ,1,1449,2018,9999,110083.0,523.0,116756.8,27289.0,2629.0,0.09633918428670893,0.24789477030967544,47299.91271054942,234112,190201,190232,50294
313,1449,46729000,Московская область,50,городской округ Зарайск,городской округ,1,1450,2018,9999,36618.0,417.5,65077.5,5157.0,961.0,0.1863486523172387,0.14083237751925282,31854.092877265717,234539,190595,190617,50313
314,1453,46733000,Московская область,50,городской округ Истра,городской округ,1,1454,2018,9999,171213.0,477.7,111672.8,36930.0,4396.0,0.1190360140806932,0.2156962380193093,48615.63359848289,234740,190812,190836,50322
315,1454,46735000,Московская область,50,городской округ Кашира,городской округ,1,1455,2018,9999,65747.0,436.1,85341.4,15127.0,1448.0,0.0957228796192239,0.2300789389629945,40028.19061985711,235201,191261,191199,50335
316,1457,46739000,Московская область,50,городской округ Котельники,городской округ,1,1458,2018,9999,72311.0,601.4,118773.0,11521.0,861.0,0.07473309608540925,0.1593256904205446,50302.15761655909,235867,191838,191860,50360
317,1459,46744000,Московская область,50,городской округ Красногорск,городской округ,1,1460,2018,9999,335991.0,568.1,137301.9,95513.0,7600.0,0.07957032027053909,0.2842724953942219,55317.893646650235,236638,192568,192583,50391
318,1461,46740000,Московская область,50,городской округ Лобня,городской округ,1,1462,2018,9999,81143.0,521.6,161420.5,23818.0,1707.0,0.07166848601897724,0.2935311733606103,46691.08017305658,236042,192019,192023,50367
319,1463,46747000,Московская область,50,городской округ Луховицы,городской округ,1,1464,2018,9999,61079.0,429.3,92259.2,14429.0,1672.0,0.11587774620555825,0.23623503986640254,38203.44866888923,237358,193215,193175,50417
320,1464,46741000,Московская область,50,городской округ Лыткарино,городской округ,1,1465,2018,9999,66526.0,538.1,111222.9,12047.0,1119.0,0.0928861957333776,0.18108709376785018,46114.23927492512,236247,192228,192229,50373
321,1465,46748000,Московская область,50,городской округ Люберцы,городской округ,1,1466,2018,9999,364888.0,587.7,112072.0,59123.0,7892.0,0.13348443076298563,0.1620305408782969,47065.07434934834,237564,193416,193403,50425
322,1467,46746000,Московская область,50,городской округ Мытищи,городской округ,1,1468,2018,9999,309564.0,572.6,110614.2,77184.0,9536.0,0.12354892205638475,0.24933131759506919,50425.064321019556,237086,193009,193013,50409
323,1473,46767000,Московская область,50,городской округ Протвино,городской округ,1,1474,2018,9999,37221.0,436.6,91076.8,7869.0,623.0,0.07917143220231287,0.21141291206576932,34058.4840126821,240104,195684,195667,50537
324,1474,46762000,Московская область,50,городской округ Пущино,городской округ,1,1475,2018,9999,19342.0,432.8,86843.1,3092.0,433.0,0.14003880983182407,0.15985937338434494,32897.03550886139,239495,195125,195129,50510
325,1475,46764000,Московская область,50,городской округ Реутов,городской округ,1,1476,2018,9999,112070.0,609.0,107100.5,20316.0,2546.0,0.12531994487103762,0.18127955741946997,51437.94504127923,239686,195338,195312,50523
326,1477,46766000,Московская область,50,городской округ Рузский,городской округ,1,1478,2018,9999,79874.0,431.9,91991.8,15262.0,1789.0,0.11721923732145197,0.19107594461276511,39008.922420901676,239897,195482,195529,50530
327,1478,46772000,Московская область,50,городской округ Серебряные Пруды,городской округ,1,1479,2018,9999,23278.0,412.3,70705.8,3996.0,530.0,0.13263263263263264,0.17166423232236447,33723.692336517495,240966,196476,196448,50572
328,1480,46776000,Московская область,50,городской округ Ступино,городской округ,1,1481,2018,9999,118129.0,441.1,102284.6,29229.0,2975.0,0.10178247630777652,0.2474328911613575,41391.745384507565,241194,196655,196675,50587
329,1481,46780000,Московская область,50,городской округ Фрязино,городской округ,1,1482,2018,9999,58677.0,522.8,123955.5,16946.0,1228.0,0.0724654785790157,0.2888014042981066,45365.4629089057,241633,197041,197042,50607
330,1483,46781000,Московская область,50,городской округ Черноголовка,городской округ,1,1484,2018,9999,21254.0,483.8,142578.8,11431.0,506.0,0.04426559356136821,0.5378281735202786,40584.830988903275,241797,197173,197175,50615
331,1484,46784000,Московская область,50,городской округ Чехов,городской округ,1,1485,2018,9999,146643.0,469.7,92079.7,25568.0,2985.0,0.11674749687108886,0.17435540734982236,44932.735995956595,242212,197582,197576,50633
332,1486,46787000,Московская область,50,городской округ Шаховская,городской округ,1,1487,2018,9999,29743.0,402.6,71927.4,3975.0,757.0,0.19044025157232705,0.1336448912349124,35707.16972528805,242630,197910,197888,50651
333,1488,46790000,Московская область,50,городской округ Электросталь,городской округ,1,1489,2018,9999,150729.0,492.6,174519.6,28053.0,3207.0,0.114319324136456,0.18611547877316242,43688.95832363573,243086,198309,198318,50668
334,1489,46708000,Московская область,50,городской округ Волоколамский,городской округ,1,2659,2020,9999,64721.0,417.7,77087.1,8751.0,1310.0,0.1496971774654325,0.13521113703434742,37951.72006743634,232288,188541,188584,50233
335,1490,46710000,Московская область,50,городской округ Воскресенск,городской округ,1,2656,2020,9999,160755.0,451.2,89073.4,23437.0,2988.0,0.12749071980202245,0.14579328792261517,40688.68330056958,232794,188987,188969,50253
336,1491,46715000,Московская область,50,городской округ Дмитровский,городской округ,1,2631,2019,9999,163081.0,458.3,89670.2,40438.0,4425.0,0.10942677679410455,0.24796266885780685,43338.1561561274,233178,189446,189441,50268
337,1492,46737000,Московская область,50,городской округ Клин,городской округ,1,2630,2019,9999,148545.0,440.6,82878.8,22287.0,2733.0,0.12262754071880469,0.15003534282540645,41698.735381295744,235394,191424,191437,50345
338,1494,46752000,Московская область,50,городской округ Лотошино,городской округ,1,2660,2020,9999,21886.0,399.8,61386.3,1992.0,395.0,0.19829317269076305,0.09101708854975783,29261.621724677592,238186,193949,193960,50453
339,1495,46745000,Московская область,50,городской округ Можайский,городской округ,1,2646,2019,9999,92529.0,425.5,71940.1,12608.0,1484.0,0.11770304568527919,0.1362599833565693,40276.134600769576,236897,192754,192752,50398
340,15,84630000,Республика Алтай,4,Улаганский муниципальный район,муниципальный район,1,16,2018,9999,11926.0,192.9,63315.0,1992.0,843.0,0.42319277108433734,0.1670300184470904,28842.57402498668,415736,333432,333443,88652
341,1500,46768000,Московская область,50,городской округ Раменский,городской округ,1,2657,2020,9999,338109.0,498.5,97837.0,58693.0,6757.0,0.115124461179357,0.1735919481587299,44658.65717674622,240333,195874,195930,50547
342,1501,46728000,Московская область,50,городской округ Сергиево-Посадский,городской округ,1,2655,2020,9999,207827.0,460.2,90162.6,50366.0,5642.0,0.11202001350117143,0.24234579722557703,42136.972369564915,234304,190418,190407,50303
343,1504,46778000,Московская область,50,городской округ Талдомский,городской округ,1,2632,2019,9999,64165.0,418.2,86441.7,7151.0,1038.0,0.14515452384281918,0.11144705057274215,33368.98760218873,241386,196884,196866,50596
344,1506,47701000,Мурманская область,51,городской округ город Мурманск,городской округ,1,1507,2018,9999,266681.0,214.9,125235.4,83514.0,10763.0,0.1288765955408674,0.31316066761411576,50275.842254034134,245277,200459,200479,50909
345,1507,47519000,Мурманская область,51,муниципальный округ город Апатиты,муниципальный округ,1,2740,2021,9999,48277.0,221.7,100902.6,12570.0,1896.0,0.15083532219570406,0.2603724340783396,50204.309178314434,243730,198901,198876,50698
346,1508,47522000,Мурманская область,51,муниципальный округ город Кировск,муниципальный округ,1,2741,2021,9999,25984.0,221.3,155467.1,16026.0,1100.0,0.06863846249844004,0.6167641625615764,52929.63332158717,243954,199086,199080,50707
347,1509,47524000,Мурманская область,51,муниципальный округ город Мончегорск,муниципальный округ,1,2742,2021,9999,41427.0,222.0,110712.0,14820.0,1890.0,0.12753036437246965,0.35773770729234555,43086.30521956088,244116,199296,199254,50718
348,1510,47526000,Мурманская область,51,муниципальный округ город Оленегорск,муниципальный округ,1,2743,2021,9999,27867.0,220.8,100016.8,7723.0,1183.0,0.1531788165220769,0.27713783327950625,42012.79375304814,244320,199480,199491,50725
349,1511,47528000,Мурманская область,51,муниципальный округ город Полярные Зори,муниципальный округ,1,2744,2021,9999,15634.0,226.0,142415.5,6626.0,701.0,0.10579535164503472,0.42381987974926444,48525.45398977633,244459,199619,199590,50736
350,1512,47517000,Мурманская область,51,Ковдорский муниципальный округ,муниципальный округ,1,2739,2021,9999,16803.0,218.9,118867.3,6843.0,667.0,0.09747186906327635,0.4072487055882878,48410.03347364652,243558,198709,198710,50691
351,1518,47608000,Мурманская область,51,Кандалакшский муниципальный район,муниципальный район,1,1519,2018,9999,39330.0,226.7,93922.5,11543.0,1952.0,0.16910681798492594,0.29349097381133993,44404.65860540229,244821,199978,200007,50829
352,1519,47605000,Мурманская область,51,Кольский муниципальный район,муниципальный район,1,1520,2018,9999,33201.0,220.1,138007.3,23732.0,1831.0,0.0771532108545424,0.7147977470558116,34901.947902302076,244619,199814,199767,50745
353,1520,47610000,Мурманская область,51,Ловозерский муниципальный район,муниципальный район,1,1521,2018,9999,8770.0,216.5,86372.9,3126.0,484.0,0.1548304542546385,0.356442417331813,41637.22704268436,244971,200132,200134,50866
354,1521,47515000,Мурманская область,51,Печенгский муниципальный округ,муниципальный округ,1,2738,2021,9999,29632.0,207.1,106442.9,9269.0,1232.0,0.13291617218685942,0.31280372570194387,50274.204340992736,243417,198542,198607,50682
355,1522,47620000,Мурманская область,51,Терский муниципальный район,муниципальный район,1,1523,2018,9999,4698.0,220.3,85974.2,1038.0,218.0,0.21001926782273603,0.22094508301404853,36499.72730695051,245085,200238,200220,50887
356,1523,22701000,Нижегородская область,52,городской округ город Нижний Новгород,городской округ,1,1524,2018,9999,1228702.0,367.7,91812.7,388947.0,43607.0,0.11211553245043669,0.31655112468279534,38857.04304779869,104888,85640,85698,27540
357,1525,22712000,Нижегородская область,52,городской округ город Бор,городской округ,1,1526,2018,9999,117552.0,381.3,70599.6,24359.0,3541.0,0.14536721540293115,0.2072189328977814,35472.116645104245,105369,86144,86088,27560
358,1526,22715000,Нижегородская область,52,городской округ город Выкса,городской округ,1,1527,2018,9999,72393.0,374.7,91080.7,30843.0,2671.0,0.08659987679538307,0.4260494799220919,34944.883873975974,105574,86286,86307,27569
359,1527,22721000,Нижегородская область,52,городской округ город Дзержинск,городской округ,1,1528,2018,9999,225251.0,380.2,81689.3,52130.0,5836.0,0.11195089200076731,0.2314307150689675,38091.00354823382,106036,86701,86664,27586
360,1528,22727000,Нижегородская область,52,городской округ город Кулебаки,городской округ,1,1529,2018,9999,45056.0,375.0,69693.7,9472.0,1566.0,0.16532939189189189,0.21022727272727273,28496.270881083707,106226,86844,86832,27596
361,1529,22730000,Нижегородская область,52,городской округ Навашинский,городской округ,1,1530,2018,9999,20671.0,383.2,63569.1,4518.0,607.0,0.13435148295706065,0.21856707464563882,24980.596322162928,106425,87014,87022,27606
362,1530,22739000,Нижегородская область,52,городской округ Перевозский,городской округ,1,1531,2018,9999,16026.0,369.5,51293.7,2056.0,661.0,0.3214980544747082,0.12829152626981155,23988.339228456527,107005,87489,87504,27633
363,1532,22737000,Нижегородская область,52,городской округ Семеновский,городской округ,1,1533,2018,9999,45405.0,361.5,52030.2,8411.0,1483.0,0.1763167280941624,0.18524391586829644,26147.400619498174,106845,87350,87380,27622
364,1533,22758000,Нижегородская область,52,городской округ город Шахунья,городской округ,1,1534,2018,9999,28511.0,337.0,50743.1,5524.0,1256.0,0.2273714699493121,0.19374978078636315,24835.94397100905,107564,87916,87920,27658
365,1534,22734000,Нижегородская область,52,городской округ город Первомайск,городской округ,1,1535,2018,9999,17117.0,364.6,63925.0,5274.0,461.0,0.08740993553280242,0.30811473973242975,23748.09524219271,106603,87156,87143,27614
366,1535,22749000,Нижегородская область,52,городской округ Сокольский,городской округ,1,1536,2018,9999,10807.0,345.2,55072.0,2013.0,465.0,0.23099850968703428,0.186268159526233,23917.416562836002,107183,87613,87643,27642
367,1536,22755000,Нижегородская область,52,городской округ город Чкаловск,городской округ,1,1537,2018,9999,19063.0,364.3,51333.1,2854.0,642.0,0.22494744218640506,0.14971410585951844,25774.540581673948,107364,87755,87788,27651
368,1537,22502000,Нижегородская область,52,Ардатовский муниципальный округ,муниципальный округ,1,2957,2023,9999,22161.0,373.3,51079.9,3563.0,748.0,0.20993544765646927,0.16077794323360858,22204.306909672927,97893,79847,79823,26785
369,1539,22505000,Нижегородская область,52,Балахнинский муниципальный округ,муниципальный округ,1,2779,2021,9999,72219.0,378.5,64085.0,14244.0,2497.0,0.17530188149396236,0.19723341502928593,33062.337248965305,98054,80006,80043,26794
370,1540,22507000,Нижегородская область,52,Богородский муниципальный округ,муниципальный округ,1,2780,2021,9999,57639.0,379.5,54887.8,7263.0,1911.0,0.2631144155307724,0.12600843179097487,32462.294120607417,98297,80229,80215,26801
371,1541,22509000,Нижегородская область,52,Большеболдинский муниципальный округ,муниципальный округ,1,2967,2023,9999,10172.0,361.0,52302.9,1785.0,410.0,0.22969187675070027,0.17548171451042077,24129.968336655493,98405,80310,80322,26808
372,1542,22510000,Нижегородская область,52,Большемурашкинский муниципальный округ,муниципальный округ,1,2946,2023,9999,10258.0,369.3,54463.0,1719.0,420.0,0.2443280977312391,0.16757652563852604,22791.117640648186,98536,80396,80436,26813
373,1543,22512000,Нижегородская область,52,Бутурлинский муниципальный округ,муниципальный округ,1,2781,2021,9999,12910.0,367.2,50073.9,1877.0,495.0,0.2637187000532765,0.14539116963594112,24091.91442136556,98713,80531,80551,26821
374,1544,22514000,Нижегородская область,52,Вадский муниципальный округ,муниципальный округ,1,2782,2021,9999,13290.0,371.7,60421.0,3038.0,646.0,0.21263989466754443,0.22859292701279157,23430.363068088587,98880,80693,80657,26830
375,1545,22515000,Нижегородская область,52,Варнавинский муниципальный округ,муниципальный округ,1,2960,2023,9999,9653.0,340.0,42530.2,2635.0,454.0,0.17229601518026566,0.2729721330156428,25341.88972069811,99018,80763,80739,26834
376,1546,22517000,Нижегородская область,52,Вачский муниципальный округ,муниципальный округ,1,2965,2023,9999,16730.0,376.4,47172.5,1904.0,509.0,0.26733193277310924,0.11380753138075314,23320.687595058353,99138,80864,80828,26840
377,1547,22518000,Нижегородская область,52,Ветлужский муниципальный округ,муниципальный округ,1,2955,2023,9999,12521.0,335.3,43677.4,2325.0,675.0,0.2903225806451613,0.18568804408593562,24656.134696848327,99235,80910,80919,26846
378,1548,22519000,Нижегородская область,52,Вознесенский муниципальный округ,муниципальный округ,1,2958,2023,9999,14309.0,370.2,46674.6,1746.0,481.0,0.2754868270332188,0.12202110559787546,22856.062554123655,99343,81025,81038,26852
379,1549,22520000,Нижегородская область,52,Володарский муниципальный округ,муниципальный округ,1,2968,2023,9999,47925.0,381.6,65717.5,10325.0,1321.0,0.12794188861985473,0.21544079290558163,25787.287615172165,99472,81137,81150,26858
380,1550,22719000,Нижегородская область,52,городской округ Воротынский,городской округ,1,2688,2020,9999,13399.0,363.4,52483.8,2472.0,516.0,0.2087378640776699,0.18449137995372789,20696.717436304258,105811,86452,86461,27578
381,1551,22522000,Нижегородская область,52,Воскресенский муниципальный округ,муниципальный округ,1,2959,2023,9999,16072.0,349.7,47142.8,2038.0,551.0,0.2703631010794897,0.12680438028870084,23074.740551936116,99601,81229,81233,26865
382,1552,22526000,Нижегородская область,52,Гагинский муниципальный округ,муниципальный округ,1,2949,2023,9999,9681.0,363.6,47769.7,1905.0,333.0,0.17480314960629922,0.19677719243879765,21627.47334438247,99682,81308,81330,26871
383,1553,22528000,Нижегородская область,52,Городецкий муниципальный округ,муниципальный округ,1,2962,2023,9999,80149.0,366.9,62205.1,19691.0,2812.0,0.14280635823472654,0.24567992114686396,31695.622789565237,99867,81438,81477,26875
384,1554,22530000,Нижегородская область,52,Дальнеконстантиновский муниципальный округ,муниципальный округ,1,2961,2023,9999,20224.0,371.9,54917.0,2426.0,622.0,0.2563891178895301,0.11995648734177215,25192.630941007163,99982,81551,81582,26881
385,1555,22532000,Нижегородская область,52,Дивеевский муниципальный округ,муниципальный округ,1,2812,2021,9999,14998.0,371.0,50658.3,2113.0,548.0,0.25934690014197825,0.14088545139351913,26745.767627520356,100148,81703,81699,26888
386,1556,22533000,Нижегородская область,52,Княгининский муниципальный округ,муниципальный округ,1,2947,2023,9999,10775.0,366.7,59292.5,2805.0,762.0,0.2716577540106952,0.26032482598607887,25161.13361079732,100259,81808,81823,26895
387,1557,22534000,Нижегородская область,52,Ковернинский муниципальный округ,муниципальный округ,1,2783,2021,9999,17091.0,350.9,50912.6,3201.0,627.0,0.1958762886597938,0.1872915569598034,23941.681275952375,100476,81965,81966,26903
388,1558,22535000,Нижегородская область,52,Краснобаковский муниципальный округ,муниципальный округ,1,2956,2023,9999,18535.0,347.8,46131.5,3280.0,722.0,0.2201219512195122,0.17696250337199892,24024.729325746986,100602,82079,82088,26909
389,1559,22536000,Нижегородская область,52,Краснооктябрьский муниципальный округ,муниципальный округ,1,2963,2023,9999,8617.0,364.1,41238.2,1241.0,184.0,0.14826752618855762,0.1440176395497273,21066.540067857408,100670,82172,82145,26914
390,1560,22537000,Нижегородская область,52,Кстовский муниципальный округ,муниципальный округ,1,2864,2022,9999,121424.0,381.1,84669.9,26339.0,3353.0,0.12730171988306313,0.21691757807352746,37686.27195962891,100834,82272,82268,26922
391,1561,22539000,Нижегородская область,52,Лукояновский муниципальный округ,муниципальный округ,1,2966,2023,9999,25751.0,366.9,44283.8,4108.0,831.0,0.20228821811100292,0.1595277853287251,23370.06480975763,100933,82423,82405,26927
392,1562,22540000,Нижегородская область,52,Лысковский муниципальный округ,муниципальный округ,1,2784,2021,9999,34099.0,367.7,50198.4,7208.0,1271.0,0.17633185349611544,0.21138449807912255,28520.61249228681,101169,82584,82617,26935
393,1563,22542000,Нижегородская область,52,Павловский муниципальный округ,муниципальный округ,1,2785,2021,9999,91822.0,378.5,80613.9,21129.0,2651.0,0.12546736712575135,0.23010825292413584,32046.491288109013,101384,82831,82810,26945
394,1564,22545000,Нижегородская область,52,Пильнинский муниципальный округ,муниципальный округ,1,2964,2023,9999,18104.0,361.3,49832.0,2916.0,679.0,0.23285322359396435,0.16106937693327442,23353.701502144777,101531,82955,82915,26950
395,1565,22546000,Нижегородская область,52,Починковский муниципальный округ,муниципальный округ,1,2786,2021,9999,25420.0,362.2,51450.7,4499.0,742.0,0.1649255390086686,0.1769866247049567,25851.132899266795,101766,83156,83146,26958
396,1566,22548000,Нижегородская область,52,Сергачский муниципальный округ,муниципальный округ,1,2969,2023,9999,26797.0,364.1,56148.0,5889.0,747.0,0.12684666327050434,0.21976340635145725,25548.15852012465,101890,83288,83285,26965
397,1567,22549000,Нижегородская область,52,Сеченовский муниципальный округ,муниципальный округ,1,2950,2023,9999,13501.0,362.5,52087.9,2327.0,562.0,0.2415126772668672,0.1723576031405081,23037.018555963346,102003,83337,83357,26970
398,1568,22550000,Нижегородская область,52,Сосновский муниципальный округ,муниципальный округ,1,2953,2023,9999,16175.0,375.7,56960.6,3173.0,545.0,0.17176173967853767,0.19616692426584234,23463.27021634456,102099,83430,83443,26974
399,1569,22551000,Нижегородская область,52,Спасский муниципальный округ,муниципальный округ,1,2952,2023,9999,9400.0,362.2,44624.7,1470.0,384.0,0.2612244897959184,0.15638297872340426,20754.544066641796,102204,83565,83550,26979
400,1570,22552000,Нижегородская область,52,Тонкинский муниципальный округ,муниципальный округ,1,2951,2023,9999,7029.0,338.4,43416.7,1184.0,261.0,0.2204391891891892,0.16844501351543606,24589.154089207277,102326,83638,83611,26987
401,1571,22553000,Нижегородская область,52,Тоншаевский муниципальный округ,муниципальный округ,1,2787,2021,9999,14347.0,330.8,43387.0,2908.0,510.0,0.17537826685006877,0.2026904579354569,25460.5858519289,102492,83767,83801,26996
402,1572,22554000,Нижегородская область,52,Уренский муниципальный округ,муниципальный округ,1,2778,2021,9999,27897.0,341.7,49860.5,4481.0,950.0,0.21200624860522205,0.1606265906728322,26223.241798394098,102700,83942,83930,27004
403,1573,22556000,Нижегородская область,52,Шарангский муниципальный округ,муниципальный округ,1,2954,2023,9999,11304.0,337.0,44175.6,1672.0,572.0,0.34210526315789475,0.14791224345364473,24285.95103516904,102773,84048,84050,27009
404,1574,22557000,Нижегородская область,52,Шатковский муниципальный округ,муниципальный округ,1,2948,2023,9999,22629.0,369.3,48417.6,3596.0,732.0,0.203559510567297,0.15891113173361615,22183.655862465854,102898,84144,84134,27017
405,1575,49701000,Новгородская область,53,городской округ Великий Новгород,городской округ,2,1576,2018,9999,222340.0,358.7,75444.3,62183.0,7689.0,0.12365115867680877,0.2796752721057839,38365.85013730411,249558,203582,203601,51699
406,1577,49606000,Новгородская область,53,Боровичский муниципальный район,муниципальный район,1,1578,2018,9999,60283.0,333.2,59524.5,14261.0,1576.0,0.11051118434892364,0.23656752318232338,31114.377170505966,246900,201617,201655,51021
407,1578,49608000,Новгородская область,53,Валдайский муниципальный район,муниципальный район,1,1579,2018,9999,21712.0,339.1,59422.2,5513.0,575.0,0.1042989298022855,0.25391488577745025,30174.780725183457,247091,201855,201858,51097
408,1579,49510000,Новгородская область,53,муниципальный округ Волотовский,муниципальный округ,1,2747,2021,9999,4071.0,312.2,47694.2,437.0,73.0,0.16704805491990846,0.10734463276836158,23220.834090593955,245886,200948,200955,50954
409,1580,49512000,Новгородская область,53,муниципальный округ Демянский,муниципальный округ,1,3039,2024,9999,9515.0,324.7,47131.2,1295.0,264.0,0.20386100386100386,0.13610089332632685,23835.18025480982,245932,200962,200961,50957
410,1581,49514000,Новгородская область,53,муниципальный округ Крестецкий,муниципальный округ,1,3042,2024,9999,11189.0,333.4,70229.5,2401.0,330.0,0.1374427321949188,0.21458575386540352,26887.698309080068,245948,201005,201002,50959
411,1582,49616000,Новгородская область,53,Любытинский муниципальный район,муниципальный район,1,1583,2018,9999,7088.0,326.1,56204.7,1356.0,143.0,0.10545722713864307,0.19130925507900678,27033.87776414195,247504,202130,202138,51228
412,1583,49620000,Новгородская область,53,Маловишерский муниципальный район,муниципальный район,1,1584,2018,9999,13111.0,322.8,59223.2,2138.0,318.0,0.14873713751169318,0.1630691785523606,27808.37871454706,247691,202245,202265,51257
413,1584,49523000,Новгородская область,53,муниципальный округ Марёвский,муниципальный округ,1,2746,2021,9999,3202.0,322.3,43342.5,506.0,71.0,0.14031620553359683,0.1580262336039975,22134.922790895293,246107,201103,201102,50966
414,1585,49524000,Новгородская область,53,муниципальный округ Мошенской,муниципальный округ,1,3041,2024,9999,5580.0,327.7,42513.7,701.0,133.0,0.18972895863052783,0.12562724014336918,23783.448729496406,246118,201109,201117,50968
415,1586,49625000,Новгородская область,53,Новгородский муниципальный район,муниципальный район,3,1587,2018,9999,64120.0,442.3,66606.7,9243.0,1079.0,0.11673699015471167,0.1441515907673113,36620.317646053016,247983,202420,202464,51315
416,1587,49628000,Новгородская область,53,Окуловский муниципальный район,муниципальный район,1,1588,2018,9999,18071.0,335.3,63637.5,4226.0,544.0,0.12872692853762424,0.23385534834818217,27983.36901533657,248212,202602,202600,51388
417,1588,49630000,Новгородская область,53,Парфинский муниципальный район,муниципальный район,1,1589,2018,9999,11516.0,318.5,46930.1,1961.0,250.0,0.12748597654258031,0.1702848211184439,23864.94142973052,248365,202722,202716,51447
418,1589,49532000,Новгородская область,53,муниципальный округ Пестовский,муниципальный округ,1,3040,2024,9999,18158.0,336.5,52642.3,2399.0,458.0,0.1909128803668195,0.13211807467782796,29041.176266258633,246169,201161,201138,50972
419,1590,49634000,Новгородская область,53,Поддорский муниципальный район,муниципальный район,1,1591,2018,9999,3220.0,313.6,43933.7,489.0,61.0,0.12474437627811862,0.15186335403726708,23475.860236195054,248684,202886,202876,51514
420,1591,49538000,Новгородская область,53,муниципальный округ Солецкий,муниципальный округ,1,2748,2021,9999,10758.0,313.8,45516.0,1646.0,226.0,0.13730255164034022,0.15300241680609777,24857.76404213075,246339,201270,201248,50979
421,1592,49639000,Новгородская область,53,Старорусский муниципальный район,муниципальный район,1,1593,2018,9999,37508.0,316.6,53512.4,7326.0,1034.0,0.14114114114114115,0.1953183320891543,27078.437790132815,248842,203053,203011,51540
422,1593,49545000,Новгородская область,53,муниципальный округ Хвойнинский,муниципальный округ,1,2745,2021,9999,13129.0,322.1,58128.9,2642.0,292.0,0.1105223315669947,0.2012339096656257,28182.472759204044,246501,201386,201391,50988
423,1595,49650000,Новгородская область,53,Чудовский муниципальный район,муниципальный район,1,1596,2018,9999,18345.0,330.1,69403.2,3494.0,448.0,0.12821980538065256,0.1904606159716544,29776.326536688866,249234,203266,203265,51632
424,1596,49655000,Новгородская область,53,Шимский муниципальный район,муниципальный район,1,1597,2018,9999,9113.0,318.8,55998.5,1382.0,194.0,0.14037626628075253,0.15165148688686492,24061.83429136615,249401,203387,203389,51667
425,16,84635000,Республика Алтай,4,Усть-Канский муниципальный район,муниципальный район,1,17,2018,9999,14207.0,204.7,45304.0,2099.0,1068.0,0.5088137208194379,0.1477440698247343,22789.80715750024,415854,333555,333552,88699
426,1632,52701000,Омская область,55,городской округ город Омск,городской округ,1,1633,2018,9999,1104485.0,242.0,77427.2,276216.0,38291.0,0.13862701653778203,0.2500857865883194,34960.377775301284,261760,213764,213711,57625
427,1633,52601000,Омская область,55,Азовский немецкий национальный муниципальный район,муниципальный район,1,1634,2018,9999,25339.0,250.8,50337.3,2969.0,730.0,0.24587403166049174,0.11717115908283673,21721.60794862015,255360,208351,208369,54987
428,1634,52603000,Омская область,55,Большереченский муниципальный район,муниципальный район,1,1635,2018,9999,21499.0,238.5,45128.4,3402.0,824.0,0.24221046443268665,0.15823991813572724,21374.31162546514,255563,208517,208542,55043
429,1635,52606000,Омская область,55,Большеуковский муниципальный район,муниципальный район,1,1636,2018,9999,5838.0,240.1,44267.3,1173.0,301.0,0.2566069906223359,0.20092497430626927,20209.325087337962,255766,208688,208681,55128
430,1636,52609000,Омская область,55,Горьковский муниципальный район,муниципальный район,1,1637,2018,9999,18069.0,244.6,43825.7,2108.0,588.0,0.27893738140417457,0.11666389949637501,19423.26509486498,255964,208803,208798,55184
431,1637,52612000,Омская область,55,Знаменский муниципальный район,муниципальный район,1,1638,2018,9999,9777.0,237.1,42358.2,1908.0,554.0,0.29035639412997905,0.19515188708192696,22543.650323077367,256124,208935,208959,55267
432,1638,52615000,Омская область,55,Исилькульский муниципальный район,муниципальный район,1,1639,2018,9999,35262.0,249.1,46016.7,6331.0,1375.0,0.2171852787869215,0.17954171629516194,22807.111234719196,256322,209127,209157,55323
433,1639,52618000,Омская область,55,Калачинский муниципальный район,муниципальный район,1,1640,2018,9999,35486.0,246.8,52071.7,6131.0,1348.0,0.2198662534659925,0.1727723609310714,22752.64720931372,256534,209385,209351,55397
434,1640,52621000,Омская область,55,Колосовский муниципальный район,муниципальный район,1,1641,2018,9999,8763.0,242.0,43047.7,1632.0,457.0,0.2800245098039216,0.1862375898664841,20987.70699540508,256740,209532,209537,55482
435,1641,52623000,Омская область,55,Кормиловский муниципальный район,муниципальный район,1,1642,2018,9999,23179.0,251.5,53569.9,3532.0,699.0,0.19790486976217442,0.15237930885715517,21805.040579428703,256961,209701,209718,55556
436,1642,52626000,Омская область,55,Крутинский муниципальный район,муниципальный район,1,1643,2018,9999,12735.0,253.1,46049.3,2173.0,473.0,0.21767142199723885,0.1706321162151551,20896.72668024897,257175,209854,209880,55632
437,1643,52629000,Омская область,55,Любинский муниципальный район,муниципальный район,1,1644,2018,9999,38168.0,251.5,50588.3,5134.0,1089.0,0.21211530970003895,0.13451058478306435,21697.684091747808,257362,210074,210059,55705
438,1644,52630000,Омская область,55,Марьяновский муниципальный район,муниципальный район,1,1645,2018,9999,25313.0,251.7,50511.5,3451.0,732.0,0.2121124311793683,0.13633310946944258,22017.36238704021,257585,210218,210203,55830
439,1645,52632000,Омская область,55,Москаленский муниципальный район,муниципальный район,1,1646,2018,9999,26392.0,249.1,48378.3,3734.0,976.0,0.2613818960899839,0.14148226735374356,22059.92400522485,257797,210441,210425,55898
440,1646,52634000,Омская область,55,Муромцевский муниципальный район,муниципальный район,1,1647,2018,9999,16992.0,234.2,42808.4,2943.0,950.0,0.32279986408426775,0.1731991525423729,21034.193930751648,257965,210596,210611,55990
441,1647,52636000,Омская область,55,Называевский муниципальный район,муниципальный район,1,1648,2018,9999,17786.0,251.9,46477.2,2742.0,744.0,0.2713347921225383,0.15416619813336332,20458.900942627723,258196,210754,210764,56090
442,1648,52639000,Омская область,55,Нижнеомский муниципальный район,муниципальный район,1,1649,2018,9999,12230.0,243.4,43901.7,1809.0,552.0,0.30514096185737977,0.14791496320523304,18994.19172441764,258334,210904,210875,56193
443,1649,52641000,Омская область,55,Нововаршавский муниципальный район,муниципальный район,1,1650,2018,9999,20369.0,236.4,50341.4,3093.0,760.0,0.24571613320400906,0.15184839707398498,21407.552700200533,258539,211090,211060,56269
444,1650,52642000,Омская область,55,Одесский муниципальный район,муниципальный район,1,1651,2018,9999,15856.0,242.7,47241.1,2327.0,622.0,0.26729694886119465,0.14675832492431887,20012.841001828387,258749,211247,211214,56343
445,1651,52643000,Омская область,55,Оконешниковский муниципальный район,муниципальный район,1,1652,2018,9999,11776.0,242.7,45186.1,1525.0,426.0,0.27934426229508197,0.12950067934782608,20174.320180810668,258937,211360,211378,56406
446,1652,52644000,Омская область,55,Омский муниципальный район,муниципальный район,1,1653,2018,9999,100576.0,260.0,55625.4,16279.0,2990.0,0.18367221573806744,0.1618576996500159,26356.446417559942,259169,211569,211595,56472
447,1653,52646000,Омская область,55,Павлоградский муниципальный район,муниципальный район,1,1654,2018,9999,17473.0,242.5,48039.5,3032.0,602.0,0.19854881266490765,0.1735248669375608,21162.99728857995,259403,211751,211757,56624
448,1654,52648000,Омская область,55,Полтавский муниципальный район,муниципальный район,1,1655,2018,9999,18147.0,245.8,47737.2,3102.0,775.0,0.2498388136686009,0.17093734501570507,22025.981613150503,259605,211927,211924,56695
449,1655,52650000,Омская область,55,Русско-Полянский муниципальный район,муниципальный район,1,1656,2018,9999,15619.0,236.1,44913.0,2624.0,691.0,0.26333841463414637,0.16800051219668352,21689.943886208417,259796,212101,212076,56761
450,1656,52651000,Омская область,55,Саргатский муниципальный район,муниципальный район,1,1657,2018,9999,15815.0,247.5,44770.5,2135.0,695.0,0.3255269320843091,0.13499841922225736,20899.254084437423,259999,212262,212285,56837
451,1657,52652000,Омская область,55,Седельниковский муниципальный район,муниципальный район,1,1658,2018,9999,8137.0,235.7,43667.2,1494.0,474.0,0.3172690763052209,0.18360575150546884,20365.865417828503,260167,212416,212429,56901
452,1658,52653000,Омская область,55,Таврический муниципальный район,муниципальный район,1,1659,2018,9999,33312.0,247.9,47839.0,4422.0,1052.0,0.23790140208050656,0.1327449567723343,21809.40395916405,260353,212591,212597,56977
453,1659,52654000,Омская область,55,Тарский муниципальный район,муниципальный район,1,1660,2018,9999,39838.0,237.3,49200.2,6865.0,1612.0,0.23481427530954116,0.1723229077764948,25424.34517022859,260588,212771,212758,57055
454,1660,52655000,Омская область,55,Тевризский муниципальный район,муниципальный район,1,1661,2018,9999,11958.0,240.9,45468.8,1929.0,595.0,0.3084499740798341,0.16131460110386353,22848.989680006278,260771,212897,212887,57192
455,1661,52656000,Омская область,55,Тюкалинский муниципальный район,муниципальный район,1,1662,2018,9999,19114.0,252.2,46387.1,3023.0,836.0,0.2765464770095931,0.15815632520665482,20328.9061841771,260954,213043,213065,57288
456,1662,52657000,Омская область,55,Усть-Ишимский муниципальный район,муниципальный район,1,1663,2018,9999,9157.0,244.2,44483.8,1570.0,495.0,0.31528662420382164,0.1714535328164246,22736.509612235343,261145,213207,213217,57396
457,1663,52658000,Омская область,55,Черлакский муниципальный район,муниципальный район,1,1664,2018,9999,24866.0,238.5,44547.8,3030.0,927.0,0.30594059405940593,0.12185313279176385,22255.273951279727,261359,213342,213353,57482
458,1664,52659000,Омская область,55,Шербакульский муниципальный район,муниципальный район,1,1665,2018,9999,18767.0,246.0,45717.9,2730.0,770.0,0.28205128205128205,0.14546810891458412,21126.87008249593,261560,213500,213547,57557
459,1665,53701000,Оренбургская область,56,городской округ город Оренбург,городской округ,2,1666,2018,9999,550344.0,345.2,77401.4,151564.0,19930.0,0.1314956058166847,0.275398659747358,33494.95069919715,267315,217769,217753,60476
460,1666,53704000,Оренбургская область,56,городской округ Абдулинский,городской округ,1,1667,2018,9999,23381.0,326.1,63306.4,3914.0,644.0,0.16453755748594787,0.16740088105726872,21523.320138377516,267496,217942,217947,60509
461,1667,53708000,Оренбургская область,56,городской округ город Бугуруслан,городской округ,2,1668,2018,9999,42519.0,342.9,59751.9,8463.0,1921.0,0.22698806569774313,0.1990404289846892,29573.12020553723,267729,218092,218121,60518
462,1668,53712000,Оренбургская область,56,городской округ город Бузулук,городской округ,2,1669,2018,9999,88339.0,341.7,79778.4,27855.0,2515.0,0.09028899658948124,0.3153193946048744,32364.7631421788,267935,218376,218338,60523
463,1669,53713000,Оренбургская область,56,городской округ Гайский,городской округ,1,1670,2018,9999,39040.0,280.8,83424.5,12961.0,1215.0,0.09374276676182393,0.3319928278688525,24446.56915598497,268223,218525,218528,60533
464,167,83701000,Кабардино-Балкарская Республика,7,городской округ Нальчик,городской округ,1,168,2018,9999,271464.0,298.0,54194.3,54653.0,9778.0,0.17891058130386256,0.2013268794388943,27395.69177322029,414765,332536,332523,88384
465,1670,53714000,Оренбургская область,56,городской округ Кувандыкский,городской округ,1,1671,2018,9999,40357.0,286.4,51752.6,4757.0,937.0,0.19697288206853059,0.11787298362118095,22969.145193847446,268410,218725,218683,60541
466,1671,53715000,Оренбургская область,56,городской округ город Медногорск,городской округ,1,1672,2018,9999,24149.0,285.7,64872.6,4539.0,603.0,0.13284864507600794,0.18795809350283654,23684.973737191438,268588,218839,218834,60550
467,1672,53720000,Оренбургская область,56,городской округ город Новотроицк,городской округ,1,1673,2018,9999,79410.0,280.8,74255.2,24044.0,2309.0,0.09603227416403261,0.3027830248079587,29634.17263712933,268816,219086,219089,60559
468,1673,53723000,Оренбургская область,56,городской округ город Орск,городской округ,1,1674,2018,9999,190318.0,278.6,74043.2,40175.0,6071.0,0.15111387678904792,0.21109406361983626,31512.17914276403,269036,219277,219286,60569
469,1674,53725000,Оренбургская область,56,городской округ Соль-Илецкий,городской округ,1,1675,2018,9999,45181.0,291.6,50777.4,8262.0,1709.0,0.20685064149116436,0.18286447843119896,23584.896827216042,269291,219492,219476,60594
470,1675,53727000,Оренбургская область,56,городской округ Сорочинский,городской округ,1,1676,2018,9999,39845.0,313.8,48696.2,5357.0,1158.0,0.21616576442038454,0.1344459781653909,25262.118222919813,269466,219659,219633,60604
471,1676,53732000,Оренбургская область,56,городской округ Ясненский,городской округ,1,1677,2018,9999,17793.0,268.7,64263.7,4327.0,602.0,0.13912641553039057,0.24318552239644803,23858.980332964853,269688,219805,219793,60612
472,1678,53604000,Оренбургская область,56,Адамовский муниципальный район,муниципальный район,1,1679,2018,9999,18976.0,270.6,43601.6,2291.0,737.0,0.32169358358795286,0.1207314502529511,20417.448810080718,261996,213944,213909,57631
473,1679,53605000,Оренбургская область,56,Акбулакский муниципальный район,муниципальный район,1,1680,2018,9999,19016.0,285.5,41483.2,2510.0,823.0,0.32788844621513946,0.13199411022297014,19538.044175674688,262159,214046,214057,57702
474,168,83703000,Кабардино-Балкарская Республика,7,городской округ Баксан,городской округ,2,169,2018,9999,61043.0,337.9,41355.4,4356.0,1521.0,0.34917355371900827,0.07135953344363809,20874.571576263344,414915,332653,332646,88393
475,1680,53606000,Оренбургская область,56,Александровский муниципальный район,муниципальный район,1,1681,2018,9999,12753.0,310.5,53187.5,1700.0,479.0,0.2817647058823529,0.1333019681643535,19498.837377488853,262345,214180,214204,57804
476,1681,53607000,Оренбургская область,56,Асекеевский муниципальный район,муниципальный район,1,1682,2018,9999,15753.0,327.3,50076.5,1575.0,532.0,0.3377777777777778,0.09998095600837936,20936.587071645743,262520,214292,214306,57894
477,1682,53610000,Оренбургская область,56,Беляевский муниципальный район,муниципальный район,1,1683,2018,9999,13156.0,290.4,50165.4,1603.0,462.0,0.28820960698689957,0.12184554575858923,18627.01797200346,262679,214415,214449,58021
478,1683,53611000,Оренбургская область,56,Бугурусланский муниципальный район,муниципальный район,3,1684,2018,9999,16252.0,358.9,53931.6,1197.0,503.0,0.4202172096908939,0.07365247354171794,25272.39040488346,262839,214506,214504,58092
479,1685,53615000,Оренбургская область,56,Грачёвский муниципальный район,муниципальный район,1,1686,2018,9999,10558.0,318.8,53369.0,1541.0,413.0,0.2680077871512005,0.14595567342299678,20878.408489512174,263172,214718,214734,58356
480,1686,53617000,Оренбургская область,56,Домбаровский муниципальный район,муниципальный район,1,1687,2018,9999,11105.0,267.5,54897.1,1809.0,569.0,0.31453841901603097,0.16289959477712743,20506.405571189993,263378,214875,214851,58434
481,1687,53619000,Оренбургская область,56,Илекский муниципальный район,муниципальный район,1,1688,2018,9999,25229.0,299.6,47564.7,2393.0,756.0,0.31592143752611784,0.09485116334377106,20017.15047369344,263534,214979,215020,58475
482,1688,53622000,Оренбургская область,56,Кваркенский муниципальный район,муниципальный район,1,1689,2018,9999,14438.0,270.6,53385.3,1662.0,573.0,0.3447653429602888,0.11511289652306414,20948.362738849,263702,215108,215102,58570
483,1689,53623000,Оренбургская область,56,Красногвардейский муниципальный район,муниципальный район,1,1690,2018,9999,16960.0,313.8,45739.4,1405.0,722.0,0.5138790035587188,0.08284198113207547,21654.25346630456,263881,215215,215210,58631
484,169,83710000,Кабардино-Балкарская Республика,7,городской округ Прохладный,городской округ,2,170,2018,9999,60023.0,346.2,44481.9,6080.0,1202.0,0.19769736842105262,0.10129450377355347,23143.878883144833,415097,332785,332827,88399
485,1690,53625000,Оренбургская область,56,Курманаевский муниципальный район,муниципальный район,1,1691,2018,9999,14152.0,317.4,51089.2,1450.0,440.0,0.30344827586206896,0.10245901639344263,20213.719064838195,264067,215301,215292,58727
486,1691,53627000,Оренбургская область,56,Матвеевский муниципальный район,муниципальный район,1,1692,2018,9999,8826.0,323.5,50219.0,1177.0,385.0,0.32710280373831774,0.1333559936551099,19250.873605639405,264208,215395,215396,58822
487,1692,53630000,Оренбургская область,56,Новоорский муниципальный район,муниципальный район,1,1693,2018,9999,23447.0,276.3,65573.1,3293.0,907.0,0.2754327361068934,0.14044440653388493,20593.158027695303,264365,215560,215561,58912
488,1693,53631000,Оренбургская область,56,Новосергиевский муниципальный район,муниципальный район,1,1694,2018,9999,28827.0,309.3,55143.1,5086.0,1137.0,0.2235548564687377,0.1764318173934159,21841.151992247942,264584,215737,215758,58973
489,1694,53633000,Оренбургская область,56,Октябрьский муниципальный район,муниципальный район,1,1695,2018,9999,17079.0,305.5,53243.7,2988.0,656.0,0.21954484605087016,0.17495169506411382,19614.139983937133,264794,215892,215897,59093
490,1696,53636000,Оренбургская область,56,Первомайский муниципальный район,муниципальный район,1,1697,2018,9999,20575.0,308.4,53986.9,2534.0,809.0,0.31925808997632205,0.1231591737545565,20706.848975929388,265209,216221,216258,59375
491,1697,53637000,Оренбургская область,56,Переволоцкий муниципальный район,муниципальный район,1,1698,2018,9999,20288.0,305.3,54376.2,2822.0,794.0,0.2813607370659107,0.13909700315457413,20020.186969384056,265406,216438,216390,59470
492,1698,53638000,Оренбургская область,56,Пономарёвский муниципальный район,муниципальный район,1,1699,2018,9999,12885.0,320.9,43159.2,1164.0,455.0,0.390893470790378,0.09033760186263097,21005.32760858043,265580,216522,216531,59578
493,1699,53640000,Оренбургская область,56,Сакмарский муниципальный район,муниципальный район,1,1700,2018,9999,29252.0,304.6,54767.9,3378.0,823.0,0.24363528715216104,0.11547928346779707,18233.864712513045,265745,216671,216659,59675
494,17,84640000,Республика Алтай,4,Усть-Коксинский муниципальный район,муниципальный район,1,18,2018,9999,15634.0,198.8,47699.6,2492.0,977.0,0.3920545746388443,0.1593961877958296,26685.453181203666,415970,333644,333645,88772
495,1700,53641000,Оренбургская область,56,Саракташский муниципальный район,муниципальный район,1,1701,2018,9999,39786.0,295.2,51540.8,3772.0,1318.0,0.3494167550371156,0.09480721861961494,20841.710491831505,265994,216815,216800,59771
496,1701,53642000,Оренбургская область,56,Светлинский муниципальный район,муниципальный район,1,1702,2018,9999,9689.0,260.2,45985.6,1083.0,437.0,0.40350877192982454,0.11177624109815254,23780.60572133785,266158,216910,216906,59890
497,1702,53643000,Оренбургская область,56,Северный муниципальный район,муниципальный район,1,1703,2018,9999,10754.0,337.2,60306.4,1877.0,400.0,0.21310602024507191,0.174539706155849,19425.298231451015,266363,217008,217009,59950
498,1703,53651000,Оренбургская область,56,Ташлинский муниципальный район,муниципальный район,1,1704,2018,9999,19856.0,304.1,57467.1,3712.0,772.0,0.20797413793103448,0.18694601128122482,19938.620389707045,266538,217171,217214,60047
499,1704,53652000,Оренбургская область,56,Тоцкий муниципальный район,муниципальный район,1,1705,2018,9999,30816.0,316.2,46971.3,2977.0,816.0,0.27410144440712125,0.09660565939771547,29852.254112952964,266726,217346,217359,60160
500,1705,53653000,Оренбургская область,56,Тюльганский муниципальный район,муниципальный район,1,1706,2018,9999,17089.0,300.8,42087.2,1963.0,907.0,0.46204788588894546,0.11486921411434256,19565.190080786357,266910,217452,217474,60275
501,1706,53656000,Оренбургская область,56,Шарлыкский муниципальный район,муниципальный район,1,1707,2018,9999,14855.0,314.5,46125.0,1682.0,499.0,0.2966706302021403,0.113227869404241,19300.987370991144,267084,217544,217535,60364
502,1707,54701000,Орловская область,57,городской округ город Орёл,городской округ,2,1708,2018,9999,292406.0,408.0,61277.0,79741.0,14347.0,0.17991999097076786,0.2727064424122624,33157.27863528284,273125,222713,222689,60815
503,1708,54705000,Орловская область,57,городской округ город Ливны,городской округ,2,1709,2018,9999,42694.0,379.0,51959.9,12478.0,1486.0,0.1190895976919378,0.29226589216283316,26298.484553766604,273338,222891,222908,60820
504,1709,54710000,Орловская область,57,городской округ город Мценск,городской округ,2,1710,2018,9999,35554.0,381.1,53229.6,10259.0,1500.0,0.14621308119699775,0.2885469989312032,29078.04863774025,273488,223076,223064,60826
505,1710,54604000,Орловская область,57,Болховский муниципальный район,муниципальный район,1,1711,2018,9999,14977.0,364.3,45166.3,2729.0,778.0,0.285086112128985,0.1822127261801429,21779.545835713863,270052,220118,220121,60631
506,1711,54608000,Орловская область,57,Верховский муниципальный район,муниципальный район,1,1712,2018,9999,14493.0,361.7,52594.0,2349.0,517.0,0.22009365687526608,0.1620782446698406,23330.1761383414,270239,220265,220283,60641
507,1712,54610000,Орловская область,57,Глазуновский муниципальный район,муниципальный район,1,1713,2018,9999,10168.0,354.0,49502.0,1578.0,394.0,0.24968314321926488,0.1551927616050354,20025.860344924455,270368,220387,220385,60648
508,1714,54615000,Орловская область,57,Должанский муниципальный район,муниципальный район,1,1715,2018,9999,8587.0,348.5,50892.8,1793.0,351.0,0.19576129392080313,0.20880400605566554,20883.69222758291,270625,220629,220617,60666
509,1715,54618000,Орловская область,57,Залегощенский муниципальный район,муниципальный район,1,1716,2018,9999,11724.0,361.0,48806.0,2055.0,463.0,0.22530413625304135,0.17528147389969292,20590.318679044212,270763,220742,220736,60677
510,1717,54623000,Орловская область,57,Колпнянский муниципальный район,муниципальный район,1,1718,2018,9999,12286.0,350.9,69003.6,1782.0,312.0,0.1750841750841751,0.14504313853166206,21963.747178708214,270995,220891,220893,60691
511,1718,54624000,Орловская область,57,Краснозоренский муниципальный район,муниципальный район,1,1719,2018,9999,5084.0,362.0,50320.2,1174.0,245.0,0.20868824531516184,0.23092053501180174,22301.841214816846,271101,220986,220984,60698
512,1719,54625000,Орловская область,57,Кромской муниципальный район,муниципальный район,1,1720,2018,9999,20537.0,354.9,54417.4,4760.0,682.0,0.14327731092436974,0.23177679310512733,26529.564640357345,271233,221131,221132,60707
513,1722,54632000,Орловская область,57,Малоархангельский муниципальный район,муниципальный район,1,1723,2018,9999,9312.0,352.5,46776.8,1574.0,337.0,0.21410419313850063,0.16902920962199314,22287.4168214279,271591,221385,221402,60728
514,1724,54639000,Орловская область,57,Новодеревеньковский муниципальный район,муниципальный район,1,1725,2018,9999,9028.0,361.7,51968.3,1670.0,299.0,0.17904191616766468,0.18498006202924236,22005.00459261956,271860,221639,221633,60743
515,1725,54643000,Орловская область,57,Новосильский муниципальный район,муниципальный район,1,1726,2018,9999,6534.0,362.7,50855.7,1097.0,231.0,0.2105742935278031,0.16789103152739515,21763.334859773837,271993,221717,221735,60750
516,1726,54501000,Орловская область,57,муниципальный округ Орловский,муниципальный округ,3,2820,2022,9999,69588.0,566.7,65790.7,13474.0,2070.0,0.15362921181534808,0.19362533770190263,34327.537560404075,269869,220000,219951,60622
517,1727,54650000,Орловская область,57,Покровский муниципальный район,муниципальный район,1,1728,2018,9999,11873.0,356.6,53224.9,2217.0,408.0,0.18403247631935046,0.1867261854628148,21299.042282662438,272135,221851,221836,60761
518,1728,54652000,Орловская область,57,Свердловский муниципальный район,муниципальный район,1,1729,2018,9999,13337.0,357.7,49255.1,2529.0,467.0,0.18465796757611705,0.1896228537152283,20115.07950071092,272253,221979,221962,60770
519,173,83620000,Кабардино-Балкарская Республика,7,Майский муниципальный район,муниципальный район,1,174,2018,9999,37609.0,301.5,43597.7,2967.0,897.0,0.3023255813953488,0.07889069105799144,20114.69710442865,413596,331719,331729,88327
520,1730,54654000,Орловская область,57,Троснянский муниципальный район,муниципальный район,1,1731,2018,9999,7678.0,351.6,54617.8,1309.0,345.0,0.2635599694423224,0.17048710601719197,21238.381059913278,272502,222149,222140,60781
521,1731,54655000,Орловская область,57,Урицкий муниципальный район,муниципальный район,1,1732,2018,9999,17284.0,356.3,43893.7,2904.0,511.0,0.17596418732782368,0.16801666280953484,19804.398655997342,272681,222300,222318,60790
522,1732,54657000,Орловская область,57,Хотынецкий муниципальный район,муниципальный район,1,1733,2018,9999,7819.0,351.8,53718.3,1438.0,323.0,0.22461752433936022,0.1839109860595984,21264.531235664013,272818,222419,222416,60798
523,1733,54659000,Орловская область,57,Шаблыкинский муниципальный район,муниципальный район,1,1734,2018,9999,5835.0,345.5,60459.7,1444.0,198.0,0.1371191135734072,0.24747215081405313,20001.273063093988,272912,222500,222491,60809
524,1737,56603000,Пензенская область,58,Башмаковский муниципальный район,муниципальный район,1,1738,2018,9999,19102.0,358.0,60294.0,2761.0,464.0,0.1680550525172039,0.14453983876033924,21923.612639005467,273717,223175,223173,60836
525,1738,56609000,Пензенская область,58,Бековский муниципальный район,муниципальный район,1,1739,2018,9999,13474.0,354.0,48089.9,2628.0,315.0,0.11986301369863013,0.1950423036960071,22869.24355243091,274019,223361,223376,60853
526,1739,56612000,Пензенская область,58,Белинский муниципальный район,муниципальный район,1,1740,2018,9999,23699.0,359.4,46192.3,3278.0,621.0,0.18944478340451495,0.13831807249251024,20086.185516231664,274208,223505,223512,60862
527,174,83625000,Кабардино-Балкарская Республика,7,Прохладненский муниципальный район,муниципальный район,3,175,2018,9999,50159.0,354.9,37157.1,2560.0,1248.0,0.4875,0.05103770011363863,22988.584965675225,413704,331800,331815,88333
528,1740,56613000,Пензенская область,58,Бессоновский муниципальный район,муниципальный район,1,1741,2018,9999,44901.0,365.5,62408.5,6586.0,882.0,0.1339204372912238,0.14667824770049664,24925.370596478097,274407,223651,223663,60868
529,1741,56615000,Пензенская область,58,Вадинский муниципальный район,муниципальный район,1,1742,2018,9999,7153.0,362.7,47719.8,704.0,164.0,0.23295454545454544,0.0984202432545785,21125.605320598963,274564,223763,223754,60874
530,1742,56618000,Пензенская область,58,Городищенский муниципальный район,муниципальный район,1,1743,2018,9999,45419.0,358.0,47836.2,3405.0,773.0,0.22701908957415565,0.07496862546511372,19279.363591980222,274703,223881,223858,60882
531,1743,56623000,Пензенская область,58,Земетчинский муниципальный район,муниципальный район,1,1744,2018,9999,18592.0,358.9,51322.9,2380.0,371.0,0.15588235294117647,0.1280120481927711,20971.787619178118,274866,224003,224001,60892
532,1744,56626000,Пензенская область,58,Иссинский муниципальный район,муниципальный район,1,1745,2018,9999,8268.0,362.2,48212.4,1032.0,185.0,0.17926356589147288,0.12481857764876633,20342.61896184164,275018,224084,224070,60900
533,1745,56629000,Пензенская область,58,Каменский муниципальный район,муниципальный район,1,1746,2018,9999,48394.0,361.0,55626.9,6306.0,1066.0,0.1690453536314621,0.13030540976154067,23062.32066349177,275214,224246,224239,60911
534,1746,56631000,Пензенская область,58,Камешкирский муниципальный район,муниципальный район,1,1747,2018,9999,9895.0,351.6,42526.4,946.0,282.0,0.29809725158562367,0.09560384032339565,18736.062086777492,275369,224348,224335,60916
535,1747,56633000,Пензенская область,58,Колышлейский муниципальный район,муниципальный район,1,1748,2018,9999,20513.0,356.6,48162.6,2514.0,478.0,0.19013524264120923,0.12255642763125822,20560.078879069824,275536,224439,224466,60925
536,1749,56642000,Пензенская область,58,Лопатинский муниципальный район,муниципальный район,1,1750,2018,9999,11327.0,350.4,47132.3,1024.0,198.0,0.193359375,0.09040346075748212,17584.355502791313,275844,224637,224644,60940
537,1750,56643000,Пензенская область,58,Лунинский муниципальный район,муниципальный район,1,1751,2018,9999,15623.0,358.2,45966.3,1588.0,319.0,0.2008816120906801,0.10164501056135185,19526.553507216424,276001,224734,224740,60949
538,1751,56644000,Пензенская область,58,Малосердобинский муниципальный район,муниципальный район,1,1752,2018,9999,7959.0,352.1,40943.8,662.0,192.0,0.29003021148036257,0.08317627842693806,19541.30549306272,276129,224819,224808,60956
539,1752,56645000,Пензенская область,58,Мокшанский муниципальный район,муниципальный район,1,1753,2018,9999,23532.0,365.1,50058.6,2963.0,552.0,0.186297671279109,0.12591364949855516,20329.3652476668,276277,224934,224929,60964
540,1753,56647000,Пензенская область,58,Наровчатский муниципальный район,муниципальный район,1,1754,2018,9999,9756.0,364.3,48008.3,1044.0,212.0,0.20306513409961685,0.1070110701107011,20500.002224678527,276422,225024,225030,60970
541,1754,56649000,Пензенская область,58,Неверкинский муниципальный район,муниципальный район,1,1755,2018,9999,13081.0,347.6,39738.6,1025.0,388.0,0.37853658536585366,0.07835792370613867,17313.857395927094,276551,225076,225075,60976
542,1755,56651000,Пензенская область,58,Нижнеломовский муниципальный район,муниципальный район,1,1756,2018,9999,35595.0,363.9,65412.3,12796.0,834.0,0.06517661769302907,0.35948869223205504,22797.969407590503,276714,225224,225256,60985
543,1756,56653000,Пензенская область,58,Никольский муниципальный район,муниципальный район,1,1757,2018,9999,27530.0,352.1,51354.5,3310.0,479.0,0.1447129909365559,0.12023247366509263,19836.099436582506,276950,225421,225398,60993
544,1757,56654000,Пензенская область,58,Пачелмский муниципальный район,муниципальный район,1,1758,2018,9999,12972.0,359.6,47733.8,1055.0,296.0,0.28056872037914693,0.08132901634289239,19547.642715019,277110,225516,225540,61003
545,1758,56655000,Пензенская область,58,Пензенский муниципальный район,муниципальный район,1,1759,2018,9999,66409.0,356.8,58702.9,7688.0,1803.0,0.2345213319458897,0.11576744116008372,32229.970954195873,277301,225675,225688,61011
546,1759,56656000,Пензенская область,58,Сердобский муниципальный район,муниципальный район,1,1760,2018,9999,44283.0,352.8,47333.5,7037.0,951.0,0.1351428165411397,0.15890973962920307,22932.890696700983,277518,225821,225859,61022
547,176,83635000,Кабардино-Балкарская Республика,7,Терский муниципальный район,муниципальный район,1,177,2018,9999,53393.0,299.2,41697.3,4075.0,1609.0,0.3948466257668712,0.07632086603112767,19023.27196178004,413987,332002,332004,88349
548,1760,56657000,Пензенская область,58,Сосновоборский муниципальный район,муниципальный район,1,1761,2018,9999,13512.0,350.4,38565.0,1044.0,323.0,0.30938697318007663,0.07726465364120781,22300.00882714952,277637,225949,225941,61030
549,1761,56606000,Пензенская область,58,Спасский муниципальный район,муниципальный район,1,1762,2018,9999,10833.0,365.8,50927.0,1151.0,348.0,0.3023457862728063,0.10624942305917105,22494.34626445421,273876,223275,223276,60845
550,1762,56658000,Пензенская область,58,Тамалинский муниципальный район,муниципальный район,1,1763,2018,9999,12659.0,356.6,48864.2,1408.0,262.0,0.18607954545454544,0.11122521526186903,20785.392619693597,277792,226019,226046,61039
551,1764,58701000,Псковская область,60,городской округ город Псков,городской округ,2,1765,2018,9999,187129.0,324.2,63953.7,50929.0,7070.0,0.13882071118616113,0.2721598469504994,37091.40460237679,291369,236179,236212,61644
552,1765,58710000,Псковская область,60,городской округ город Великие Луки,городской округ,2,1766,2018,9999,85442.0,328.2,62918.6,28297.0,3079.0,0.10881012121426299,0.3311837269726832,31513.093612851164,291604,236414,236374,61651
553,1768,58608000,Псковская область,60,Гдовский муниципальный район,муниципальный район,1,1769,2018,9999,8544.0,299.6,43483.6,1200.0,258.0,0.215,0.1404494382022472,23101.249484387627,287857,234046,234055,61475
554,1769,58610000,Псковская область,60,Дедовичский муниципальный район,муниципальный район,1,1770,2018,9999,11451.0,303.9,50884.3,2118.0,371.0,0.17516525023607177,0.18496201205134924,24737.02753098869,288018,234145,234168,61484
555,177,83640000,Кабардино-Балкарская Республика,7,Урванский муниципальный район,муниципальный район,1,178,2018,9999,75785.0,299.9,39502.5,5617.0,2131.0,0.37938401281823037,0.07411756943986277,19985.40418660153,414164,332124,332115,88356
556,1771,58514000,Псковская область,60,муниципальный округ Красногородский,муниципальный округ,1,3043,2024,9999,6202.0,299.4,38848.7,921.0,288.0,0.3127035830618892,0.14850048371493066,22924.022258032135,287080,233443,233452,61432
557,1773,58518000,Псковская область,60,муниципальный округ Локнянский,муниципальный округ,1,3044,2024,9999,7535.0,311.7,41230.4,942.0,235.0,0.2494692144373673,0.1250165892501659,22513.310884880964,287097,233491,233484,61433
558,1774,58520000,Псковская область,60,муниципальный округ Невельский,муниципальный округ,1,3045,2024,9999,20417.0,311.5,48842.2,3558.0,425.0,0.11944912872400225,0.17426654258705981,22294.4462748416,287155,233505,233508,61437
559,1775,58523000,Псковская область,60,муниципальный округ Новоржевский,муниципальный округ,1,3046,2024,9999,7682.0,303.4,38828.1,901.0,172.0,0.19089900110987792,0.11728716480083312,23256.75871199266,287164,233547,233557,61441
560,1776,58626000,Псковская область,60,Новосокольнический муниципальный район,муниципальный район,1,1777,2018,9999,11427.0,316.2,52751.2,1912.0,358.0,0.18723849372384938,0.1673230069134506,23346.38767228622,289063,234693,234730,61536
561,1777,58529000,Псковская область,60,муниципальный округ Опочецкий,муниципальный округ,1,3047,2024,9999,14690.0,303.2,42888.8,2380.0,568.0,0.23865546218487396,0.16201497617426822,24539.600506277682,287192,233577,233568,61444
562,1778,58633000,Псковская область,60,Островский муниципальный район,муниципальный район,1,1779,2018,9999,26618.0,299.4,46005.5,4053.0,651.0,0.16062176165803108,0.15226538432639566,26426.475793477293,289364,234934,234937,61552
563,1780,58540000,Псковская область,60,муниципальный округ Печорский,муниципальный округ,1,3048,2024,9999,18184.0,291.9,53153.1,2410.0,458.0,0.1900414937759336,0.13253409590849097,24409.823282632566,287246,233595,233623,61447
564,1783,58649000,Псковская область,60,Псковский муниципальный район,муниципальный район,3,1784,2018,9999,44749.0,414.2,53166.2,5470.0,970.0,0.1773308957952468,0.12223736843281414,41618.74177114729,290223,235445,235470,61591
565,1784,58650000,Псковская область,60,Пустошкинский муниципальный район,муниципальный район,1,1785,2018,9999,7174.0,309.3,43254.7,930.0,194.0,0.2086021505376344,0.1296347923055478,23463.926732508393,290386,235558,235551,61598
566,1785,58651000,Псковская область,60,Пушкиногорский муниципальный район,муниципальный район,1,1786,2018,9999,7103.0,300.6,48343.6,1776.0,234.0,0.13175675675675674,0.25003519639588906,25509.011009800946,290555,235682,235679,61607
567,1786,58553000,Псковская область,60,муниципальный округ Пыталовский,муниципальный округ,1,3049,2024,9999,9542.0,296.1,50507.8,1450.0,395.0,0.27241379310344827,0.151959756864389,24519.083019013564,287272,233653,233662,61448
568,1787,58654000,Псковская область,60,Себежский муниципальный район,муниципальный район,1,1788,2018,9999,18348.0,301.3,51684.5,2953.0,554.0,0.1876058245851676,0.16094397209505124,26846.991933341662,290840,235870,235856,61623
569,1788,58556000,Псковская область,60,муниципальный округ Струго-Красненский,муниципальный округ,1,3050,2024,9999,9467.0,306.3,42718.1,1347.0,248.0,0.18411284335560504,0.1422837224041407,26025.62558444355,287319,233669,233687,61452
570,18,84643000,Республика Алтай,4,Чемальский муниципальный район,муниципальный район,1,19,2018,9999,10557.0,207.6,65317.7,1706.0,506.0,0.2966002344665885,0.16159893909254522,29858.8707303514,416080,333770,333779,88832
571,181,85605000,Республика Калмыкия,8,Городовиковский муниципальный район,муниципальный район,1,182,2018,9999,13573.0,314.8,36828.2,1366.0,736.0,0.5387994143484627,0.10064097841302586,19894.173458294714,416580,334201,334209,89015
572,184,85615000,Республика Калмыкия,8,Лаганский муниципальный район,муниципальный район,1,185,2018,9999,18650.0,280.8,39218.1,1253.0,700.0,0.5586592178770949,0.06718498659517426,21195.487416203938,416814,334355,334365,89081
573,185,85620000,Республика Калмыкия,8,Малодербетовский муниципальный район,муниципальный район,1,186,2018,9999,9256.0,321.1,37385.0,860.0,396.0,0.4604651162790698,0.09291270527225583,19254.87379497833,416922,334438,334456,89099
574,186,85623000,Республика Калмыкия,8,Октябрьский муниципальный район,муниципальный район,1,187,2018,9999,7654.0,309.6,46467.4,774.0,350.0,0.45219638242894056,0.10112359550561797,20994.186710735623,417044,334511,334512,89120
575,1874,36701000,Самарская область,63,городской округ Самара,городской округ,2,1875,2018,9999,1159044.0,384.7,81323.7,331685.0,35818.0,0.10798800066327992,0.28617118935950664,37682.10491817137,166446,135597,135636,41083
576,1875,36704000,Самарская область,63,городской округ Жигулевск,городской округ,1,1876,2018,9999,52171.0,351.4,64428.7,10783.0,1418.0,0.13150329221923399,0.20668570661861954,32589.222394551267,166686,135847,135802,41092
577,1876,36708000,Самарская область,63,городской округ Кинель,городской округ,2,1877,2018,9999,57721.0,362.7,61842.5,10650.0,1675.0,0.1572769953051643,0.18450823790301624,32242.19633011033,166905,136022,136007,41098
578,1877,36713000,Самарская область,63,городской округ Новокуйбышевск,городской округ,1,1878,2018,9999,98550.0,348.1,70807.1,26496.0,2454.0,0.0926177536231884,0.26885844748858445,34541.5723155667,167058,136207,136225,41106
579,1878,36718000,Самарская область,63,городской округ Октябрьск,городской округ,1,1879,2018,9999,19887.0,350.6,63239.0,4396.0,590.0,0.13421292083712466,0.2210489264343541,23074.962244535665,167278,136371,136352,41113
580,1879,36724000,Самарская область,63,городской округ Отрадный,городской округ,1,1880,2018,9999,46480.0,338.8,76578.3,12998.0,1260.0,0.09693799046007077,0.2796471600688468,32361.935830368486,167521,136550,136574,41119
581,188,85632000,Республика Калмыкия,8,Сарпинский муниципальный район,муниципальный район,1,189,2018,9999,11466.0,319.0,43198.5,1042.0,346.0,0.33205374280230326,0.09087737659166231,21891.27374623356,417389,334748,334747,89201
582,1880,36727000,Самарская область,63,городской округ Похвистнево,городской округ,2,1881,2018,9999,27685.0,345.0,55675.2,5363.0,789.0,0.14711914972962895,0.19371500812714465,27057.90746908364,167713,136773,136744,41127
583,1881,36735000,Самарская область,63,городской округ Сызрань,городской округ,2,1882,2018,9999,162372.0,362.7,66408.0,39535.0,5174.0,0.13087137979005944,0.24348409824353953,32038.46377830885,167932,136938,136965,41137
584,1883,36750000,Самарская область,63,городской округ Чапаевск,городской округ,1,1884,2018,9999,68824.0,340.5,64958.3,14643.0,1618.0,0.11049648296114184,0.21276008369173544,30736.83929167188,168375,137351,137357,41150
585,1884,36602000,Самарская область,63,Алексеевский муниципальный район,муниципальный район,1,1885,2018,9999,10499.0,323.7,50570.8,1451.0,299.0,0.20606478290833907,0.13820363844175637,23995.805613028726,161105,131274,131261,39100
586,1885,36604000,Самарская область,63,Безенчукский муниципальный район,муниципальный район,1,1886,2018,9999,35844.0,330.1,59250.9,7352.0,1012.0,0.13764961915125137,0.2051110367146524,26755.22536756295,161336,131441,131474,39138
587,1886,36606000,Самарская область,63,Богатовский муниципальный район,муниципальный район,1,1887,2018,9999,13052.0,332.7,54352.2,2208.0,435.0,0.19701086956521738,0.1691694759423843,23412.077640758325,161493,131608,131603,39223
588,1887,36608000,Самарская область,63,Большеглушицкий муниципальный район,муниципальный район,1,1888,2018,9999,17856.0,325.9,52391.1,2709.0,528.0,0.19490586932447398,0.15171370967741934,23378.9116986669,161689,131753,131755,39259
589,1888,36610000,Самарская область,63,Большечерниговский муниципальный район,муниципальный район,1,1889,2018,9999,17085.0,318.8,51925.4,3093.0,527.0,0.17038473973488522,0.1810359964881475,24095.936689572514,161875,131962,131930,39314
590,1889,36612000,Самарская область,63,Борский муниципальный район,муниципальный район,1,1890,2018,9999,22166.0,328.9,48139.3,2372.0,649.0,0.2736087689713322,0.10701073716502751,23675.720444202478,162112,132124,132133,39374
591,1890,36614000,Самарская область,63,Волжский муниципальный район,муниципальный район,3,1891,2018,9999,130495.0,773.6,77330.8,23514.0,3483.0,0.14812452156162287,0.18019081190850225,36310.7476097418,162301,132290,132315,39460
592,1891,36615000,Самарская область,63,Елховский муниципальный район,муниципальный район,1,1892,2018,9999,9128.0,349.5,47937.6,1060.0,210.0,0.19811320754716982,0.1161262050832603,21810.5217490537,162495,132429,132439,39562
593,1892,36616000,Самарская область,63,Исаклинский муниципальный район,муниципальный район,1,1893,2018,9999,12310.0,340.5,45915.4,1577.0,364.0,0.23081800887761572,0.1281072298943948,21399.648425755982,162658,132556,132555,39610
594,1893,36617000,Самарская область,63,Камышлинский муниципальный район,муниципальный район,1,1894,2018,9999,10431.0,337.9,47809.8,1235.0,346.0,0.28016194331983807,0.11839708561020036,21505.285943024777,162829,132655,132653,39665
595,1894,36618000,Самарская область,63,Кинельский муниципальный район,муниципальный район,3,1895,2018,9999,30309.0,377.8,78024.4,4869.0,872.0,0.17909221606079276,0.1606453528654855,23158.023148835302,163028,132814,132817,39706
596,1895,36620000,Самарская область,63,Кинель-Черкасский муниципальный район,муниципальный район,1,1896,2018,9999,40596.0,336.7,55781.2,6170.0,1264.0,0.20486223662884928,0.15198541728249088,24146.44144350869,163239,132998,133011,39785
597,1896,36622000,Самарская область,63,Клявлинский муниципальный район,муниципальный район,1,1897,2018,9999,13967.0,336.7,53888.6,2221.0,387.0,0.17424583520936515,0.15901768454213502,23075.37039329293,163420,133162,133141,39869
598,1897,36624000,Самарская область,63,Кошкинский муниципальный район,муниципальный район,1,1898,2018,9999,20672.0,345.2,54399.4,3022.0,585.0,0.19358041032428855,0.14618808049535603,22858.02325085462,163654,133351,133320,39910
599,1898,36626000,Самарская область,63,Красноармейский муниципальный район,муниципальный район,1,1899,2018,9999,15788.0,334.8,54573.0,2300.0,486.0,0.21130434782608695,0.14568026349125918,23307.92207725334,163839,133475,133509,39995
600,1899,36628000,Самарская область,63,Красноярский муниципальный район,муниципальный район,1,1900,2018,9999,56124.0,354.0,68328.3,9172.0,1314.0,0.14326210204971654,0.1634238471954957,27181.623514229905,164074,133708,133732,40076
601,19,84645000,Республика Алтай,4,Чойский муниципальный район,муниципальный район,1,20,2018,9999,7439.0,210.2,55749.4,1360.0,449.0,0.3301470588235294,0.1828202715418739,22361.850933613034,416130,333816,333824,88879
602,1900,36630000,Самарская область,63,Нефтегорский муниципальный район,муниципальный район,1,1901,2018,9999,31958.0,330.1,56101.5,6501.0,766.0,0.11782802645746808,0.20342324300644596,27890.239476213308,164265,133915,133925,40165
603,1901,36632000,Самарская область,63,Пестравский муниципальный район,муниципальный район,1,1902,2018,9999,14513.0,328.5,57468.2,2698.0,402.0,0.14899925871015568,0.18590229449459106,24411.747218343837,164454,134037,134053,40225
604,1902,36634000,Самарская область,63,Похвистневский муниципальный район,муниципальный район,3,1903,2018,9999,25635.0,345.9,49082.1,1973.0,718.0,0.3639128231120122,0.07696508679539692,21908.613725379382,164632,134139,134122,40279
605,1903,36636000,Самарская область,63,Приволжский муниципальный район,муниципальный район,1,1904,2018,9999,21590.0,319.0,49714.2,3058.0,654.0,0.21386527141922826,0.14163964798517834,24399.1564378512,164797,134246,134277,40376
606,1904,36638000,Самарская область,63,Сергиевский муниципальный район,муниципальный район,1,1905,2018,9999,43600.0,343.1,71418.9,9939.0,1161.0,0.1168125565952309,0.22795871559633027,23992.57098848442,165020,134461,134470,40426
607,1905,36640000,Самарская область,63,Ставропольский муниципальный район,муниципальный район,3,1906,2018,9999,88162.0,639.7,67602.8,9742.0,1679.0,0.17234654075138575,0.11050112293278283,33586.57847461753,165225,134653,134631,40534
608,1906,36642000,Самарская область,63,Сызранский муниципальный район,муниципальный район,3,1907,2018,9999,23295.0,444.9,56574.0,3126.0,597.0,0.190978886756238,0.13419188667095944,27430.794894595798,165461,134788,134819,40688
609,1907,36644000,Самарская область,63,Хворостянский муниципальный район,муниципальный район,1,1908,2018,9999,15789.0,324.2,52156.5,2124.0,456.0,0.21468926553672316,0.13452403572107163,23814.842202125492,165651,134944,134979,40786
610,1908,36646000,Самарская область,63,Челно-Вершинский муниципальный район,муниципальный район,1,1909,2018,9999,14451.0,340.5,48023.3,1988.0,397.0,0.19969818913480886,0.1375683343713238,21342.757102275766,165829,135125,135122,40859
611,1909,36648000,Самарская область,63,Шенталинский муниципальный район,муниципальный район,1,1910,2018,9999,12565.0,340.7,49451.8,1985.0,415.0,0.20906801007556675,0.1579785117389574,21833.58755411458,166026,135234,135275,40931
612,191,85646000,Республика Калмыкия,8,Юстинский муниципальный район,муниципальный район,1,192,2018,9999,8903.0,298.7,42368.8,816.0,451.0,0.5526960784313726,0.0916544984836572,21827.678836611634,417856,335056,335076,89294
613,1910,36650000,Самарская область,63,Шигонский муниципальный район,муниципальный район,1,1911,2018,9999,19272.0,349.0,56364.0,3022.0,516.0,0.17074784910655194,0.15680780406807804,23123.398236945297,166193,135399,135392,40996
614,1912,63746000,Саратовская область,64,городской округ город Шиханы,городской округ,1,2714,2020,9999,4872.0,341.4,50635.5,677.0,146.0,0.21565731166912852,0.13895730706075535,27779.534693189493,314021,253353,253350,67901
615,1915,63602000,Саратовская область,64,Александрово-Гайский муниципальный район,муниципальный район,1,1916,2018,9999,14280.0,300.4,50824.1,1874.0,579.0,0.3089647812166489,0.13123249299719889,20487.590471843272,306616,247729,247727,65730
616,1916,63603000,Саратовская область,64,Аркадакский муниципальный район,муниципальный район,1,1917,2018,9999,19018.0,347.3,44492.7,2976.0,793.0,0.2664650537634409,0.15648333158060784,21643.85976867632,306759,247854,247885,65751
617,1917,63604000,Саратовская область,64,Аткарский муниципальный район,муниципальный район,1,1918,2018,9999,33425.0,345.0,47933.4,5224.0,1117.0,0.2138208269525268,0.1562902019446522,22001.69058421895,306978,248010,248017,65805
618,1918,63606000,Саратовская область,64,Базарно-Карабулакский муниципальный район,муниципальный район,1,1919,2018,9999,24991.0,344.7,41671.5,3606.0,1046.0,0.29007210205213535,0.14429194510023607,19370.938556197107,307181,248180,248183,65857
619,1919,63607000,Саратовская область,64,Балаковский муниципальный район,муниципальный район,1,1920,2018,9999,200241.0,337.2,72660.5,42129.0,4697.0,0.1114908970068124,0.21039147826868623,30700.40767945088,307391,248361,248384,65927
620,1920,63608000,Саратовская область,64,Балашовский муниципальный район,муниципальный район,1,1921,2018,9999,99921.0,347.8,47550.6,14938.0,3314.0,0.2218503146338198,0.1494981035017664,26155.926371450754,307582,248599,248559,65954
621,1921,63609000,Саратовская область,64,Балтайский муниципальный район,муниципальный район,1,1922,2018,9999,9850.0,343.6,39974.2,1245.0,343.0,0.2755020080321285,0.12639593908629443,20915.411180668987,307782,248695,248678,66061
622,1922,63611000,Саратовская область,64,Вольский муниципальный район,муниципальный район,1,1923,2018,9999,80407.0,340.0,49672.8,17219.0,3667.0,0.21296242522794587,0.21414802193838844,26644.472629105094,307955,248850,248875,66094
623,1923,63612000,Саратовская область,64,Воскресенский муниципальный район,муниципальный район,1,1924,2018,9999,10854.0,336.5,47934.7,1338.0,364.0,0.27204783258594917,0.12327252625760088,18814.07576496517,308174,248984,249002,66195
624,1924,63613000,Саратовская область,64,Дергачевский муниципальный район,муниципальный район,1,1925,2018,9999,15660.0,318.1,38847.0,2798.0,739.0,0.26411722659042175,0.17867177522349936,19367.877638344627,308331,249127,249097,66222
625,1925,63614000,Саратовская область,64,Духовницкий муниципальный район,муниципальный район,1,1926,2018,9999,9856.0,324.4,49765.8,1533.0,314.0,0.20482713633398564,0.15553977272727273,20468.84478470376,308501,249227,249239,66295
626,1926,63616000,Саратовская область,64,Екатериновский муниципальный район,муниципальный район,1,1927,2018,9999,16296.0,346.2,47785.6,2034.0,561.0,0.275811209439528,0.1248159057437408,21620.721569705624,308670,249317,249321,66345
627,1927,63617000,Саратовская область,64,Ершовский муниципальный район,муниципальный район,1,1928,2018,9999,30920.0,325.9,53668.0,7482.0,1182.0,0.15797914995990378,0.24197930142302718,20867.565654485777,308887,249507,249480,66419
628,1928,63619000,Саратовская область,64,Ивантеевский муниципальный район,муниципальный район,1,1929,2018,9999,12313.0,331.1,43334.6,2239.0,639.0,0.28539526574363555,0.18184033135710226,21946.801911372146,309055,249612,249626,66484
629,1929,63621000,Саратовская область,64,Калининский муниципальный район,муниципальный район,1,1930,2018,9999,26679.0,342.6,47516.0,4199.0,1048.0,0.24958323410335795,0.15738970726039206,21249.1187630713,309271,249753,249786,66545
630,1930,63622000,Саратовская область,64,Красноармейский муниципальный район,муниципальный район,1,1931,2018,9999,40536.0,338.8,43374.0,5735.0,1162.0,0.202615518744551,0.1414791790013815,23129.166651218948,309458,249953,249923,66621
631,1931,63623000,Саратовская область,64,Краснокутский муниципальный район,муниципальный район,1,1932,2018,9999,30318.0,325.4,47620.4,3903.0,1347.0,0.345119139123751,0.12873540471007322,22726.06594318978,309639,250116,250087,66701
632,1932,63624000,Саратовская область,64,Краснопартизанский муниципальный район,муниципальный район,1,1933,2018,9999,8776.0,328.2,41997.3,1353.0,396.0,0.2926829268292683,0.1541704649042844,20316.97581097044,309844,250234,250230,66786
633,1933,63625000,Саратовская область,64,Лысогорский муниципальный район,муниципальный район,1,1934,2018,9999,17228.0,342.6,48388.2,2392.0,609.0,0.2545986622073579,0.13884374274436964,20921.21997047097,310023,250340,250376,66810
634,1934,63626000,Саратовская область,64,Марксовский муниципальный район,муниципальный район,1,1935,2018,9999,57354.0,342.9,48052.8,8779.0,2005.0,0.22838592094771615,0.15306691773895456,24317.631847302437,310194,250499,250492,66880
635,1935,63629000,Саратовская область,64,Новобурасский муниципальный район,муниципальный район,1,1936,2018,9999,14824.0,346.9,43299.4,1679.0,573.0,0.3412745681953544,0.11326227738801943,19776.112543714087,310384,250639,250633,66931
636,1936,63630000,Саратовская область,64,Новоузенский муниципальный район,муниципальный район,1,1937,2018,9999,26367.0,308.1,39927.4,2954.0,1037.0,0.3510494245091402,0.1120339818712785,20979.583401719214,310599,250748,250771,66960
637,1937,63632000,Саратовская область,64,Озинский муниципальный район,муниципальный район,1,1938,2018,9999,14262.0,313.3,39996.7,1896.0,677.0,0.3570675105485232,0.13294068153134203,21674.385980853494,310780,250860,250850,67039
638,1938,63634000,Саратовская область,64,Перелюбский муниципальный район,муниципальный район,1,1939,2018,9999,10960.0,320.0,45244.7,2032.0,640.0,0.31496062992125984,0.1854014598540146,20088.688426623292,310955,250944,250957,67113
639,1939,63635000,Саратовская область,64,Петровский муниципальный район,муниципальный район,1,1940,2018,9999,36094.0,349.2,47805.9,4385.0,1074.0,0.24492588369441276,0.12148833601152546,21063.80730542306,311122,251113,251101,67195
640,194,91701000,Карачаево-Черкесская Республика,9,городской округ Черкесский,городской округ,1,195,2018,9999,112782.0,306.5,56717.4,27763.0,4926.0,0.17743039296905955,0.2461651682005994,25936.31711905331,434060,348848,348895,93490
641,1940,63636000,Саратовская область,64,Питерский муниципальный район,муниципальный район,1,1941,2018,9999,14503.0,315.9,37833.4,1473.0,581.0,0.39443312966734556,0.10156519340826035,20801.638808245734,311300,251194,251186,67237
642,1941,63637000,Саратовская область,64,Пугачевский муниципальный район,муниципальный район,1,1942,2018,9999,54377.0,331.5,45150.5,8984.0,1880.0,0.20926090828138913,0.1652169115618736,23772.249817060874,311527,251379,251416,67289
643,1942,63639000,Саратовская область,64,Ровенский муниципальный район,муниципальный район,1,1943,2018,9999,16346.0,328.2,40355.1,1382.0,611.0,0.44211287988422576,0.08454667808638199,19626.369911703492,311698,251497,251519,67355
644,1943,63640000,Саратовская область,64,Романовский муниципальный район,муниципальный район,1,1944,2018,9999,12117.0,348.1,39097.0,1182.0,333.0,0.2817258883248731,0.09754889824213914,19483.810523268952,311847,251601,251611,67415
645,1944,63641000,Саратовская область,64,Ртищевский муниципальный район,муниципальный район,1,1945,2018,9999,50179.0,352.5,49550.0,9126.0,1831.0,0.20063554678939294,0.1818689093046892,22260.940104179597,312046,251778,251800,67460
646,1945,63642000,Саратовская область,64,Самойловский муниципальный район,муниципальный район,1,1946,2018,9999,15904.0,340.5,38548.4,1898.0,571.0,0.30084299262381453,0.119341046277666,20421.74326915754,312222,251911,251950,67511
647,1948,63646000,Саратовская область,64,Татищевский муниципальный район,муниципальный район,1,1949,2018,9999,27609.0,350.6,54763.5,4662.0,859.0,0.18425568425568425,0.1688579810931218,22034.510515112877,312640,252223,252226,67646
648,1949,63647000,Саратовская область,64,Турковский муниципальный район,муниципальный район,1,1950,2018,9999,9477.0,345.5,40761.0,1166.0,364.0,0.31217838765008576,0.12303471562730822,22029.8907837175,312810,252337,252342,67697
649,195,91705000,Карачаево-Черкесская Республика,9,городской округ Карачаевский,городской округ,2,196,2018,9999,41150.0,311.0,43034.8,4394.0,1729.0,0.39349112426035504,0.10678007290400972,21467.479613495427,434169,349001,349038,93499
650,1950,63648000,Саратовская область,64,Федоровский муниципальный район,муниципальный район,1,1951,2018,9999,16427.0,329.4,47657.8,1809.0,500.0,0.2763957987838585,0.11012357703780362,20680.968152934125,312974,252416,252428,67732
651,1951,63649000,Саратовская область,64,Хвалынский муниципальный район,муниципальный район,1,1952,2018,9999,20628.0,341.0,41161.3,2829.0,880.0,0.31106398020501946,0.1371436881908086,22329.671997792466,313182,252553,252537,67798
652,1952,63650000,Саратовская область,64,Энгельсский муниципальный район,муниципальный район,1,1953,2018,9999,304713.0,358.0,59289.0,50127.0,8133.0,0.16224789035848944,0.16450561676068956,31545.89412623156,313349,252771,252802,67852
653,1954,64704000,Сахалинская область,65,городской округ Александровск-Сахалинский район,городской округ,1,1955,2018,9999,9868.0,126.3,96625.0,2074.0,597.0,0.2878495660559306,0.2101743007701662,35641.75769725531,314663,253822,253827,67931
654,196,91601000,Карачаево-Черкесская Республика,9,Абазинский муниципальный район,муниципальный район,1,197,2018,9999,18121.0,324.7,40284.5,2254.0,536.0,0.2377994676131322,0.12438607140886264,24172.218946288933,432945,347784,347793,92890
655,197,91603000,Карачаево-Черкесская Республика,9,Адыге-Хабльский муниципальный район,муниципальный район,1,198,2018,9999,16364.0,309.1,42207.3,1754.0,633.0,0.36088939566704675,0.10718650696651186,19433.888301985466,432998,347843,347847,92925
656,1971,65701000,Свердловская область,66,городской округ город Екатеринбург,городской округ,1,1972,2018,9999,1580109.0,298.5,101589.0,468962.0,48209.0,0.10279937393648099,0.2967909175885967,41932.87795673444,319107,257320,257354,68318
657,1976,65763000,Свердловская область,66,городской округ Рефтинский,городской округ,1,1977,2018,9999,15137.0,296.6,90919.5,4578.0,641.0,0.1400174748798602,0.30243773535046575,30568.29595380341,330620,266304,266302,68865
658,1979,65732000,Свердловская область,66,городской округ Верхняя Пышма,городской округ,1,1980,2018,9999,90810.0,324.2,121612.1,22734.0,3321.0,0.14608076009501186,0.25034687809712586,40752.088945361174,325038,261977,261981,68586
659,198,91610000,Карачаево-Черкесская Республика,9,Зеленчукский муниципальный район,муниципальный район,1,199,2018,9999,53555.0,297.8,49497.5,5379.0,1587.0,0.29503625209146683,0.10043880123237793,22816.358488796457,433145,348009,347969,92974
660,1985,65739000,Свердловская область,66,городской округ город Ирбит,городской округ,2,1986,2018,9999,36505.0,297.8,57882.8,8480.0,1864.0,0.219811320754717,0.23229694562388714,31265.140009047875,326310,262808,262790,68649
661,1986,65740000,Свердловская область,66,городской округ город Каменск-Уральский,городской округ,2,1987,2018,9999,163501.0,316.2,78639.4,48667.0,5476.0,0.11251977726179958,0.2976556718307533,34508.2850262687,326492,263046,263038,68658
662,1987,65741000,Свердловская область,66,городской округ Камышловский,городской округ,2,1988,2018,9999,26765.0,306.3,60568.7,7397.0,1305.0,0.17642287413816413,0.27636839155613674,28944.763765020303,326688,263160,263202,68668
663,1995,65747000,Свердловская область,66,городской округ Красноуфимск,городской округ,2,1996,2018,9999,37866.0,323.0,74010.3,10534.0,1778.0,0.16878678564647806,0.2781915174562932,29741.99991022278,327971,264224,264265,68723
664,1997,65734000,Свердловская область,66,городской округ Верхняя Тура,городской округ,1,1998,2018,9999,8418.0,295.6,77512.3,2734.0,418.0,0.1528895391367959,0.3247802328344025,28099.340181860898,325361,262183,262182,68604
665,2,79703000,Республика Адыгея,1,городской округ город Адыгейск,городской округ,1,3,2018,9999,15661.0,322.8,47407.2,1592.0,450.0,0.28266331658291455,0.10165378966860354,21496.644169946052,389279,312877,312887,81563
666,20,84650000,Республика Алтай,4,Шебалинский муниципальный район,муниципальный район,1,21,2018,9999,12114.0,207.8,50870.5,1818.0,753.0,0.4141914191419142,0.150074294205052,23323.96390217212,416233,333929,333923,88927
667,200,91620000,Карачаево-Черкесская Республика,9,Малокарачаевский муниципальный район,муниципальный район,1,201,2018,9999,42682.0,302.7,39521.4,3015.0,1383.0,0.45870646766169154,0.07063867672555176,17546.140841596276,433333,348167,348184,93133
668,201,91623000,Карачаево-Черкесская Республика,9,Ногайский муниципальный район,муниципальный район,1,202,2018,9999,16400.0,304.8,35727.4,928.0,528.0,0.5689655172413793,0.05658536585365854,23228.079164830968,433431,348268,348267,93198
669,202,91625000,Карачаево-Черкесская Республика,9,Прикубанский муниципальный район,муниципальный район,1,203,2018,9999,30028.0,307.4,52439.0,3420.0,1189.0,0.3476608187134503,0.11389369921406688,21141.06172124104,433508,348358,348351,93238
670,203,91630000,Карачаево-Черкесская Республика,9,Урупский муниципальный район,муниципальный район,1,204,2018,9999,24072.0,296.8,56531.0,2355.0,637.0,0.2704883227176221,0.09783150548354935,22817.462284573543,433612,348446,348436,93319
671,2033,65729000,Свердловская область,66,городской округ Арамильский,городской округ,1,2034,2018,9999,23609.0,319.5,79463.7,3698.0,734.0,0.19848566792861005,0.15663518149858105,35529.166344160956,324307,261346,261345,68560
672,2039,65608000,Свердловская область,66,Байкаловский муниципальный район,муниципальный район,1,2040,2018,9999,14422.0,281.9,53780.1,3333.0,801.0,0.24032403240324032,0.23110525585910416,25814.027155232758,318217,256590,256629,68084
673,204,91635000,Карачаево-Черкесская Республика,9,Усть-Джегутинский муниципальный район,муниципальный район,1,205,2018,9999,50870.0,303.9,53103.8,5339.0,1730.0,0.32403071736280203,0.10495380381364262,20469.537555500126,433767,348577,348586,93369
674,2040,65623000,Свердловская область,66,Камышловский муниципальный район,муниципальный район,3,2041,2018,9999,20537.0,310.0,52378.1,3578.0,1184.0,0.33091112353269986,0.17422213565759362,33557.251885861995,318374,256736,256756,68119
675,2041,65639000,Свердловская область,66,Слободо-Туринский муниципальный район,муниципальный район,1,2042,2018,9999,11664.0,277.7,53489.2,1863.0,788.0,0.42297369833601717,0.1597222222222222,25576.967602081822,318777,257067,257086,68237
676,2042,65628000,Свердловская область,66,Нижнесергинский муниципальный район,муниципальный район,1,2043,2018,9999,37356.0,307.9,61036.3,7100.0,1499.0,0.21112676056338028,0.19006317592890032,26752.512096189297,318595,256906,256947,68173
677,2043,65645000,Свердловская область,66,Таборинский муниципальный район,муниципальный район,1,2044,2018,9999,2677.0,259.5,50324.4,686.0,218.0,0.3177842565597668,0.2562570041090773,25448.274948349703,318902,257150,257151,68282
678,2044,66701000,Смоленская область,67,городской округ город Смоленск,городской округ,2,2045,2018,9999,310645.0,371.0,68443.7,89566.0,12866.0,0.1436482593841413,0.288322683448953,35930.21270099674,335883,270204,270215,70558
679,2045,66710000,Смоленская область,67,городской округ город Десногорск,городской округ,1,2046,2018,9999,24684.0,337.4,87361.0,10599.0,704.0,0.06642136050570809,0.42938745746232376,34262.98179195789,336160,270416,270405,70568
680,205,91640000,Карачаево-Черкесская Республика,9,Хабезский муниципальный район,муниципальный район,1,206,2018,9999,31020.0,315.0,38811.6,2680.0,1360.0,0.5074626865671642,0.08639587362991619,19928.66585992587,433846,348683,348690,93423
681,206,86701000,Республика Карелия,10,городской округ Петрозаводский,городской округ,2,207,2018,9999,235694.0,280.5,80872.6,65117.0,11163.0,0.17142988774052859,0.27627771602162127,42881.611238016034,420861,337970,338019,90428
682,207,86706000,Республика Карелия,10,городской округ Костомукшский,городской округ,1,208,2018,9999,26470.0,238.5,112900.5,8605.0,848.0,0.09854735618826264,0.32508500188893086,44234.76166388557,421070,338198,338200,90435
683,2072,68705000,Тамбовская область,68,городской округ город Кирсанов,городской округ,2,2073,2018,9999,15827.0,371.0,48888.3,3263.0,587.0,0.17989580140974562,0.20616667719719467,23142.192540539134,341588,274382,274364,71828
684,2073,68710000,Тамбовская область,68,городской округ город Котовск,городской округ,1,2074,2018,9999,26128.0,371.0,59305.8,7846.0,947.0,0.12069844506755034,0.3002908756889161,23635.290580578538,341766,274502,274516,71835
685,2074,68715000,Тамбовская область,68,городской округ город Мичуринск,городской округ,2,2075,2018,9999,88785.0,391.3,60937.2,18846.0,2723.0,0.1444868937705614,0.2122655854029397,27194.111712803246,341976,274728,274690,71841
686,2075,68720000,Тамбовская область,68,городской округ город Моршанск,городской округ,2,2076,2018,9999,38294.0,388.4,43097.5,7046.0,1114.0,0.158103888731195,0.18399749307985586,23939.0740869583,342175,274871,274907,71846
687,2076,68725000,Тамбовская область,68,городской округ город Рассказово,городской округ,2,2077,2018,9999,46633.0,385.1,48163.7,6461.0,1016.0,0.15725119950472063,0.1385499538953102,24676.301318359507,342365,275040,275068,71853
688,2077,68730000,Тамбовская область,68,городской округ город Уварово,городской округ,2,2078,2018,9999,22986.0,362.2,46146.3,4307.0,605.0,0.1404690039470629,0.18737492386670146,23787.967026621372,342587,275242,275249,71859
689,2078,68502000,Тамбовская область,68,Бондарский муниципальный округ,муниципальный округ,1,3077,2024,9999,8210.0,366.0,46999.5,1217.0,185.0,0.15201314708299096,0.1482338611449452,18021.258804778303,337289,271167,271190,70660
690,2079,68503000,Тамбовская область,68,Гавриловский муниципальный округ,муниципальный округ,1,3078,2024,9999,9164.0,363.4,55400.1,1370.0,224.0,0.1635036496350365,0.14949803579223048,21995.79048175926,337305,271200,271204,70662
691,208,86504000,Республика Карелия,10,Беломорский муниципальный округ,муниципальный округ,1,3031,2024,9999,12305.0,247.2,86078.3,3094.0,463.0,0.14964447317388493,0.2514425030475417,34437.9368219712,418371,335470,335476,89397
692,2080,68504000,Тамбовская область,68,Жердевский муниципальный округ,муниципальный округ,1,3079,2024,9999,24844.0,357.3,64545.6,4609.0,619.0,0.13430245172488608,0.18551763001127033,23645.618570740582,337371,271266,271234,70663
693,2081,68506000,Тамбовская область,68,Знаменский муниципальный округ,муниципальный округ,1,3080,2024,9999,13674.0,367.4,53739.0,2764.0,397.0,0.14363241678726482,0.20213543952025742,21814.43180454686,337394,271297,271299,70667
694,2082,68508000,Тамбовская область,68,Инжавинский муниципальный округ,муниципальный округ,1,3081,2024,9999,17016.0,358.4,51231.2,4067.0,512.0,0.12589132038357512,0.23901034320639397,21758.59059816923,337456,271369,271363,70670
695,2085,68514000,Тамбовская область,68,Мордовский муниципальный округ,муниципальный округ,1,3084,2024,9999,13380.0,362.2,48586.8,1971.0,427.0,0.21664129883307964,0.14730941704035874,20887.342775124926,337621,271496,271473,70678
696,2087,68518000,Тамбовская область,68,Мучкапский муниципальный округ,муниципальный округ,1,3086,2024,9999,10669.0,353.5,44689.0,1347.0,313.0,0.2323682256867112,0.12625363201799605,21684.367698449187,337679,271568,271585,70682
697,2088,68520000,Тамбовская область,68,Никифоровский муниципальный округ,муниципальный округ,1,3087,2024,9999,15378.0,373.6,52189.0,2351.0,455.0,0.19353466609953213,0.1528807387176486,20279.734873043733,337736,271621,271604,70686
698,2089,68522000,Тамбовская область,68,Первомайский муниципальный округ,муниципальный округ,1,3088,2024,9999,23709.0,377.3,56790.7,5163.0,667.0,0.12918845632384274,0.21776540554219917,21219.498122098183,337753,271661,271647,70688
699,209,86609000,Республика Карелия,10,Калевальский муниципальный район,муниципальный район,1,210,2018,9999,5888.0,234.5,70023.1,973.0,265.0,0.2723535457348407,0.16525135869565216,36361.20551145853,418802,335933,335937,89450
700,2090,68524000,Тамбовская область,68,Петровский муниципальный округ,муниципальный округ,1,3089,2024,9999,13536.0,371.2,51120.9,2186.0,472.0,0.21591948764867339,0.16149527186761228,20130.831878063644,337855,271713,271720,70691
701,2091,68526000,Тамбовская область,68,Пичаевский муниципальный округ,муниципальный округ,1,3090,2024,9999,10656.0,366.0,47307.8,1348.0,231.0,0.17136498516320475,0.1265015015015015,20351.02745318136,337871,271769,271755,70693
702,2093,68530000,Тамбовская область,68,Ржаксинский муниципальный округ,муниципальный округ,1,3092,2024,9999,14028.0,359.4,47048.8,1705.0,269.0,0.15777126099706745,0.12154262902765897,21549.92798833939,337932,271819,271854,70697
703,2094,68532000,Тамбовская область,68,Сампурский муниципальный округ,муниципальный округ,1,3093,2024,9999,11610.0,365.1,48078.1,1504.0,300.0,0.19946808510638298,0.12954349698535744,21160.900455313247,337992,271876,271885,70700
704,2095,68534000,Тамбовская область,68,Сосновский муниципальный округ,муниципальный округ,1,3094,2024,9999,24282.0,367.4,40100.6,3753.0,491.0,0.13082867039701573,0.15455893254262418,19577.18237929928,338009,271912,271934,70701
705,2096,68536000,Тамбовская область,68,Староюрьевский муниципальный округ,муниципальный округ,1,3095,2024,9999,11015.0,371.0,51813.6,1394.0,210.0,0.15064562410329985,0.1265546981389015,20568.399231454958,338084,271967,271964,70705
706,2098,68542000,Тамбовская область,68,Токарёвский муниципальный округ,муниципальный округ,1,3097,2024,9999,15011.0,360.3,61793.1,4186.0,267.0,0.06378404204491162,0.27886216774365463,21920.63780431131,338187,272040,272067,70711
707,2099,68544000,Тамбовская область,68,Уваровский муниципальный округ,муниципальный округ,3,3098,2024,9999,9170.0,369.5,55091.1,948.0,161.0,0.169831223628692,0.10338058887677208,21761.388169047612,338202,272093,272078,70712
708,21,80701000,Республика Башкортостан,2,городской округ город Уфа,городской округ,2,22,2018,9999,1186715.0,374.3,87313.0,300508.0,31625.0,0.10523846286954092,0.25322676464020427,36051.570986853985,400350,321944,321941,87015
709,210,86612000,Республика Карелия,10,Кемский муниципальный район,муниципальный район,1,211,2018,9999,12493.0,244.4,99031.2,4264.0,474.0,0.11116322701688555,0.3413111342351717,31444.613063465753,419175,336306,336334,89540
710,2100,68546000,Тамбовская область,68,Умётский муниципальный округ,муниципальный округ,1,3099,2024,9999,9405.0,359.1,48407.2,1086.0,219.0,0.20165745856353592,0.11547049441786283,21371.172222988313,338230,272098,272109,70716
711,211,86615000,Республика Карелия,10,Кондопожский муниципальный район,муниципальный район,1,212,2018,9999,31368.0,270.4,72960.2,8845.0,996.0,0.11260599208592426,0.28197526141290485,30348.072173323715,419375,336505,336492,89583
712,212,86618000,Республика Карелия,10,Лахденпохский муниципальный район,муниципальный район,1,213,2018,9999,10502.0,284.3,69672.6,1714.0,392.0,0.22870478413068845,0.1632070081889164,34159.89201360552,419480,336635,336620,89666
713,213,86621000,Республика Карелия,10,Лоухский муниципальный район,муниципальный район,1,214,2018,9999,10092.0,234.7,98732.7,2100.0,372.0,0.17714285714285713,0.2080856123662307,36717.673327300094,419622,336756,336744,89720
714,214,86624000,Республика Карелия,10,Медвежьегорский муниципальный район,муниципальный район,1,215,2018,9999,23603.0,266.4,75138.7,5259.0,784.0,0.14907777143943715,0.22281065966190738,31709.8767316883,419748,336879,336868,89791
715,2144,69701000,Томская область,70,городской округ город Томск,городской округ,2,2145,2018,9999,565753.0,260.4,90444.3,132561.0,23227.0,0.17521744706210726,0.2343089652198044,38120.52766100788,345653,277496,277535,72669
716,2145,69707000,Томская область,70,городской округ город Кедровый,городской округ,1,2146,2018,9999,2626.0,197.6,76099.6,380.0,111.0,0.29210526315789476,0.1447067783701447,30497.199318540483,345805,277587,277592,72678
717,2146,69710000,Томская область,70,городской округ город Стрежевой,городской округ,1,2147,2018,9999,37478.0,218.7,102903.1,8757.0,1179.0,0.13463514902363824,0.23365707881957415,36991.361626482474,345979,277742,277744,72684
718,2148,69604000,Томская область,70,Александровский муниципальный район,муниципальный район,1,2149,2018,9999,7233.0,216.1,126598.4,3273.0,350.0,0.10693553315001528,0.45250933222729156,31960.364121916973,342785,275371,275372,71865
719,2149,69608000,Томская область,70,Асиновский муниципальный район,муниципальный район,1,2150,2018,9999,33342.0,221.0,51907.3,5565.0,1112.0,0.19982030548068283,0.16690660428288645,25000.10071034059,342975,275556,275573,71909
720,215,86627000,Республика Карелия,10,Муезерский муниципальный район,муниципальный район,1,216,2018,9999,7695.0,246.8,58821.0,1096.0,356.0,0.3248175182481752,0.1424301494476933,32840.88017540824,419845,336995,336992,89881
721,2150,69612000,Томская область,70,Бакчарский муниципальный район,муниципальный район,1,2151,2018,9999,11191.0,203.1,62639.2,1513.0,505.0,0.33377395902181095,0.1351979269055491,25067.41727728134,343119,275665,275651,71958
722,2151,69616000,Томская область,70,Верхнекетский муниципальный район,муниципальный район,1,2152,2018,9999,14438.0,206.4,65346.1,2023.0,641.0,0.31685615422639646,0.14011635960659372,27818.395236635748,343259,275775,275771,72003
723,2152,69620000,Томская область,70,Зырянский муниципальный район,муниципальный район,1,2153,2018,9999,11051.0,219.8,51218.0,1621.0,516.0,0.3183220234423196,0.14668355804904534,21481.849086840393,343418,275877,275878,72066
724,2153,69624000,Томская область,70,Каргасокский муниципальный район,муниципальный район,1,2154,2018,9999,17438.0,201.4,101019.6,7863.0,929.0,0.11814828945695027,0.4509118018121344,27970.2563753908,343654,276069,276037,72102
725,2154,69628000,Томская область,70,Кожевниковский муниципальный район,муниципальный район,1,2155,2018,9999,20183.0,229.0,55490.7,3392.0,817.0,0.24086084905660377,0.1680622305901006,22528.1294109702,343837,276185,276179,72179
726,2155,69632000,Томская область,70,Колпашевский муниципальный район,муниципальный район,1,2156,2018,9999,32143.0,199.1,78500.9,5786.0,1395.0,0.24109920497753198,0.18000808885293842,29534.142485275894,344052,276349,276306,72236
727,2156,69636000,Томская область,70,Кривошеинский муниципальный район,муниципальный район,1,2157,2018,9999,12022.0,219.1,64584.0,1791.0,541.0,0.30206588498045783,0.1489768757278323,24269.10459158358,344212,276422,276442,72281
728,2157,69640000,Томская область,70,Молчановский муниципальный район,муниципальный район,1,2158,2018,9999,12103.0,216.8,69354.3,2006.0,562.0,0.28015952143569295,0.16574403040568453,25927.305418169395,344357,276529,276512,72329
729,2158,69644000,Томская область,70,Парабельский муниципальный район,муниципальный район,1,2159,2018,9999,11379.0,204.3,115751.0,5901.0,589.0,0.09981359091679376,0.518586870551015,29543.836440949413,344535,276682,276685,72366
730,2159,69648000,Томская область,70,Первомайский муниципальный район,муниципальный район,1,2160,2018,9999,16471.0,220.3,51540.8,2656.0,745.0,0.2804969879518072,0.16125311152935462,23162.69020811043,344734,276835,276810,72401
731,216,86630000,Республика Карелия,10,Олонецкий муниципальный район,муниципальный район,1,217,2018,9999,18460.0,292.1,60626.4,3072.0,713.0,0.23209635416666666,0.16641386782231854,29255.78008643537,419965,337101,337119,89962
732,2160,69652000,Томская область,70,Тегульдетский муниципальный район,муниципальный район,1,2161,2018,9999,6463.0,209.9,70669.8,1220.0,257.0,0.21065573770491802,0.18876682655113725,25361.39925097447,344876,276888,276899,72443
733,2161,69654000,Томская область,70,Томский муниципальный район,муниципальный район,3,2162,2018,9999,89298.0,453.4,66370.5,14371.0,2896.0,0.2015169438452439,0.16093305561154786,39453.76624123982,345044,277083,277042,72473
734,2162,69656000,Томская область,70,Чаинский муниципальный район,муниципальный район,1,2163,2018,9999,11633.0,210.6,69126.2,1316.0,448.0,0.3404255319148936,0.1131264506146308,25006.85577296862,345260,277163,277169,72594
735,2163,69658000,Томская область,70,Шегарский муниципальный район,муниципальный район,1,2164,2018,9999,19646.0,229.0,50048.9,2951.0,825.0,0.27956624872924435,0.1502086938817062,22839.28592131096,345422,277280,277297,72623
736,2165,70706000,Тульская область,71,городской округ город Алексин,городской округ,1,2166,2018,9999,69514.0,409.4,65671.5,28847.0,2048.0,0.07099525080597636,0.4149811548752769,33472.20052428503,350157,280762,280783,72878
737,2167,70712000,Тульская область,71,городской округ город Донской,городской округ,1,2168,2018,9999,62255.0,401.2,55751.0,9785.0,1652.0,0.16882984159427694,0.15717613043129067,30470.813545775003,350330,280923,280960,72884
738,2168,70714000,Тульская область,71,городской округ город Ефремов,городской округ,1,2169,2018,9999,56354.0,379.0,65612.1,11299.0,2148.0,0.19010531905478362,0.20050040813429393,31564.397239894253,350527,281154,281159,72892
739,2169,70724000,Тульская область,71,городской округ город Новомосковск,городской округ,1,2170,2018,9999,129639.0,401.2,80775.1,29453.0,4933.0,0.1674871829694768,0.227192434375458,35016.34652960586,350786,281364,281358,72902
740,217,86533000,Республика Карелия,10,Питкярантский муниципальный округ,муниципальный округ,1,3030,2024,9999,14495.0,277.7,71373.2,3366.0,545.0,0.16191325014854427,0.2322180062090376,33028.68148446166,418425,335556,335547,89402
741,2171,70604000,Тульская область,71,Арсеньевский муниципальный район,муниципальный район,1,2172,2018,9999,9159.0,376.2,48226.3,772.0,264.0,0.34196891191709844,0.08428867780325364,26961.210931579284,346155,277842,277849,72690
742,2172,70606000,Тульская область,71,Белевский муниципальный район,муниципальный район,1,2173,2018,9999,18494.0,373.1,57262.0,2579.0,472.0,0.18301667312911982,0.1394506326376122,27410.095228821287,346321,277939,277958,72699
743,2173,70608000,Тульская область,71,Богородицкий муниципальный район,муниципальный район,1,2174,2018,9999,49454.0,394.8,64849.9,6971.0,1281.0,0.18376129680103284,0.14095927528612448,29719.87522106611,346527,278104,278117,72708
744,2174,70612000,Тульская область,71,Веневский муниципальный район,муниципальный район,1,2175,2018,9999,33948.0,414.2,61582.5,3522.0,904.0,0.2566723452583759,0.10374690703428774,27655.252460603624,346706,278269,278264,72717
745,2175,70616000,Тульская область,71,Воловский муниципальный район,муниципальный район,1,2176,2018,9999,13746.0,384.2,71011.9,3029.0,378.0,0.12479366127434798,0.2203550123672341,27405.766953127193,346893,278395,278393,72726
746,2176,70618000,Тульская область,71,Дубенский муниципальный район,муниципальный район,1,2177,2018,9999,14743.0,395.5,54710.0,1996.0,408.0,0.20440881763527055,0.13538628501661806,26246.482938157536,347071,278500,278520,72735
747,2177,70622000,Тульская область,71,Заокский муниципальный район,муниципальный район,1,2178,2018,9999,26774.0,430.7,60987.6,2296.0,780.0,0.3397212543554007,0.08575483678195264,34624.466174603105,347267,278644,278627,72744
748,2178,70624000,Тульская область,71,Каменский муниципальный район,муниципальный район,1,2179,2018,9999,8141.0,372.8,60127.2,1118.0,305.0,0.27280858676207514,0.1373295663923351,25711.164260541227,347448,278719,278706,72753
749,2179,70626000,Тульская область,71,Кимовский муниципальный район,муниципальный район,1,2180,2018,9999,38587.0,399.1,62210.4,5461.0,1132.0,0.2072880424830617,0.1415243475781999,26249.74633691445,347631,278842,278826,72759
750,218,86636000,Республика Карелия,10,Прионежский муниципальный район,муниципальный район,3,219,2018,9999,21969.0,365.8,83749.8,3503.0,756.0,0.21581501570082787,0.1594519550275388,39366.59074330185,420220,337382,337402,90089
751,2180,70628000,Тульская область,71,Киреевский муниципальный район,муниципальный район,1,2181,2018,9999,73376.0,398.8,55658.2,7209.0,1917.0,0.26591760299625467,0.09824738334060183,27729.92689709963,347829,279016,279033,72768
752,2181,70630000,Тульская область,71,Куркинский муниципальный район,муниципальный район,1,2182,2018,9999,10641.0,378.7,57155.1,1781.0,300.0,0.16844469399213924,0.16737148764213888,26413.49840940425,347999,279124,279115,72777
753,2182,70636000,Тульская область,71,Одоевский муниципальный район,муниципальный район,1,2183,2018,9999,11804.0,383.9,55383.7,1504.0,386.0,0.2566489361702128,0.12741443578447983,27098.66455630489,348165,279218,279205,72786
754,2183,70638000,Тульская область,71,Плавский муниципальный район,муниципальный район,1,2184,2018,9999,29592.0,388.9,56367.1,4804.0,736.0,0.15320566194837634,0.1623411732900784,29089.617600324913,348397,279365,279400,72795
755,2184,70640000,Тульская область,71,Суворовский муниципальный район,муниципальный район,1,2185,2018,9999,34424.0,384.9,59611.5,4527.0,976.0,0.21559531698696707,0.13150708807808506,26785.28174249601,348580,279578,279568,72804
756,2185,70642000,Тульская область,71,Тепло-Огаревский муниципальный район,муниципальный район,1,2186,2018,9999,11101.0,387.7,50110.0,1167.0,352.0,0.30162810625535563,0.10512566435456265,25540.71408819627,348770,279677,279671,72813
757,2186,70644000,Тульская область,71,Узловский муниципальный район,муниципальный район,1,2187,2018,9999,75414.0,402.4,74356.2,18502.0,2475.0,0.133769322235434,0.24533906171267936,32346.534684349346,348931,279839,279847,72822
758,2187,70646000,Тульская область,71,Чернский муниципальный район,муниципальный район,1,2188,2018,9999,18218.0,379.0,55736.8,2479.0,713.0,0.2876159741831384,0.1360742123174882,28401.366437461893,349145,279959,279947,72831
759,2188,70648000,Тульская область,71,Щекинский муниципальный район,муниципальный район,1,2189,2018,9999,101699.0,402.6,74387.0,19118.0,3184.0,0.1665446176378282,0.18798611589101172,34511.81273439745,349320,280175,280135,72840
760,2189,70650000,Тульская область,71,Ясногорский муниципальный район,муниципальный район,1,2190,2018,9999,30348.0,413.7,85275.5,4624.0,823.0,0.17798442906574394,0.15236588902069328,30574.751663988114,349559,280306,280300,72849
761,219,86639000,Республика Карелия,10,Пряжинский муниципальный район,муниципальный район,1,220,2018,9999,12023.0,280.3,70038.6,3320.0,474.0,0.1427710843373494,0.2761374033103219,26973.950730809207,420357,337486,337500,90215
762,2190,71701000,Тюменская область,72,городской округ город Тюмень,городской округ,2,2191,2018,9999,861098.0,337.9,106290.0,211835.0,23439.0,0.11064743786437557,0.24600568111875767,43954.10104629751,354659,284099,284126,73854
763,2192,71705000,Тюменская область,72,городской округ город Ишим,городской округ,2,2193,2018,9999,67329.0,272.3,64808.8,14434.0,1760.0,0.12193432174033532,0.21438013337492018,31814.662416487365,355253,284629,284621,73875
764,2193,71710000,Тюменская область,72,городской округ город Тобольск,городской округ,2,2194,2018,9999,102733.0,264.7,97335.7,26091.0,3675.0,0.14085316775899737,0.2539690265056019,39040.62918326202,355465,284845,284826,73882
765,2194,71715000,Тюменская область,72,городской округ город Ялуторовск,городской округ,2,2195,2018,9999,38970.0,283.8,64096.2,6503.0,1131.0,0.173919729355682,0.16687195278419298,29495.68886970067,355706,285054,285063,73889
766,2195,71603000,Тюменская область,72,Абатский муниципальный район,муниципальный район,1,2196,2018,9999,18641.0,256.4,57922.5,1956.0,584.0,0.2985685071574642,0.10492999302612521,25257.009190266814,351063,281532,281541,72914
767,2196,71605000,Тюменская область,72,Армизонский муниципальный район,муниципальный район,1,2197,2018,9999,9306.0,261.9,53701.3,957.0,283.0,0.29571577847439917,0.10283687943262411,24870.79209050325,351225,281657,281652,72954
768,2198,71610000,Тюменская область,72,Бердюжский муниципальный район,муниципальный район,1,2199,2018,9999,10693.0,262.8,54815.8,1600.0,344.0,0.215,0.14963059945758908,25048.52597340416,351513,281825,281832,73025
769,2199,71613000,Тюменская область,72,Вагайский муниципальный район,муниципальный район,1,2200,2018,9999,17835.0,253.6,59621.4,2532.0,851.0,0.33609794628751977,0.14196804037005886,23691.605561913573,351717,281956,281965,73059
770,22,80703000,Республика Башкортостан,2,городской округ город Агидель,городской округ,1,23,2018,9999,13728.0,319.2,63802.6,1392.0,337.0,0.24209770114942528,0.10139860139860139,20826.40667546804,400540,322087,322085,87021
771,220,86642000,Республика Карелия,10,Пудожский муниципальный район,муниципальный район,1,221,2018,9999,13907.0,282.6,66905.8,1964.0,553.0,0.2815682281059063,0.1412238441072841,29740.257569121255,420468,337614,337594,90286
772,2200,71615000,Тюменская область,72,Викуловский муниципальный район,муниципальный район,1,2201,2018,9999,14670.0,250.8,53629.6,1650.0,513.0,0.3109090909090909,0.11247443762781185,25572.049987044968,351862,282054,282070,73121
773,2202,71624000,Тюменская область,72,Исетский муниципальный район,муниципальный район,1,2203,2018,9999,25979.0,280.0,58380.7,3219.0,724.0,0.22491456974215596,0.12390777166172678,24651.23247618295,352046,282208,282191,73170
774,2203,71626000,Тюменская область,72,Ишимский муниципальный район,муниципальный район,3,2204,2018,9999,28178.0,294.7,57455.9,2981.0,724.0,0.24287151962428716,0.10579175243097452,27212.421697565682,352230,282290,282281,73223
775,2204,71630000,Тюменская область,72,Казанский муниципальный район,муниципальный район,1,2205,2018,9999,19959.0,258.1,55932.0,2457.0,539.0,0.21937321937321938,0.12310235983766722,24625.764385056355,352383,282440,282408,73296
776,2205,71632000,Тюменская область,72,Нижнетавдинский муниципальный район,муниципальный район,1,2206,2018,9999,27122.0,268.5,59034.7,2914.0,663.0,0.227522306108442,0.10744045424378733,24635.662288466177,352574,282542,282565,73340
777,2206,71634000,Тюменская область,72,Омутинский муниципальный район,муниципальный район,1,2207,2018,9999,18399.0,266.4,57938.6,2778.0,490.0,0.17638588912886968,0.15098646665579651,25216.746766386495,352745,282659,282670,73397
778,2207,71636000,Тюменская область,72,Сладковский муниципальный район,муниципальный район,1,2208,2018,9999,10763.0,254.5,54093.6,1434.0,334.0,0.23291492329149233,0.13323422837498838,22410.839709996686,352941,282785,282776,73428
779,2208,71638000,Тюменская область,72,Сорокинский муниципальный район,муниципальный район,1,2209,2018,9999,9230.0,254.5,55426.9,1439.0,479.0,0.3328700486448923,0.15590465872156012,26498.145396240496,353082,282872,282887,73464
780,221,86545000,Республика Карелия,10,Сегежский муниципальный округ,муниципальный округ,1,3032,2024,9999,31219.0,256.2,79173.2,8636.0,955.0,0.11058360352014822,0.2766264134020949,34620.321715142636,418511,335619,335609,89404
781,2210,71644000,Тюменская область,72,Тюменский муниципальный район,муниципальный район,3,2211,2018,9999,143580.0,676.7,81701.1,18177.0,2968.0,0.16328327006656765,0.1265984120351024,39333.17038926385,353441,283169,283200,73563
782,2211,71648000,Тюменская область,72,Уватский муниципальный район,муниципальный район,1,2212,2018,9999,18683.0,245.3,122655.3,10755.0,975.0,0.09065550906555091,0.5756570143981159,31610.312776393388,353731,283378,283355,73628
783,2212,71650000,Тюменская область,72,Упоровский муниципальный район,муниципальный район,1,2213,2018,9999,19403.0,271.3,54553.1,3074.0,590.0,0.19193233571893298,0.15842910890068546,25862.289108594152,353918,283530,283533,73670
784,2213,71653000,Тюменская область,72,Юргинский муниципальный район,муниципальный район,1,2214,2018,9999,11096.0,264.9,54980.6,1774.0,426.0,0.24013528748590757,0.15987743330930065,25574.76686326576,354067,283637,283632,73718
785,2215,71658000,Тюменская область,72,Ярковский муниципальный район,муниципальный район,1,2216,2018,9999,23139.0,266.8,62492.9,2651.0,672.0,0.25348924933987177,0.1145684774622931,24582.23757852759,354417,283867,283868,73806
786,2216,71871000,Ханты-Мансийский автономный округ — Югра,86,городской округ город Ханты-Мансийск,городской округ,2,2217,2018,9999,111772.0,238.7,133101.4,44478.0,5426.0,0.12199289536400018,0.39793508213148193,49596.89115756555,357970,287165,287196,74270
787,2217,71883000,Ханты-Мансийский автономный округ — Югра,86,городской округ город Когалым,городской округ,1,2218,2018,9999,63963.0,218.9,142278.9,26472.0,1785.0,0.06742973708068903,0.41386426527836406,45342.51970172114,359991,289055,289125,74326
788,2218,71872000,Ханты-Мансийский автономный округ — Югра,86,городской округ город Лангепас,городской округ,1,2219,2018,9999,44157.0,224.1,114243.3,10594.0,1498.0,0.14140079290164245,0.23991666100505016,36738.363197270235,358197,287403,287357,74276
789,2219,71873000,Ханты-Мансийский автономный округ — Югра,86,городской округ город Мегион,городской округ,1,2220,2018,9999,59715.0,223.4,124732.7,17153.0,2106.0,0.12277735673060106,0.2872477601942561,42534.23875076094,358370,287604,287585,74283
790,2220,71874000,Ханты-Мансийский автономный округ — Югра,86,городской округ город Нефтеюганск,городской округ,2,2221,2018,9999,126690.0,241.3,134448.9,43268.0,3505.0,0.08100674863640565,0.34152656089667693,45050.827005285726,358660,287819,287843,74289
791,2221,71875000,Ханты-Мансийский автономный округ — Югра,86,городской округ город Нижневартовск,городской округ,2,2222,2018,9999,290535.0,225.3,119385.6,72520.0,10619.0,0.14642857142857144,0.24960848090591495,45609.897976686865,358866,288026,288054,74294
792,2222,71879000,Ханты-Мансийский автономный округ — Югра,86,городской округ город Нягань,городской округ,1,2223,2018,9999,63466.0,236.1,117913.9,14877.0,2066.0,0.13887208442562343,0.23440897488418996,45517.73589209055,359794,288887,288863,74319
793,2223,71884000,Ханты-Мансийский автономный округ — Югра,86,городской округ город Покачи,городской округ,1,2224,2018,9999,16556.0,220.3,115289.7,5321.0,645.0,0.12121781619996241,0.32139405653539505,37649.18625919625,360196,289227,289269,74333
794,2224,71885000,Ханты-Мансийский автономный округ — Югра,86,городской округ город Пыть-Ях,городской округ,1,2225,2018,9999,40530.0,230.9,118280.6,15674.0,1396.0,0.08906469312236825,0.3867258820626696,39821.9898374838,360408,289415,289457,74339
795,2225,71877000,Ханты-Мансийский автономный округ — Югра,86,городской округ город Радужный,городской округ,1,2226,2018,9999,45574.0,212.3,117694.5,8692.0,1418.0,0.1631385181776346,0.1907227805327599,33044.534091117275,359366,288495,288448,74307
796,2226,71876000,Ханты-Мансийский автономный округ — Югра,86,городской округ город Сургут,городской округ,2,2227,2018,9999,420347.0,277.9,140879.7,120095.0,14411.0,0.11999666930346808,0.2857044299114779,47621.96715895939,359115,288240,288278,74300
797,2227,71878000,Ханты-Мансийский автономный округ — Югра,86,городской округ город Урай,городской округ,1,2228,2018,9999,41356.0,234.5,114415.3,10120.0,1781.0,0.17598814229249013,0.24470451687784117,42458.597053472964,359579,288655,288673,74312
798,2228,71887000,Ханты-Мансийский автономный округ — Югра,86,городской округ город Югорск,городской округ,1,2229,2018,9999,39233.0,245.1,142055.4,13449.0,1791.0,0.13316975239794782,0.3427981546147376,38913.85644214713,360621,289611,289619,74345
799,2229,71811000,Ханты-Мансийский автономный округ — Югра,86,Белоярский муниципальный район,муниципальный район,1,2230,2018,9999,28479.0,223.4,146470.7,10475.0,1262.0,0.12047732696897374,0.3678148811404895,38593.2664861626,355930,285289,285233,73897
800,223,86550000,Республика Карелия,10,Суоярвский муниципальный округ,муниципальный округ,1,2898,2023,9999,12070.0,269.2,74690.2,2589.0,474.0,0.18308227114716108,0.2144987572493786,29557.042009951987,418566,335704,335710,89409
801,2230,71812000,Ханты-Мансийский автономный округ — Югра,86,Березовский муниципальный район,муниципальный район,1,2231,2018,9999,22821.0,222.4,123093.5,7114.0,1439.0,0.2022771998875457,0.3117304237325271,38397.082903884955,356112,285483,285484,73927
802,2231,71816000,Ханты-Мансийский автономный округ — Югра,86,Кондинский муниципальный район,муниципальный район,1,2232,2018,9999,30387.0,230.9,116572.3,10693.0,1847.0,0.17272982324885439,0.35189390199756476,35666.148831119266,356385,285686,285671,73967
803,2232,71818000,Ханты-Мансийский автономный округ — Югра,86,Нефтеюганский муниципальный район,муниципальный район,3,2233,2018,9999,47486.0,260.2,138589.1,28786.0,1444.0,0.05016327381365942,0.6061997220233332,38406.19404917777,356547,285895,285874,74017
804,2233,71819000,Ханты-Мансийский автономный округ — Югра,86,Нижневартовский муниципальный район,муниципальный район,3,2234,2018,9999,38693.0,268.0,127830.1,42166.0,1946.0,0.04615092728738794,1.0897578373349184,31459.283085443305,356783,286060,286072,74050
805,2234,71821000,Ханты-Мансийский автономный округ — Югра,86,Октябрьский муниципальный район,муниципальный район,1,2235,2018,9999,32120.0,231.4,129455.8,14903.0,1709.0,0.11467489767160974,0.4639788293897883,35742.30829748008,357034,286278,286293,74095
806,2235,71824000,Ханты-Мансийский автономный округ — Югра,86,Советский муниципальный район,муниципальный район,1,2236,2018,9999,46492.0,244.4,105421.9,11847.0,2029.0,0.17126698742297627,0.2548180332100146,35754.83149919455,357267,286528,286542,74144
807,2236,71826000,Ханты-Мансийский автономный округ — Югра,86,Сургутский муниципальный район,муниципальный район,3,2237,2018,9999,129992.0,397.2,141717.7,91380.0,4678.0,0.0511928211862552,0.7029663363899317,37344.488387567064,357528,286721,286763,74182
808,2237,71829000,Ханты-Мансийский автономный округ — Югра,86,Ханты-Мансийский муниципальный район,муниципальный район,3,2238,2018,9999,19022.0,274.6,142244.3,23631.0,1288.0,0.05450467606110617,1.2422983913363475,33651.26624214399,357725,286948,286917,74229
809,2238,71951000,Ямало-Ненецкий автономный округ,89,городской округ город Салехард,городской округ,1,2239,2018,9999,49236.0,205.0,169044.9,23591.0,2640.0,0.11190708320969861,0.479141278739134,57477.340743011235,362384,291224,291233,74410
810,224,87701000,Республика Коми,11,городской округ Сыктывкар,городской округ,1,225,2018,9999,232811.0,276.0,81693.1,71751.0,10427.0,0.14532201641788964,0.3081942004458552,38362.287631523024,423430,340579,340562,91671
811,2241,71955000,Ямало-Ненецкий автономный округ,89,городской округ город Муравленко,городской округ,1,2242,2018,9999,29581.0,210.4,130077.5,8511.0,1500.0,0.17624250969333805,0.28771846793549916,42647.10501577369,363048,291802,291819,74428
812,2242,71956000,Ямало-Ненецкий автономный округ,89,городской округ город Новый Уренгой,городской округ,1,2243,2018,9999,106890.0,200.7,174598.5,72181.0,5149.0,0.0713345617267702,0.6752830012162035,48416.7608777823,363280,292043,292071,74433
813,2243,71958000,Ямало-Ненецкий автономный округ,89,городской округ город Ноябрьск,городской округ,1,2244,2018,9999,102938.0,211.8,156219.1,32291.0,4059.0,0.12570065962652133,0.3136936796906876,46414.786969937275,363562,292275,292274,74439
814,2244,71933000,Ямало-Ненецкий автономный округ,89,муниципальный округ Красноселькупский район,муниципальный округ,1,2871,2022,9999,5640.0,191.7,177997.6,4707.0,454.0,0.09645209262800085,0.8345744680851064,45508.28008438827,360894,289819,289825,74361
815,2245,71936000,Ямало-Ненецкий автономный округ,89,муниципальный округ Надымский район,муниципальный округ,1,2790,2021,9999,65345.0,205.7,192600.2,38742.0,2786.0,0.07191162046357957,0.5928839237891192,45207.965686872085,361123,290031,290053,74370
816,2248,71943000,Ямало-Ненецкий автономный округ,89,муниципальный округ Тазовский район,муниципальный округ,1,2792,2021,9999,17876.0,191.5,181196.5,29599.0,1494.0,0.05047467819858779,1.6557954799731485,45867.99147629961,361757,290615,290637,74390
817,2249,71946000,Ямало-Ненецкий автономный округ,89,муниципальный округ Шурышкарский район,муниципальный округ,1,2982,2023,9999,9162.0,212.8,118486.6,3189.0,976.0,0.30605205393540297,0.348068107400131,42810.42323523754,361937,290762,290770,74394
818,2250,71948000,Ямало-Ненецкий автономный округ,89,муниципальный округ Ямальский район,муниципальный округ,1,2872,2022,9999,16268.0,197.2,163565.2,35707.0,1610.0,0.04508919819643207,2.194922547332186,47193.65863728744,362137,291000,290972,74401
819,2251,73701000,Ульяновская область,73,городской округ город Ульяновск,городской округ,1,2252,2018,9999,632771.0,349.5,69508.0,153914.0,20466.0,0.1329703600712086,0.243238075069812,33399.16752438759,367647,295434,295457,75574
820,2252,73705000,Ульяновская область,73,городской округ город Димитровград,городской округ,2,2253,2018,9999,108804.0,365.3,64255.5,27657.0,3463.0,0.1252124236178906,0.25419102238888275,30405.037635170276,367868,295683,295689,75580
821,2253,73715000,Ульяновская область,73,городской округ город Новоульяновск,городской округ,1,2254,2018,9999,16791.0,354.0,62325.9,3469.0,360.0,0.10377630441049293,0.20659877315228395,21947.048117096987,368104,295787,295772,75588
822,2254,73602000,Ульяновская область,73,Базарносызганский муниципальный район,муниципальный район,1,2255,2018,9999,7275.0,349.7,38635.8,1135.0,194.0,0.17092511013215858,0.15601374570446735,21557.03776468594,363692,292410,292405,74447
823,2255,73604000,Ульяновская область,73,Барышский муниципальный район,муниципальный район,1,2256,2018,9999,34969.0,349.2,42037.2,4480.0,1125.0,0.25111607142857145,0.12811347193228287,20200.235552681097,363882,292543,292572,74490
824,2256,73607000,Ульяновская область,73,Вешкаймский муниципальный район,муниципальный район,1,2257,2018,9999,14314.0,351.1,40269.2,1813.0,511.0,0.28185328185328185,0.12665921475478553,19750.39314485101,364077,292692,292700,74566
825,2257,73610000,Ульяновская область,73,Инзенский муниципальный район,муниципальный район,1,2258,2018,9999,25875.0,353.2,45354.6,3681.0,863.0,0.23444716109752783,0.14226086956521738,22362.474625061386,364289,292840,292844,74616
826,2258,73614000,Ульяновская область,73,Карсунский муниципальный район,муниципальный район,1,2259,2018,9999,19556.0,354.4,38809.2,2846.0,896.0,0.31482782853127195,0.14553078339128656,18503.838857134797,364502,293046,293015,74680
827,2259,73616000,Ульяновская область,73,Кузоватовский муниципальный район,муниципальный район,1,2260,2018,9999,17939.0,347.8,43252.9,2386.0,626.0,0.26236378876781224,0.13300629912481185,20467.069834478283,364676,293178,293204,74742
828,226,87512000,Республика Коми,11,муниципальный округ Вуктыл,муниципальный округ,1,3101,2024,9999,10125.0,237.3,111490.6,3625.0,304.0,0.08386206896551725,0.35802469135802467,31455.79460489491,421120,338228,338249,90440
829,2260,73620000,Ульяновская область,73,Майнский муниципальный район,муниципальный район,1,2261,2018,9999,19862.0,350.9,42546.4,2605.0,691.0,0.2652591170825336,0.1311549692880878,19773.95534839773,364904,293342,293327,74788
830,2262,73625000,Ульяновская область,73,Николаевский муниципальный район,муниципальный район,1,2263,2018,9999,21200.0,351.4,48128.2,2935.0,782.0,0.26643952299829643,0.1384433962264151,19453.799230375003,365246,293596,293609,74906
831,2264,73629000,Ульяновская область,73,Новоспасский муниципальный район,муниципальный район,1,2265,2018,9999,19921.0,349.9,53868.8,5012.0,771.0,0.15383080606544294,0.2515937954921942,22179.12013644217,365650,293891,293880,75010
832,2265,73632000,Ульяновская область,73,Павловский муниципальный район,муниципальный район,1,2266,2018,9999,11582.0,345.5,48968.3,1833.0,395.0,0.215493726132024,0.1582628216197548,18403.011273909982,365814,294082,294061,75057
833,2266,73634000,Ульяновская область,73,Радищевский муниципальный район,муниципальный район,1,2267,2018,9999,11246.0,344.0,39825.0,1216.0,353.0,0.2902960526315789,0.10812733416325805,20411.46332478716,365996,294196,294211,75106
834,2267,73636000,Ульяновская область,73,Сенгилеевский муниципальный район,муниципальный район,1,2268,2018,9999,19008.0,342.6,55450.6,3118.0,603.0,0.1933932007697242,0.16403619528619529,19963.635833896074,366181,294344,294340,75147
835,2268,73639000,Ульяновская область,73,Старокулаткинский муниципальный район,муниципальный район,1,2269,2018,9999,9545.0,343.3,36450.9,1256.0,349.0,0.2778662420382166,0.13158721843897328,16368.308569621335,366362,294425,294429,75197
836,2269,73642000,Ульяновская область,73,Старомайнский муниципальный район,муниципальный район,1,2270,2018,9999,14556.0,347.3,41303.6,1365.0,540.0,0.3956043956043956,0.0937757625721352,18136.167741755882,366519,294520,294543,75241
837,2270,73644000,Ульяновская область,73,Сурский муниципальный район,муниципальный район,1,2271,2018,9999,14437.0,355.6,40095.8,1586.0,451.0,0.2843631778058008,0.10985661841102722,19537.325807199064,366700,294674,294660,75291
838,2271,73648000,Ульяновская область,73,Тереньгульский муниципальный район,муниципальный район,1,2272,2018,9999,15507.0,348.8,42415.2,1551.0,441.0,0.28433268858800775,0.1000193461017605,19225.14551733144,366894,294770,294776,75345
839,2272,73652000,Ульяновская область,73,Ульяновский муниципальный район,муниципальный район,1,2273,2018,9999,34931.0,358.7,52985.3,4303.0,977.0,0.22705089472461074,0.12318570896911053,20057.519344729382,367076,294918,294957,75394
840,2273,73654000,Ульяновская область,73,Цильнинский муниципальный район,муниципальный район,1,2274,2018,9999,23007.0,357.0,44786.8,2975.0,871.0,0.2927731092436975,0.12930847133481113,17994.28944471921,367241,295054,295078,75440
841,2274,73656000,Ульяновская область,73,Чердаклинский муниципальный район,муниципальный район,1,2275,2018,9999,38945.0,354.4,69072.4,6521.0,1319.0,0.20226959055359608,0.16744126332006676,20857.77795577146,367462,295276,295265,75502
842,2275,75701000,Челябинская область,74,городской округ Челябинский,городской округ,1,2276,2018,9999,1177058.0,297.8,84815.5,331439.0,43336.0,0.13075105826411496,0.2815825558298741,37492.95629245463,372680,299513,299483,77444
843,2276,75706000,Челябинская область,74,городской округ Верхнеуфалейский,городской округ,1,2277,2018,9999,25205.0,308.4,59045.2,4963.0,881.0,0.1775136006447713,0.1969053759174767,26219.24637977227,374312,300998,301023,77498
844,2278,75715000,Челябинская область,74,городской округ Карабашский,городской округ,1,2279,2018,9999,10372.0,307.2,66587.7,3066.0,342.0,0.11154598825831702,0.29560354801388355,26553.007020056088,374675,301317,301331,77522
845,2279,75728000,Челябинская область,74,городской округ Копейский,городской округ,1,2280,2018,9999,147109.0,314.0,71657.4,26042.0,4351.0,0.16707626142385376,0.17702519900210048,35818.39293126138,374872,301473,301486,77531
846,228,87523000,Республика Коми,11,муниципальный округ Усинск,муниципальный округ,1,3100,2024,9999,35807.0,222.2,138116.7,20882.0,1695.0,0.08117038597835456,0.5831820593738655,40941.451710157635,421137,338286,338317,90442
847,2280,75734000,Челябинская область,74,городской округ Кыштымский,городской округ,1,2281,2018,9999,37146.0,308.9,65719.5,9487.0,1490.0,0.1570570254031833,0.2553976202013676,32090.934318273787,375042,301607,301612,77539
848,2281,75738000,Челябинская область,74,городской округ Магнитогорский,городской округ,1,2282,2018,9999,408715.0,292.1,83303.8,109326.0,11080.0,0.10134826116385855,0.26748712427975485,32491.890972231995,375247,301805,301809,77545
849,2282,75742000,Челябинская область,74,городской округ Миасский,городской округ,1,2283,2018,9999,160837.0,308.1,78991.3,39998.0,5342.0,0.1335566778338917,0.2486865584411547,34949.61117761797,375459,302050,302071,77554
850,2286,75752000,Челябинская область,74,городской округ Троицкий,городской округ,2,2287,2018,9999,69845.0,304.8,57716.2,11796.0,2826.0,0.23957273652085453,0.1688882525592383,28443.952029570693,375730,302231,302207,77581
851,2287,75755000,Челябинская область,74,городской округ Усть-Катавский,городской округ,1,2288,2018,9999,23326.0,312.4,57046.3,6010.0,892.0,0.14841930116472546,0.2576524050415845,26543.105567536117,375899,302378,302374,77588
852,2288,75758000,Челябинская область,74,городской округ Чебаркульский,городской округ,2,2289,2018,9999,44648.0,322.8,57557.8,8863.0,1100.0,0.12411147466997631,0.19850833184017203,33787.19770437771,376077,302525,302529,77596
853,2289,75764000,Челябинская область,74,городской округ Южноуральский,городской округ,1,2290,2018,9999,37265.0,297.8,70031.6,8403.0,1024.0,0.12186124003332144,0.22549309003086004,30829.101291649175,376312,302712,302755,77609
854,2292,75606000,Челябинская область,74,Аргаяшский муниципальный район,муниципальный район,1,2293,2018,9999,39383.0,307.9,59756.1,4738.0,1473.0,0.3108906711692697,0.12030571566411903,21875.221061949847,368535,296142,296123,75667
855,2293,75609000,Челябинская область,74,Ашинский муниципальный район,муниципальный район,1,2294,2018,9999,54113.0,315.2,70379.1,14516.0,1551.0,0.1068476164232571,0.26825346959141055,27873.196056867502,368728,296333,296334,75746
856,2294,75612000,Челябинская область,74,Брединский муниципальный район,муниципальный район,1,2295,2018,9999,23380.0,276.0,48500.9,2484.0,794.0,0.3196457326892109,0.10624465355004277,22206.851621471076,368860,296454,296456,75813
857,2295,75614000,Челябинская область,74,Варненский муниципальный район,муниципальный район,1,2296,2018,9999,24054.0,279.8,73409.7,5776.0,943.0,0.1632617728531856,0.2401263823064771,24202.31688505689,369051,296571,296572,75885
858,2296,75617000,Челябинская область,74,Верхнеуральский муниципальный район,муниципальный район,1,2297,2018,9999,31251.0,295.9,70358.1,6481.0,1329.0,0.20506094738466285,0.2073853636683626,22983.260959896754,369221,296725,296740,75971
859,2297,75619000,Челябинская область,74,Еманжелинский муниципальный район,муниципальный район,1,2298,2018,9999,47326.0,303.4,54543.8,6097.0,1550.0,0.25422338855174675,0.1288298187043063,25643.74735913265,369409,296857,296860,76040
860,2298,75620000,Челябинская область,74,Еткульский муниципальный район,муниципальный район,1,2299,2018,9999,29743.0,305.1,61685.8,3912.0,985.0,0.25178936605316976,0.13152674578892512,25227.077353900157,369591,297053,297031,76072
861,2299,75623000,Челябинская область,74,Карталинский муниципальный район,муниципальный район,1,2300,2018,9999,43290.0,280.3,63612.2,7749.0,1285.0,0.16582784875467801,0.179002079002079,22891.70446188932,369801,297232,297193,76153
862,23,80723000,Республика Башкортостан,2,городской округ город Кумертау,городской округ,1,24,2018,9999,61143.0,306.7,60446.9,10343.0,1539.0,0.14879628734409744,0.16916081971771094,28003.971377894908,400761,322298,322259,87029
863,230,87604000,Республика Коми,11,Ижемский муниципальный район,муниципальный район,1,231,2018,9999,16187.0,235.7,71478.0,2711.0,1098.0,0.4050165990409443,0.16748007660468278,28493.964987240277,421372,338478,338482,90449
864,2300,75626000,Челябинская область,74,Каслинский муниципальный район,муниципальный район,1,2301,2018,9999,29118.0,307.7,56740.0,4905.0,1014.0,0.20672782874617737,0.1684525036060169,26172.837472202296,369972,297379,297374,76226
865,2301,75629000,Челябинская область,74,Катав-Ивановский муниципальный район,муниципальный район,1,2302,2018,9999,26222.0,310.0,53527.9,4199.0,906.0,0.2157656584901167,0.16013271298909312,24984.535629928432,370155,297498,297490,76308
866,2302,75632000,Челябинская область,74,Кизильский муниципальный район,муниципальный район,1,2303,2018,9999,19276.0,288.8,47177.6,1770.0,801.0,0.45254237288135596,0.0918240298817182,19724.982788954705,370254,297570,297581,76374
867,2303,75533000,Челябинская область,74,Коркинский муниципальный округ,муниципальный округ,1,2983,2023,9999,55417.0,306.7,60182.9,8388.0,2157.0,0.2571530758226037,0.15136149556995146,28837.33762050514,368167,295866,295868,75594
868,2304,75634000,Челябинская область,74,Красноармейский муниципальный район,муниципальный район,1,2305,2018,9999,49996.0,306.5,61073.5,4976.0,1485.0,0.2984324758842444,0.09952796223697896,23789.524300160203,370494,297744,297765,76475
869,2305,75636000,Челябинская область,74,Кунашакский муниципальный район,муниципальный район,1,2306,2018,9999,27505.0,302.2,52293.7,3669.0,1157.0,0.3153447805941674,0.13339392837665878,21336.763658573484,370627,297856,297857,76571
870,2307,75642000,Челябинская область,74,Нагайбакский муниципальный район,муниципальный район,1,2308,2018,9999,16951.0,291.6,60069.3,3101.0,743.0,0.23960012899064817,0.18293905964249896,19551.186022911646,370903,298061,298034,76680
871,2309,75647000,Челябинская область,74,Октябрьский муниципальный район,муниципальный район,1,2310,2018,9999,18139.0,285.7,52761.0,2323.0,830.0,0.3572965992251399,0.12806659683554772,20184.751420384633,371161,298223,298233,76788
872,2312,75652000,Челябинская область,74,Сосновский муниципальный район,муниципальный район,1,2313,2018,9999,93044.0,313.1,78815.5,14823.0,2614.0,0.1763475679686973,0.1593117234856627,36678.767755887355,371732,298696,298714,76976
873,2314,75655000,Челябинская область,74,Увельский муниципальный район,муниципальный район,1,2315,2018,9999,30982.0,297.0,69599.1,5657.0,1015.0,0.17942372282128335,0.1825898909043961,22096.71793097924,372015,298955,298949,77168
874,2315,75656000,Челябинская область,74,Уйский муниципальный район,муниципальный район,1,2316,2018,9999,20981.0,297.0,47728.1,2426.0,936.0,0.38582028029678483,0.11562842571850722,20810.54784615145,372180,299066,299046,77235
875,2316,75657000,Челябинская область,74,Чебаркульский муниципальный район,муниципальный район,3,2317,2018,9999,28564.0,330.8,60279.1,4050.0,848.0,0.20938271604938272,0.14178686458479203,24698.618490623478,372310,299180,299190,77307
876,2317,75659000,Челябинская область,74,Чесменский муниципальный район,муниципальный район,1,2318,2018,9999,15114.0,287.6,53848.6,1912.0,626.0,0.3274058577405858,0.12650522694190816,22860.22223243432,372447,299287,299274,77366
877,2318,78701000,Ярославская область,76,городской округ город Ярославль,городской округ,2,2319,2018,9999,567443.0,417.9,76713.9,160990.0,22461.0,0.13951798248338407,0.28371131549776807,38356.421146369015,387053,310989,310979,81099
878,232,87612000,Республика Коми,11,Койгородский муниципальный район,муниципальный район,1,233,2018,9999,7470.0,278.2,66260.9,1632.0,309.0,0.18933823529411764,0.21847389558232932,24863.980276677066,421623,338766,338773,90605
879,2320,78715000,Ярославская область,76,городской округ город Рыбинск,городской округ,2,2321,2018,9999,171810.0,375.0,72473.2,49857.0,5613.0,0.11258198447560022,0.2901868342936965,33041.17810905489,387523,311427,311422,81115
880,2321,78603000,Ярославская область,76,Большесельский муниципальный район,муниципальный район,1,2322,2018,9999,9122.0,371.2,50677.7,1472.0,263.0,0.17866847826086957,0.16136812102609077,23508.690891924878,383868,308329,308296,80967
881,2322,78606000,Ярославская область,76,Борисоглебский муниципальный район,муниципальный район,1,2323,2018,9999,11831.0,387.0,52498.4,1787.0,545.0,0.3049804141018467,0.15104386780491927,26158.412456743485,384061,308459,308424,80975
882,2323,78609000,Ярославская область,76,Брейтовский муниципальный район,муниципальный район,1,2324,2018,9999,5332.0,345.2,45626.1,983.0,213.0,0.21668362156663276,0.18435858964741186,24397.500570365028,384245,308567,308562,80983
883,2324,78612000,Ярославская область,76,Гаврилов-Ямский муниципальный район,муниципальный район,1,2325,2018,9999,23809.0,384.4,62073.5,5603.0,982.0,0.17526325182937713,0.23533117728590028,24950.864352121254,384427,308712,308713,80992
884,2325,78615000,Ярославская область,76,Даниловский муниципальный район,муниципальный район,1,2326,2018,9999,20497.0,361.5,54092.9,3903.0,925.0,0.23699718165513708,0.1904181099673123,23620.651969783165,384674,308920,308904,81001
885,2326,78618000,Ярославская область,76,Любимский муниципальный район,муниципальный район,1,2327,2018,9999,9732.0,352.8,48998.8,1609.0,382.0,0.23741454319453076,0.16533086724208795,22581.69893586099,384822,309061,309059,81010
886,2327,78621000,Ярославская область,76,Мышкинский муниципальный район,муниципальный район,1,2328,2018,9999,9051.0,365.5,62791.0,2157.0,394.0,0.1826611033843301,0.23831620815379517,26307.907757849986,385023,309232,309231,81017
887,2328,78623000,Ярославская область,76,Некоузский муниципальный район,муниципальный район,1,2329,2018,9999,11435.0,359.9,58673.1,3133.0,432.0,0.13788700925630387,0.2739833843463052,23701.239097317597,385227,309374,309389,81024
888,2329,78626000,Ярославская область,76,Некрасовский муниципальный район,муниципальный район,1,2330,2018,9999,19480.0,373.3,55614.7,3346.0,613.0,0.18320382546323968,0.1717659137577002,24521.968859902165,385429,309545,309560,81033
889,233,87616000,Республика Коми,11,Корткеросский муниципальный район,муниципальный район,1,234,2018,9999,18232.0,275.1,59748.5,2882.0,907.0,0.3147120055517002,0.15807371654234315,22174.558369375176,421721,338853,338850,90660
890,2330,78629000,Ярославская область,76,Первомайский муниципальный район,муниципальный район,1,2331,2018,9999,8362.0,355.4,50142.8,1514.0,400.0,0.26420079260237783,0.1810571633580483,22819.523909096355,385630,309665,309673,81041
891,2332,78634000,Ярославская область,76,Пошехонский муниципальный район,муниципальный район,1,2333,2018,9999,10190.0,348.8,45040.6,1730.0,438.0,0.25317919075144507,0.16977428851815504,22222.68847464036,385819,309807,309800,81051
892,2333,78637000,Ярославская область,76,Ростовский муниципальный район,муниципальный район,1,2334,2018,9999,57986.0,393.2,59404.8,13310.0,2109.0,0.15845229151014276,0.2295381643845066,29392.85865702086,386018,310052,310038,81060
893,2334,78640000,Ярославская область,76,Рыбинский муниципальный район,муниципальный район,3,2335,2018,9999,26409.0,456.0,68584.3,5273.0,895.0,0.16973260003792906,0.19966678026430384,28873.73914130811,386211,310178,310203,81066
894,2335,78643000,Ярославская область,76,Тутаевский муниципальный район,муниципальный район,1,2336,2018,9999,52373.0,370.2,57575.9,8351.0,1758.0,0.21051371093282242,0.15945238959005595,30723.610986951986,386433,310385,310406,81074
895,2336,78646000,Ярославская область,76,Угличский муниципальный район,муниципальный район,1,2337,2018,9999,46215.0,378.0,57746.0,8002.0,1626.0,0.20319920019995003,0.17314724656496808,31185.47902258246,386642,310585,310556,81083
896,2337,78650000,Ярославская область,76,Ярославский муниципальный район,муниципальный район,3,2338,2018,9999,72442.0,719.7,77400.4,14384.0,2019.0,0.1403642936596218,0.19855884707766214,37983.06334898532,386826,310806,310768,81094
897,2338,99701000,Еврейская автономная область,79,городской округ город Биробиджан,городской округ,1,2339,2018,9999,67788.0,147.1,76309.1,18976.0,2488.0,0.13111298482293424,0.27993155130701597,40508.35040829001,469419,376989,376951,106327
898,2339,99605000,Еврейская автономная область,79,Биробиджанский муниципальный район,муниципальный район,1,2340,2018,9999,9980.0,173.3,61844.1,1286.0,367.0,0.2853810264385692,0.12885771543086172,29510.972436787688,468483,376248,376253,106103
899,234,87620000,Республика Коми,11,муниципальный район Печора,муниципальный район,1,235,2018,9999,42164.0,233.5,107336.0,13576.0,1635.0,0.12043311726576311,0.3219808367327578,37611.86163425621,421949,339073,339055,90784
900,2340,99610000,Еврейская автономная область,79,Ленинский муниципальный район,муниципальный район,1,2341,2018,9999,15325.0,140.0,66714.9,2232.0,683.0,0.30600358422939067,0.14564437194127244,34253.98548667548,468654,376375,376389,106145
901,2341,99620000,Еврейская автономная область,79,Облученский муниципальный район,муниципальный район,1,2342,2018,9999,23265.0,143.3,97090.7,8642.0,868.0,0.10043971302939135,0.37145927358693315,38174.56503917868,468874,376539,376555,106183
902,2342,99625000,Еврейская автономная область,79,Октябрьский муниципальный район,муниципальный район,1,2343,2018,9999,7462.0,138.1,56576.3,1062.0,536.0,0.504708097928437,0.14232109354060574,29328.966448832667,469027,376664,376641,106246
903,2343,99630000,Еврейская автономная область,79,Смидовичский муниципальный район,муниципальный район,1,2344,2018,9999,21982.0,143.8,96699.5,4106.0,644.0,0.1568436434486118,0.1867891911564007,34143.32899247037,469184,376738,376752,106272
904,2349,77609000,Чукотский автономный округ,87,Билибинский муниципальный район,муниципальный район,1,2350,2018,9999,7279.0,112.4,199396.5,7290.0,457.0,0.0626886145404664,1.0015111965929386,69838.6762778573,382743,307497,307477,80850
905,235,87624000,Республика Коми,11,Прилузский муниципальный район,муниципальный район,1,236,2018,9999,17018.0,290.9,66032.3,4741.0,774.0,0.16325669689938832,0.2785873780702785,23669.049497934342,422044,339177,339168,90855
906,2351,40301000,Санкт-Петербург,78,внутригородская территория города федерального значения муниципальный округ Коломна,внутригородская территория города федерального значения,1,2352,2018,9999,33530.0,411.8,108102.7,17438.0,3694.0,0.21183621974997133,0.5200715776916195,48447.06324633609,179631,146559,146551,44109
907,2352,40302000,Санкт-Петербург,78,внутригородская территория города федерального значения муниципальный округ Сенной округ,внутригородская территория города федерального значения,1,2353,2018,9999,20360.0,418.7,161058.2,14516.0,2220.0,0.15293469275282448,0.712966601178782,47103.85345097085,179847,146759,146714,44115
908,2353,40303000,Санкт-Петербург,78,внутригородская территория города федерального значения муниципальный округ Адмиралтейский округ,внутригородская территория города федерального значения,1,2354,2018,9999,23945.0,414.6,173598.5,41964.0,2320.0,0.05528548279477648,1.7525161829191898,50151.37600743571,180001,146955,146943,44121
909,2354,40304000,Санкт-Петербург,78,внутригородская территория города федерального значения муниципальный округ Семеновский,внутригородская территория города федерального значения,1,2355,2018,9999,22123.0,417.0,121453.5,33724.0,1182.0,0.03504922310520697,1.5243863852099624,46709.167389871174,180214,147112,147121,44128
910,2355,40305000,Санкт-Петербург,78,внутригородская территория города федерального значения муниципальный округ Измайловское,внутригородская территория города федерального значения,1,2356,2018,9999,32593.0,414.9,101555.8,28062.0,3856.0,0.1374100206685197,0.8609824195379376,52809.57739832697,180456,147299,147306,44133
911,2356,40306000,Санкт-Петербург,78,внутригородская территория города федерального значения муниципальный округ Екатерингофский,внутригородская территория города федерального значения,1,2357,2018,9999,21671.0,410.6,125997.2,19257.0,1259.0,0.0653788232850392,0.8886068940058143,43228.05121417003,180669,147516,147527,44139
912,2357,40307000,Санкт-Петербург,78,внутригородская территория города федерального значения муниципальный округ № 7,внутригородская территория города федерального значения,1,2358,2018,9999,36091.0,407.6,134158.9,45747.0,11775.0,0.2573939274706538,1.2675459255770136,49615.723484724665,180898,147727,147715,44146
913,2358,40308000,Санкт-Петербург,78,внутригородская территория города федерального значения муниципальный округ Васильевский,внутригородская территория города федерального значения,1,2359,2018,9999,31425.0,408.0,134399.1,14591.0,1638.0,0.11226098279761497,0.46431185361972954,49738.44679570282,181112,147885,147911,44152
914,2359,40309000,Санкт-Петербург,78,внутригородская территория города федерального значения муниципальный округ Гавань,внутригородская территория города федерального значения,1,2360,2018,9999,41047.0,390.3,184908.8,14463.0,1135.0,0.07847611145682086,0.35235218164543086,52630.591321234606,181285,148079,148080,44158
915,236,87626000,Республика Коми,11,муниципальный район Сосногорск,муниципальный район,1,237,2018,9999,33872.0,251.7,89784.3,8751.0,1331.0,0.1520969032110616,0.2583549834671705,32165.572552499736,422268,339363,339405,90943
916,2360,40310000,Санкт-Петербург,78,внутригородская территория города федерального значения муниципальный округ Морской,внутригородская территория города федерального значения,1,2361,2018,9999,36080.0,395.7,128388.0,1893.0,505.0,0.26677231907025883,0.052466740576496675,52815.431641969444,181442,148131,148142,44164
917,2361,40311000,Санкт-Петербург,78,внутригородская территория города федерального значения муниципальный округ Остров Декабристов,внутригородская территория города федерального значения,1,2362,2018,9999,60755.0,398.1,151689.0,10605.0,1338.0,0.12616690240452616,0.17455353468850301,52901.62931015057,181619,148280,148295,44169
918,2363,40313000,Санкт-Петербург,78,внутригородская территория города федерального значения поселок Парголово,внутригородская территория города федерального значения,1,2364,2018,9999,111145.0,378.5,106082.5,7845.0,1949.0,0.2484384958572339,0.07058347204102748,47796.28510541289,181930,148482,148472,44182
919,2364,40314000,Санкт-Петербург,78,внутригородская территория города федерального значения муниципальный округ Сампсониевское,внутригородская территория города федерального значения,1,2365,2018,9999,39068.0,414.9,134530.3,46087.0,4412.0,0.09573198515850456,1.1796611037165967,51524.153210638164,182141,148643,148652,44188
920,2365,40315000,Санкт-Петербург,78,внутригородская территория города федерального значения муниципальный округ Светлановское,внутригородская территория города федерального значения,1,2366,2018,9999,89796.0,410.4,114557.0,32001.0,2790.0,0.08718477547576638,0.3563744487505011,52689.19197488142,182364,148819,148851,44194
921,2366,40316000,Санкт-Петербург,78,внутригородская территория города федерального значения муниципальный округ Сосновское,внутригородская территория города федерального значения,1,2367,2018,9999,60378.0,402.6,109650.5,7223.0,1494.0,0.20683926346393466,0.11962966643479413,48316.14525792268,182479,148920,148934,44199
922,2367,40317000,Санкт-Петербург,78,внутригородская территория города федерального значения муниципальный округ № 15,внутригородская территория города федерального значения,1,2368,2018,9999,60902.0,396.0,105497.0,5047.0,1434.0,0.28412918565484446,0.08287084168007619,45381.56451416686,182594,148994,148993,44206
923,2368,40318000,Санкт-Петербург,78,внутригородская территория города федерального значения муниципальный округ Сергиевское,внутригородская территория города федерального значения,1,2369,2018,9999,60031.0,389.6,135662.9,11224.0,1618.0,0.14415538132573058,0.1869700654661758,45319.449345828,182769,149118,149127,44211
924,2369,40319000,Санкт-Петербург,78,внутригородская территория города федерального значения муниципальный округ Шувалово-Озерки,внутригородская территория города федерального значения,1,2370,2018,9999,116146.0,395.7,90022.3,7964.0,2559.0,0.32132094424912105,0.06856887021507413,48272.428919113525,182932,149234,149238,44217
925,237,87628000,Республика Коми,11,Сыктывдинский муниципальный район,муниципальный район,1,238,2018,9999,21462.0,282.2,69555.4,4884.0,1268.0,0.2596232596232596,0.2275649986021806,31364.827722192822,422390,339520,339544,90984
926,2370,40320000,Санкт-Петербург,78,внутригородская территория города федерального значения поселок Лисий Нос,внутригородская территория города федерального значения,1,2371,2018,9999,6508.0,363.6,116882.1,2572.0,140.0,0.05443234836702955,0.39520590043023973,54644.63883200526,183025,149300,149293,44223
927,2371,40321000,Санкт-Петербург,78,внутригородская территория города федерального значения муниципальный округ Лахта-Ольгино,внутригородская территория города федерального значения,1,2372,2018,9999,15567.0,382.1,405587.4,9722.0,347.0,0.03569224439415758,0.6245262414081069,48193.77449172298,183167,149368,149392,44230
928,2372,40322000,Санкт-Петербург,78,внутригородская территория города федерального значения муниципальный округ № 65,внутригородская территория города федерального значения,1,2373,2018,9999,191571.0,388.7,127853.4,22608.0,3752.0,0.1659589525831564,0.11801368683151417,53175.997096592626,183362,149571,149539,44236
929,2373,40323000,Санкт-Петербург,78,внутригородская территория города федерального значения муниципальный округ Ланское,внутригородская территория города федерального значения,1,2712,2020,9999,70100.0,412.5,148160.9,19650.0,4443.0,0.22610687022900763,0.28031383737517834,53171.25577068269,183546,149751,149752,44241
930,2374,40324000,Санкт-Петербург,78,внутригородская территория города федерального значения муниципальный округ Комендантский аэродром,внутригородская территория города федерального значения,1,2375,2018,9999,94400.0,410.9,122732.3,15576.0,1738.0,0.1115819209039548,0.165,50508.28886533953,183741,149886,149868,44248
931,2375,40325000,Санкт-Петербург,78,внутригородская территория города федерального значения муниципальный округ Озеро Долгое,внутригородская территория города федерального значения,1,2376,2018,9999,91526.0,405.7,111013.4,19376.0,2038.0,0.10518166804293971,0.21169940781854338,50027.5467182564,183970,150035,150082,44253
932,2376,40326000,Санкт-Петербург,78,внутригородская территория города федерального значения муниципальный округ Юнтолово,внутригородская территория города федерального значения,1,2377,2018,9999,115111.0,394.8,131474.9,12121.0,2360.0,0.19470340730962793,0.10529836418761022,50843.68726614248,184135,150206,150199,44259
933,2377,40327000,Санкт-Петербург,78,внутригородская территория города федерального значения муниципальный округ Коломяги,внутригородская территория города федерального значения,1,2378,2018,9999,119292.0,386.8,118280.7,13984.0,2123.0,0.15181636155606407,0.11722496060087852,53998.600859553626,184286,150330,150323,44265
934,2378,40328000,Санкт-Петербург,78,внутригородская территория города федерального значения муниципальный округ Гражданка,внутригородская территория города федерального значения,1,2379,2018,9999,67654.0,407.1,136485.7,15417.0,1643.0,0.10657066874229747,0.22788009578147633,47204.98074708309,184450,150406,150398,44271
935,2379,40329000,Санкт-Петербург,78,внутригородская территория города федерального значения муниципальный округ Академическое,внутригородская территория города федерального значения,1,2380,2018,9999,108549.0,405.9,120412.0,16262.0,7217.0,0.4437953511253228,0.14981252706151138,47999.19461080595,184584,150532,150538,44278
936,238,87632000,Республика Коми,11,Сысольский муниципальный район,муниципальный район,1,239,2018,9999,11592.0,284.3,61634.9,2956.0,629.0,0.212787550744249,0.2550034506556246,24107.736271125017,422519,339683,339649,91074
937,2380,40330000,Санкт-Петербург,78,внутригородская территория города федерального значения муниципальный округ Финляндский округ,внутригородская территория города федерального значения,1,2381,2018,9999,72078.0,409.7,139671.6,50067.0,2420.0,0.04833523079074041,0.6946224923000083,45694.01123789002,184764,150728,150676,44284
938,2381,40331000,Санкт-Петербург,78,внутригородская территория города федерального значения муниципальный округ № 21,внутригородская территория города федерального значения,1,2382,2018,9999,76567.0,400.2,103820.0,6566.0,1368.0,0.20834602497715504,0.0857549597084906,45621.467020953925,184964,150813,150817,44290
939,2382,40332000,Санкт-Петербург,78,внутригородская территория города федерального значения муниципальный округ Пискаревка,внутригородская территория города федерального значения,1,2383,2018,9999,81396.0,405.7,106376.8,8920.0,2427.0,0.272085201793722,0.10958769472701362,50973.29988368643,185095,150937,150938,44295
940,2383,40333000,Санкт-Петербург,78,внутригородская территория города федерального значения муниципальный округ Северный,внутригородская территория города федерального значения,1,2384,2018,9999,48022.0,402.8,88848.6,2941.0,1248.0,0.4243454607276437,0.06124276373328891,45049.88817903848,185210,150993,150990,44302
941,2384,40334000,Санкт-Петербург,78,внутригородская территория города федерального значения муниципальный округ Прометей,внутригородская территория города федерального значения,1,2385,2018,9999,76479.0,401.2,83890.2,4447.0,1781.0,0.4004947155385653,0.05814668078819022,46566.180436092654,185336,151078,151069,44308
942,2385,40335000,Санкт-Петербург,78,внутригородская территория города федерального значения муниципальный округ Княжево,внутригородская территория города федерального значения,1,2386,2018,9999,59699.0,406.1,131825.9,11318.0,1650.0,0.14578547446545326,0.1895844151493325,44424.15358868275,185450,151184,151178,44314
943,2386,40336000,Санкт-Петербург,78,внутригородская территория города федерального значения муниципальный округ Ульянка,внутригородская территория города федерального значения,1,2387,2018,9999,76019.0,399.3,81411.9,4198.0,2158.0,0.5140543115769414,0.05522303634617661,44165.28888358556,185623,151272,151262,44319
944,2387,40337000,Санкт-Петербург,78,внутригородская территория города федерального значения муниципальный округ Дачное,внутригородская территория города федерального значения,1,2388,2018,9999,70462.0,403.3,79387.8,2464.0,1489.0,0.604301948051948,0.03496920325849394,44734.392993458954,185715,151324,151334,44325
945,2388,40338000,Санкт-Петербург,78,внутригородская территория города федерального значения муниципальный округ Автово,внутригородская территория города федерального значения,1,2389,2018,9999,42639.0,404.0,132541.9,18393.0,1379.0,0.0749741749578644,0.43136565116442693,43693.40299246722,185889,151514,151466,44332
946,2389,40339000,Санкт-Петербург,78,внутригородская территория города федерального значения муниципальный округ Нарвский округ,внутригородская территория города федерального значения,1,2390,2018,9999,33260.0,407.1,117340.4,39652.0,1457.0,0.03674467870473116,1.1921828021647625,43208.63334849779,186126,151701,151670,44337
947,239,87636000,Республика Коми,11,Троицко-Печорский муниципальный район,муниципальный район,1,240,2018,9999,9461.0,241.6,61461.9,2100.0,384.0,0.18285714285714286,0.22196385160131063,29568.86706432223,422676,339797,339791,91155
948,2390,40340000,Санкт-Петербург,78,внутригородская территория города федерального значения муниципальный округ Красненькая речка,внутригородская территория города федерального значения,1,2391,2018,9999,38302.0,409.0,88191.4,1271.0,740.0,0.5822187254130606,0.033183645762623365,44972.77654730664,186223,151751,151757,44343
949,2391,40341000,Санкт-Петербург,78,внутригородская территория города федерального значения муниципальный округ Морские ворота,внутригородская территория города федерального значения,1,2392,2018,9999,10430.0,397.4,129501.2,10356.0,1223.0,0.11809578988026265,0.9929050814956856,41874.677464375985,186360,151871,151851,44350
950,2392,40342000,Санкт-Петербург,78,внутригородская территория города федерального значения город Колпино,внутригородская территория города федерального значения,1,2393,2018,9999,145875.0,364.3,104491.6,32436.0,4800.0,0.14798372179060304,0.2223547557840617,41601.02589919246,186601,152038,151994,44356
951,2393,40343000,Санкт-Петербург,78,внутригородская территория города федерального значения поселок Металлострой,внутригородская территория города федерального значения,1,2394,2018,9999,27407.0,372.6,120868.5,7832.0,778.0,0.09933605720122574,0.2857664100412303,41090.47712317735,186708,152104,152123,44361
952,2395,40345000,Санкт-Петербург,78,внутригородская территория города федерального значения поселок Понтонный,внутригородская территория города федерального значения,1,2396,2018,9999,8552.0,372.4,121181.9,3912.0,327.0,0.08358895705521473,0.45743685687558466,38527.86064471205,186909,152221,152216,44374
953,2398,40348000,Санкт-Петербург,78,внутригородская территория города федерального значения муниципальный округ Полюстрово,внутригородская территория города федерального значения,1,2399,2018,9999,75419.0,396.2,109170.8,10293.0,1610.0,0.15641698241523366,0.13647754544610774,45686.60979383438,187184,152355,152376,44392
954,2399,40349000,Санкт-Петербург,78,внутригородская территория города федерального значения муниципальный округ Большая Охта,внутригородская территория города федерального значения,1,2400,2018,9999,57831.0,409.9,107544.0,13379.0,1430.0,0.10688392256521415,0.23134650965745016,48659.330956738806,187326,152538,152534,44398
955,240,87640000,Республика Коми,11,Удорский муниципальный район,муниципальный район,1,241,2018,9999,12261.0,258.1,63791.4,2758.0,568.0,0.20594633792603337,0.22494086942337493,29474.76246899568,422780,339930,339940,91248
956,2400,40350000,Санкт-Петербург,78,внутригородская территория города федерального значения муниципальный округ Малая Охта,внутригородская территория города федерального значения,1,2401,2018,9999,43157.0,412.8,149041.5,19261.0,1942.0,0.1008255023103681,0.44630071599045346,48224.594588297456,187541,152719,152696,44403
957,2401,40351000,Санкт-Петербург,78,внутригородская территория города федерального значения муниципальный округ Пороховые,внутригородская территория города федерального значения,1,2402,2018,9999,128099.0,401.9,99455.2,9163.0,3072.0,0.335261377278184,0.07153061304147573,43689.334412036114,187690,152813,152827,44410
958,2402,40352000,Санкт-Петербург,78,внутригородская территория города федерального значения муниципальный округ Ржевка,внутригородская территория города федерального значения,1,2403,2018,9999,60985.0,396.7,112774.9,14961.0,1740.0,0.11630238620413073,0.24532262031647126,44912.39281553153,187828,152935,152960,44415
959,2403,40353000,Санкт-Петербург,78,внутригородская территория города федерального значения город Красное Село,внутригородская территория города федерального значения,1,2404,2018,9999,60306.0,365.8,99429.6,7507.0,1561.0,0.2079392566937525,0.12448180943853017,43758.83046043845,187984,153049,153038,44422
960,2404,40354000,Санкт-Петербург,78,внутригородская территория города федерального значения муниципальный округ Юго-Запад,внутригородская территория города федерального значения,1,2405,2018,9999,58402.0,403.1,83016.2,3617.0,1702.0,0.4705557091512303,0.06193281052018766,46608.67224747726,188066,153094,153101,44428
961,2405,40355000,Санкт-Петербург,78,внутригородская территория города федерального значения муниципальный округ Южно-Приморский,внутригородская территория города федерального значения,1,2406,2018,9999,128489.0,390.1,95978.1,12463.0,3674.0,0.294792586054722,0.09699663006171734,51226.31946340766,188205,153198,153194,44434
962,2406,40356000,Санкт-Петербург,78,внутригородская территория города федерального значения муниципальный округ Сосновая поляна,внутригородская территория города федерального значения,1,2407,2018,9999,73238.0,386.5,93823.1,6105.0,3177.0,0.5203931203931204,0.08335836587563833,46479.99484165351,188329,153260,153272,44440
963,2407,40357000,Санкт-Петербург,78,внутригородская территория города федерального значения муниципальный округ Урицк,внутригородская территория города федерального значения,1,2408,2018,9999,50257.0,395.7,96371.5,6690.0,1208.0,0.18056801195814648,0.13311578486578984,44836.75003511791,188448,153344,153338,44445
964,2408,40358000,Санкт-Петербург,78,внутригородская территория города федерального значения муниципальный округ Константиновское,внутригородская территория города федерального значения,1,2409,2018,9999,35619.0,387.0,79940.4,3695.0,1182.0,0.3198917456021651,0.10373676970156377,43934.92891345523,188555,153398,153388,44452
965,2409,40359000,Санкт-Петербург,78,внутригородская территория города федерального значения муниципальный округ Горелово,внутригородская территория города федерального значения,1,2410,2018,9999,28519.0,377.8,97190.5,3162.0,384.0,0.12144212523719165,0.11087345278586205,45120.31121743486,188678,153478,153467,44457
966,241,87644000,Республика Коми,11,Усть-Вымский муниципальный район,муниципальный район,1,242,2018,9999,23548.0,273.9,72808.3,7382.0,800.0,0.1083717149823896,0.313487344997452,29385.58648321584,422957,340084,340111,91364
967,2410,40360000,Санкт-Петербург,78,внутригородская территория города федерального значения город Кронштадт,внутригородская территория города федерального значения,1,2411,2018,9999,44515.0,338.8,80937.2,6187.0,1303.0,0.21060287700016164,0.13898685836234978,42932.08161165073,188839,153568,153582,44463
968,2411,40361000,Санкт-Петербург,78,внутригородская территория города федерального значения город Зеленогорск,внутригородская территория города федерального значения,1,2412,2018,9999,15462.0,333.4,83433.5,2207.0,429.0,0.19438151336656095,0.1427370327253913,47167.787075746804,188949,153654,153657,44470
969,2412,40362000,Санкт-Петербург,78,внутригородская территория города федерального значения город Сестрорецк,внутригородская территория города федерального значения,1,2413,2018,9999,45935.0,349.5,109561.6,8663.0,1356.0,0.1565277617453538,0.1885925764667465,50236.27193314072,189095,153765,153789,44476
970,2416,40366000,Санкт-Петербург,78,внутригородская территория города федерального значения поселок Песочный,внутригородская территория города федерального значения,1,2417,2018,9999,9869.0,362.5,145968.3,3507.0,199.0,0.05674365554605076,0.35535515249772015,48739.67295807067,189351,153882,153872,44500
971,242,87648000,Республика Коми,11,Усть-Куломский муниципальный район,муниципальный район,1,243,2018,9999,21766.0,261.2,61561.6,3993.0,1155.0,0.2892561983471074,0.18345125424974731,23680.053411609217,423104,340220,340244,91464
972,2422,40372000,Санкт-Петербург,78,внутригородская территория города федерального значения город Ломоносов,внутригородская территория города федерального значения,2,2423,2018,9999,38558.0,352.8,92014.9,6957.0,1190.0,0.17105074026160702,0.18042948285699464,43183.739993638635,189675,154070,154056,44536
973,2423,40373000,Санкт-Петербург,78,внутригородская территория города федерального значения муниципальный округ Московская застава,внутригородская территория города федерального значения,1,2424,2018,9999,44916.0,410.6,162233.1,58150.0,2524.0,0.04340498710232158,1.2946388814676284,52651.40141631359,189943,154298,154273,44542
974,2424,40374000,Санкт-Петербург,78,внутригородская территория города федерального значения муниципальный округ Гагаринское,внутригородская территория города федерального значения,1,2425,2018,9999,65624.0,409.0,110892.9,16436.0,2049.0,0.1246653687028474,0.2504571498232354,49402.88212753908,190103,154410,154411,44548
975,2425,40375000,Санкт-Петербург,78,внутригородская территория города федерального значения муниципальный округ Новоизмайловское,внутригородская территория города федерального значения,1,2426,2018,9999,83316.0,409.2,131139.0,14938.0,1904.0,0.1274601686972821,0.17929329300494504,47314.77772422188,190329,154605,154594,44553
976,2426,40376000,Санкт-Петербург,78,внутригородская территория города федерального значения муниципальный округ Пулковский меридиан,внутригородская территория города федерального значения,1,2427,2018,9999,45574.0,380.2,146876.2,28158.0,2628.0,0.09333049222245898,0.6178522841971299,49451.09707317846,190540,154784,154772,44560
977,2427,40377000,Санкт-Петербург,78,внутригородская территория города федерального значения муниципальный округ Звездное,внутригородская территория города федерального значения,1,2428,2018,9999,93726.0,403.3,140023.1,16550.0,1597.0,0.09649546827794563,0.1765785374389177,52163.26546830974,190695,154967,154941,44565
978,2428,40378000,Санкт-Петербург,78,внутригородская территория города федерального значения муниципальный округ Невская застава,внутригородская территория города федерального значения,1,2429,2018,9999,28050.0,408.3,111001.4,27280.0,919.0,0.03368768328445748,0.9725490196078431,45520.39920220638,190927,155173,155161,44571
979,2429,40379000,Санкт-Петербург,78,внутригородская территория города федерального значения муниципальный округ Ивановский,внутригородская территория города федерального значения,1,2430,2018,9999,27157.0,410.4,94443.0,9393.0,551.0,0.058660704780155434,0.3458776742644622,46216.554755253055,191106,155298,155290,44577
980,243,87652000,Республика Коми,11,Усть-Цилемский муниципальный район,муниципальный район,1,244,2018,9999,10360.0,228.3,68239.7,2104.0,649.0,0.30846007604562736,0.2030888030888031,27950.622829256055,423227,340351,340342,91590
981,2430,40380000,Санкт-Петербург,78,внутригородская территория города федерального значения муниципальный округ Обуховский,внутригородская территория города федерального значения,1,2431,2018,9999,56679.0,402.4,106569.0,8363.0,1820.0,0.2176252540954203,0.14755023906561512,45535.48263773301,191242,155405,155424,44584
982,2431,40381000,Санкт-Петербург,78,внутригородская территория города федерального значения муниципальный округ Рыбацкое,внутригородская территория города федерального значения,1,2432,2018,9999,70132.0,388.7,122881.2,17117.0,1236.0,0.07220891511362973,0.24406832829521474,45138.62481576154,191452,155561,155571,44590
983,2432,40382000,Санкт-Петербург,78,внутригородская территория города федерального значения муниципальный округ Народный,внутригородская территория города федерального значения,1,2433,2018,9999,79762.0,399.1,110914.1,10472.0,2110.0,0.20148968678380444,0.13129058950377373,44550.17876720623,191574,155667,155656,44595
984,2433,40383000,Санкт-Петербург,78,внутригородская территория города федерального значения муниципальный округ № 54,внутригородская территория города федерального значения,1,2434,2018,9999,67469.0,403.8,85933.2,3598.0,1229.0,0.3415786548082268,0.053328195171115624,45590.014237773605,191704,155711,155717,44601
985,2434,40384000,Санкт-Петербург,78,внутригородская территория города федерального значения муниципальный округ Невский округ,внутригородская территория города федерального значения,1,2435,2018,9999,69494.0,406.8,99233.6,3521.0,1743.0,0.49502982107355864,0.05066624456787636,47645.49001970425,191817,155779,155781,44608
986,2435,40385000,Санкт-Петербург,78,внутригородская территория города федерального значения муниципальный округ Оккервиль,внутригородская территория города федерального значения,1,2436,2018,9999,61924.0,402.4,91327.1,2483.0,1566.0,0.6306886830447039,0.04009753891867451,44168.2525889836,191894,155840,155844,44614
987,2436,40386000,Санкт-Петербург,78,внутригородская территория города федерального значения муниципальный округ Правобережный,внутригородская территория города федерального значения,1,2437,2018,9999,88163.0,401.9,131801.7,8183.0,1764.0,0.2155688622754491,0.09281671449474269,49725.55111085002,192050,155956,155959,44619
988,2437,40387000,Санкт-Петербург,78,внутригородская территория города федерального значения город Павловск,внутригородская территория города федерального значения,1,2438,2018,9999,18097.0,365.5,86920.1,2520.0,963.0,0.3821428571428571,0.1392495993811129,48918.55925549073,192163,156019,156015,44625
989,2439,40389000,Санкт-Петербург,78,внутригородская территория города федерального значения муниципальный округ Введенский,внутригородская территория города федерального значения,1,2440,2018,9999,15440.0,415.6,157832.9,8473.0,911.0,0.10751799834769267,0.5487694300518134,53016.625429487125,192376,156154,156144,44638
990,2440,40390000,Санкт-Петербург,78,внутригородская территория города федерального значения муниципальный округ Кронверкское,внутригородская территория города федерального значения,1,2441,2018,9999,16497.0,416.5,157393.5,9688.0,2592.0,0.2675474814203138,0.5872582893859489,52067.79154756981,192551,156300,156280,44643
991,2441,40391000,Санкт-Петербург,78,внутригородская территория города федерального значения муниципальный округ Посадский,внутригородская территория города федерального значения,1,2442,2018,9999,15788.0,416.8,128583.0,29430.0,786.0,0.02670744138634047,1.8640739802381556,57753.36728112386,192769,156425,156451,44650
992,2442,40392000,Санкт-Петербург,78,внутригородская территория города федерального значения муниципальный округ Аптекарский остров,внутригородская территория города федерального значения,1,2443,2018,9999,20583.0,414.4,153575.1,22698.0,4497.0,0.19812318265926512,1.1027547004809795,60293.59467975858,192970,156652,156637,44655
993,2443,40393000,Санкт-Петербург,78,внутригородская территория города федерального значения муниципальный округ округ Петровский,внутригородская территория города федерального значения,1,2444,2018,9999,17453.0,405.2,107416.3,6581.0,719.0,0.10925391277921288,0.3770698447258351,55774.9314139916,193117,156771,156807,44661
994,2444,40394000,Санкт-Петербург,78,внутригородская территория города федерального значения муниципальный округ Чкаловское,внутригородская территория города федерального значения,1,2445,2018,9999,29553.0,404.3,189818.6,26506.0,3182.0,0.12004829095299177,0.8968971001251987,65655.25132996879,193359,156925,156934,44668
995,2445,40395000,Санкт-Петербург,78,внутригородская территория города федерального значения город Петергоф,внутригородская территория города федерального значения,1,2446,2018,9999,80345.0,358.7,99081.5,14555.0,2291.0,0.15740295431123325,0.18115626361316822,44899.64855860898,193525,157078,157083,44674
996,2446,40396000,Санкт-Петербург,78,внутригородская территория города федерального значения поселок Стрельна,внутригородская территория города федерального значения,1,2447,2018,9999,14268.0,370.7,203097.6,5321.0,452.0,0.0849464386393535,0.37293243622091393,45488.77211294,193632,157176,157173,44679
997,2447,40397000,Санкт-Петербург,78,внутригородская территория города федерального значения город Пушкин,внутригородская территория города федерального значения,1,2448,2018,9999,108470.0,370.5,96984.5,19181.0,5579.0,0.29086074761482716,0.1768323038628192,50172.422744396645,193795,157351,157346,44685
998,2449,40901000,Санкт-Петербург,78,внутригородская территория города федерального значения поселок Шушары,внутригородская территория города федерального значения,1,2450,2018,9999,138847.0,390.3,113087.1,17094.0,3213.0,0.18796068796068796,0.12311393116163835,44970.515521133675,194019,157498,157470,44698
999,2450,40902000,Санкт-Петербург,78,внутригородская территория города федерального значения муниципальный округ Волковское,внутригородская территория города федерального значения,1,2451,2018,9999,61193.0,408.5,111006.0,29765.0,3376.0,0.11342180413237023,0.4864118444920171,43407.20429939599,194217,157641,157654,44704
1000,2451,40903000,Санкт-Петербург,78,внутригородская территория города федерального значения муниципальный округ № 72,внутригородская территория города федерального значения,1,2452,2018,9999,67637.0,407.6,95415.1,5813.0,1720.0,0.2958885257182178,0.08594408385942605,44525.20076959039,194362,157754,157760,44710
1001,2452,40904000,Санкт-Петербург,78,внутригородская территория города федерального значения муниципальный округ Купчино,внутригородская территория города федерального значения,1,2453,2018,9999,55958.0,409.4,96447.9,4657.0,1444.0,0.31007086106935794,0.08322313163444012,44713.47950010659,194452,157806,157816,44716
1002,2453,40905000,Санкт-Петербург,78,внутригородская территория города федерального значения муниципальный округ Георгиевский,внутригородская территория города федерального значения,1,2454,2018,9999,92071.0,406.8,95187.5,3214.0,2006.0,0.6241443683883012,0.03490784286040121,44709.704229633906,194563,157863,157860,44722
1003,2454,40906000,Санкт-Петербург,78,внутригородская территория города федерального значения муниципальный округ № 75,внутригородская территория города федерального значения,1,2455,2018,9999,62317.0,402.8,103672.1,9451.0,1165.0,0.12326737911332133,0.15166006065760546,47373.39445545714,194708,157960,157967,44728
1004,2455,40907000,Санкт-Петербург,78,внутригородская территория города федерального значения муниципальный округ Балканский,внутригородская территория города федерального значения,1,2456,2018,9999,73743.0,398.6,109575.5,5541.0,2024.0,0.36527702580761595,0.07513933525893983,43838.523340606305,194887,158042,158056,44734
1005,2456,40908000,Санкт-Петербург,78,внутригородская территория города федерального значения муниципальный округ Дворцовый округ,внутригородская территория города федерального значения,1,2457,2018,9999,7273.0,419.1,155058.8,26277.0,1754.0,0.06675039007497051,3.6129520142994638,53725.32884207493,195077,158219,158231,44740
1006,2457,40909000,Санкт-Петербург,78,внутригородская территория города федерального значения муниципальный округ № 78,внутригородская территория города федерального значения,1,2458,2018,9999,8978.0,421.7,126106.3,19426.0,7513.0,0.38674971687429216,2.163733570951214,50319.00939678582,195300,158440,158457,44745
1007,2458,40910000,Санкт-Петербург,78,внутригородская территория города федерального значения муниципальный округ Литейный округ,внутригородская территория города федерального значения,1,2459,2018,9999,39745.0,418.9,132047.4,31712.0,3054.0,0.0963042381432896,0.7978865266071203,52919.480604533295,195496,158629,158590,44752
1008,2459,40911000,Санкт-Петербург,78,внутригородская территория города федерального значения муниципальный округ Смольнинское,внутригородская территория города федерального значения,1,2460,2018,9999,73451.0,413.7,144892.4,95746.0,3319.0,0.03466463350949387,1.3035356904603068,53895.36720501471,195689,158813,158863,44758
1009,2460,40912000,Санкт-Петербург,78,внутригородская территория города федерального значения муниципальный округ Лиговка-Ямская,внутригородская территория города федерального значения,1,2461,2018,9999,19437.0,417.0,114002.5,18555.0,863.0,0.04651037456211264,0.9546226269486032,51829.4558604794,195967,159078,159050,44763
1010,2461,40913000,Санкт-Петербург,78,внутригородская территория города федерального значения муниципальный округ Владимирский округ,внутригородская территория города федерального значения,1,2462,2018,9999,49727.0,417.9,162042.2,20482.0,1568.0,0.07655502392344497,0.4118889134675327,48730.08844795695,196157,159244,159209,44769
1011,2462,45301000,Москва,77,внутригородская территория города федерального значения муниципальный округ Богородское,внутригородская территория города федерального значения,1,2463,2018,9999,107571.0,624.3,150817.4,8500.0,1290.0,0.15176470588235294,0.07901757908730048,51866.32260781462,205857,167123,167099,49320
1012,2463,45302000,Москва,77,внутригородская территория города федерального значения муниципальный округ Вешняки,внутригородская территория города федерального значения,1,2464,2018,9999,119585.0,630.9,123692.0,8485.0,1724.0,0.20318208603417795,0.07095371493080235,45636.40232265835,206008,167198,167200,49325
1013,2464,45303000,Москва,77,внутригородская территория города федерального значения муниципальный округ Восточное Измайлово,внутригородская территория города федерального значения,1,2465,2018,9999,73857.0,615.6,139913.0,8481.0,1014.0,0.11956137247966042,0.11483000934237785,50774.33634600419,206143,167306,167302,49331
1014,2465,45304000,Москва,77,внутригородская территория города федерального значения муниципальный округ Восточный,внутригородская территория города федерального значения,1,2466,2018,9999,12454.0,587.7,96567.2,1567.0,936.0,0.597319719208679,0.1258230287457845,43446.93599818012,206240,167374,167376,49338
1015,2466,45305000,Москва,77,внутригородская территория города федерального значения муниципальный округ Гольяново,внутригородская территория города федерального значения,1,2467,2018,9999,164715.0,600.5,132274.9,18955.0,2023.0,0.10672645739910314,0.11507755820659928,47255.28671371098,206430,167493,167497,49344
1016,2467,45306000,Москва,77,внутригородская территория города федерального значения муниципальный округ Ивановское,внутригородская территория города федерального значения,1,2468,2018,9999,125062.0,623.4,108689.0,3269.0,1275.0,0.3900275313551545,0.026139035038620844,47914.28852271738,206547,167606,167598,49350
1017,2468,45307000,Москва,77,внутригородская территория города федерального значения муниципальный округ Измайлово,внутригородская территория города федерального значения,1,2469,2018,9999,108666.0,626.9,125617.2,11073.0,2152.0,0.19434660886841867,0.1018993981558169,51212.77730385832,206729,167741,167769,49355
1018,2469,45308000,Москва,77,внутригородская территория города федерального значения муниципальный округ Косино-Ухтомский,внутригородская территория города федерального значения,1,2470,2018,9999,89438.0,598.6,119476.7,7131.0,1259.0,0.17655307810966203,0.07973121044746082,50779.90513860095,206874,167866,167881,49362
1019,2470,45309000,Москва,77,внутригородская территория города федерального значения муниципальный округ Новогиреево,внутригородская территория города федерального значения,1,2471,2018,9999,99348.0,626.4,139017.1,7880.0,1003.0,0.12728426395939085,0.07931714780367999,50714.372595087836,207046,168016,167989,49367
1020,2471,45310000,Москва,77,внутригородская территория города федерального значения муниципальный округ Новокосино,внутригородская территория города федерального значения,1,2472,2018,9999,107461.0,604.5,115822.7,4017.0,1534.0,0.3818770226537217,0.03738100334074688,50247.78454298362,207161,168093,168111,49373
1021,2472,45311000,Москва,77,внутригородская территория города федерального значения муниципальный округ Метрогородок,внутригородская территория города федерального значения,1,2473,2018,9999,40122.0,612.5,115041.8,11043.0,803.0,0.07271574753237345,0.275235531628533,44934.5436383937,207296,168188,168183,49380
1022,2473,45312000,Москва,77,внутригородская территория города федерального значения муниципальный округ Перово,внутригородская территория города федерального значения,1,2474,2018,9999,134308.0,633.8,133502.6,25095.0,1367.0,0.0544730025901574,0.1868466509813265,47795.36423473242,207459,168375,168365,49385
1023,2474,45313000,Москва,77,внутригородская территория города федерального значения муниципальный округ Северное Измайлово,внутригородская территория города федерального значения,1,2475,2018,9999,84957.0,615.1,106671.0,3961.0,1564.0,0.3948497854077253,0.04662358604941323,46787.12161720377,207659,168477,168457,49392
1024,2475,45314000,Москва,77,внутригородская территория города федерального значения муниципальный округ Соколиная гора,внутригородская территория города федерального значения,1,2476,2018,9999,92805.0,637.5,162116.6,48629.0,3029.0,0.062287935182709905,0.5239911642691666,49807.64990496007,207884,168632,168622,49397
1025,2476,45315000,Москва,77,внутригородская территория города федерального значения муниципальный округ Сокольники,внутригородская территория города федерального значения,1,2477,2018,9999,60396.0,636.4,180898.4,25273.0,2651.0,0.1048945514976457,0.4184548645605669,58131.23042584936,208045,168845,168824,49404
1026,2477,45316000,Москва,77,внутригородская территория города федерального значения муниципальный округ Преображенское,внутригородская территория города федерального значения,1,2478,2018,9999,87933.0,633.8,197587.9,33970.0,1054.0,0.031027377097438916,0.3863168548781459,51807.31057222799,208246,169010,168999,49410
1027,2479,45318000,Москва,77,внутригородская территория города федерального значения муниципальный округ Дорогомилово,внутригородская территория города федерального значения,1,2480,2018,9999,75669.0,641.1,183835.8,46551.0,1433.0,0.03078344181650233,0.6151924830511835,67071.14065392902,208689,169306,169377,49421
1028,2480,45319000,Москва,77,внутригородская территория города федерального значения муниципальный округ Крылатское,внутригородская территория города федерального значения,1,2481,2018,9999,82363.0,608.7,251108.1,26751.0,1397.0,0.052222346828155956,0.32479390017362164,65161.35588145698,208868,169530,169510,49427
1029,2481,45320000,Москва,77,внутригородская территория города федерального значения муниципальный округ Кунцево,внутригородская территория города федерального значения,1,2482,2018,9999,151447.0,604.7,153258.6,26996.0,2949.0,0.10923840568973181,0.1782537785495916,56951.88598509161,209096,169726,169700,49433
1030,2482,45321000,Москва,77,внутригородская территория города федерального значения муниципальный округ Можайский,внутригородская территория города федерального значения,1,2483,2018,9999,145961.0,613.5,219334.6,48964.0,3572.0,0.07295155624540478,0.33545947205075327,53702.943137927,209318,169914,169895,49440
1031,2483,45322000,Москва,77,внутригородская территория города федерального значения муниципальный округ Ново-Переделкино,внутригородская территория города федерального значения,1,2484,2018,9999,122058.0,578.7,121277.8,8080.0,2068.0,0.25594059405940595,0.06619803699880385,53054.620786187246,209471,170064,170080,49446
1032,2484,45323000,Москва,77,внутригородская территория города федерального значения муниципальный округ Очаково-Матвеевское,внутригородская территория города федерального значения,1,2485,2018,9999,126535.0,611.8,143973.4,33530.0,1336.0,0.039844915001491205,0.26498597226063936,56602.617074133486,209687,170269,170268,49451
1033,2485,45324000,Москва,77,внутригородская территория города федерального значения муниципальный округ Проспект Вернадского,внутригородская территория города федерального значения,1,2486,2018,9999,65316.0,633.1,317345.3,19505.0,3118.0,0.15985644706485516,0.2986251454467512,65836.04817770609,209905,170414,170459,49458
1034,2486,45325000,Москва,77,внутригородская территория города федерального значения муниципальный округ Раменки,внутригородская территория города федерального значения,1,2487,2018,9999,151931.0,634.7,162475.6,50634.0,16559.0,0.3270332187857961,0.33326970795953426,73271.99004606159,210140,170633,170666,49464
1035,2487,45326000,Москва,77,внутригородская территория города федерального значения муниципальный округ Солнцево,внутригородская территория города федерального значения,1,2488,2018,9999,126309.0,592.2,121441.6,13067.0,1946.0,0.14892477232723655,0.10345264391294365,54398.11367746942,210286,170794,170769,49469
1036,2488,45327000,Москва,77,внутригородская территория города федерального значения муниципальный округ Тропарево-Никулино,внутригородская территория города федерального значения,1,2489,2018,9999,128029.0,617.7,179236.2,22862.0,9644.0,0.42183535998600297,0.17856891797952026,64909.54748825549,210478,170945,170963,49475
1037,2489,45328000,Москва,77,внутригородская территория города федерального значения муниципальный округ Филевский парк,внутригородская территория города федерального значения,1,2490,2018,9999,112388.0,626.4,163078.2,52061.0,885.0,0.016999289295249805,0.4632256112752251,64648.26975948403,210698,171187,171200,49481
1038,2490,45329000,Москва,77,внутригородская территория города федерального значения муниципальный округ Фили-Давыдково,внутригородская территория города федерального значения,1,2491,2018,9999,111926.0,625.3,163829.5,13238.0,2457.0,0.18560205469104094,0.11827457427228705,55932.05754287387,210882,171303,171346,49487
1039,2491,45330000,Москва,77,внутригородская территория города федерального значения муниципальный округ Крюково,внутригородская территория города федерального значения,1,2492,2018,9999,110660.0,510.5,108061.4,6504.0,2029.0,0.3119618696186962,0.05877462497740828,52260.690467858876,211039,171452,171459,49494
1040,2492,45331000,Москва,77,внутригородская территория города федерального значения муниципальный округ Матушкино,внутригородская территория города федерального значения,1,2493,2018,9999,43049.0,515.9,146480.9,9589.0,866.0,0.09031181562206696,0.22274617296569027,50271.739306591204,211216,171586,171570,49500
1041,2493,45332000,Москва,77,внутригородская территория города федерального значения муниципальный округ Силино,внутригородская территория города федерального значения,1,2494,2018,9999,42047.0,508.9,161249.9,7069.0,87.0,0.012307257037770547,0.16812138797060433,50353.313601212445,211366,171653,171671,49505
1042,2494,45333000,Москва,77,внутригородская территория города федерального значения муниципальный округ Аэропорт,внутригородская территория города федерального значения,1,2495,2018,9999,81833.0,639.2,241012.2,40430.0,2255.0,0.05577541429631462,0.4940549656006745,62923.06521545017,211599,171800,171805,49512
1043,2495,45334000,Москва,77,внутригородская территория города федерального значения муниципальный округ Беговой,внутригородская территория города федерального значения,1,2496,2018,9999,43190.0,651.0,192207.0,58968.0,1534.0,0.02601410934744268,1.3653160453808753,64207.95588239784,211792,172047,172025,49517
1044,2496,45335000,Москва,77,внутригородская территория города федерального значения муниципальный округ Бескудниковский,внутригородская территория города федерального значения,1,2497,2018,9999,79896.0,621.5,159783.3,4448.0,1060.0,0.2383093525179856,0.055672374086312204,50631.70187496506,211979,172163,172140,49524
1045,2497,45336000,Москва,77,внутригородская территория города федерального значения муниципальный округ Войковский,внутригородская территория города федерального значения,1,2498,2018,9999,72173.0,621.3,218129.8,46776.0,1994.0,0.04262869847785189,0.6481094037936624,58270.17006148413,212207,172334,172296,49530
1046,2498,45337000,Москва,77,внутригородская территория города федерального значения муниципальный округ Восточное Дегунино,внутригородская территория города федерального значения,1,2499,2018,9999,101167.0,607.1,124829.0,6779.0,909.0,0.13409057383094852,0.06700801644805124,49462.93753140218,212358,172455,172453,49536
1047,2499,45338000,Москва,77,внутригородская территория города федерального значения муниципальный округ Головинский,внутригородская территория города федерального значения,1,2500,2018,9999,106612.0,619.4,151028.1,23948.0,1867.0,0.07796058125939535,0.22462762165609876,51351.760539836534,212565,172581,172584,49542
1048,25,80727000,Республика Башкортостан,2,городской округ город Нефтекамск,городской округ,1,26,2018,9999,144598.0,323.7,63974.7,27490.0,3806.0,0.138450345580211,0.19011327957509785,31573.15844352267,401016,322472,322477,87037
1049,2500,45339000,Москва,77,внутригородская территория города федерального значения муниципальный округ Дмитровский,внутригородская территория города федерального значения,1,2501,2018,9999,103496.0,603.1,129755.4,8144.0,1047.0,0.12856090373280943,0.07868903146015305,50303.21754410693,212706,172747,172744,49548
1050,2501,45340000,Москва,77,внутригородская территория города федерального значения муниципальный округ Западное Дегунино,внутригородская территория города федерального значения,1,2502,2018,9999,84743.0,614.6,118175.0,9212.0,1111.0,0.12060356057316543,0.10870514378768747,50995.21243401589,212877,172884,172855,49554
1051,2502,45341000,Москва,77,внутригородская территория города федерального значения муниципальный округ Коптево,внутригородская территория города федерального значения,1,2503,2018,9999,103676.0,622.4,190203.9,12644.0,1808.0,0.14299272382157546,0.12195686561981559,51536.64721748745,213065,172995,173011,49559
1052,2503,45342000,Москва,77,внутригородская территория города федерального значения муниципальный округ Левобережный,внутригородская территория города федерального значения,1,2504,2018,9999,55420.0,609.0,137148.0,9811.0,672.0,0.0684945469371114,0.17702995308552869,59385.763491934835,213273,173180,173208,49566
1053,2505,45344000,Москва,77,внутригородская территория города федерального значения муниципальный округ Савеловский,внутригородская территория города федерального значения,1,2506,2018,9999,60149.0,644.9,215132.7,75111.0,989.0,0.01316717924138941,1.2487489401320055,55044.26349848219,213574,173430,173436,49578
1054,2506,45345000,Москва,77,внутригородская территория города федерального значения муниципальный округ Сокол,внутригородская территория города федерального значения,1,2507,2018,9999,57677.0,633.8,142955.5,28609.0,4989.0,0.1743856828270824,0.4960209442238674,60290.26544932853,213786,173585,173592,49584
1055,2507,45346000,Москва,77,внутригородская территория города федерального значения муниципальный округ Тимирязевский,внутригородская территория города федерального значения,1,2508,2018,9999,82774.0,629.3,216063.6,18360.0,3068.0,0.16710239651416123,0.2218087805349506,52441.009669039486,213976,173779,173772,49590
1056,2508,45347000,Москва,77,внутригородская территория города федерального значения муниципальный округ Ховрино,внутригородская территория города федерального значения,1,2509,2018,9999,96233.0,610.4,106351.2,18877.0,1409.0,0.074641097632039,0.19615932164642066,57068.15883138579,214138,173906,173920,49595
1057,2509,45348000,Москва,77,внутригородская территория города федерального значения муниципальный округ Хорошевский,внутригородская территория города федерального значения,1,2510,2018,9999,75533.0,631.9,183231.2,101935.0,4824.0,0.047324275273458574,1.3495425840361166,69537.77688561303,214374,174068,174091,49602
1058,2510,45349000,Москва,77,внутригородская территория города федерального значения муниципальный округ Алексеевский,внутригородская территория города федерального значения,1,2511,2018,9999,77681.0,635.4,150849.0,31664.0,3076.0,0.09714502273875694,0.40761576189801885,56996.848172717226,214541,174301,174263,49608
1059,2511,45350000,Москва,77,внутригородская территория города федерального значения муниципальный округ Алтуфьевский,внутригородская территория города федерального значения,1,2512,2018,9999,55741.0,618.2,129178.4,9782.0,623.0,0.06368840727867511,0.17549021366678028,47279.877577867235,214757,174381,174398,49614
1060,2512,45351000,Москва,77,внутригородская территория города федерального значения муниципальный округ Бабушкинский,внутригородская территория города федерального значения,1,2513,2018,9999,88627.0,618.4,130245.0,13323.0,1195.0,0.08969451324776702,0.15032664989224503,51032.25996205138,214952,174561,174543,49620
1061,2513,45352000,Москва,77,внутригородская территория города федерального значения муниципальный округ Бибирево,внутригородская территория города федерального значения,1,2514,2018,9999,158797.0,600.5,100618.5,4478.0,1669.0,0.37271103171058506,0.028199525179946724,47132.29648126468,215085,174625,174629,49625
1062,2514,45353000,Москва,77,внутригородская территория города федерального значения муниципальный округ Бутырский,внутригородская территория города федерального значения,1,2515,2018,9999,71703.0,637.1,205249.2,25862.0,883.0,0.03414275771402057,0.360682258761837,51937.935226621856,215287,174824,174771,49632
1063,2515,45354000,Москва,77,внутригородская территория города федерального значения муниципальный округ Лианозово,внутригородская территория города федерального значения,1,2516,2018,9999,84105.0,600.9,133442.7,6982.0,1004.0,0.14379833858493268,0.0830152785208965,51433.24168922564,215455,174942,174949,49638
1064,2516,45355000,Москва,77,внутригородская территория города федерального значения муниципальный округ Лосиноостровский,внутригородская территория города федерального значения,1,2517,2018,9999,83136.0,605.9,115734.3,4832.0,1208.0,0.25,0.058121632024634336,52557.583776471816,215596,175036,175042,49644
1065,2517,45356000,Москва,77,внутригородская территория города федерального значения муниципальный округ Марфино,внутригородская территория города федерального значения,1,2518,2018,9999,36742.0,630.5,140528.6,3988.0,509.0,0.12763289869608826,0.10854063469598824,57156.34426962775,215774,175170,175173,49649
1066,2518,45357000,Москва,77,внутригородская территория города федерального значения муниципальный округ Марьина роща,внутригородская территория города федерального значения,1,2519,2018,9999,62191.0,649.1,184505.8,33339.0,3850.0,0.11548036833738265,0.5360743515942822,56360.47033590162,215933,175348,175315,49656
1067,2519,45358000,Москва,77,внутригородская территория города федерального значения муниципальный округ Останкинский,внутригородская территория города федерального значения,1,2520,2018,9999,64840.0,635.7,167222.6,61398.0,985.0,0.01604286784585817,0.9469154842689698,57991.84979019686,216164,175508,175506,49662
1068,2520,45359000,Москва,77,внутригородская территория города федерального значения муниципальный округ Отрадное,внутригородская территория города федерального значения,1,2521,2018,9999,187737.0,620.5,131674.3,25779.0,2272.0,0.08813375227898677,0.13731443455472284,50174.94982764868,216343,175703,175737,49667
1069,2521,45360000,Москва,77,внутригородская территория города федерального значения муниципальный округ Ростокино,внутригородская территория города федерального значения,1,2522,2018,9999,52115.0,631.2,152010.4,12973.0,4400.0,0.33916596007091654,0.24893025040775207,55387.69410931226,216569,175862,175829,49673
1070,2522,45361000,Москва,77,внутригородская территория города федерального значения муниципальный округ Свиблово,внутригородская территория города федерального значения,1,2523,2018,9999,60013.0,628.8,139610.7,11276.0,1089.0,0.09657680028378858,0.18789262326495926,55763.31697458902,216739,175963,175992,49680
1071,2523,45362000,Москва,77,внутригородская территория города федерального значения муниципальный округ Северное Медведково,внутригородская территория города федерального значения,1,2524,2018,9999,129632.0,606.8,121827.0,6019.0,1466.0,0.24356205349725868,0.04643143668230067,50444.30334180048,216879,176115,176119,49686
1072,2524,45363000,Москва,77,внутригородская территория города федерального значения муниципальный округ Северный,внутригородская территория города федерального значения,1,2525,2018,9999,55740.0,580.2,120516.1,2819.0,1304.0,0.46257538134090104,0.05057409400789379,54634.64213982023,217058,176196,176201,49691
1073,2525,45364000,Москва,77,внутригородская территория города федерального значения муниципальный округ Южное Медведково,внутригородская территория города федерального значения,1,2526,2018,9999,88150.0,619.8,115802.8,4314.0,1336.0,0.3096893834028744,0.04893930799773114,51837.04148866667,217186,176306,176304,49697
1074,2526,45365000,Москва,77,внутригородская территория города федерального значения муниципальный округ Ярославский,внутригородская территория города федерального значения,1,2527,2018,9999,98861.0,611.8,133247.7,13132.0,2857.0,0.2175601583917149,0.13283296749982298,48211.39156621471,217379,176431,176450,49704
1075,2527,45366000,Москва,77,внутригородская территория города федерального значения муниципальный округ Куркино,внутригородская территория города федерального значения,1,2528,2018,9999,33298.0,576.9,125392.2,3349.0,1184.0,0.35353836966258584,0.10057661120788035,70119.99982290767,217523,176573,176557,49710
1076,2528,45367000,Москва,77,внутригородская территория города федерального значения муниципальный округ Митино,внутригородская территория города федерального значения,1,2529,2018,9999,198194.0,586.1,122877.5,7812.0,3227.0,0.41308243727598565,0.03941592581006489,56693.3147963754,217678,176677,176680,49716
1077,2529,45368000,Москва,77,внутригородская территория города федерального значения муниципальный округ Покровское-Стрешнево,внутригородская территория города федерального значения,1,2530,2018,9999,67364.0,609.9,175675.7,23204.0,1187.0,0.051154973280468884,0.3444569799893118,53373.10823692395,217876,176916,176896,49721
1078,2530,45369000,Москва,77,внутригородская территория города федерального значения муниципальный округ Северное Тушино,внутригородская территория города федерального значения,1,2531,2018,9999,172055.0,589.1,127789.4,6679.0,1311.0,0.19628686929181016,0.03881898230217082,50204.46057040117,218053,177014,176994,49728
1079,2531,45370000,Москва,77,внутригородская территория города федерального значения муниципальный округ Строгино,внутригородская территория города федерального значения,1,2532,2018,9999,163074.0,592.4,137223.0,13174.0,1963.0,0.14900561712463944,0.08078541030452432,54704.66258184702,218226,177166,177175,49734
1080,2532,45371000,Москва,77,внутригородская территория города федерального значения муниципальный округ Хорошево-Мневники,внутригородская территория города федерального значения,1,2533,2018,9999,182497.0,625.0,144182.2,31382.0,2981.0,0.09499075903384105,0.17195899110670312,61595.497982773515,218429,177373,177325,49740
1081,2533,45372000,Москва,77,внутригородская территория города федерального значения муниципальный округ Щукино,внутригородская территория города федерального значения,1,2534,2018,9999,110486.0,617.0,166965.1,37079.0,2244.0,0.060519431484128486,0.33559908042647935,61470.17956646674,218622,177564,177546,49745
1082,2534,45373000,Москва,77,внутригородская территория города федерального значения муниципальный округ Южное Тушино,внутригородская территория города федерального значения,1,2535,2018,9999,112628.0,597.9,153504.9,13619.0,1175.0,0.08627652544239665,0.12092019746421849,50324.090739475854,218835,177725,177682,49751
1083,2535,45374000,Москва,77,внутригородская территория города федерального значения муниципальный округ Арбат,внутригородская территория города федерального значения,1,2536,2018,9999,36246.0,657.6,247231.3,60674.0,2024.0,0.03335860500379075,1.6739502289907853,75191.89075812309,219057,177948,177934,49757
1084,2536,45375000,Москва,77,внутригородская территория города федерального значения муниципальный округ Басманный,внутригородская территория города федерального значения,1,2537,2018,9999,111289.0,653.1,187752.5,187956.0,16932.0,0.09008491349039137,1.6889000709863509,62629.742004123094,219281,178142,178155,49763
1085,2537,45376000,Москва,77,внутригородская территория города федерального значения муниципальный округ Замоскворечье,внутригородская территория города федерального значения,1,2538,2018,9999,55293.0,656.4,224018.5,145219.0,6189.0,0.042618390155558156,2.6263541497115366,61450.15229031082,219546,178391,178375,49770
1086,2538,45377000,Москва,77,внутригородская территория города федерального значения муниципальное образование Савелки,внутригородская территория города федерального значения,1,2539,2018,9999,36947.0,519.5,138589.8,6818.0,1182.0,0.17336462305661485,0.18453460362140364,54404.47727278488,219711,178519,178537,49776
1087,2539,45378000,Москва,77,внутригородская территория города федерального значения муниципальный округ Красносельский,внутригородская территория города федерального значения,1,2540,2018,9999,45851.0,656.2,246666.7,126636.0,2044.0,0.016140749865756972,2.76190268478332,56171.2521453776,219936,178690,178747,49782
1088,2540,45379000,Москва,77,внутригородская территория города федерального значения муниципальный округ Мещанский,внутригородская территория города федерального значения,1,2541,2018,9999,55635.0,657.1,191847.6,208250.0,5494.0,0.02638175270108043,3.7431472993619126,61001.72322387969,220141,178969,178907,49787
1089,2541,45380000,Москва,77,внутригородская территория города федерального значения муниципальный округ Пресненский,внутригородская территория города федерального значения,1,2542,2018,9999,127506.0,645.1,257910.1,215779.0,7717.0,0.03576344315248472,1.692304675858391,68006.201212769,220415,179151,179202,49794
1090,2542,45381000,Москва,77,внутригородская территория города федерального значения муниципальный округ Таганский,внутригородская территория города федерального значения,1,2543,2018,9999,134759.0,652.9,207264.0,87293.0,4550.0,0.05212330885638024,0.6477712063758265,60273.69595034812,220632,179419,179417,49799
1091,2543,45382000,Москва,77,внутригородская территория города федерального значения муниципальный округ Тверской,внутригородская территория города федерального значения,1,2544,2018,9999,75735.0,656.4,231223.2,208547.0,6933.0,0.03324430464116002,2.753640985013534,66507.84693213415,220873,179650,179604,49805
1092,2544,45383000,Москва,77,внутригородская территория города федерального значения муниципальный округ Хамовники,внутригородская территория города федерального значения,1,2545,2018,9999,105094.0,645.1,214306.4,140203.0,13116.0,0.09355006668901521,1.3340723542733173,74070.36494649298,221101,179877,179906,49811
1093,2545,45384000,Москва,77,внутригородская территория города федерального значения муниципальный округ Якиманка,внутригородская территория города федерального значения,1,2546,2018,9999,27022.0,660.0,289698.4,79024.0,2811.0,0.035571471957886215,2.9244319443416473,72166.42334517153,221325,180125,180072,49817
1094,2546,45385000,Москва,77,внутригородская территория города федерального значения муниципальный округ Выхино-Жулебино,внутригородская территория города федерального значения,1,2547,2018,9999,241326.0,612.0,136813.5,24779.0,3895.0,0.15718955567214174,0.10267853443060425,49067.79345402288,221542,180273,180275,49824
1095,2548,45387000,Москва,77,внутригородская территория города федерального значения муниципальный округ Кузьминки,внутригородская территория города федерального значения,1,2549,2018,9999,139880.0,628.8,115360.6,5967.0,2463.0,0.41277023629964804,0.042657992565055765,47009.556373738655,221897,180466,180461,49836
1096,2549,45388000,Москва,77,внутригородская территория города федерального значения муниципальный округ Лефортово,внутригородская территория города федерального значения,1,2550,2018,9999,109711.0,640.9,161314.5,56530.0,3837.0,0.06787546435520962,0.5152628268815342,54213.95131143048,222084,180659,180647,49841
1097,2550,45389000,Москва,77,внутригородская территория города федерального значения муниципальный округ Люблино,внутригородская территория города федерального значения,1,2551,2018,9999,184071.0,615.8,103011.1,20805.0,2636.0,0.12670031242489785,0.11302703847971707,46769.52756230889,222249,180843,180813,49848
1098,2551,45390000,Москва,77,внутригородская территория города федерального значения муниципальный округ Марьино,внутригородская территория города федерального значения,1,2552,2018,9999,272278.0,619.6,113051.7,23665.0,3136.0,0.13251637439256286,0.08691484438698684,50201.98618797688,222442,181007,180994,49853
1099,2552,45391000,Москва,77,внутригородская территория города федерального значения муниципальный округ Некрасовка,внутригородская территория города федерального значения,1,2553,2018,9999,112860.0,580.9,161474.2,6599.0,2108.0,0.3194423397484467,0.05847067162856637,48088.906740367755,222611,181096,181077,49860
1100,2553,45392000,Москва,77,внутригородская территория города федерального значения муниципальный округ Нижегородский,внутригородская территория города федерального значения,1,2554,2018,9999,50637.0,645.1,234124.8,48731.0,555.0,0.011389054195481316,0.962359539467188,47993.723357984774,222799,181268,181245,49866
1101,2554,45393000,Москва,77,внутригородская территория города федерального значения муниципальный округ Печатники,внутригородская территория города федерального значения,1,2555,2018,9999,89544.0,634.5,153895.3,21802.0,970.0,0.04449133107054399,0.24347806664879837,45813.58560833234,223026,181423,181413,49872
1102,2555,45394000,Москва,77,внутригородская территория города федерального значения муниципальный округ Рязанский,внутригородская территория города федерального значения,1,2556,2018,9999,108657.0,635.9,120679.8,20965.0,1386.0,0.066110183639399,0.19294661181516148,52726.59450012638,223195,181580,181595,49877
1103,2556,45395000,Москва,77,внутригородская территория города федерального значения муниципальный округ Текстильщики,внутригородская территория города федерального значения,1,2557,2018,9999,101550.0,638.3,156975.9,23475.0,1202.0,0.051203407880724174,0.2311669128508124,47617.73204529531,223416,181777,181794,49883
1104,2557,45396000,Москва,77,внутригородская территория города федерального значения муниципальный округ Южнопортовый,внутригородская территория города федерального значения,1,2558,2018,9999,73112.0,650.8,172426.0,17452.0,969.0,0.05552372220948888,0.2387022650180545,54112.3557765788,223625,182007,181964,49890
1105,2558,45397000,Москва,77,внутригородская территория города федерального значения муниципальный округ Академический,внутригородская территория города федерального значения,1,2559,2018,9999,114228.0,647.9,341422.7,110871.0,1660.0,0.014972355259716246,0.9706114087614245,63031.154001588024,223826,182214,182170,49895
1106,2559,45398000,Москва,77,внутригородская территория города федерального значения муниципальный округ Гагаринский,внутригородская территория города федерального значения,1,2560,2018,9999,80493.0,649.4,204188.1,31531.0,4234.0,0.13428054930068822,0.39172350390717203,67988.49256305405,224081,182366,182352,49902
1107,2560,45901000,Москва,77,внутригородская территория города федерального значения муниципальный округ Зюзино,внутригородская территория города федерального значения,1,2561,2018,9999,123288.0,633.1,126194.2,30742.0,2111.0,0.06866827142020689,0.24935111284147687,52434.02703598714,224247,182557,182575,49908
1108,2561,45902000,Москва,77,внутригородская территория города федерального значения муниципальный округ Коньково,внутригородская территория города федерального значения,1,2562,2018,9999,152544.0,623.4,164088.8,45144.0,7610.0,0.16857168172957646,0.2959408432976715,53102.98172077631,224486,182760,182728,49913
1109,2562,45903000,Москва,77,внутригородская территория города федерального значения муниципальный округ Котловка,внутригородская территория города федерального значения,1,2563,2018,9999,65708.0,649.8,159641.6,12878.0,362.0,0.028109954961950612,0.19598831192548852,51477.874491365845,224642,182897,182913,49920
1110,2563,45904000,Москва,77,внутригородская территория города федерального значения муниципальный округ Ломоносовский,внутригородская территория города федерального значения,1,2564,2018,9999,87044.0,640.9,164648.3,8486.0,2365.0,0.27869432005656375,0.0974909241303249,66569.40837869074,224861,183092,183060,49925
1111,2564,45905000,Москва,77,внутригородская территория города федерального значения муниципальный округ Обручевский,внутригородская территория города федерального значения,1,2565,2018,9999,87258.0,633.3,164188.7,32944.0,7251.0,0.22010077707625061,0.3775470443970753,63231.72656356396,225107,183318,183278,49931
1112,2565,45906000,Москва,77,внутригородская территория города федерального значения муниципальный округ Северное Бутово,внутригородская территория города федерального значения,1,2566,2018,9999,97516.0,590.3,140130.2,4419.0,1396.0,0.31590857660104094,0.045315640510275236,55756.2181610071,225231,183391,183403,49937
1113,2566,45907000,Москва,77,внутригородская территория города федерального значения муниципальный округ Теплый Стан,внутригородская территория города федерального значения,1,2567,2018,9999,131899.0,604.0,121234.8,6458.0,2578.0,0.3991947971508207,0.04896170554742644,54226.3545751137,225433,183550,183555,49944
1114,2567,45908000,Москва,77,внутригородская территория города федерального значения муниципальный округ Черемушки,внутригородская территория города федерального значения,1,2568,2018,9999,107951.0,640.1,235335.8,70022.0,2503.0,0.035745908428779526,0.6486461450102361,59412.96709134768,225624,183756,183767,49949
1115,2568,45909000,Москва,77,внутригородская территория города федерального значения муниципальный округ Южное Бутово,внутригородская территория города федерального значения,1,2569,2018,9999,211116.0,564.1,116897.0,13919.0,4303.0,0.3091457719663769,0.06593057844976222,53199.53176273437,225811,183880,183918,49956
1116,2569,45910000,Москва,77,внутригородская территория города федерального значения муниципальный округ Ясенево,внутригородская территория города федерального значения,1,2570,2018,9999,176505.0,606.6,148214.9,16679.0,1882.0,0.11283650098926794,0.09449590663154019,51744.93944116811,226031,184051,184077,49962
1117,2570,45911000,Москва,77,внутригородская территория города федерального значения муниципальный округ Бирюлево Восточное,внутригородская территория города федерального значения,1,2571,2018,9999,156160.0,604.5,122129.0,9870.0,1764.0,0.17872340425531916,0.06320440573770492,48096.13391402515,226177,184196,184204,49968
1118,2571,45912000,Москва,77,внутригородская территория города федерального значения муниципальный округ Бирюлево Западное,внутригородская территория города федерального значения,1,2572,2018,9999,85308.0,604.0,126319.5,7434.0,728.0,0.09792843691148775,0.08714305809537207,43569.59995454458,226343,184289,184309,49973
1119,2572,45913000,Москва,77,внутригородская территория города федерального значения муниципальный округ Братеево,внутригородская территория города федерального значения,1,2573,2018,9999,101271.0,613.7,108766.1,4119.0,1132.0,0.2748239864044671,0.04067304559054418,48277.58779616674,226471,184383,184394,49980
1120,2573,45914000,Москва,77,внутригородская территория города федерального значения муниципальный округ Даниловский,внутригородская территория города федерального значения,1,2574,2018,9999,104272.0,645.3,209472.4,108508.0,3095.0,0.02852324252589671,1.0406245204848856,56585.98581617405,226682,184542,184601,49986
1121,2574,45915000,Москва,77,внутригородская территория города федерального значения муниципальный округ Донской,внутригородская территория города федерального значения,1,2575,2018,9999,51291.0,649.4,190541.9,50996.0,2583.0,0.05065103145344733,0.9942485036361155,56253.48280198935,226905,184810,184815,49992
1122,2575,45916000,Москва,77,внутригородская территория города федерального значения муниципальный округ Зябликово,внутригородская территория города федерального значения,1,2576,2018,9999,133658.0,614.4,167071.2,6282.0,1827.0,0.29083094555873923,0.04700055365185773,49063.82327736812,227017,184878,184871,49998
1123,2576,45917000,Москва,77,внутригородская территория города федерального значения муниципальный округ Москворечье-Сабурово,внутригородская территория города федерального значения,1,2577,2018,9999,86969.0,636.1,138021.5,25379.0,3166.0,0.12474880806966389,0.29181662431441086,52482.59925868056,227224,185047,185021,50003
1124,2577,45918000,Москва,77,внутригородская территория города федерального значения муниципальный округ Нагатино-Садовники,внутригородская территория города федерального значения,1,2578,2018,9999,83390.0,637.3,159567.9,36032.0,1306.0,0.036245559502664296,0.43209017867849864,54486.5873843992,227395,185236,185208,50009
1125,2578,45919000,Москва,77,внутригородская территория города федерального значения муниципальный округ Нагатинский затон,внутригородская территория города федерального значения,1,2579,2018,9999,120779.0,614.6,130753.7,4665.0,1219.0,0.26130760986066454,0.03862426415188071,53572.19432162527,227579,185316,185325,50015
1126,2579,45920000,Москва,77,внутригородская территория города федерального значения муниципальный округ Нагорный,внутригородская территория города федерального значения,1,2580,2018,9999,77073.0,645.1,219575.6,19781.0,1821.0,0.09205803548860017,0.2566527837245209,52501.45025787489,227766,185495,185491,50021
1127,2580,45921000,Москва,77,внутригородская территория города федерального значения муниципальный округ Орехово-Борисово Северное,внутригородская территория города федерального значения,1,2581,2018,9999,124886.0,613.0,118742.5,7845.0,1256.0,0.16010197578075208,0.06281728936790353,50736.444878886236,227909,185602,185592,50028
1128,2581,45922000,Москва,77,внутригородская территория города федерального значения муниципальный округ Орехово-Борисово Южное,внутригородская территория города федерального значения,1,2582,2018,9999,146959.0,604.3,122290.3,9916.0,2079.0,0.20966115369100444,0.06747460175967447,51306.92488244686,228065,185691,185697,50034
1129,2582,45923000,Москва,77,внутригородская территория города федерального значения муниципальный округ Царицыно,внутригородская территория города федерального значения,1,2583,2018,9999,119021.0,623.1,125095.9,11830.0,1382.0,0.11682163989856298,0.09939422454860906,47144.784269349904,228226,185902,185855,50040
1130,2583,45924000,Москва,77,внутригородская территория города федерального значения муниципальный округ Чертаново Северное,внутригородская территория города федерального значения,1,2584,2018,9999,109640.0,628.1,164137.5,10790.0,1468.0,0.13605189990732158,0.09841298796059832,53502.950219187864,228414,186042,186050,50045
1131,2584,45925000,Москва,77,внутригородская территория города федерального значения муниципальный округ Чертаново Центральное,внутригородская территория города федерального значения,1,2585,2018,9999,111983.0,616.5,125365.5,8650.0,1011.0,0.116878612716763,0.07724386737272622,49623.55632999355,228624,186156,186188,50051
1132,2585,45926000,Москва,77,внутригородская территория города федерального значения муниципальный округ Чертаново Южное,внутригородская территория города федерального значения,1,2586,2018,9999,156092.0,603.1,152138.1,12334.0,1768.0,0.14334360304848387,0.07901750249852652,51586.78972913319,228817,186313,186317,50057
1133,2586,45927000,Москва,77,внутригородская территория города федерального значения муниципальный округ Старое Крюково,внутригородская территория города федерального значения,1,2587,2018,9999,37824.0,515.5,160068.6,11993.0,2100.0,0.1751021429167014,0.3170738155668359,49624.50611637954,228944,186443,186434,50064
1134,2587,45931000,Москва,77,внутригородская территория города федерального значения городской округ Троицк,внутригородская территория города федерального значения,1,2588,2018,9999,71615.0,524.0,125638.0,11357.0,1137.0,0.1001144668486396,0.15858409551071703,51417.48942297028,229160,186601,186559,50070
1135,2588,45932000,Москва,77,внутригородская территория города федерального значения городской округ Щербинка,внутригородская территория города федерального значения,1,2589,2018,9999,62771.0,560.1,141844.7,9542.0,1042.0,0.10920142527771956,0.15201287218620063,45294.55831506278,229333,186701,186699,50076
1136,26,80735000,Республика Башкортостан,2,городской округ город Октябрьский,городской округ,1,27,2018,9999,116427.0,338.4,68419.2,21519.0,2621.0,0.12179934011803523,0.18482826148573783,31542.530268771025,401209,322720,322699,87045
1137,2647,29606000,Калужская область,40,Боровский муниципальный район,муниципальный район,1,2648,2019,9999,82139.0,438.0,98046.0,22188.0,1477.0,0.06656751397151614,0.27012746685496536,34303.40526984189,130263,106477,106472,33129
1138,269,88701000,Республика Марий Эл,12,городской округ город Йошкар-Ола,городской округ,1,270,2018,9999,295711.0,347.3,72240.8,67704.0,8761.0,0.1294015124660286,0.22895326856288742,30162.381998455818,427126,343576,343590,92593
1139,27,80739000,Республика Башкортостан,2,городской округ город Салават,городской округ,1,28,2018,9999,146633.0,313.8,73747.8,30845.0,3138.0,0.10173447884584211,0.21035510423983686,31152.133060909397,401424,322921,322941,87050
1140,270,88705000,Республика Марий Эл,12,городской округ город Волжск,городской округ,2,271,2018,9999,51634.0,368.8,72852.5,11651.0,1738.0,0.1491717449145996,0.22564589224154627,25756.055649122467,427329,343747,343785,92598
1141,271,88715000,Республика Марий Эл,12,городской округ город Козьмодемьянск,городской округ,2,272,2018,9999,19054.0,360.8,62177.5,6685.0,786.0,0.11757666417352282,0.3508449669360764,24152.322791771156,427535,343954,343935,92604
1142,272,88604000,Республика Марий Эл,12,Волжский муниципальный район,муниципальный район,3,273,2018,9999,20454.0,384.7,50458.9,2342.0,651.0,0.2779675491033305,0.11450083113327467,21334.07929388672,424378,341466,341457,91720
1143,273,88608000,Республика Марий Эл,12,Горномарийский муниципальный район,муниципальный район,3,274,2018,9999,19578.0,360.6,34906.1,1186.0,741.0,0.6247892074198989,0.06057820002043109,18813.101394660847,424514,341529,341526,91777
1144,274,88612000,Республика Марий Эл,12,Звениговский муниципальный район,муниципальный район,1,275,2018,9999,38471.0,354.9,61841.2,7899.0,1550.0,0.19622737055323458,0.20532349042135634,24141.651617149306,424719,341716,341710,91845
1145,276,88620000,Республика Марий Эл,12,Куженерский муниципальный район,муниципальный район,1,277,2018,9999,11382.0,339.1,41317.4,2126.0,542.0,0.25493885230479774,0.18678615357582148,17993.482258835324,425066,341988,341986,91978
1146,277,88624000,Республика Марий Эл,12,Мари-Турекский муниципальный район,муниципальный район,1,278,2018,9999,17046.0,336.2,39885.6,2385.0,893.0,0.37442348008385745,0.13991552270327348,18444.4231142206,425275,342124,342113,92044
1147,278,88628000,Республика Марий Эл,12,Медведевский муниципальный район,муниципальный район,1,279,2018,9999,67769.0,352.3,57759.1,11541.0,2250.0,0.1949571094359241,0.17029910431023035,30708.347305079667,425454,342353,342295,92090
1148,279,88632000,Республика Марий Эл,12,Моркинский муниципальный район,муниципальный район,1,280,2018,9999,25758.0,346.2,45105.3,3068.0,875.0,0.28520208604954367,0.11910862644615265,17807.758951104803,425704,342496,342471,92209
1149,28,80743000,Республика Башкортостан,2,городской округ город Сибай,городской округ,1,29,2018,9999,56470.0,288.3,56023.4,7921.0,1843.0,0.2326726423431385,0.14026916947051532,29291.680205700224,401682,323123,323151,87060
1150,280,88636000,Республика Марий Эл,12,Новоторъяльский муниципальный район,муниципальный район,1,281,2018,9999,13402.0,337.4,42378.1,2130.0,575.0,0.2699530516431925,0.15893150276078197,19133.31837073838,425896,342634,342635,92281
1151,281,88640000,Республика Марий Эл,12,Оршанский муниципальный район,муниципальный район,1,282,2018,9999,12182.0,343.8,47456.7,1551.0,503.0,0.32430689877498386,0.12731899523887702,18977.34481952368,426065,342761,342768,92323
1152,282,88644000,Республика Марий Эл,12,Параньгинский муниципальный район,муниципальный район,1,283,2018,9999,13008.0,335.3,41324.6,1652.0,548.0,0.33171912832929784,0.12699876998769988,17545.594787893264,426266,342899,342898,92354
1153,283,88648000,Республика Марий Эл,12,Сернурский муниципальный район,муниципальный район,1,284,2018,9999,21264.0,337.2,51576.7,3483.0,703.0,0.20183749641113982,0.1637979683972912,20977.7853741715,426489,343103,343094,92421
1154,284,88652000,Республика Марий Эл,12,Советский муниципальный район,муниципальный район,1,285,2018,9999,26112.0,343.1,47480.4,4776.0,894.0,0.1871859296482412,0.18290441176470587,20534.903546608133,426665,343208,343213,92488
1155,285,88656000,Республика Марий Эл,12,Юринский муниципальный район,муниципальный район,1,286,2018,9999,5947.0,333.9,45485.1,1041.0,229.0,0.21998078770413065,0.17504624180258954,19053.976706995993,426886,343381,343376,92547
1156,286,89701000,Республика Мордовия,13,городской округ Саранск,городской округ,1,287,2018,9999,339151.0,360.3,62598.4,83614.0,12392.0,0.14820484607840792,0.24653915217705388,30101.737859488687,431639,346914,346927,92811
1157,287,89603000,Республика Мордовия,13,Ардатовский муниципальный район,муниципальный район,1,288,2018,9999,23694.0,359.1,50305.4,3188.0,775.0,0.243099121706399,0.134548830927661,17296.855488882786,427729,344102,344080,92614
1158,2872,71938000,Ямало-Ненецкий автономный округ,89,муниципальный округ Приуральский район,муниципальный округ,1,2873,2022,9999,10095.0,203.1,129786.2,3541.0,879.0,0.2482349618751765,0.35076770678553737,42249.097782417455,361313,290184,290212,74376
1159,288,89605000,Республика Мордовия,13,Атюрьевский муниципальный район,муниципальный район,1,289,2018,9999,9012.0,362.5,37086.3,767.0,294.0,0.3833116036505867,0.08510874389702619,19099.215349317394,427874,344186,344177,92622
1160,2882,71940000,Ямало-Ненецкий автономный округ,89,муниципальный округ Пуровский район,муниципальный округ,1,2883,2022,9999,36676.0,200.9,176767.4,56164.0,2893.0,0.05150986396980272,1.5313556549242011,43685.55876391295,361564,290400,290404,74383
1161,289,89607000,Республика Мордовия,13,Атяшевский муниципальный район,муниципальный район,1,290,2018,9999,17246.0,358.4,53073.3,3945.0,537.0,0.1361216730038023,0.22874869534964629,20118.499807992404,428051,344301,344305,92630
1162,29,80745000,Республика Башкортостан,2,городской округ город Стерлитамак,городской округ,2,30,2018,9999,280497.0,343.8,65443.6,49654.0,7140.0,0.1437950618278487,0.1770215011212241,31812.272236793066,401904,323342,323324,87066
1163,290,89610000,Республика Мордовия,13,Большеберезниковский муниципальный район,муниципальный район,1,291,2018,9999,11711.0,357.0,43037.1,1484.0,255.0,0.17183288409703504,0.12671846981470414,17704.166732298138,428215,344433,344425,92639
1164,291,89613000,Республика Мордовия,13,Большеигнатовский муниципальный район,муниципальный район,1,292,2018,9999,6717.0,360.6,40699.3,776.0,140.0,0.18041237113402062,0.11552776537144559,17239.04693110074,428372,344517,344525,92649
1165,292,89616000,Республика Мордовия,13,Дубенский муниципальный район,муниципальный район,1,293,2018,9999,11280.0,356.6,51253.2,1630.0,326.0,0.2,0.14450354609929078,17276.78860151812,428528,344624,344616,92657
1166,293,89618000,Республика Мордовия,13,Ельниковский муниципальный район,муниципальный район,1,294,2018,9999,9068.0,360.1,45661.0,1026.0,222.0,0.21637426900584794,0.11314512571680635,20086.66103868495,428675,344728,344721,92667
1167,294,89621000,Республика Мордовия,13,Зубово-Полянский муниципальный район,муниципальный район,1,295,2018,9999,45470.0,368.6,40550.3,12003.0,1688.0,0.1406315087894693,0.2639762480756543,22902.44777062765,428891,344875,344883,92675
1168,295,89624000,Республика Мордовия,13,Инсарский муниципальный район,муниципальный район,1,296,2018,9999,11516.0,360.1,52361.3,1997.0,439.0,0.2198297446169254,0.17341090656477945,21578.637381793633,429062,344988,344994,92686
1169,296,89626000,Республика Мордовия,13,Ичалковский муниципальный район,муниципальный район,1,297,2018,9999,16897.0,360.8,51547.6,2975.0,624.0,0.20974789915966385,0.17606675741255845,21293.863801004885,429239,345139,345124,92695
1170,297,89628000,Республика Мордовия,13,Кадошкинский муниципальный район,муниципальный район,1,298,2018,9999,6593.0,359.1,47389.6,892.0,156.0,0.17488789237668162,0.1352950098589413,21160.814411177915,429406,345228,345245,92702
1171,298,89629000,Республика Мордовия,13,Ковылкинский муниципальный район,муниципальный район,1,299,2018,9999,35879.0,363.6,49393.3,8108.0,1179.0,0.14541193882585102,0.22598177206722594,22837.021900452997,429605,345414,345409,92711
1172,3,79605000,Республика Адыгея,1,Гиагинский муниципальный район,муниципальный район,1,4,2018,9999,31872.0,315.2,54547.7,5208.0,915.0,0.17569124423963134,0.16340361445783133,22139.45616090965,387735,311611,311571,81127
1173,30,80601000,Республика Башкортостан,2,Абзелиловский муниципальный район,муниципальный район,1,31,2018,9999,43983.0,294.7,52673.4,5722.0,1621.0,0.28329255505068157,0.13009571880044563,18603.36235140023,389503,313074,313022,81570
1174,300,89634000,Республика Мордовия,13,Краснослободский муниципальный район,муниципальный район,1,301,2018,9999,21456.0,362.2,46337.1,3500.0,735.0,0.21,0.16312453392990306,20324.249354544812,429977,345651,345664,92731
1175,301,89637000,Республика Мордовия,13,Лямбирский муниципальный район,муниципальный район,1,302,2018,9999,33537.0,365.5,66626.1,4550.0,661.0,0.14527472527472526,0.13567104988520143,27444.02451019207,430174,345801,345818,92739
1176,302,89640000,Республика Мордовия,13,Ромодановский муниципальный район,муниципальный район,1,303,2018,9999,18857.0,362.0,54295.6,2903.0,459.0,0.15811229762314846,0.15394813597072704,19753.611051175067,430354,345955,345944,92749
1177,303,89643000,Республика Мордовия,13,Рузаевский муниципальный район,муниципальный район,1,304,2018,9999,58820.0,364.1,68748.4,14479.0,1865.0,0.1288072380689274,0.24615776946616796,26281.94514608733,430536,346100,346104,92758
1178,304,89646000,Республика Мордовия,13,Старошайговский муниципальный район,муниципальный район,1,305,2018,9999,11300.0,359.4,45192.2,1316.0,241.0,0.1831306990881459,0.11646017699115044,17731.405051357786,430744,346238,346260,92765
1179,305,89649000,Республика Мордовия,13,Темниковский муниципальный район,муниципальный район,1,306,2018,9999,12696.0,361.7,43557.8,1584.0,454.0,0.2866161616161616,0.12476370510396975,20533.904265855697,430896,346325,346340,92776
1180,306,89651000,Республика Мордовия,13,Теньгушевский муниципальный район,муниципальный район,1,307,2018,9999,8971.0,368.1,43659.5,1203.0,242.0,0.20116375727348296,0.13409876267974585,18885.704039470063,431070,346425,346435,92783
1181,307,89654000,Республика Мордовия,13,Торбеевский муниципальный район,муниципальный район,1,308,2018,9999,18231.0,364.8,53695.6,4355.0,603.0,0.13846153846153847,0.23887883275739125,23882.54579780625,431235,346567,346580,92793
1182,308,89657000,Республика Мордовия,13,Чамзинский муниципальный район,муниципальный район,1,309,2018,9999,28433.0,359.1,68736.9,9090.0,806.0,0.08866886688668867,0.31969894137094224,23893.565634451665,431425,346731,346692,92801
1183,309,98701000,Республика Саха (Якутия),14,городской округ город Якутск,городской округ,1,310,2018,9999,384979.0,137.0,121249.1,85689.0,15905.0,0.18561308919464575,0.2225809719491193,47658.94415205555,468222,376035,376036,106089
1184,31,80602000,Республика Башкортостан,2,Альшеевский муниципальный район,муниципальный район,1,32,2018,9999,35536.0,324.0,60609.4,5124.0,1093.0,0.21330991412958625,0.14419180549302116,20648.109852973652,389732,313241,313208,81667
1185,312,98603000,Республика Саха (Якутия),14,Алданский муниципальный район,муниципальный район,1,313,2018,9999,38998.0,143.8,139656.8,21651.0,1916.0,0.08849475774791003,0.5551823170418996,45411.29327473431,461997,371117,371122,103368
1186,314,98608000,Республика Саха (Якутия),14,Амгинский муниципальный район,муниципальный район,1,315,2018,9999,16705.0,136.2,82805.1,3725.0,1608.0,0.4316778523489933,0.2229871296019156,31530.69028636789,462538,371544,371565,103557
1187,316,98612000,Республика Саха (Якутия),14,Булунский муниципальный район,муниципальный район,1,317,2018,9999,8126.0,116.9,146103.6,2792.0,473.0,0.16941260744985673,0.3435884814176717,50526.387957021645,462886,371828,371786,103666
1188,317,98614000,Республика Саха (Якутия),14,Верхневилюйский муниципальный район,муниципальный район,1,318,2018,9999,20721.0,129.9,85335.1,4154.0,1799.0,0.4330765527202696,0.20047295014719366,30982.18250972804,463066,371951,371942,103715
1189,318,98615000,Республика Саха (Якутия),14,Верхнеколымский муниципальный район,муниципальный район,1,319,2018,9999,3687.0,121.8,119812.6,1446.0,212.0,0.14661134163208853,0.3921887713588283,53051.08425349491,463244,372085,372070,103849
1190,319,98616000,Республика Саха (Якутия),14,Верхоянский муниципальный район,муниципальный район,1,320,2018,9999,9998.0,124.4,125194.5,3665.0,1153.0,0.3145975443383356,0.3665733146629326,41832.468482396536,463419,372189,372201,103894
1191,32,80603000,Республика Башкортостан,2,Архангельский муниципальный район,муниципальный район,1,33,2018,9999,16616.0,316.6,46871.6,1720.0,548.0,0.3186046511627907,0.10351468464130958,21848.445779970407,389874,313329,313361,81793
1192,320,98618000,Республика Саха (Якутия),14,Вилюйский муниципальный район,муниципальный район,1,321,2018,9999,25157.0,130.8,95056.9,5980.0,2176.0,0.36387959866220737,0.23770719879158883,31739.703407973724,463644,372354,372355,104010
1193,321,98620000,Республика Саха (Якутия),14,Горный муниципальный район,муниципальный район,1,322,2018,9999,11936.0,136.0,85549.4,2569.0,1059.0,0.41222265472946673,0.21523123324396784,27342.9745131881,463814,372524,372526,104145
1194,325,98627000,Республика Саха (Якутия),14,Ленский муниципальный район,муниципальный район,1,326,2018,9999,31833.0,151.6,150610.1,31387.0,1632.0,0.05199604931978208,0.9859893820877705,44868.99118131645,464647,373164,373183,104444
1195,326,98629000,Республика Саха (Якутия),14,Мегино-Кангаласский муниципальный район,муниципальный район,1,327,2018,9999,32932.0,142.9,88872.6,7054.0,2934.0,0.41593422171817407,0.21419895542329648,32676.3274509607,464851,373358,373318,104523
1196,327,98631000,Республика Саха (Якутия),14,Мирнинский муниципальный район,муниципальный район,1,328,2018,9999,71704.0,152.1,167695.2,39251.0,2838.0,0.07230389034674276,0.5474032132098627,44995.22571235805,465094,373592,373549,104717
1197,329,98635000,Республика Саха (Якутия),14,Намский муниципальный район,муниципальный район,1,330,2018,9999,25069.0,138.6,84208.6,4619.0,2242.0,0.48538644728296165,0.18425146595396705,31893.01575754755,465432,373813,373843,104825
1198,33,80604000,Республика Башкортостан,2,Аскинский муниципальный район,муниципальный район,1,34,2018,9999,17418.0,317.4,47944.1,2208.0,812.0,0.3677536231884058,0.12676541508784017,19847.852315009506,390084,313503,313481,81871
1199,330,98660000,Республика Саха (Якутия),14,Нерюнгринский муниципальный район,муниципальный район,1,331,2018,9999,68431.0,147.1,161347.5,34627.0,2692.0,0.07774280185982037,0.506013356519706,47122.01723974425,467968,375807,375790,106037
1200,331,98637000,Республика Саха (Якутия),14,Нижнеколымский муниципальный район,муниципальный район,1,332,2018,9999,4175.0,113.6,121451.5,1101.0,290.0,0.2633969118982743,0.2637125748502994,56688.4101605683,465589,373941,373929,104947
1201,332,98639000,Республика Саха (Якутия),14,Оймяконский муниципальный район,муниципальный район,1,333,2018,9999,7566.0,127.0,193572.2,5664.0,486.0,0.0858050847457627,0.7486122125297383,51632.09132293843,465776,374109,374093,104980
1202,333,98641000,Республика Саха (Якутия),14,Олекминский муниципальный район,муниципальный район,1,334,2018,9999,20525.0,145.2,136467.8,12435.0,1679.0,0.13502211499798955,0.6058465286236298,42759.12821717322,466012,374278,374291,105035
1203,334,98642000,Республика Саха (Якутия),14,Оленекский эвенкийский национальный муниципальный район,муниципальный район,1,335,2018,9999,4364.0,140.7,163066.6,2205.0,378.0,0.17142857142857143,0.5052703941338221,44954.71478745727,466185,374406,374424,105183
1204,335,98646000,Республика Саха (Якутия),14,Среднеколымский муниципальный район,муниципальный район,1,336,2018,9999,6714.0,119.0,95283.9,1876.0,654.0,0.3486140724946695,0.279416145367888,40567.43740231468,466553,374721,374723,105331
1205,336,98648000,Республика Саха (Якутия),14,Сунтарский муниципальный район,муниципальный район,1,337,2018,9999,22228.0,149.5,83598.4,5023.0,2417.0,0.48118654190722676,0.22597624617599424,33022.29431190936,466725,374892,374852,105402
1206,337,98604000,Республика Саха (Якутия),14,Таттинский муниципальный район,муниципальный район,1,338,2018,9999,16750.0,135.5,87074.5,3506.0,1335.0,0.3807758128921848,0.2093134328358209,28225.072195892317,462225,371333,371294,103427
1207,338,98650000,Республика Саха (Якутия),14,Томпонский муниципальный район,муниципальный район,1,339,2018,9999,10897.0,133.4,130182.5,4635.0,906.0,0.19546925566343043,0.42534642562173075,41177.2323892881,466923,375026,375033,105565
1208,339,98652000,Республика Саха (Якутия),14,Усть-Алданский муниципальный район,муниципальный район,1,340,2018,9999,22012.0,137.4,82703.3,4398.0,2064.0,0.4693042291950887,0.19980010903143738,27324.682643643227,467093,375139,375142,105626
1209,34,80605000,Республика Башкортостан,2,Аургазинский муниципальный район,муниципальный район,1,35,2018,9999,29757.0,322.3,47303.5,3478.0,867.0,0.24928119608970672,0.11688006183419028,17491.486538127752,390273,313652,313623,81967
1210,340,98654000,Республика Саха (Якутия),14,Усть-Майский муниципальный район,муниципальный район,1,341,2018,9999,7343.0,133.6,137080.0,2968.0,449.0,0.15128032345013476,0.4041944709246902,40876.68678194142,467269,375258,375243,105762
1211,341,98656000,Республика Саха (Якутия),14,Усть-Янский муниципальный район,муниципальный район,1,342,2018,9999,6725.0,119.2,126513.3,2314.0,487.0,0.2104580812445981,0.344089219330855,50877.21328021466,467425,375368,375394,105836
1212,342,98644000,Республика Саха (Якутия),14,Хангаласский муниципальный район,муниципальный район,1,343,2018,9999,34331.0,138.6,87875.4,7301.0,2577.0,0.3529653472127106,0.21266493839387143,32044.657481073536,466361,374580,374576,105216
1213,343,98658000,Республика Саха (Якутия),14,Чурапчинский муниципальный район,муниципальный район,1,344,2018,9999,21807.0,136.7,81064.2,4586.0,2246.0,0.48975141735717403,0.21029944513229698,29574.813589735902,467599,375505,375531,105901
1214,35,80606000,Республика Башкортостан,2,Баймакский муниципальный район,муниципальный район,1,36,2018,9999,53399.0,288.3,47395.4,5638.0,1902.0,0.3373536715147215,0.10558250154497276,21468.181818828456,390481,313805,313815,82101
1215,354,92701000,Республика Татарстан,16,городской округ город Казань,городской округ,1,355,2018,9999,1318604.0,345.0,94672.7,339504.0,53383.0,0.15723820632452049,0.2574722964589824,37808.07233387439,443439,357039,357055,100013
1216,355,92730000,Республика Татарстан,16,городской округ город Набережные Челны,городской округ,2,356,2018,9999,544383.0,367.4,87755.3,134240.0,16765.0,0.12488825983313469,0.24659109487254377,33950.315933328246,443644,357237,357258,100065
1217,356,92601000,Республика Татарстан,16,Агрызский муниципальный район,муниципальный район,1,357,2018,9999,34401.0,334.6,66228.7,5673.0,1015.0,0.17891768023973206,0.16490799686055638,21351.427641090733,434389,349178,349196,93506
1218,357,92602000,Республика Татарстан,16,Азнакаевский муниципальный район,муниципальный район,1,358,2018,9999,57093.0,338.8,74115.1,12493.0,2226.0,0.1781797806771792,0.21881841907063912,23891.00586767879,434585,349435,349437,93666
1219,358,92604000,Республика Татарстан,16,Аксубаевский муниципальный район,муниципальный район,1,359,2018,9999,26162.0,342.1,56984.5,3382.0,1063.0,0.3143110585452395,0.12927146242642,18706.286257481697,434837,349574,349559,93865
1220,359,92605000,Республика Татарстан,16,Актанышский муниципальный район,муниципальный район,1,360,2018,9999,27287.0,328.5,62934.9,5059.0,1187.0,0.23463135006918362,0.1853996408546194,18490.99184995264,435044,349754,349773,94018
1221,36,80607000,Республика Башкортостан,2,Бакалинский муниципальный район,муниципальный район,1,37,2018,9999,24813.0,333.9,43414.8,2703.0,1162.0,0.4298927118017018,0.10893483254745497,20538.637020736987,390655,313936,313935,82251
1222,360,92606000,Республика Татарстан,16,Алексеевский муниципальный район,муниципальный район,1,361,2018,9999,24626.0,352.3,78554.5,4877.0,1043.0,0.2138609801107238,0.19804271907739787,23306.48621995106,435204,349927,349908,94187
1223,361,92607000,Республика Татарстан,16,Алькеевский муниципальный район,муниципальный район,1,362,2018,9999,18063.0,347.1,57182.1,3346.0,802.0,0.23968918111177526,0.18524054697447823,19409.35327816787,435380,350064,350078,94336
1224,362,92608000,Республика Татарстан,16,Альметьевский муниципальный район,муниципальный район,1,363,2018,9999,212359.0,340.3,97189.0,62825.0,7260.0,0.11555909271786709,0.29584335959389524,32643.777068948915,435596,350282,350298,94477
1225,363,92610000,Республика Татарстан,16,Апастовский муниципальный район,муниципальный район,1,364,2018,9999,18676.0,355.8,54835.7,3321.0,737.0,0.2219211080999699,0.1778218033840223,17071.44468745469,435814,350458,350485,94729
1226,364,92612000,Республика Татарстан,16,Арский муниципальный район,муниципальный район,1,365,2018,9999,49659.0,348.5,53071.2,6134.0,2133.0,0.34773394196283014,0.12352242292434402,20031.04085949759,436037,350647,350649,94887
1227,365,92613000,Республика Татарстан,16,Атнинский муниципальный район,муниципальный район,1,366,2018,9999,12245.0,349.2,53607.9,2565.0,556.0,0.21676413255360624,0.20947325438954675,16879.555056463523,436190,350777,350822,95017
1228,366,92614000,Республика Татарстан,16,Бавлинский муниципальный район,муниципальный район,1,367,2018,9999,32239.0,339.6,72234.0,6589.0,1225.0,0.18591592047351646,0.2043797884549769,21667.873044960797,436447,351020,351036,95104
1229,367,92615000,Республика Татарстан,16,Балтасинский муниципальный район,муниципальный район,1,368,2018,9999,32840.0,343.3,57117.0,6035.0,1387.0,0.22982601491300747,0.18376979293544457,19036.397207367896,436610,351149,351165,95214
1230,368,92617000,Республика Татарстан,16,Бугульминский муниципальный район,муниципальный район,1,369,2018,9999,99177.0,340.5,72273.3,19731.0,3546.0,0.17971719629010188,0.19894733658005384,29682.082177871842,436877,351379,351387,95349
1231,369,92618000,Республика Татарстан,16,Буинский муниципальный район,муниципальный район,1,370,2018,9999,39135.0,356.3,54996.2,7561.0,1605.0,0.21227350879513293,0.19320301520378177,20849.42363158511,437079,351588,351581,95493
1232,37,80608000,Республика Башкортостан,2,Балтачевский муниципальный район,муниципальный район,1,38,2018,9999,17837.0,320.2,45217.8,1892.0,683.0,0.3609936575052854,0.10607164881986882,19398.57955340888,390826,314082,314061,82359
1233,370,92620000,Республика Татарстан,16,Верхнеуслонский муниципальный район,муниципальный район,1,371,2018,9999,17641.0,357.3,182259.8,8610.0,1464.0,0.1700348432055749,0.48806756986565386,26412.148768159477,437257,351779,351776,95707
1234,371,92622000,Республика Татарстан,16,Высокогорский муниципальный район,муниципальный район,1,372,2018,9999,60647.0,363.4,73992.4,8787.0,1885.0,0.2145214521452145,0.14488762840701105,28944.962449236664,437520,351943,351989,95853
1235,372,92624000,Республика Татарстан,16,Дрожжановский муниципальный район,муниципальный район,1,373,2018,9999,20085.0,355.1,49846.8,3026.0,887.0,0.29312623925974884,0.15065969629076426,17108.852604588694,437686,352140,352160,96018
1236,373,92626000,Республика Татарстан,16,Елабужский муниципальный район,муниципальный район,1,374,2018,9999,85471.0,344.3,126084.3,36579.0,3071.0,0.08395527488449657,0.42796972072398826,32161.202990493734,437944,352380,352338,96147
1237,374,92627000,Республика Татарстан,16,Заинский муниципальный район,муниципальный район,1,375,2018,9999,52217.0,342.9,69419.4,9155.0,1671.0,0.18252321135991262,0.17532604324262213,26268.057643999524,438155,352514,352549,96269
1238,375,92628000,Республика Татарстан,16,Зеленодольский муниципальный район,муниципальный район,1,376,2018,9999,169798.0,360.6,65225.1,57089.0,3853.0,0.06749111037152516,0.3362171521454905,32206.370193134833,438353,352744,352761,96436
1239,376,92629000,Республика Татарстан,16,Кайбицкий муниципальный район,муниципальный район,1,377,2018,9999,12423.0,358.4,59305.7,2108.0,494.0,0.23434535104364326,0.16968526120904773,17361.748513756178,438547,352959,352949,96612
1240,377,92630000,Республика Татарстан,16,Камско-Устьинский муниципальный район,муниципальный район,1,378,2018,9999,14157.0,347.1,56603.2,2337.0,494.0,0.21138211382113822,0.16507734689552872,21603.718587989373,438752,353099,353092,96728
1241,378,92633000,Республика Татарстан,16,Кукморский муниципальный район,муниципальный район,1,379,2018,9999,51202.0,339.1,55589.5,7046.0,2192.0,0.31109849560034064,0.13761181203859224,19957.203299346565,439158,353426,353374,97011
1242,379,92634000,Республика Татарстан,16,Лаишевский муниципальный район,муниципальный район,1,380,2018,9999,71646.0,353.7,103579.8,16803.0,1467.0,0.08730583824317087,0.23452809647433212,34632.98031802268,439341,353589,353619,97219
1243,38,80609000,Республика Башкортостан,2,Белебеевский муниципальный район,муниципальный район,1,39,2018,9999,94978.0,327.7,58297.8,15373.0,2220.0,0.14440902881675666,0.1618585356608899,29321.711748966503,391064,314274,314296,82458
1244,380,92636000,Республика Татарстан,16,Лениногорский муниципальный район,муниципальный район,1,381,2018,9999,77755.0,339.6,74421.7,14841.0,2771.0,0.18671248568155785,0.19086875442093756,29349.33323652491,439588,353824,353782,97390
1245,381,92638000,Республика Татарстан,16,Мамадышский муниципальный район,муниципальный район,1,382,2018,9999,39698.0,341.7,65096.3,6146.0,1519.0,0.24715261958997722,0.15481888256335333,20464.912799608268,439839,353972,353992,97567
1246,382,92639000,Республика Татарстан,16,Менделеевский муниципальный район,муниципальный район,1,383,2018,9999,30286.0,342.9,86032.8,5275.0,973.0,0.18445497630331753,0.17417288516146073,23170.553023491473,440055,354167,354145,97768
1247,383,92640000,Республика Татарстан,16,Мензелинский муниципальный район,муниципальный район,1,384,2018,9999,26385.0,335.8,57040.1,4016.0,1239.0,0.3085159362549801,0.152207693765397,22050.929043872242,440261,354370,354358,97884
1248,384,92642000,Республика Татарстан,16,Муслюмовский муниципальный район,муниципальный район,1,385,2018,9999,18692.0,336.2,58339.2,2932.0,781.0,0.26637107776261937,0.15685854911191954,18189.837631635888,440434,354496,354502,98032
1249,385,92644000,Республика Татарстан,16,Нижнекамский муниципальный район,муниципальный район,1,386,2018,9999,276414.0,339.3,98467.6,74379.0,9192.0,0.12358326947122171,0.26908550218151034,30695.697433644113,440672,354736,354778,98161
1250,386,92645000,Республика Татарстан,16,Новошешминский муниципальный район,муниципальный район,1,387,2018,9999,12574.0,344.3,93598.9,3226.0,583.0,0.18071915685058895,0.2565611579449658,20684.872750033705,440887,354894,354919,98293
1251,387,92646000,Республика Татарстан,16,Нурлатский муниципальный район,муниципальный район,1,388,2018,9999,51661.0,342.9,69712.6,9496.0,1828.0,0.19250210614995789,0.1838137086002981,23846.949722311427,441126,355073,355099,98398
1252,388,92648000,Республика Татарстан,16,Пестречинский муниципальный район,муниципальный район,1,389,2018,9999,66372.0,355.1,65735.3,6413.0,1603.0,0.24996101668485887,0.0966220695473995,28529.70867467403,441351,355294,355290,98587
1253,389,92650000,Республика Татарстан,16,Рыбно-Слободский муниципальный район,муниципальный район,1,390,2018,9999,23892.0,349.7,48648.0,2994.0,953.0,0.3183032732130929,0.12531391260673028,18290.537789322243,441511,355444,355459,98726
1254,39,80610000,Республика Башкортостан,2,Белокатайский муниципальный район,муниципальный район,1,40,2018,9999,17369.0,307.7,50585.9,1995.0,728.0,0.3649122807017544,0.11485980770337959,22881.49388310533,391265,314473,314435,82573
1255,390,92652000,Республика Татарстан,16,Сабинский муниципальный район,муниципальный район,1,391,2018,9999,30381.0,344.3,61804.9,7676.0,1436.0,0.18707660239708182,0.25265791119449654,19559.374125475242,441718,355635,355592,98917
1256,391,92653000,Республика Татарстан,16,Сармановский муниципальный район,муниципальный район,1,392,2018,9999,33666.0,340.5,65866.4,6009.0,1087.0,0.18089532368114494,0.17848868294421671,18650.732269491295,441943,355757,355790,99064
1257,392,92632000,Республика Татарстан,16,Спасский муниципальный район,муниципальный район,1,393,2018,9999,18014.0,340.7,55706.6,2618.0,787.0,0.30061115355233003,0.14533140890418564,22240.795854475207,438939,353218,353248,96883
1258,393,92655000,Республика Татарстан,16,Тетюшский муниципальный район,муниципальный район,1,394,2018,9999,19798.0,350.2,51809.6,2962.0,877.0,0.2960837272113437,0.14961107182543693,20174.308309245414,442390,356118,356129,99321
1259,395,92656000,Республика Татарстан,16,Тюлячинский муниципальный район,муниципальный район,1,396,2018,9999,13489.0,348.8,55637.4,2308.0,637.0,0.27599653379549394,0.17110237971680628,16710.495972661105,442537,356244,356249,99474
1260,396,92658000,Республика Татарстан,16,Черемшанский муниципальный район,муниципальный район,1,397,2018,9999,17877.0,342.4,65974.0,3467.0,906.0,0.2613210268243438,0.19393634278682106,18451.926990696287,442945,356604,356615,99721
1261,397,92659000,Республика Татарстан,16,Чистопольский муниципальный район,муниципальный район,1,398,2018,9999,73234.0,347.1,64210.4,12256.0,2327.0,0.18986618798955612,0.16735396127481772,26724.337740707022,443198,356769,356762,99843
1262,398,92654000,Республика Татарстан,16,Ютазинский муниципальный район,муниципальный район,1,399,2018,9999,19452.0,337.9,59884.9,3457.0,744.0,0.2152155047729245,0.17771951470285832,19974.214450271073,442189,355962,355935,99229
1263,4,79615000,Республика Адыгея,1,Кошехабльский муниципальный район,муниципальный район,1,5,2018,9999,30319.0,315.5,51262.1,2908.0,1097.0,0.37723521320495185,0.09591345360994756,23814.834704272555,387880,311703,311698,81169
1264,40,80611000,Республика Башкортостан,2,Белорецкий муниципальный район,муниципальный район,1,41,2018,9999,96915.0,302.2,57286.0,21032.0,3147.0,0.14962913655382273,0.21701490997265646,28417.744922704293,391478,314674,314700,82660
1265,401,93605000,Республика Тыва,17,Бай-Тайгинский муниципальный район,муниципальный район,1,402,2018,9999,10431.0,182.5,46623.0,1569.0,960.0,0.6118546845124283,0.15041702617198735,20017.427819965287,443810,357356,357347,100069
1266,402,93610000,Республика Тыва,17,Барун-Хемчикский муниципальный район,муниципальный район,1,403,2018,9999,11626.0,184.2,48513.7,2348.0,1108.0,0.47189097103918226,0.20196112162394633,20723.249795614203,443894,357419,357416,100093
1267,403,93615000,Республика Тыва,17,Дзун-Хемчикский муниципальный район,муниципальный район,1,404,2018,9999,18916.0,181.6,51531.3,3005.0,1815.0,0.6039933444259568,0.1588602241488687,20282.643980330413,444022,357501,357499,100126
1268,404,93620000,Республика Тыва,17,Каа-Хемский муниципальный район,муниципальный район,1,405,2018,9999,11974.0,183.0,59905.0,2509.0,1184.0,0.4719011558389797,0.2095373308835811,23272.93676640474,444143,357560,357573,100171
1269,405,93622000,Республика Тыва,17,Кызылский муниципальный район,муниципальный район,1,406,2018,9999,36340.0,187.5,61583.4,3575.0,1853.0,0.5183216783216783,0.09837644468904788,30501.602908446228,444293,357671,357649,100210
1270,408,93635000,Республика Тыва,17,Пий-Хемский муниципальный район,муниципальный район,1,409,2018,9999,10364.0,188.7,62886.8,1734.0,854.0,0.4925028835063437,0.16730991895021227,23413.840311851014,444674,357904,357884,100285
1271,409,93638000,Республика Тыва,17,Сут-Хольский муниципальный район,муниципальный район,1,410,2018,9999,8043.0,180.9,46724.8,1309.0,805.0,0.6149732620320856,0.16275021758050479,22094.812348499632,444794,357950,357955,100318
1272,41,80612000,Республика Башкортостан,2,Бижбулякский муниципальный район,муниципальный район,1,42,2018,9999,20951.0,323.0,50782.7,2437.0,722.0,0.29626590069757897,0.11631903011789413,20805.485287866068,391651,314808,314833,82791
1273,410,93640000,Республика Тыва,17,Тандинский муниципальный район,муниципальный район,1,411,2018,9999,15098.0,183.5,55744.8,2116.0,1064.0,0.502835538752363,0.14015101337925553,26961.212180710685,444888,358026,358013,100342
1274,413,93650000,Республика Тыва,17,Тоджинский муниципальный район,муниципальный район,1,414,2018,9999,6694.0,177.8,96701.2,2525.0,610.0,0.24158415841584158,0.37720346579025993,29551.290425240648,445197,358186,358180,100408
1275,414,93654000,Республика Тыва,17,Улуг-Хемский муниципальный район,муниципальный район,1,415,2018,9999,19940.0,182.3,52073.1,2992.0,1464.0,0.4893048128342246,0.15005015045135406,23439.64246649717,445329,358257,358260,100432
1276,416,93657000,Республика Тыва,17,Чеди-Хольский муниципальный район,муниципальный район,1,417,2018,9999,7592.0,182.5,51951.6,1101.0,533.0,0.4841053587647593,0.14502107481559537,24585.00264544025,445521,358373,358386,100486
1277,418,94701000,Удмуртская Республика,18,городской округ город Ижевск,городской округ,1,419,2018,9999,618776.0,324.0,79451.4,170075.0,22745.0,0.13373511686020872,0.27485713731625017,34711.502771252264,450950,362683,362708,100696
1278,419,94710000,Удмуртская Республика,18,городской округ город Воткинск,городской округ,2,420,2018,9999,96037.0,338.4,76115.4,24632.0,2947.0,0.11964111724585905,0.2564844799400231,31522.269201167077,451158,362955,362951,100701
1279,42,80613000,Республика Башкортостан,2,Бирский муниципальный район,муниципальный район,1,43,2018,9999,61478.0,327.0,50586.9,6819.0,1814.0,0.2660214107640416,0.11091772666644979,27805.507387559002,391911,315010,315024,82877
1280,420,94720000,Удмуртская Республика,18,городской округ город Глазов,городской округ,2,421,2018,9999,85870.0,322.3,64938.7,21122.0,3367.0,0.1594072531010321,0.2459764760684756,28587.214958775738,451342,363186,363165,100708
1281,421,94730000,Удмуртская Республика,18,городской округ город Можга,городской округ,2,422,2018,9999,43557.0,345.2,54035.1,9773.0,2131.0,0.2180497288447764,0.22437266111072848,25257.927969325243,451569,363380,363332,100714
1282,422,94740000,Удмуртская Республика,18,городской округ город Сарапул,городской округ,1,423,2018,9999,89442.0,327.0,73016.4,21704.0,2741.0,0.12629008477699963,0.24266004785223944,31413.102308185724,451788,363590,363555,100719
1283,423,94502000,Удмуртская Республика,18,муниципальный округ Алнашский район,муниципальный округ,1,2828,2022,9999,19971.0,337.0,46374.0,3352.0,1030.0,0.30727923627684967,0.1678433728906915,20250.28530274997,446104,358828,358830,100540
1284,424,94504000,Удмуртская Республика,18,муниципальный округ Балезинский район,муниципальный округ,1,2829,2022,9999,26866.0,315.7,49049.5,5718.0,1284.0,0.22455403987408185,0.21283406536142335,19948.101089626936,446207,358917,358908,100545
1285,425,94506000,Удмуртская Республика,18,муниципальный округ Вавожский район,муниципальный округ,1,2830,2022,9999,13809.0,325.9,57916.2,2966.0,699.0,0.2356709372892785,0.2147874574552828,21986.178402814843,446292,359016,359003,100548
1286,428,94512000,Удмуртская Республика,18,муниципальный округ Граховский район,муниципальный округ,1,2833,2022,9999,8624.0,336.5,47943.0,1249.0,394.0,0.3154523618895116,0.14482838589981448,21440.256156988213,446570,359194,359236,100561
1287,429,94514000,Удмуртская Республика,18,муниципальный округ Дебёсский район,муниципальный округ,1,2834,2022,9999,10744.0,319.7,51971.3,2426.0,759.0,0.3128606760098928,0.22580044676098288,20594.226722024006,446674,359280,359279,100564
1288,43,80614000,Республика Башкортостан,2,Благоварский муниципальный район,муниципальный район,1,44,2018,9999,23850.0,329.2,57138.2,2960.0,726.0,0.24527027027027026,0.1241090146750524,21203.576392260264,392097,315178,315146,82984
1289,430,94516000,Удмуртская Республика,18,муниципальный округ Завьяловский район,муниципальный округ,1,2835,2022,9999,83460.0,333.6,60377.9,13550.0,2315.0,0.17084870848708486,0.16235322310088665,33583.712386469815,446803,359435,359449,100569
1290,431,94518000,Удмуртская Республика,18,муниципальный округ Игринский район,муниципальный округ,1,2836,2022,9999,32538.0,323.0,58555.5,6404.0,1604.0,0.2504684572142411,0.19681603048743007,22384.422834279118,446925,359563,359559,100573
1291,432,94520000,Удмуртская Республика,18,муниципальный округ Камбарский район,муниципальный округ,1,2837,2022,9999,15570.0,325.6,54584.1,3375.0,708.0,0.20977777777777779,0.21676300578034682,23249.308780097763,447042,359637,359663,100579
1292,433,94522000,Удмуртская Республика,18,муниципальный округ Каракулинский район,муниципальный округ,1,2838,2022,9999,10095.0,317.6,60435.8,2750.0,519.0,0.18872727272727272,0.27241208519068844,19553.415533303065,447131,359759,359750,100583
1293,434,94524000,Удмуртская Республика,18,муниципальный округ Кезский район,муниципальный округ,1,2839,2022,9999,17833.0,314.3,49008.0,3225.0,838.0,0.2598449612403101,0.18084450176638817,20244.498692450594,447218,359883,359831,100587
1294,435,94526000,Удмуртская Республика,18,муниципальный округ Кизнерский район,муниципальный округ,1,2840,2022,9999,17496.0,334.6,49308.2,2806.0,997.0,0.35531004989308623,0.16037951531778694,22186.17375811307,447372,359959,359957,100591
1295,436,94528000,Удмуртская Республика,18,муниципальный округ Киясовский район,муниципальный округ,1,2841,2022,9999,8518.0,327.3,48497.2,1351.0,444.0,0.3286454478164323,0.15860530640995538,18905.567159093687,447439,360043,360025,100594
1296,437,94530000,Удмуртская Республика,18,муниципальный округ Красногорский район,муниципальный округ,1,2842,2022,9999,7480.0,320.2,48409.2,1377.0,418.0,0.30355846042120554,0.18409090909090908,19912.20960381926,447537,360095,360100,100599
1297,438,94533000,Удмуртская Республика,18,муниципальный округ Малопургинский район,муниципальный округ,1,2843,2022,9999,30993.0,335.1,51464.0,3855.0,1228.0,0.3185473411154345,0.1243829251766528,20078.36701212425,447646,360165,360206,100603
1298,44,80615000,Республика Башкортостан,2,Благовещенский муниципальный район,муниципальный район,1,45,2018,9999,48718.0,328.0,75715.0,9545.0,1016.0,0.10644316396018857,0.19592347797528634,30517.62411344439,392311,315352,315368,83084
1299,440,94537000,Удмуртская Республика,18,муниципальный округ Сарапульский район,муниципальный округ,1,2845,2022,9999,23267.0,328.2,60522.9,3939.0,1000.0,0.2538715410002539,0.1692955688313921,24402.40292801926,447829,360333,360348,100610
1300,441,94539000,Удмуртская Республика,18,муниципальный округ Селтинский район,муниципальный округ,1,2846,2022,9999,10292.0,325.4,48548.8,1564.0,518.0,0.3312020460358056,0.15196268946754762,21260.680916887315,447940,360417,360421,100614
1301,442,94541000,Удмуртская Республика,18,муниципальный округ Сюмсинский район,муниципальный округ,1,2847,2022,9999,9970.0,328.2,52140.1,1763.0,584.0,0.33125354509359045,0.17683049147442326,21067.302601278316,448003,360471,360482,100619
1302,443,94544000,Удмуртская Республика,18,муниципальный округ Увинский район,муниципальный округ,1,2848,2022,9999,33739.0,327.3,63935.5,10159.0,1983.0,0.1951963775962201,0.30110554551112956,23900.48907145901,448094,360569,360575,100623
1303,444,94546000,Удмуртская Республика,18,муниципальный округ Шарканский район,муниципальный округ,1,2849,2022,9999,18886.0,320.2,50340.8,2927.0,1011.0,0.3454048513836693,0.15498252673938367,20033.098394496454,448248,360661,360676,100626
1304,445,94548000,Удмуртская Республика,18,муниципальный округ Юкаменский район,муниципальный округ,1,2850,2022,9999,7231.0,314.0,42610.6,1175.0,377.0,0.32085106382978723,0.16249481399529803,19158.683268736568,448311,360745,360741,100631
1305,446,94550000,Удмуртская Республика,18,муниципальный округ Якшур-Бодьинский район,муниципальный округ,1,2851,2022,9999,19293.0,325.1,62204.2,3821.0,991.0,0.2593561894791939,0.19805110661898098,21263.927467520414,448423,360827,360815,100634
1306,447,94552000,Удмуртская Республика,18,муниципальный округ Ярский район,муниципальный округ,1,2852,2022,9999,10983.0,311.7,50798.6,1839.0,603.0,0.3278955954323002,0.16744059000273148,18454.779194242314,448517,360911,360900,100639
1307,448,95701000,Республика Хакасия,19,городской округ город Абакан,городской округ,1,449,2018,9999,185804.0,203.1,79022.0,46765.0,7721.0,0.16510210627606114,0.2516899528535446,33256.1591656749,453567,364875,364865,101123
1308,449,95702000,Республика Хакасия,19,городской округ город Абаза,городской округ,1,450,2018,9999,11962.0,192.7,60495.4,2462.0,525.0,0.2132412672623883,0.20581842501253972,27081.892509385358,453783,364978,364981,101129
1309,45,80617000,Республика Башкортостан,2,Буздякский муниципальный район,муниципальный район,1,46,2018,9999,25432.0,331.8,52308.9,2945.0,742.0,0.25195246179966047,0.1157989933941491,21157.371655300147,392511,315505,315519,83191
1310,450,95708000,Республика Хакасия,19,городской округ город Саяногорск,городской округ,1,451,2018,9999,55712.0,197.9,91089.2,15520.0,1858.0,0.11971649484536083,0.2785755313038484,31528.834021216393,453968,365160,365150,101139
1311,451,95709000,Республика Хакасия,19,городской округ город Сорск,городской округ,1,452,2018,9999,10843.0,198.1,74830.8,2589.0,329.0,0.12707609115488605,0.238771557686987,28670.00187918814,454149,365271,365294,101147
1312,452,95715000,Республика Хакасия,19,городской округ город Черногорск,городской округ,1,453,2018,9999,77948.0,205.4,71890.6,12341.0,2603.0,0.210922939794182,0.15832349771642634,30529.527114160985,454329,365473,365467,101153
1313,453,95605000,Республика Хакасия,19,Алтайский муниципальный район,муниципальный район,1,454,2018,9999,24152.0,203.5,76908.1,4526.0,1231.0,0.2719840919133893,0.18739648890361046,25558.52534471111,452033,363682,363669,100728
1314,455,95612000,Республика Хакасия,19,Бейский муниципальный район,муниципальный район,1,456,2018,9999,17067.0,197.4,62690.4,2658.0,857.0,0.3224228743416102,0.15573914571981015,28975.933386971792,452421,363989,363977,100838
1315,456,95615000,Республика Хакасия,19,Боградский муниципальный район,муниципальный район,1,457,2018,9999,11030.0,205.0,48923.9,1795.0,747.0,0.4161559888579387,0.1627379873073436,21108.985112053724,452567,364095,364096,100877
1316,457,95620000,Республика Хакасия,19,Орджоникидзевский муниципальный район,муниципальный район,1,458,2018,9999,9604.0,209.9,50171.7,1780.0,553.0,0.3106741573033708,0.18533944189920867,22880.86133574452,452757,364185,364180,100916
1317,458,95625000,Республика Хакасия,19,Таштыпский муниципальный район,муниципальный район,1,459,2018,9999,15165.0,194.1,61405.4,2273.0,745.0,0.3277606687197536,0.1498846027035938,25299.5628019487,452924,364323,364316,100953
1318,459,95630000,Республика Хакасия,19,Усть-Абаканский муниципальный район,муниципальный район,1,460,2018,9999,46354.0,206.4,60840.7,4856.0,1461.0,0.3008649093904448,0.10475902834706821,29141.46428984005,453169,364459,364456,100995
1319,46,80618000,Республика Башкортостан,2,Бураевский муниципальный район,муниципальный район,1,47,2018,9999,20840.0,325.1,71323.4,4060.0,625.0,0.1539408866995074,0.1948176583493282,20102.753330103766,392681,315669,315653,83270
1320,460,95635000,Республика Хакасия,19,Ширинский муниципальный район,муниципальный район,1,461,2018,9999,24253.0,207.1,62412.6,5054.0,1109.0,0.21943015433320143,0.20838659134952378,25343.370659026485,453336,364621,364640,101053
1321,47,80619000,Республика Башкортостан,2,Бурзянский муниципальный район,муниципальный район,1,48,2018,9999,17061.0,295.4,37911.8,2286.0,1002.0,0.43832020997375326,0.1339898013012133,19751.571832987767,392880,315780,315794,83354
1322,478,97701000,Чувашская Республика,21,городской округ город Чебоксары,городской округ,1,479,2018,9999,506480.0,356.3,72298.7,117771.0,16688.0,0.14169872039806064,0.23252843152740482,31516.534723632758,460764,370054,370051,103285
1323,479,97704000,Чувашская Республика,21,городской округ город Алатырь,городской округ,2,480,2018,9999,31304.0,365.1,49270.3,7298.0,899.0,0.12318443409153193,0.2331331459238436,21409.998968080065,461003,370251,370199,103293
1324,48,80621000,Республика Башкортостан,2,Гафурийский муниципальный район,муниципальный район,1,49,2018,9999,29525.0,312.2,48074.0,3371.0,991.0,0.2939780480569564,0.1141744284504657,20596.536596602728,393082,315935,315922,83432
1325,480,97707000,Чувашская Республика,21,городской округ город Канаш,городской округ,2,481,2018,9999,43508.0,383.0,61592.8,10282.0,1437.0,0.13975880178953512,0.23632435414176703,22929.964691232217,461193,370454,370409,103298
1326,481,97710000,Чувашская Республика,21,городской округ город Новочебоксарск,городской округ,1,482,2018,9999,120767.0,361.7,60377.1,18451.0,3265.0,0.1769551785811067,0.15278180297597854,30092.279896009397,461413,370654,370613,103307
1327,482,97713000,Чувашская Республика,21,городской округ город Шумерля,городской округ,2,483,2018,9999,26008.0,368.6,60368.5,5818.0,759.0,0.13045720178755585,0.22370039987696094,21587.276499251773,461655,370844,370803,103314
1328,483,97503000,Чувашская Республика,21,Алатырский муниципальный округ,муниципальный округ,3,2925,2023,9999,13314.0,375.4,42949.9,1216.0,329.0,0.27055921052631576,0.09133243202643833,15796.161268922397,456983,367334,367350,102600
1329,484,97505000,Чувашская Республика,21,Аликовский муниципальный округ,муниципальный округ,1,2926,2023,9999,13550.0,361.5,45151.6,1233.0,378.0,0.30656934306569344,0.09099630996309963,15516.383380399555,457071,367425,367434,102604
1330,485,97507000,Чувашская Республика,21,Батыревский муниципальный округ,муниципальный округ,1,2927,2023,9999,30773.0,358.0,42382.9,3048.0,1119.0,0.3671259842519685,0.09904786663633705,16873.69671060119,457166,367498,367518,102609
1331,486,97510000,Чувашская Республика,21,Вурнарский муниципальный округ,муниципальный округ,1,2928,2023,9999,28415.0,359.4,54604.9,4376.0,909.0,0.20772394881170017,0.15400316734119304,20071.974682377317,457293,367619,367622,102613
1332,487,97513000,Чувашская Республика,21,Ибресинский муниципальный округ,муниципальный округ,1,2929,2023,9999,19914.0,358.7,47073.9,1936.0,573.0,0.2959710743801653,0.09721803756151451,18098.07921386652,457441,367699,367697,102617
1333,489,97519000,Чувашская Республика,21,Козловский муниципальный округ,муниципальный округ,1,2931,2023,9999,14831.0,356.8,48876.6,2322.0,430.0,0.18518518518518517,0.1565639538803857,19418.845970554365,457630,367868,367845,102625
1334,49,80622000,Республика Башкортостан,2,Давлекановский муниципальный район,муниципальный район,1,50,2018,9999,35565.0,325.1,49262.3,4369.0,995.0,0.2277409018081941,0.12284549416561226,23956.786552185273,393277,316089,316093,83537
1335,490,97521000,Чувашская Республика,21,Комсомольский муниципальный округ,муниципальный округ,1,2932,2023,9999,20409.0,361.3,42179.6,1762.0,654.0,0.3711691259931896,0.08633446028712823,16443.2562056589,457742,367935,367942,102631
1336,491,97524000,Чувашская Республика,21,Красноармейский муниципальный округ,муниципальный округ,1,2853,2022,9999,12470.0,361.0,58927.2,1604.0,330.0,0.2057356608478803,0.12862870890136327,17241.378274565806,457923,368041,368028,102636
1337,492,97526000,Чувашская Республика,21,Красночетайский муниципальный округ,муниципальный округ,1,2933,2023,9999,13525.0,358.2,42630.2,1160.0,376.0,0.32413793103448274,0.08576709796672828,17060.165937428937,458034,368111,368099,102641
1338,493,97529000,Чувашская Республика,21,Мариинско-Посадский муниципальный округ,муниципальный округ,1,2934,2023,9999,18507.0,354.7,45128.6,1815.0,576.0,0.31735537190082647,0.09807100016210082,16983.58051070041,458146,368184,368181,102645
1339,494,97532000,Чувашская Республика,21,Моргаушский муниципальный округ,муниципальный округ,1,2935,2023,9999,30685.0,358.9,53654.6,3239.0,855.0,0.2639703612225996,0.10555646081147141,17577.9921367898,458229,368306,368293,102651
1340,495,97535000,Чувашская Республика,21,Порецкий муниципальный округ,муниципальный округ,1,2936,2023,9999,10342.0,360.6,46956.8,1049.0,236.0,0.224976167778837,0.10143105782247147,19379.571138453157,458382,368347,368351,102654
1341,496,97538000,Чувашская Республика,21,Урмарский муниципальный округ,муниципальный округ,1,2937,2023,9999,20067.0,358.0,41482.4,1668.0,580.0,0.34772182254196643,0.08312154283151443,16146.643130989303,458459,368419,368437,102659
1342,497,97541000,Чувашская Республика,21,Цивильский муниципальный округ,муниципальный округ,1,2938,2023,9999,31134.0,362.7,51148.0,6324.0,1041.0,0.16461100569259962,0.20312198882250915,20921.94139665285,458604,368573,368551,102665
1343,498,97544000,Чувашская Республика,21,Чебоксарский муниципальный округ,муниципальный округ,1,2939,2023,9999,61487.0,366.7,55148.3,7442.0,1389.0,0.18664337543671056,0.12103371444370355,25198.365883933595,458732,368677,368684,102669
1344,499,97547000,Чувашская Республика,21,Шемуршинский муниципальный округ,муниципальный округ,1,2940,2023,9999,11365.0,356.8,40106.1,1104.0,337.0,0.3052536231884058,0.09714034315882095,16055.754317840663,458852,368741,368744,102672
1345,5,79618000,Республика Адыгея,1,Красногвардейский муниципальный район,муниципальный район,1,6,2018,9999,32095.0,320.2,48849.1,3388.0,1090.0,0.3217237308146399,0.10556161395856052,22205.98311939668,388087,311841,311835,81235
1346,50,80623000,Республика Башкортостан,2,Дуванский муниципальный район,муниципальный район,1,51,2018,9999,30750.0,306.3,51092.4,4246.0,1079.0,0.25412152614225153,0.13808130081300812,23867.78441140072,393476,316270,316255,83651
1347,501,97553000,Чувашская Республика,21,Ядринский муниципальный округ,муниципальный округ,1,2941,2023,9999,22282.0,361.5,55961.7,3067.0,644.0,0.20997717639387023,0.13764473566107172,19127.989368035935,459066,368921,368927,102685
1348,502,97555000,Чувашская Республика,21,Яльчикский муниципальный округ,муниципальный округ,1,2942,2023,9999,14957.0,355.1,41548.4,1310.0,376.0,0.2870229007633588,0.08758440863809587,14187.672475657964,459190,368997,368984,102688
1349,503,97558000,Чувашская Республика,21,Янтиковский муниципальный округ,муниципальный округ,1,2943,2023,9999,12065.0,357.7,43802.8,1228.0,393.0,0.32003257328990226,0.10178201409034397,15531.89925084676,459295,369038,369051,102693
1350,504,01701000,Алтайский край,22,городской округ город Барнаул,городской округ,1,505,2018,9999,687601.0,224.8,69580.5,158863.0,23946.0,0.15073365100747185,0.23103951274067375,35427.61905656972,11113,8360,8345,6215
1351,505,01703000,Алтайский край,22,городской округ город Алейск,городской округ,2,506,2018,9999,24604.0,230.0,58039.4,5054.0,799.0,0.15809259992085478,0.20541375386116079,27436.172978838593,11364,8513,8526,6224
1352,506,01704000,Алтайский край,22,городской округ город Белокуриха,городской округ,1,507,2018,9999,14879.0,216.1,63592.4,5555.0,428.0,0.07704770477047705,0.37334498286175144,32792.448790834824,11559,8685,8659,6232
1353,507,01705000,Алтайский край,22,городской округ город Бийск,городской округ,2,508,2018,9999,188780.0,230.7,63225.9,40442.0,5525.0,0.13661539983185797,0.21422820214005722,33631.555496787485,11719,8894,8875,6242
1354,508,01706000,Алтайский край,22,городской округ город Заринск,городской округ,2,509,2018,9999,40255.0,231.2,64679.3,9734.0,1220.0,0.12533388124101089,0.24180847099739164,27710.39417151204,12001,9082,9112,6252
1355,509,01713000,Алтайский край,22,городской округ город Новоалтайск,городской округ,2,510,2018,9999,73511.0,263.0,69360.9,17477.0,2014.0,0.11523716885048921,0.23774673178163813,31260.49667278452,12211,9317,9275,6260
1356,51,80624000,Республика Башкортостан,2,Дюртюлинский муниципальный район,муниципальный район,1,52,2018,9999,59179.0,331.3,56946.4,8290.0,1681.0,0.20277442702050663,0.1400834755572078,26505.89080668347,393748,316433,316466,83736
1357,510,01716000,Алтайский край,22,городской округ город Рубцовск,городской округ,2,511,2018,9999,123379.0,226.4,52545.2,23477.0,3980.0,0.16952762277974187,0.19028359769490757,29323.034391395417,12446,9505,9552,6269
1358,512,01730000,Алтайский край,22,городской округ город Яровое,городской округ,1,513,2018,9999,16528.0,227.9,46916.8,2237.0,461.0,0.20607957085382209,0.1353460793804453,27332.487900927452,12698,9726,9719,6280
1359,514,01601000,Алтайский край,22,Алейский муниципальный район,муниципальный район,3,515,2018,9999,13794.0,236.1,44739.9,1386.0,383.0,0.2763347763347763,0.10047846889952153,20776.09910896807,628,420,416,35
1360,515,01602000,Алтайский край,22,Алтайский муниципальный район,муниципальный район,1,516,2018,9999,26284.0,214.4,44459.5,2783.0,895.0,0.32159540064678405,0.10588190534165272,25631.108042600896,806,606,567,216
1361,516,01603000,Алтайский край,22,Баевский муниципальный район,муниципальный район,1,517,2018,9999,7821.0,226.9,44787.8,901.0,279.0,0.30965593784683687,0.11520265950645697,20543.318509110184,979,707,704,313
1362,517,01604000,Алтайский край,22,Бийский муниципальный район,муниципальный район,3,518,2018,9999,31583.0,287.4,48559.1,3374.0,795.0,0.23562537048014226,0.10682962353164677,26739.946371492588,1176,811,823,395
1363,518,01605000,Алтайский край,22,Благовещенский муниципальный район,муниципальный район,1,519,2018,9999,25464.0,224.3,49998.5,4859.0,1072.0,0.22062152706318172,0.19081841030474395,24247.317797891206,1379,978,1012,538
1364,519,01606000,Алтайский край,22,Бурлинский муниципальный район,муниципальный район,1,520,2018,9999,7601.0,229.5,43452.0,1030.0,289.0,0.28058252427184466,0.13550848572556243,20507.074861799072,1535,1132,1126,657
1365,52,80625000,Республика Башкортостан,2,Ермекеевский муниципальный район,муниципальный район,1,53,2018,9999,14369.0,330.3,56981.8,1696.0,289.0,0.1704009433962264,0.1180318741735681,19616.61760617197,393918,316658,316659,83843
1366,520,01607000,Алтайский край,22,Быстроистокский муниципальный район,муниципальный район,1,521,2018,9999,7120.0,214.2,43273.5,1032.0,289.0,0.2800387596899225,0.1449438202247191,18472.919711422066,1699,1231,1223,745
1367,521,01608000,Алтайский край,22,Волчихинский муниципальный район,муниципальный район,1,522,2018,9999,14744.0,220.1,43276.0,2251.0,612.0,0.2718791648156375,0.15267227346717308,20497.43143549615,1886,1390,1387,826
1368,522,01609000,Алтайский край,22,Егорьевский муниципальный район,муниципальный район,1,523,2018,9999,10678.0,219.1,41455.6,1611.0,417.0,0.25884543761638734,0.15087094961603298,18012.833401635842,2041,1534,1506,935
1369,523,01610000,Алтайский край,22,Ельцовский муниципальный район,муниципальный район,1,524,2018,9999,4672.0,220.1,39602.1,575.0,158.0,0.2747826086956522,0.1230736301369863,20303.392142567373,2231,1661,1665,1016
1370,524,01611000,Алтайский край,22,Завьяловский муниципальный район,муниципальный район,1,525,2018,9999,15469.0,224.1,46074.8,2446.0,589.0,0.24080130825838103,0.15812269700691706,21085.49331204958,2423,1798,1799,1079
1371,525,01512000,Алтайский край,22,Залесовский муниципальный округ,муниципальный округ,1,2874,2022,9999,11281.0,229.3,43197.6,1251.0,413.0,0.3301358912869704,0.11089442425316905,18238.998732402182,152,70,74,7
1372,528,01615000,Алтайский край,22,Калманский муниципальный район,муниципальный район,1,529,2018,9999,11641.0,226.2,53572.0,1535.0,390.0,0.254071661237785,0.1318615239240615,18933.423143962173,2941,2136,2166,1465
1373,53,80626000,Республика Башкортостан,2,Зианчуринский муниципальный район,муниципальный район,1,54,2018,9999,23381.0,296.6,43741.2,2640.0,902.0,0.3416666666666667,0.11291219366152004,21430.416586571166,394121,316796,316765,83928
1374,530,01617000,Алтайский край,22,Ключевский муниципальный район,муниципальный район,1,531,2018,9999,12366.0,223.1,41934.2,1775.0,611.0,0.3442253521126761,0.143538735241792,21987.158065044034,3330,2472,2485,1699
1375,531,01618000,Алтайский край,22,Косихинский муниципальный район,муниципальный район,1,532,2018,9999,13314.0,226.9,43084.0,1744.0,573.0,0.32855504587155965,0.1309899354063392,19417.41652329849,3529,2604,2607,1798
1376,532,01619000,Алтайский край,22,Красногорский муниципальный район,муниципальный район,1,533,2018,9999,12685.0,214.4,40918.0,1714.0,500.0,0.29171528588098017,0.1351202207331494,21120.8646974694,3698,2741,2751,1907
1377,533,01620000,Алтайский край,22,Краснощёковский муниципальный район,муниципальный район,1,534,2018,9999,13623.0,214.4,55883.9,1949.0,469.0,0.24063622370446383,0.14306687220142406,21055.297461604725,3888,2912,2916,1988
1378,534,01621000,Алтайский край,22,Крутихинский муниципальный район,муниципальный район,1,535,2018,9999,7856.0,231.9,40265.3,932.0,300.0,0.3218884120171674,0.11863543788187372,19982.312383399676,4063,2984,3004,2113
1379,535,01622000,Алтайский край,22,Кулундинский муниципальный район,муниципальный район,1,536,2018,9999,20371.0,225.3,53891.7,3259.0,692.0,0.2123350721080086,0.15998232781895833,24603.420591198752,4293,3176,3172,2203
1380,536,01623000,Алтайский край,22,Курьинский муниципальный район,муниципальный район,1,537,2018,9999,8051.0,215.6,48314.4,1373.0,281.0,0.2046613255644574,0.17053782138864737,20962.277545623,4455,3320,3296,2294
1381,537,01624000,Алтайский край,22,Кытмановский муниципальный район,муниципальный район,1,538,2018,9999,9548.0,223.8,47256.4,1618.0,423.0,0.261433868974042,0.16945957268537915,18806.52333508412,4668,3412,3435,2393
1382,538,01625000,Алтайский край,22,Локтевский муниципальный район,муниципальный район,1,539,2018,9999,19183.0,213.0,45626.7,2600.0,662.0,0.25461538461538463,0.1355366730959704,20782.754317756087,4829,3536,3565,2491
1383,539,01626000,Алтайский край,22,Мамонтовский муниципальный район,муниципальный район,1,540,2018,9999,17582.0,223.6,44020.8,2369.0,674.0,0.2845082313212326,0.13474007507678307,19766.109004296566,5002,3712,3686,2664
1384,54,80627000,Республика Башкортостан,2,Зилаирский муниципальный район,муниципальный район,1,55,2018,9999,14231.0,290.4,45957.4,1726.0,643.0,0.3725376593279258,0.12128451971049119,22012.699197092028,394307,316903,316916,84024
1385,540,01627000,Алтайский край,22,Михайловский муниципальный район,муниципальный район,1,541,2018,9999,16349.0,220.1,44209.9,2230.0,696.0,0.31210762331838565,0.13639977980304605,21896.610352345324,5186,3901,3872,2789
1386,541,01628000,Алтайский край,22,Новичихинский муниципальный район,муниципальный район,1,542,2018,9999,7406.0,219.1,46496.5,1270.0,268.0,0.2110236220472441,0.1714825816905212,20896.203825080378,5424,4012,4030,2871
1387,542,01629000,Алтайский край,22,Зональный муниципальный район,муниципальный район,1,543,2018,9999,16341.0,222.9,52802.0,3512.0,589.0,0.1677107061503417,0.21491952756869226,19550.80940049769,5589,4164,4152,2941
1388,543,01630000,Алтайский край,22,Павловский муниципальный район,муниципальный район,1,544,2018,9999,38447.0,228.6,59704.3,6877.0,1135.0,0.16504289661189472,0.17886961271360574,22310.549727579142,5802,4349,4329,3031
1389,544,01631000,Алтайский край,22,Панкрушихинский муниципальный район,муниципальный район,1,545,2018,9999,9099.0,230.2,48668.0,1359.0,350.0,0.257542310522443,0.1493570722057369,20969.727697599254,5964,4452,4484,3177
1390,545,01632000,Алтайский край,22,Первомайский муниципальный район,муниципальный район,3,546,2018,9999,53359.0,273.7,48236.7,5211.0,1460.0,0.28017654960660143,0.09765925148522274,22903.88922712978,6180,4613,4647,3265
1391,546,01633000,Алтайский край,22,Петропавловский муниципальный район,муниципальный район,1,547,2018,9999,10214.0,214.6,52754.2,1939.0,337.0,0.1738009283135637,0.1898374779714118,19919.06758838169,6355,4755,4760,3434
1392,547,01634000,Алтайский край,22,Поспелихинский муниципальный район,муниципальный район,1,548,2018,9999,19439.0,218.4,47652.8,3671.0,696.0,0.18959411604467447,0.18884716291990328,21992.73511465192,6518,4922,4902,3525
1393,548,01635000,Алтайский край,22,Ребрихинский муниципальный район,муниципальный район,1,549,2018,9999,18726.0,224.6,42923.1,2795.0,881.0,0.31520572450805007,0.1492577165438428,18733.07122742298,6732,5074,5099,3632
1394,549,01636000,Алтайский край,22,Родинский муниципальный район,муниципальный район,1,550,2018,9999,14369.0,224.3,45228.2,1794.0,594.0,0.3311036789297659,0.12485211218595588,19982.71856622042,6933,5215,5236,3759
1395,55,80628000,Республика Башкортостан,2,Иглинский муниципальный район,муниципальный район,1,56,2018,9999,71099.0,328.2,63419.6,5301.0,1438.0,0.27126957177890965,0.07455801066119074,28293.52247860195,394482,317043,317072,84108
1396,550,01637000,Алтайский край,22,Романовский муниципальный район,муниципальный район,1,551,2018,9999,10594.0,223.6,45475.4,1725.0,368.0,0.21333333333333335,0.16282801585803286,20207.642030169776,7110,5335,5347,3875
1397,552,01640000,Алтайский край,22,Смоленский муниципальный район,муниципальный район,1,553,2018,9999,20153.0,219.6,49164.1,2819.0,756.0,0.2681802057467187,0.1398799186225376,22785.98181573457,7516,5653,5663,4154
1398,553,01541000,Алтайский край,22,муниципальный округ Суетский район,муниципальный округ,1,2984,2023,9999,3264.0,227.2,56623.9,692.0,129.0,0.18641618497109827,0.21200980392156862,22816.105527020834,402,282,271,20
1399,554,01642000,Алтайский край,22,Советский муниципальный район,муниципальный район,1,555,2018,9999,13572.0,217.7,52884.7,2452.0,608.0,0.24796084828711257,0.18066607721780137,24499.034039196198,7746,5853,5827,4260
1400,555,01643000,Алтайский край,22,Солонешенский муниципальный район,муниципальный район,1,556,2018,9999,7152.0,211.1,39451.3,1026.0,385.0,0.37524366471734893,0.14345637583892618,21309.456960729665,7928,5936,5926,4376
1401,556,01644000,Алтайский край,22,Солтонский муниципальный район,муниципальный район,1,557,2018,9999,6045.0,212.8,39208.8,839.0,268.0,0.31942789034564956,0.13879239040529362,17237.29457870963,8077,6022,6005,4458
1402,557,01645000,Алтайский край,22,Шелаболихинский муниципальный район,муниципальный район,1,558,2018,9999,10246.0,226.9,46182.8,1978.0,342.0,0.17290192113245703,0.19305094671091158,19852.891041199317,8226,6140,6151,4519
1403,558,01646000,Алтайский край,22,Табунский муниципальный район,муниципальный район,1,559,2018,9999,7060.0,226.9,42544.1,1207.0,344.0,0.28500414250207123,0.17096317280453258,22460.567229034976,8414,6233,6235,4610
1404,559,01647000,Алтайский край,22,Тальменский муниципальный район,муниципальный район,1,560,2018,9999,42346.0,234.5,51789.1,5537.0,1636.0,0.2954668593100957,0.13075615170264016,22444.180671202994,8599,6420,6386,4663
1405,56,80630000,Республика Башкортостан,2,Илишевский муниципальный район,муниципальный район,1,57,2018,9999,30405.0,332.5,62935.4,4561.0,1221.0,0.2677044507783381,0.15000822233185332,20014.29783760146,394714,317242,317256,84227
1406,560,01648000,Алтайский край,22,Тогульский муниципальный район,муниципальный район,1,561,2018,9999,6187.0,221.3,47637.9,1340.0,323.0,0.24104477611940298,0.2165831582350089,19935.086239916796,8792,6514,6545,4835
1407,561,01649000,Алтайский край,22,Топчихинский муниципальный район,муниципальный район,1,562,2018,9999,18142.0,222.7,49388.8,3243.0,608.0,0.18748072772124577,0.17875647668393782,21096.862171528323,8992,6691,6696,4889
1408,562,01650000,Алтайский край,22,Третьяковский муниципальный район,муниципальный район,1,563,2018,9999,10094.0,212.5,43012.0,1838.0,391.0,0.21273122959738847,0.18208836932831385,21416.824019698844,9156,6804,6840,5051
1409,563,01651000,Алтайский край,22,Троицкий муниципальный район,муниципальный район,1,564,2018,9999,17787.0,225.7,46816.2,2850.0,713.0,0.2501754385964912,0.1602293810086018,19708.356448933017,9351,6964,6985,5140
1410,564,01652000,Алтайский край,22,Тюменцевский муниципальный район,муниципальный район,1,565,2018,9999,10801.0,226.4,40369.9,1827.0,460.0,0.25177887246852765,0.16915100453661697,20697.098512856894,9540,7126,7140,5248
1411,565,01653000,Алтайский край,22,Угловский муниципальный район,муниципальный район,1,566,2018,9999,8700.0,217.2,42524.8,1335.0,362.0,0.2711610486891386,0.15344827586206897,18939.688155348547,9719,7213,7215,5384
1412,566,01654000,Алтайский край,22,Усть-Калманский муниципальный район,муниципальный район,1,567,2018,9999,10802.0,218.2,46420.4,1728.0,453.0,0.2621527777777778,0.1599703758563229,19704.661111085723,9906,7410,7380,5456
1413,567,01655000,Алтайский край,22,Усть-Пристанский муниципальный район,муниципальный район,1,568,2018,9999,9078.0,218.7,40322.3,1285.0,356.0,0.27704280155642025,0.1415510024234413,18841.49359805089,10071,7487,7497,5545
1414,568,01656000,Алтайский край,22,Хабарский муниципальный район,муниципальный район,1,569,2018,9999,12199.0,230.2,44449.2,2268.0,436.0,0.19223985890652556,0.18591687843265842,20772.891507687593,10274,7627,7637,5672
1415,569,01657000,Алтайский край,22,Целинный муниципальный район,муниципальный район,1,570,2018,9999,12857.0,221.7,53093.3,2567.0,668.0,0.26022594468250876,0.19965777397526638,20293.764926000065,10422,7779,7748,5770
1416,57,80631000,Республика Башкортостан,2,Ишимбайский муниципальный район,муниципальный район,1,58,2018,9999,82948.0,315.0,62428.7,12838.0,2261.0,0.17611777535441658,0.15477166417514587,31308.553275913007,394885,317487,317474,84368
1417,570,01558000,Алтайский край,22,муниципальный округ Чарышский район,муниципальный округ,1,2986,2023,9999,9268.0,210.9,38052.2,1399.0,421.0,0.30092923516797715,0.1509495036685369,21036.69389101994,480,347,350,26
1418,571,01659000,Алтайский край,22,Шипуновский муниципальный район,муниципальный район,1,572,2018,9999,24128.0,218.9,45316.7,3645.0,1014.0,0.2781893004115226,0.1510692970822281,21745.28225839072,10731,7966,7986,5918
1419,572,01660000,Алтайский край,22,Немецкий национальный муниципальный район,муниципальный район,1,573,2018,9999,14809.0,227.6,45594.7,2375.0,667.0,0.2808421052631579,0.16037544736309,21907.540146411757,10912,8138,8136,6098
1420,574,76715000,Забайкальский край,75,городской округ город Петровск-Забайкальский,городской округ,2,575,2018,9999,14473.0,172.4,60368.9,4007.0,670.0,0.16720738707262292,0.27686036067159536,27737.284503997234,382223,307124,307125,80752
1421,579,76609000,Забайкальский край,75,Борзинский муниципальный район,муниципальный район,1,580,2018,9999,43803.0,154.9,75712.2,8089.0,1452.0,0.17950302880454938,0.18466771682304864,31268.352878421967,377767,303812,303835,77972
1422,58,80633000,Республика Башкортостан,2,Калтасинский муниципальный район,муниципальный район,1,59,2018,9999,21101.0,320.4,66702.3,3118.0,633.0,0.2030147530468249,0.14776550874366143,20107.101039699173,395111,317659,317650,84464
1423,580,76510000,Забайкальский край,75,Газимуро-Заводский муниципальный округ,муниципальный округ,1,3066,2024,9999,7885.0,153.2,136668.3,8711.0,469.0,0.05383997244862817,1.1047558655675334,30951.215107261258,376509,302859,302869,77620
1424,582,76515000,Забайкальский край,75,Каларский муниципальный округ,муниципальный округ,1,2796,2021,9999,7207.0,157.0,191191.8,8409.0,335.0,0.03983826852182186,1.166782294990981,37375.682452950765,376729,303042,303025,77629
1425,583,76518000,Забайкальский край,75,Калганский муниципальный округ,муниципальный округ,1,3067,2024,9999,5488.0,151.1,100515.1,1808.0,312.0,0.17256637168141592,0.3294460641399417,26379.08801811263,376773,303065,303071,77631
1426,584,76620000,Забайкальский край,75,Карымский муниципальный район,муниципальный район,1,585,2018,9999,33483.0,161.0,79219.7,7007.0,1131.0,0.1614100185528757,0.20927037601170742,26278.940958023522,378606,304376,304366,78447
1427,586,76622000,Забайкальский край,75,Красночикойский муниципальный район,муниципальный район,1,587,2018,9999,15817.0,165.1,72216.5,2825.0,891.0,0.3153982300884956,0.17860529809698425,26108.549750242757,379017,304695,304718,78673
1428,587,76624000,Забайкальский край,75,Кыринский муниципальный район,муниципальный район,1,588,2018,9999,9949.0,153.0,82082.5,1954.0,545.0,0.2789150460593654,0.19640164840687507,29365.73660713302,379169,304817,304791,78822
1429,588,76526000,Забайкальский край,75,Могочинский муниципальный округ,муниципальный округ,1,3068,2024,9999,20767.0,152.1,114246.8,8815.0,763.0,0.08655700510493478,0.4244715173111186,31387.837262409674,376819,303141,303087,77634
1430,589,76628000,Забайкальский край,75,Нерчинский муниципальный район,муниципальный район,1,590,2018,9999,26450.0,157.7,67910.7,4891.0,1163.0,0.23778368431813535,0.1849149338374291,28986.60548913184,379679,305202,305206,79150
1431,59,80634000,Республика Башкортостан,2,Караидельский муниципальный район,муниципальный район,1,60,2018,9999,23105.0,315.0,44545.4,2259.0,848.0,0.3753873395307658,0.09777104522830556,20617.44955334758,395320,317810,317820,84536
1432,591,76632000,Забайкальский край,75,Оловяннинский муниципальный район,муниципальный район,1,592,2018,9999,29773.0,157.3,72903.8,4445.0,902.0,0.20292463442069741,0.14929634232358177,28300.484104989755,379908,305362,305370,79342
1433,592,76534000,Забайкальский край,75,Ононский муниципальный округ,муниципальный округ,1,3065,2024,9999,8214.0,157.5,50639.5,1301.0,555.0,0.4265949269792467,0.1583881178475773,24649.14237768721,376944,303210,303218,77639
1434,594,76538000,Забайкальский край,75,Приаргунский муниципальный округ,муниципальный округ,1,2795,2021,9999,15082.0,150.9,61588.3,3048.0,941.0,0.30872703412073493,0.20209521283649384,28906.830871796206,377124,303360,303345,77650
1435,595,76640000,Забайкальский край,75,Сретенский муниципальный район,муниципальный район,1,596,2018,9999,17869.0,155.4,94046.2,3660.0,1122.0,0.30655737704918035,0.2048239968660809,27113.283897261314,380261,305609,305622,79719
1436,599,76647000,Забайкальский край,75,Хилокский муниципальный район,муниципальный район,1,600,2018,9999,24713.0,165.1,79406.6,5607.0,886.0,0.15801676475833779,0.2268846356168818,25649.395872799356,380837,305969,306001,80012
1437,6,79622000,Республика Адыгея,1,Майкопский муниципальный район,муниципальный район,1,7,2018,9999,59156.0,308.1,47965.8,4721.0,1505.0,0.31878839228976913,0.07980593684495232,26658.305042974338,388259,311996,312019,81288
1438,60,80635000,Республика Башкортостан,2,Кармаскалинский муниципальный район,муниципальный район,1,61,2018,9999,51575.0,324.2,55837.1,4823.0,1404.0,0.29110512129380056,0.09351429956374212,21966.155328626926,395532,317997,318003,84645
1439,600,76648000,Забайкальский край,75,Чернышевский муниципальный район,муниципальный район,1,601,2018,9999,29154.0,156.6,97270.4,7461.0,1134.0,0.1519903498190591,0.25591685532002467,29499.700142457332,381033,306159,306195,80130
1440,601,76650000,Забайкальский край,75,Читинский муниципальный район,муниципальный район,3,602,2018,9999,71661.0,279.8,64652.2,6899.0,1858.0,0.2693143933903464,0.09627272854132653,27237.83705514732,381259,306378,306383,80300
1441,603,76654000,Забайкальский край,75,Шилкинский муниципальный район,муниципальный район,1,604,2018,9999,35034.0,158.4,74550.7,7561.0,1518.0,0.2007670942996958,0.21581891876462864,28714.492475254017,381653,306603,306631,80598
1442,604,76702000,Забайкальский край,75,городской округ поселок Агинское,городской округ,2,605,2018,9999,16731.0,167.4,63486.7,3576.0,1121.0,0.31347874720357943,0.2137349829657522,26324.158083120074,382055,306986,306994,80742
1443,605,76602000,Забайкальский край,75,Агинский муниципальный район,муниципальный район,3,606,2018,9999,15564.0,167.9,49514.6,1789.0,830.0,0.4639463387367244,0.11494474428167566,25886.266661954596,377344,303499,303492,77660
1444,606,76611000,Забайкальский край,75,Дульдургинский муниципальный район,муниципальный район,1,607,2018,9999,13633.0,158.4,62244.6,2124.0,807.0,0.3799435028248588,0.15579843027946894,24555.361895999296,378113,304024,304010,78194
1445,607,76625000,Забайкальский край,75,Могойтуйский муниципальный район,муниципальный район,1,608,2018,9999,22380.0,159.1,56189.5,3147.0,1288.0,0.40927867810613283,0.1406166219839142,25327.412392297974,379367,304900,304911,78958
1446,608,30701000,Камчатский край,41,городской округ Петропавловск-Камчатский,городской округ,1,609,2018,9999,163152.0,157.3,148806.0,55354.0,7409.0,0.1338475990894967,0.3392787094243405,58432.09316318991,135903,110459,110482,35148
1447,61,80636000,Республика Башкортостан,2,Кигинский муниципальный район,муниципальный район,1,62,2018,9999,16339.0,310.7,43959.4,1692.0,636.0,0.375886524822695,0.10355590917436808,21678.575480441174,395690,318107,318124,84747
1448,612,30607000,Камчатский край,41,Елизовский муниципальный район,муниципальный район,1,613,2018,9999,59889.0,142.1,118405.7,17598.0,3026.0,0.17195135810887602,0.29384361067975756,55808.40000893481,134931,109667,109682,34972
1449,613,30510000,Камчатский край,41,Мильковский муниципальный округ,муниципальный округ,1,3069,2024,9999,8727.0,129.9,101695.1,2128.0,512.0,0.24060150375939848,0.24384095336312592,46783.88458499123,134561,109371,109373,34945
1450,614,30613000,Камчатский край,41,Соболевский муниципальный район,муниципальный район,1,615,2018,9999,1979.0,128.0,159754.1,2820.0,132.0,0.04680851063829787,1.4249621020717533,50217.110635996396,135304,109948,109915,35051
1451,615,30616000,Камчатский край,41,Усть-Большерецкий муниципальный район,муниципальный район,1,616,2018,9999,6069.0,131.8,160217.1,3847.0,350.0,0.09097998440343125,0.6338770802438622,48300.93870442095,135454,110089,110094,35079
1452,62,80637000,Республика Башкортостан,2,Краснокамский муниципальный район,муниципальный район,1,63,2018,9999,25332.0,325.6,64901.0,5180.0,670.0,0.12934362934362933,0.2044844465498184,21953.752323256518,395882,318248,318239,84806
1453,63,80638000,Республика Башкортостан,2,Кугарчинский муниципальный район,муниципальный район,1,64,2018,9999,26359.0,301.3,47305.4,3094.0,928.0,0.29993535875888816,0.11737926324974392,20999.880035722792,396069,318430,318448,84897
1454,65,80640000,Республика Башкортостан,2,Кушнаренковский муниципальный район,муниципальный район,1,66,2018,9999,26370.0,332.0,50295.3,2547.0,771.0,0.3027090694935218,0.09658703071672355,20009.601116023747,396494,318704,318717,85100
1455,66,80641000,Республика Башкортостан,2,Мелеузовский муниципальный район,муниципальный район,1,67,2018,9999,79609.0,309.6,54630.9,10309.0,1848.0,0.17926084004268114,0.12949540881056162,29830.89414967285,396694,318933,318926,85181
1456,666,04701000,Красноярский край,24,городской округ город Красноярск,городской округ,1,667,2018,9999,1206237.0,203.8,98129.1,284030.0,39054.0,0.13749955990564378,0.23546782265839963,41502.434839630725,31469,25732,25723,11358
1457,667,04703000,Красноярский край,24,городской округ город Ачинск,городской округ,2,668,2018,9999,101043.0,222.9,77971.8,27350.0,4339.0,0.1586471663619744,0.27067684055303187,34419.082935752274,31709,25913,25909,11366
1458,668,04706000,Красноярский край,24,городской округ город Боготол,городской округ,2,669,2018,9999,17509.0,220.1,76854.3,6136.0,601.0,0.09794654498044328,0.3504483408532755,27117.81579393378,31943,26120,26083,11372
1459,669,04707000,Красноярский край,24,городской округ город Бородино,городской округ,1,670,2018,9999,14967.0,205.9,76667.8,4386.0,472.0,0.10761513907888737,0.29304469833633995,27936.88120621947,32124,26238,26229,11378
1460,67,80642000,Республика Башкортостан,2,Мечетлинский муниципальный район,муниципальный район,1,68,2018,9999,21838.0,308.9,45561.3,2428.0,784.0,0.3228995057660626,0.11118234270537596,22827.649740726232,396903,319067,319090,85296
1461,670,04709000,Красноярский край,24,городской округ город Дивногорск,городской округ,1,671,2018,9999,31561.0,216.8,80847.9,6174.0,1406.0,0.22772918691286037,0.1956211780361839,32224.52678652818,32338,26397,26407,11385
1462,671,04712000,Красноярский край,24,городской округ город Енисейск,городской округ,2,672,2018,9999,17843.0,196.5,71515.6,4910.0,711.0,0.14480651731160896,0.27517794092921594,34563.69844447505,32531,26561,26568,11393
1463,674,04720000,Красноярский край,24,городской округ город Канск,городской округ,2,675,2018,9999,85587.0,209.9,63207.1,14726.0,3022.0,0.20521526551677305,0.17205884071179034,33200.23367167016,32708,26787,26783,11399
1464,675,04722000,Красноярский край,24,городской округ город Лесосибирск,городской округ,1,676,2018,9999,58714.0,194.6,75147.0,13271.0,2065.0,0.15560244141360863,0.2260278638825493,35878.97800979315,32984,26996,26939,11406
1465,676,04723000,Красноярский край,24,городской округ город Минусинск,городской округ,2,677,2018,9999,71318.0,213.9,66414.1,12525.0,3017.0,0.24087824351297404,0.17562186264337193,34281.892163590666,33198,27182,27157,11413
1466,677,04726000,Красноярский край,24,городской округ город Назарово,городской округ,2,678,2018,9999,44261.0,223.1,69653.0,9170.0,1700.0,0.18538713195201745,0.207180136011387,29865.67768863273,33415,27395,27412,11419
1467,679,04733000,Красноярский край,24,городской округ город Сосновоборск,городской округ,1,680,2018,9999,40913.0,216.8,74461.4,4785.0,1067.0,0.22298850574712645,0.11695549091975656,36238.451679187856,33837,27774,27787,11431
1468,68,80643000,Республика Башкортостан,2,Мишкинский муниципальный район,муниципальный район,1,69,2018,9999,20716.0,322.6,45268.6,1750.0,735.0,0.42,0.08447576752268778,19248.06013034319,397091,319173,319204,85373
1469,680,04740000,Красноярский край,24,городской округ город Шарыпово,городской округ,2,681,2018,9999,40739.0,220.3,53945.3,6675.0,1540.0,0.23071161048689137,0.1638479098652397,32419.37586343335,34054,27898,27918,11438
1470,683,04601000,Красноярский край,24,Абанский муниципальный район,муниципальный район,1,684,2018,9999,17763.0,198.1,57179.1,2472.0,793.0,0.3207928802588997,0.1391656814727242,21888.64418537354,23579,19520,19540,9491
1471,685,04604000,Красноярский край,24,Балахтинский муниципальный район,муниципальный район,1,686,2018,9999,17854.0,209.0,65358.9,4114.0,946.0,0.22994652406417113,0.230424554721631,28607.314506538314,23911,19739,19751,9579
1472,686,04605000,Красноярский край,24,Березовский муниципальный район,муниципальный район,1,687,2018,9999,40429.0,222.9,74424.1,7309.0,1186.0,0.1622656998221371,0.18078606940562467,33393.6231502671,24115,19955,19956,9635
1473,687,04606000,Красноярский край,24,Бирилюсский муниципальный район,муниципальный район,1,688,2018,9999,7924.0,209.2,59903.0,1692.0,406.0,0.23995271867612294,0.21352852094901564,23164.00191636315,24293,20082,20045,9662
1474,689,04609000,Красноярский край,24,Богучанский муниципальный район,муниципальный район,1,690,2018,9999,42225.0,186.1,86545.7,10569.0,1684.0,0.159333901031318,0.2503019538188277,36157.653787843774,24633,20323,20309,9730
1475,69,80644000,Республика Башкортостан,2,Миякинский муниципальный район,муниципальный район,1,70,2018,9999,23086.0,319.7,47598.1,2473.0,662.0,0.267691063485645,0.10712119899506194,20028.880786287096,397251,319309,319343,85464
1476,690,04610000,Красноярский край,24,Большемуртинский муниципальный район,муниципальный район,1,691,2018,9999,13529.0,206.6,62263.9,3355.0,603.0,0.1797317436661699,0.24798580826372976,24318.18935691996,24824,20490,20511,9792
1477,691,04611000,Красноярский край,24,Большеулуйский муниципальный район,муниципальный район,1,692,2018,9999,6681.0,212.3,108725.7,5274.0,298.0,0.0565036025786879,0.7894027840143691,21905.754438286982,25019,20650,20636,9839
1478,692,04613000,Красноярский край,24,Дзержинский муниципальный район,муниципальный район,1,693,2018,9999,11389.0,196.7,57387.7,2120.0,633.0,0.2985849056603774,0.1861445254192642,23221.86789614577,25225,20791,20781,9871
1479,693,04614000,Красноярский край,24,Емельяновский муниципальный район,муниципальный район,1,694,2018,9999,55572.0,221.7,93491.1,13128.0,1665.0,0.12682815356489946,0.2362340747138847,36684.27642862968,25422,20988,20962,9904
1480,694,04615000,Красноярский край,24,Енисейский муниципальный район,муниципальный район,3,695,2018,9999,21238.0,195.7,79274.1,3378.0,1049.0,0.31053878034339844,0.15905452490818345,29982.767056701945,25601,21091,21066,9958
1481,695,04616000,Красноярский край,24,Ермаковский муниципальный район,муниципальный район,1,696,2018,9999,17423.0,197.6,57832.4,2643.0,971.0,0.3673855467272039,0.15169603397807496,26506.527212068704,25767,21211,21205,10045
1482,696,04617000,Красноярский край,24,Идринский муниципальный район,муниципальный район,1,697,2018,9999,10295.0,197.2,56047.9,2148.0,678.0,0.31564245810055863,0.20864497328800388,21734.997344646465,25937,21298,21301,10094
1483,697,04618000,Красноярский край,24,Иланский муниципальный район,муниципальный район,1,698,2018,9999,22528.0,200.5,78793.0,5899.0,867.0,0.14697406340057637,0.26185191761363635,24761.147223207267,26137,21419,21452,10151
1484,698,04619000,Красноярский край,24,Ирбейский муниципальный район,муниципальный район,1,699,2018,9999,12610.0,202.6,75513.9,3301.0,755.0,0.22871857013026356,0.261776367961935,25124.886036209213,26345,21591,21587,10189
1485,699,04620000,Красноярский край,24,Казачинский муниципальный район,муниципальный район,1,700,2018,9999,8558.0,199.8,57344.0,1789.0,525.0,0.29346003353828953,0.20904416919841085,24027.167674345543,26540,21722,21718,10250
1486,7,79630000,Республика Адыгея,1,Тахтамукайский муниципальный район,муниципальный район,1,8,2018,9999,131043.0,324.7,75708.3,14167.0,2447.0,0.1727253476388791,0.1081095518264997,39397.25299376276,388526,312207,312230,81362
1487,70,80645000,Республика Башкортостан,2,Нуримановский муниципальный район,муниципальный район,1,71,2018,9999,19945.0,316.4,45435.8,2315.0,622.0,0.26868250539956806,0.11606919027325144,21643.658568756335,397456,319462,319471,85559
1488,701,04622000,Красноярский край,24,Каратузский муниципальный район,муниципальный район,1,702,2018,9999,13157.0,197.2,60723.7,2497.0,859.0,0.34401281537845413,0.1897849053735654,25511.963840954166,26854,21943,21969,10345
1489,702,04624000,Красноярский край,24,Кежемский муниципальный район,муниципальный район,1,703,2018,9999,16559.0,183.0,96691.5,6197.0,884.0,0.14264966919477165,0.3742375747327737,39097.988166859315,27068,22118,22114,10396
1490,703,04626000,Красноярский край,24,Козульский муниципальный район,муниципальный район,1,704,2018,9999,11808.0,214.6,66336.4,2496.0,468.0,0.1875,0.21138211382113822,24326.14242263548,27269,22250,22260,10432
1491,704,04628000,Красноярский край,24,Краснотуранский муниципальный район,муниципальный район,1,705,2018,9999,12848.0,196.5,52475.8,3187.0,783.0,0.24568559774082208,0.2480541718555417,25396.68050420775,27454,22368,22398,10462
1492,705,04630000,Красноярский край,24,Курагинский муниципальный район,муниципальный район,1,706,2018,9999,39269.0,198.6,61814.0,7701.0,1784.0,0.23165822620438903,0.1961088899640938,27846.08972367627,27650,22604,22560,10498
1493,706,04631000,Красноярский край,24,Манский муниципальный район,муниципальный район,1,707,2018,9999,13436.0,209.7,56676.4,1884.0,679.0,0.3604033970276008,0.1402203036618041,21962.96286174528,27866,22733,22743,10598
1494,708,04635000,Красноярский край,24,Мотыгинский муниципальный район,муниципальный район,1,709,2018,9999,12009.0,178.0,100468.3,6906.0,716.0,0.10367796119316536,0.575068698476143,35509.60579505286,28219,23007,22969,10683
1495,71,80647000,Республика Башкортостан,2,Салаватский муниципальный район,муниципальный район,1,72,2018,9999,23304.0,311.5,51691.7,3514.0,938.0,0.26693227091633465,0.15078956402334362,22362.222093664328,397627,319628,319612,85637
1496,710,04639000,Красноярский край,24,Нижнеингашский муниципальный район,муниципальный район,1,711,2018,9999,23480.0,199.1,59387.1,4931.0,1030.0,0.20888257959845874,0.2100085178875639,25966.702942791588,28586,23257,23240,10769
1497,711,04641000,Красноярский край,24,Новоселовский муниципальный район,муниципальный район,1,712,2018,9999,10619.0,209.2,58707.4,2453.0,724.0,0.29514879739094985,0.23100103587908466,26166.46566783559,28828,23456,23415,10835
1498,712,04643000,Красноярский край,24,Партизанский муниципальный район,муниципальный район,1,713,2018,9999,7989.0,204.7,65385.3,1630.0,436.0,0.2674846625766871,0.20403054199524345,22975.41783226713,28989,23568,23556,10864
1499,714,04647000,Красноярский край,24,Рыбинский муниципальный район,муниципальный район,1,715,2018,9999,29400.0,206.4,71689.9,7413.0,1223.0,0.1649804397679752,0.25214285714285717,26752.532680280205,29208,23739,23736,10901
1500,715,04648000,Красноярский край,24,Саянский муниципальный район,муниципальный район,1,716,2018,9999,9056.0,201.4,56506.0,1712.0,563.0,0.32885514018691586,0.18904593639575973,23569.399301046982,29376,23838,23855,10969
1501,716,04649000,Красноярский край,24,Северо-Енисейский муниципальный район,муниципальный район,1,717,2018,9999,8308.0,181.6,154150.8,14566.0,562.0,0.03858300151036661,1.7532498796340876,41796.89274460936,29600,24013,24014,11021
1502,717,04651000,Красноярский край,24,Сухобузимский муниципальный район,муниципальный район,1,718,2018,9999,18911.0,210.6,59181.9,3238.0,894.0,0.27609635577516983,0.1712230976680239,24623.2408916265,29990,24359,24380,11101
1503,719,04652000,Красноярский край,24,Тасеевский муниципальный район,муниципальный район,1,720,2018,9999,9952.0,193.9,56323.3,1451.0,500.0,0.34458993797381116,0.1457998392282958,24646.17140793409,30157,24466,24461,11134
1504,72,80648000,Республика Башкортостан,2,Стерлибашевский муниципальный район,муниципальный район,1,73,2018,9999,16360.0,316.9,42737.0,1866.0,717.0,0.3842443729903537,0.11405867970660147,17206.829036292456,397839,319744,319749,85739
1505,722,04656000,Красноярский край,24,Ужурский муниципальный район,муниципальный район,1,723,2018,9999,27453.0,212.3,68907.9,8064.0,1159.0,0.1437251984126984,0.29373838924707685,30221.73679507122,30867,25095,25124,11230
1506,723,04657000,Красноярский край,24,Уярский муниципальный район,муниципальный район,1,724,2018,9999,17912.0,207.6,63090.6,3978.0,847.0,0.21292106586224233,0.22208575256811075,24698.704451199967,31087,25268,25285,11281
1507,725,04659000,Красноярский край,24,Шушенский муниципальный район,муниципальный район,1,726,2018,9999,30274.0,199.1,58071.5,5619.0,1469.0,0.2614344189357537,0.1856048094074123,29223.531966074203,31255,25460,25479,11324
1508,727,57701000,Пермский край,59,городской округ Пермский,городской округ,2,728,2018,9999,1026912.0,350.9,88118.2,277965.0,27189.0,0.09781447304516756,0.2706804477890997,38225.85574669759,282528,229665,229697,61233
1509,73,80649000,Республика Башкортостан,2,Стерлитамакский муниципальный район,муниципальный район,3,74,2018,9999,47531.0,485.7,57412.3,5380.0,825.0,0.1533457249070632,0.11318928699164756,31666.533096213174,398015,319901,319895,85835
1510,734,57502000,Пермский край,59,муниципальный округ Александровский,муниципальный округ,1,2675,2020,9999,22642.0,286.7,58279.0,3619.0,564.0,0.15584415584415584,0.1598357035597562,25983.43827318401,278737,226823,226810,61067
1511,735,57503000,Пермский край,59,муниципальный округ Бардымский,муниципальный округ,1,2765,2021,9999,26262.0,314.5,64471.0,3189.0,857.0,0.26873628096582003,0.121430203335618,23086.144919951774,278946,227009,226960,61072
1512,736,57506000,Пермский край,59,муниципальный округ Березовский,муниципальный округ,1,2676,2020,9999,13486.0,305.8,59871.3,2047.0,379.0,0.18514899853444064,0.15178703841020316,20456.35632970956,279134,227086,227082,61078
1513,737,57508000,Пермский край,59,муниципальный округ Большесосновский,муниципальный округ,1,2855,2022,9999,11730.0,317.8,52881.4,1505.0,474.0,0.3149501661129568,0.12830349531116794,23040.414801704752,279295,227244,227216,61085
1514,74,80650000,Республика Башкортостан,2,Татышлинский муниципальный район,муниципальный район,1,75,2018,9999,20679.0,317.6,72519.4,4787.0,764.0,0.15959891372467097,0.23149088447216984,20874.99188409746,398203,320055,320037,85962
1515,742,57518000,Пермский край,59,муниципальный округ Еловский,муниципальный округ,1,2766,2021,9999,8527.0,312.2,48798.7,1180.0,296.0,0.25084745762711863,0.1383839568429694,23068.94437382133,279765,227524,227548,61102
1516,744,57522000,Пермский край,59,муниципальный округ Карагайский,муниципальный округ,1,2771,2021,9999,19967.0,311.0,49766.6,2673.0,741.0,0.2772166105499439,0.13387088696348975,23811.93323593769,279927,227665,227648,61109
1517,746,57524000,Пермский край,59,муниципальный округ Кишертский,муниципальный округ,1,2767,2021,9999,10872.0,308.9,52600.8,1446.0,295.0,0.20401106500691563,0.13300220750551878,18996.565115770438,280095,227789,227792,61114
1518,749,57529000,Пермский край,59,муниципальный округ Куединский,муниципальный округ,1,2769,2021,9999,22949.0,318.5,51245.8,4405.0,780.0,0.17707150964812712,0.19194736154080788,23269.25620594089,280781,228311,228317,61141
1519,75,80651000,Республика Башкортостан,2,Туймазинский муниципальный район,муниципальный район,1,76,2018,9999,130733.0,336.0,61257.3,19463.0,3494.0,0.1795201150901711,0.1488759532788202,29063.77256965001,398468,320282,320262,86047
1520,753,57538000,Пермский край,59,муниципальный округ Ординский,муниципальный округ,1,2677,2020,9999,13958.0,311.7,53812.9,2035.0,359.0,0.17641277641277642,0.14579452643645222,20886.795862684085,281244,228647,228663,61155
1521,757,57546000,Пермский край,59,муниципальный округ Пермский,муниципальный округ,3,2944,2023,9999,128718.0,686.4,72918.6,17307.0,3222.0,0.18616744669786792,0.13445671933995246,33814.91510649545,281371,228789,228783,61160
1522,758,57548000,Пермский край,59,муниципальный округ Сивинский,муниципальный округ,1,2770,2021,9999,11869.0,309.1,49361.4,1775.0,419.0,0.23605633802816903,0.1495492459347881,23136.110288989716,281539,228935,228919,61165
1523,76,80652000,Республика Башкортостан,2,Уфимский муниципальный район,муниципальный район,3,77,2018,9999,117125.0,889.7,90380.8,19716.0,2303.0,0.1168086833029012,0.16833297758804697,33600.184814824606,398695,320510,320529,86174
1524,761,57552000,Пермский край,59,муниципальный округ Уинский,муниципальный округ,1,2684,2020,9999,9728.0,310.3,52556.1,1026.0,264.0,0.2573099415204678,0.10546875,21358.082184720854,281734,229040,229038,61171
1525,763,57735000,Пермский край,59,городской округ Чайковский,городской округ,1,2644,2019,9999,93785.0,322.1,70557.7,19568.0,3056.0,0.1561733442354865,0.20864743828970517,30903.658608816877,285477,232152,232183,61359
1526,764,57555000,Пермский край,59,муниципальный округ Частинский,муниципальный округ,1,2768,2021,9999,11783.0,311.5,58265.8,1815.0,462.0,0.2545454545454545,0.15403547483662905,22654.11741826058,281904,229175,229172,61177
1527,769,57513000,Пермский край,59,муниципальный округ Гайнский,муниципальный округ,1,2678,2020,9999,11679.0,279.3,61144.0,1415.0,403.0,0.28480565371024735,0.12115763335902047,23900.1575280554,279476,227318,227312,61091
1528,77,80653000,Республика Башкортостан,2,Учалинский муниципальный район,муниципальный район,1,78,2018,9999,68451.0,299.6,81713.4,14786.0,2302.0,0.155687812795888,0.21600853165037764,29957.7148669752,398932,320733,320686,86297
1529,770,57525000,Пермский край,59,муниципальный округ Косинский,муниципальный округ,1,2685,2020,9999,5543.0,281.2,58600.5,766.0,246.0,0.32114882506527415,0.1381923146310662,21506.08485205265,280251,227858,227868,61120
1530,771,57526000,Пермский край,59,муниципальный округ Кочевский,муниципальный округ,1,2679,2020,9999,9259.0,287.8,64669.4,1265.0,369.0,0.291699604743083,0.13662382546711307,21466.710926713647,280420,227968,227951,61126
1531,773,57559000,Пермский край,59,муниципальный округ Юрлинский,муниципальный округ,1,2682,2020,9999,8439.0,291.4,45241.8,973.0,344.0,0.35354573484069884,0.11529802109254651,21059.009629113,282054,229252,229247,61184
1532,774,57560000,Пермский край,59,муниципальный округ Юсьвинский,муниципальный округ,1,2683,2020,9999,16182.0,296.1,49483.7,1882.0,562.0,0.29861849096705634,0.11630206402175257,19597.732488297715,282226,229389,229390,61189
1533,775,05701000,Приморский край,25,городской округ Владивостокский,городской округ,1,776,2018,9999,622782.0,140.3,115583.5,170256.0,19470.0,0.11435720327036933,0.27337977012823106,49556.19467629868,38243,30813,30769,11949
1534,776,05703000,Приморский край,25,городской округ Арсеньевский,городской округ,1,777,2018,9999,47015.0,137.2,95125.1,12339.0,1353.0,0.10965232190615123,0.26244815484419864,37063.192974601756,38456,30945,30980,11955
1535,777,05705000,Приморский край,25,городской округ Артемовский,городской округ,1,778,2018,9999,117762.0,142.1,89562.8,21344.0,2660.0,0.12462518740629686,0.18124692175744297,41546.639349489764,38655,31153,31161,11964
1536,778,05706000,Приморский край,25,городской округ Большой Камень,городской округ,1,779,2018,9999,42502.0,138.4,122281.3,13646.0,749.0,0.05488787923200938,0.321067243894405,39425.64944447376,38886,31389,31376,11974
1537,779,05707000,Приморский край,25,городской округ Дальнегорский,городской округ,1,780,2018,9999,38543.0,132.5,73819.2,7618.0,1143.0,0.15003938041480705,0.1976493786160911,33645.04970449984,39078,31531,31511,11983
1538,78,80654000,Республика Башкортостан,2,Федоровский муниципальный район,муниципальный район,1,79,2018,9999,15491.0,313.8,45108.6,1401.0,460.0,0.32833690221270523,0.09043961009618488,18218.42495124514,399112,320860,320877,86423
1539,780,05708000,Приморский край,25,городской округ Дальнереченский,городской округ,2,781,2018,9999,24564.0,140.7,81576.1,3660.0,577.0,0.1576502732240437,0.14899853444064484,31417.210766571563,39276,31660,31671,11992
1540,781,05711000,Приморский край,25,городской округ Лесозаводский,городской округ,1,782,2018,9999,39685.0,138.1,84726.6,6962.0,1086.0,0.15598965814421142,0.17543152324555877,29949.02338700607,39465,31829,31822,12000
1541,782,05714000,Приморский край,25,городской округ Находкинский,городской округ,1,783,2018,9999,135345.0,134.8,105573.6,31885.0,3367.0,0.10559824368825467,0.23558313938453582,42235.92530366565,39703,32051,32019,12009
1542,783,05717000,Приморский край,25,городской округ Партизанский,городской округ,1,784,2018,9999,39132.0,136.0,87831.8,5853.0,892.0,0.1524004783871519,0.1495706838393131,30692.491414980013,39888,32177,32190,12019
1543,784,05720000,Приморский край,25,городской округ Спасск-Дальний,городской округ,2,785,2018,9999,34822.0,148.1,68238.9,6583.0,1078.0,0.1637551268418654,0.18904715409798403,32763.344129485526,40084,32354,32362,12025
1544,785,05723000,Приморский край,25,городской округ Уссурийский,городской округ,1,786,2018,9999,205435.0,139.3,80481.1,34441.0,4874.0,0.14151737754420604,0.16764913476282037,42211.32628577758,40290,32582,32550,12033
1545,787,05502000,Приморский край,25,Анучинский муниципальный округ,муниципальный округ,1,2705,2020,9999,12237.0,137.9,76451.1,1559.0,381.0,0.24438742783835793,0.12740050666012911,25212.522958278132,34320,28072,28054,11449
1546,788,05607000,Приморский край,25,Дальнереченский муниципальный район,муниципальный район,3,789,2018,9999,7793.0,145.2,62363.5,661.0,398.0,0.6021180030257186,0.08481970999615039,25517.673207005835,36293,29411,29424,11561
1547,789,05510000,Приморский край,25,Кавалеровский муниципальный округ,муниципальный округ,1,2988,2023,9999,20727.0,133.9,72875.1,2574.0,642.0,0.2494172494172494,0.12418584455058619,31269.20916809116,34422,28132,28149,11458
1548,79,80655000,Республика Башкортостан,2,Хайбуллинский муниципальный район,муниципальный район,1,80,2018,9999,29249.0,283.6,79129.2,6486.0,1007.0,0.15525747764415665,0.22175117098020444,24487.994999276878,399300,320997,320993,86513
1549,790,05612000,Приморский край,25,Кировский муниципальный район,муниципальный район,1,791,2018,9999,17312.0,138.6,64993.2,2677.0,549.0,0.20508031378408667,0.1546326247689464,27911.358521424303,36525,29584,29587,11605
1550,791,05514000,Приморский край,25,Красноармейский муниципальный округ,муниципальный округ,1,3074,2024,9999,13859.0,137.2,83864.8,2658.0,612.0,0.23024830699774265,0.19178872934555163,30696.724559576563,34475,28159,28171,11461
1551,792,05517000,Приморский край,25,Лазовский муниципальный округ,муниципальный округ,1,2800,2021,9999,11848.0,133.2,94966.2,3579.0,364.0,0.10170438670019559,0.30207629979743417,30231.25119329301,34623,28238,28237,11470
1552,794,05623000,Приморский край,25,Надеждинский муниципальный район,муниципальный район,1,795,2018,9999,41960.0,144.7,86783.2,5138.0,1265.0,0.24620474892954458,0.12244995233555768,35783.05967296701,37059,29934,29930,11754
1553,795,05526000,Приморский край,25,Октябрьский муниципальный округ,муниципальный округ,1,2799,2021,9999,22743.0,139.8,68005.0,3710.0,817.0,0.2202156334231806,0.1631271160357033,25151.0712499152,34825,28361,28364,11480
1554,796,05528000,Приморский край,25,Ольгинский муниципальный округ,муниципальный округ,1,2989,2023,9999,7209.0,132.7,81391.7,1308.0,297.0,0.22706422018348624,0.18143986683312527,29841.398897333926,34918,28408,28405,11489
1555,797,05530000,Приморский край,25,Партизанский муниципальный округ,муниципальный округ,1,3071,2024,9999,29888.0,136.0,69296.5,3728.0,881.0,0.23631974248927037,0.1247323340471092,30029.629431084802,34941,28441,28449,11490
1556,798,05532000,Приморский край,25,Пограничный муниципальный округ,муниципальный округ,1,2706,2020,9999,18096.0,137.0,71071.9,2725.0,446.0,0.1636697247706422,0.15058576480990274,27301.21653741497,35138,28565,28574,11499
1557,799,05534000,Приморский край,25,Пожарский муниципальный округ,муниципальный округ,1,2990,2023,9999,24093.0,139.3,99163.1,5525.0,678.0,0.12271493212669683,0.2293197194205786,33374.04348040063,35259,28707,28700,11509
1558,8,79633000,Республика Адыгея,1,Теучежский муниципальный район,муниципальный район,1,9,2018,9999,22260.0,317.4,74168.0,4921.0,693.0,0.14082503556187767,0.2210691823899371,31611.87451281163,388697,312374,312371,81434
1559,80,80656000,Республика Башкортостан,2,Чекмагушевский муниципальный район,муниципальный район,1,81,2018,9999,27671.0,332.7,54175.5,3651.0,810.0,0.2218570254724733,0.13194318962090276,20029.59278570857,399476,321177,321183,86603
1560,800,05637000,Приморский край,25,Спасский муниципальный район,муниципальный район,3,801,2018,9999,19870.0,155.4,74247.4,5784.0,842.0,0.14557399723374828,0.2910920986411676,28377.678754452034,37501,30251,30252,11807
1561,801,05540000,Приморский край,25,Тернейский муниципальный округ,муниципальный округ,1,2802,2021,9999,9728.0,132.0,77899.6,3691.0,423.0,0.114603088593877,0.3794202302631579,34413.66701933191,35439,28804,28809,11518
1562,802,05546000,Приморский край,25,Ханкайский муниципальный округ,муниципальный округ,1,2801,2021,9999,17049.0,137.4,73387.7,2205.0,622.0,0.28208616780045354,0.1293330987154672,28398.348272915115,35588,28906,28901,11524
1563,803,05548000,Приморский край,25,Хасанский муниципальный округ,муниципальный округ,1,2991,2023,9999,24400.0,135.1,81322.3,4789.0,707.0,0.14762998538316977,0.19627049180327868,33238.198182293396,35728,28996,28988,11533
1564,804,05550000,Приморский край,25,Хорольский муниципальный округ,муниципальный округ,1,2798,2021,9999,24478.0,139.1,68059.6,2732.0,743.0,0.2719619326500732,0.11161042568837323,26889.48833900662,35867,29104,29119,11541
1565,805,05553000,Приморский край,25,Черниговский муниципальный округ,муниципальный округ,1,3072,2024,9999,25893.0,139.3,75280.0,5713.0,1171.0,0.20497111850166289,0.2206387826825783,30001.212048396246,35951,29173,29178,11544
1566,806,05555000,Приморский край,25,Чугуевский муниципальный округ,муниципальный округ,1,2707,2020,9999,21090.0,135.8,64568.9,2833.0,824.0,0.29085774797034947,0.13432906590801327,29663.98319931588,36115,29292,29273,11550
1567,807,05557000,Приморский край,25,Шкотовский муниципальный округ,муниципальный округ,1,3073,2024,9999,21051.0,140.5,115314.5,6375.0,528.0,0.08282352941176471,0.30283596978765853,29062.94375923349,36170,29317,29313,11552
1568,808,05559000,Приморский край,25,Яковлевский муниципальный округ,муниципальный округ,1,3070,2024,9999,11970.0,137.4,67064.5,2175.0,331.0,0.152183908045977,0.18170426065162906,27016.99960865735,36202,29347,29357,11555
1569,809,07701000,Ставропольский край,26,городской округ город Ставрополь,городской округ,1,810,2018,9999,557402.0,310.0,73824.2,116587.0,16453.0,0.14112208050640293,0.20916143106770338,36862.893488846574,44121,35625,35640,12223
1570,81,80657000,Республика Башкортостан,2,Чишминский муниципальный район,муниципальный район,1,82,2018,9999,50536.0,331.1,61702.3,5957.0,946.0,0.15880476750041966,0.11787636536330537,27031.77042298728,399716,321361,321349,86689
1571,812,07710000,Ставропольский край,26,городской округ город-курорт Ессентуки,городской округ,1,813,2018,9999,123138.0,310.3,64029.5,15118.0,2424.0,0.16033866913612912,0.1227728239860969,35717.4470636525,44699,36066,36049,12244
1572,813,07712000,Ставропольский край,26,городской округ город-курорт Железноводск,городской округ,1,814,2018,9999,50082.0,309.6,59471.7,8781.0,1166.0,0.1327866985536955,0.17533245477417037,33923.843520790964,44864,36231,36234,12251
1573,818,07718000,Ставропольский край,26,городской округ город Лермонтов,городской округ,1,819,2018,9999,24717.0,309.6,63479.7,4520.0,714.0,0.1579646017699115,0.1828700894121455,33350.93387545765,45747,36871,36886,12287
1574,82,80658000,Республика Башкортостан,2,Шаранский муниципальный район,муниципальный район,1,83,2018,9999,18637.0,332.9,54072.2,2409.0,742.0,0.3080116230801162,0.12925900091216397,17983.17762780882,399881,321502,321484,86799
1575,820,07724000,Ставропольский край,26,городской округ город Невинномысск,городской округ,1,821,2018,9999,114556.0,312.6,74252.0,29972.0,2852.0,0.09515547844655012,0.2616362303153043,32693.017253843685,46071,37220,37186,12303
1576,824,07727000,Ставропольский край,26,городской округ город-курорт Пятигорск,городской округ,1,825,2018,9999,211692.0,308.1,64260.2,33707.0,5054.0,0.14993918177233215,0.15922661224798293,36520.849195514114,46651,37723,37695,12325
1577,826,07502000,Ставропольский край,26,Александровский муниципальный округ,муниципальный округ,1,2750,2021,9999,46217.0,308.1,44256.8,4280.0,1343.0,0.31378504672897195,0.09260661661293464,22790.88508054533,40663,32810,32821,12049
1578,827,07503000,Ставропольский край,26,Андроповский муниципальный округ,муниципальный округ,1,2751,2021,9999,33305.0,309.1,47160.6,2822.0,817.0,0.28951098511693835,0.08473202221888605,23557.721701618764,40856,32936,32945,12058
1579,828,07505000,Ставропольский край,26,Апанасенковский муниципальный округ,муниципальный округ,1,2752,2021,9999,29279.0,309.3,42531.2,5025.0,1020.0,0.20298507462686566,0.17162471395881007,22509.7610040485,41029,33064,33063,12066
1580,829,07507000,Ставропольский край,26,Арзгирский муниципальный округ,муниципальный округ,1,2753,2021,9999,22666.0,303.9,43853.2,2592.0,885.0,0.3414351851851852,0.11435630459719404,21467.43939005215,41191,33185,33191,12074
1581,83,80659000,Республика Башкортостан,2,Янаульский муниципальный район,муниципальный район,1,84,2018,9999,42391.0,321.6,62296.6,6578.0,984.0,0.1495895408938887,0.15517444740628908,23537.203455329516,400109,321716,321693,86886
1582,831,07517000,Ставропольский край,26,Грачёвский муниципальный округ,муниципальный округ,1,2755,2021,9999,37958.0,313.3,50188.1,2842.0,685.0,0.24102744546094299,0.07487222719848254,21537.019934857613,41709,33600,33626,12100
1583,832,07528000,Ставропольский край,26,Кочубеевский муниципальный округ,муниципальный округ,1,2756,2021,9999,77707.0,313.6,53915.3,9666.0,1889.0,0.19542727084626527,0.12439033806478181,25325.912104776136,42049,33874,33898,12116
1584,833,07530000,Ставропольский край,26,Красногвардейский муниципальный округ,муниципальный округ,1,2811,2021,9999,35678.0,317.4,58768.1,6107.0,1110.0,0.1817586376289504,0.1711699086271652,23660.297161984978,42241,34040,34017,12127
1585,834,07533000,Ставропольский край,26,Курский муниципальный округ,муниципальный округ,1,2757,2021,9999,52260.0,298.5,46725.1,4833.0,1430.0,0.2958824746534244,0.09247990815154994,21450.98324786426,42428,34191,34192,12136
1586,835,07536000,Ставропольский край,26,Левокумский муниципальный округ,муниципальный округ,1,2758,2021,9999,34715.0,299.9,46735.3,3140.0,1019.0,0.32452229299363056,0.090450813769264,20477.699209999893,42573,34325,34299,12144
1587,836,07544000,Ставропольский край,26,Новоселицкий муниципальный округ,муниципальный округ,1,2759,2021,9999,24490.0,305.5,45695.6,3193.0,681.0,0.21327904791731914,0.13037974683544304,21560.84071853476,42918,34574,34567,12162
1588,838,07552000,Ставропольский край,26,Степновский муниципальный округ,муниципальный округ,1,2761,2021,9999,20369.0,295.6,45790.3,2129.0,473.0,0.22217003287928605,0.10452157690608277,21652.519525933665,43384,34952,34949,12185
1589,839,07554000,Ставропольский край,26,Труновский муниципальный округ,муниципальный округ,1,2762,2021,9999,32211.0,315.9,52560.6,3799.0,752.0,0.19794682811266123,0.11794107602992766,22752.248696767274,43580,35103,35119,12194
1590,840,07556000,Ставропольский край,26,Туркменский муниципальный округ,муниципальный округ,1,2763,2021,9999,22025.0,304.6,43555.6,2762.0,817.0,0.2958001448225923,0.12540295119182746,20017.034926015614,43726,35203,35217,12204
1591,841,07558000,Ставропольский край,26,Шпаковский муниципальный округ,муниципальный округ,1,2764,2021,9999,165229.0,316.6,59169.7,15384.0,3074.0,0.1998179927197088,0.09310714220869218,34616.53241364775,43958,35359,35419,12214
1592,842,08701000,Хабаровский край,27,городской округ город Хабаровск,городской округ,2,843,2018,9999,615570.0,173.3,106096.5,170971.0,19269.0,0.11270332395552463,0.2777442045583768,48004.1082825564,50313,40525,40596,13760
1593,843,08709000,Хабаровский край,27,городской округ город Комсомольск-на-Амуре,городской округ,2,844,2018,9999,235488.0,141.7,97973.0,63212.0,8580.0,0.1357337214452952,0.26842981383340125,43086.05891573281,50561,40763,40806,13766
1594,844,08603000,Хабаровский край,27,Амурский муниципальный район,муниципальный район,1,845,2018,9999,55970.0,136.5,93168.1,10491.0,2500.0,0.238299494805071,0.18743969983919956,34030.18002413114,47220,38164,38204,12347
1595,847,08612000,Хабаровский край,27,Ванинский муниципальный район,муниципальный район,1,848,2018,9999,33535.0,135.5,115596.0,10427.0,1206.0,0.11566126402608612,0.31092888027434024,41768.767534521794,47768,38616,38592,12513
1596,848,08614000,Хабаровский край,27,Верхнебуреинский муниципальный район,муниципальный район,1,849,2018,9999,24441.0,138.1,131180.9,9851.0,1014.0,0.10293371231347072,0.40305224827134734,39904.34265717897,47940,38743,38778,12585
1597,849,08617000,Хабаровский край,27,Вяземский муниципальный район,муниципальный район,1,850,2018,9999,19202.0,141.7,60401.3,2541.0,946.0,0.3722943722943723,0.13232996562858035,29379.83991039091,48129,38907,38883,12678
1598,851,08624000,Хабаровский край,27,муниципальный район имени Лазо,муниципальный район,1,852,2018,9999,37861.0,143.8,62910.4,5208.0,2086.0,0.40053763440860213,0.13755579620189642,26633.554828700966,48489,39196,39169,12932
1599,852,08628000,Хабаровский край,27,Нанайский муниципальный район,муниципальный район,1,853,2018,9999,13922.0,139.3,98058.1,5591.0,775.0,0.138615632266142,0.4015945984772303,26019.576917402508,48641,39293,39290,13062
1600,853,08631000,Хабаровский край,27,Николаевский муниципальный район,муниципальный район,1,854,2018,9999,23555.0,127.7,111410.9,8651.0,1365.0,0.15778522714137094,0.3672680959456591,40841.54544393542,48841,39454,39443,13156
1601,855,08637000,Хабаровский край,27,муниципальный район имени Полины Осипенко,муниципальный район,1,856,2018,9999,3532.0,134.4,158798.8,2274.0,213.0,0.09366754617414248,0.6438278595696489,33080.767811715385,49153,39657,39635,13284
1602,856,08642000,Хабаровский край,27,Советско-Гаванский муниципальный район,муниципальный район,1,857,2018,9999,36352.0,133.9,94696.8,5364.0,1332.0,0.2483221476510067,0.14755721830985916,38912.52337461217,49379,39795,39779,13322
1603,857,08644000,Хабаровский край,27,Солнечный муниципальный район,муниципальный район,1,858,2018,9999,26843.0,137.7,93058.4,6261.0,1286.0,0.2053984986423894,0.23324516633759268,30431.824353424563,49556,39972,39932,13361
1604,859,08650000,Хабаровский край,27,Ульчский муниципальный район,муниципальный район,1,860,2018,9999,13977.0,129.6,83409.1,2848.0,884.0,0.3103932584269663,0.20376332546326106,31069.09837803452,49890,40171,40142,13472
1605,860,08655000,Хабаровский край,27,Хабаровский муниципальный район,муниципальный район,3,861,2018,9999,82380.0,399.3,82059.1,8109.0,2282.0,0.28141571093846346,0.0984340859431901,40144.55960585241,50111,40344,40354,13588
1606,870,10505000,Амурская область,28,Архаринский муниципальный округ,муниципальный округ,1,3007,2023,9999,12372.0,144.0,86158.0,2683.0,579.0,0.21580320536712636,0.2168606530876172,27920.792587772834,50678,40889,40881,13771
1607,871,10508000,Амурская область,28,Белогорский муниципальный округ,муниципальный округ,3,2803,2021,9999,17004.0,175.9,66226.2,2197.0,490.0,0.22303140646335912,0.12920489296636087,32300.67290623006,50861,41014,41019,13778
1608,872,10511000,Амурская область,28,Благовещенский муниципальный округ,муниципальный округ,3,2996,2023,9999,35810.0,236.1,77201.6,2176.0,433.0,0.19898897058823528,0.060765149399609045,42867.169624251605,50955,41096,41065,13782
1609,873,10515000,Амурская область,28,Бурейский муниципальный округ,муниципальный округ,1,2805,2021,9999,16566.0,144.7,95304.5,4392.0,750.0,0.17076502732240437,0.2651213328504165,28302.204607524047,51161,41237,41252,13791
1610,874,10521000,Амурская область,28,Завитинский муниципальный округ,муниципальный округ,1,2804,2021,9999,11590.0,145.2,71923.9,2735.0,505.0,0.1846435100548446,0.2359792924935289,26362.458698933067,51344,41387,41373,13799
1611,875,10525000,Амурская область,28,Зейский муниципальный округ,муниципальный округ,3,3076,2024,9999,11287.0,149.5,126833.2,2690.0,641.0,0.2382899628252788,0.23832727917072738,37299.62935777584,51389,41442,41420,13803
1612,876,10528000,Амурская область,28,Ивановский муниципальный округ,муниципальный округ,1,2806,2021,9999,20785.0,146.4,63576.6,3511.0,676.0,0.19253773853602962,0.1689198941544383,30020.998102551952,51575,41564,41585,13809
1613,877,10630000,Амурская область,28,Константиновский муниципальный район,муниципальный район,1,878,2018,9999,10666.0,144.0,68337.8,1821.0,516.0,0.2833607907742998,0.1707294205887868,25757.94105710012,52698,42409,42379,13991
1614,880,10635000,Амурская область,28,Михайловский муниципальный район,муниципальный район,1,881,2018,9999,12248.0,144.0,70692.2,1690.0,480.0,0.28402366863905326,0.13798171129980405,25511.34316631005,53253,42844,42832,14151
1615,881,10638000,Амурская область,28,Октябрьский муниципальный район,муниципальный район,1,882,2018,9999,18390.0,145.9,74927.2,3308.0,590.0,0.17835550181378476,0.17988036976617727,30742.839811439408,53444,43026,42996,14202
1616,882,10540000,Амурская область,28,Ромненский муниципальный округ,муниципальный округ,1,2807,2021,9999,7209.0,145.7,60963.8,1008.0,328.0,0.3253968253968254,0.13982521847690388,24617.27456897178,51724,41666,41661,13814
1617,883,10642000,Амурская область,28,Свободненский муниципальный район,муниципальный район,3,884,2018,9999,11318.0,165.1,227512.1,8927.0,472.0,0.05287330570180352,0.7887435942746068,28903.980519986275,53666,43183,43182,14259
1618,884,10645000,Амурская область,28,Селемджинский муниципальный район,муниципальный район,1,885,2018,9999,7107.0,138.1,129060.5,6611.0,409.0,0.0618665859930419,0.9302096524553257,33205.38413113219,53825,43339,43300,14327
1619,885,10547000,Амурская область,28,Серышевский муниципальный округ,муниципальный округ,1,2995,2023,9999,20859.0,147.1,64016.9,3279.0,801.0,0.2442817932296432,0.15719833165540054,27728.09916323821,51825,41762,41733,13821
1620,886,10549000,Амурская область,28,Сковородинский муниципальный округ,муниципальный округ,1,2994,2023,9999,19790.0,149.2,107406.7,8167.0,733.0,0.08975143871678706,0.4126831733198585,30692.260618668868,51963,41887,41890,13827
1621,888,10554000,Амурская область,28,Тындинский муниципальный округ,муниципальный округ,3,2808,2021,9999,13370.0,158.4,142195.3,6141.0,577.0,0.09395863865819899,0.45931189229618546,38873.54585228324,52258,42119,42115,13837
1622,889,10555000,Амурская область,28,Шимановский муниципальный округ,муниципальный округ,3,2992,2023,9999,5003.0,152.5,123760.6,2858.0,187.0,0.06543037088873338,0.5712572456526084,30599.690166942455,52353,42160,42165,13841
1623,890,11701000,Архангельская область,29,городской округ город Архангельск,городской округ,2,891,2018,9999,301376.0,261.4,91197.6,83792.0,12423.0,0.14825997708611802,0.2780314291781695,41502.27078583459,58717,47506,47502,14936
1624,891,11708000,Архангельская область,29,городской округ город Коряжма,городской округ,1,892,2018,9999,33663.0,287.4,73622.2,10877.0,1430.0,0.13147007446906317,0.3231143985978671,29993.668891028778,58865,47664,47654,14941
1625,892,11710000,Архангельская область,29,городской округ Котлас,городской округ,2,893,2018,9999,66838.0,296.1,78418.5,16503.0,2899.0,0.17566503060049687,0.24691044016876626,35302.816480933325,59065,47832,47793,14951
1626,895,11715000,Архангельская область,29,городской округ город Новодвинск,городской округ,1,896,2018,9999,32639.0,260.0,80850.2,9174.0,1230.0,0.1340745585349902,0.2810747878305095,29261.68407648638,59283,47981,47996,14967
1627,896,11730000,Архангельская область,29,городской округ Северодвинск,городской округ,1,897,2018,9999,156310.0,253.6,92164.9,71367.0,6647.0,0.09313828520184399,0.45657347578529844,43920.33775820611,59639,48295,48242,14982
1628,897,11605000,Архангельская область,29,Вельский муниципальный район,муниципальный район,1,898,2018,9999,44862.0,299.2,71844.4,9417.0,1974.0,0.20962089837527875,0.2099103918683964,31386.42113537227,57392,46308,46307,14623
1629,898,11508000,Архангельская область,29,Верхнетоемский муниципальный округ,муниципальный округ,1,2826,2022,9999,10925.0,276.0,65286.4,1862.0,625.0,0.3356605800214823,0.17043478260869566,23961.0204199209,55793,44943,44951,14539
1630,899,11511000,Архангельская область,29,муниципальный округ Вилегодский,муниципальный округ,1,2724,2021,9999,8586.0,284.8,63714.0,1529.0,470.0,0.30739045127534337,0.17808059631959003,25804.558760751486,55929,45071,45050,14546
1631,9,79640000,Республика Адыгея,1,Шовгеновский муниципальный район,муниципальный район,1,10,2018,9999,16287.0,314.3,42776.6,1668.0,671.0,0.40227817745803357,0.10241296739731073,20908.79254982619,388903,312529,312507,81501
1632,900,11514000,Архангельская область,29,Виноградовский муниципальный округ,муниципальный округ,1,2827,2022,9999,12371.0,276.5,64888.9,2161.0,611.0,0.2827394724664507,0.17468272572952873,26951.08787377857,56030,45167,45176,14552
1633,901,11518000,Архангельская область,29,муниципальный округ Каргопольский,муниципальный округ,1,2725,2021,9999,14660.0,287.1,59758.9,2375.0,822.0,0.34610526315789475,0.16200545702592087,27912.82995705493,56188,45280,45271,14561
1634,902,11622000,Архангельская область,29,Коношский муниципальный район,муниципальный район,1,903,2018,9999,17807.0,297.0,73751.9,3954.0,800.0,0.20232675771370764,0.2220475094064132,28897.57218514436,57519,46457,46451,14694
1635,903,11527000,Архангельская область,29,Котласский муниципальный округ,муниципальный округ,3,2902,2023,9999,17119.0,314.5,94195.2,3420.0,677.0,0.197953216374269,0.1997780244173141,24427.784832149267,56256,45341,45334,14565
1636,904,11530000,Архангельская область,29,Красноборский муниципальный округ,муниципальный округ,1,3034,2024,9999,10008.0,284.5,66348.3,2020.0,698.0,0.3455445544554455,0.20183852917665868,23131.048376416216,56300,45386,45367,14569
1637,905,11635000,Архангельская область,29,Ленский муниципальный район,муниципальный район,1,906,2018,9999,9646.0,274.4,87595.2,2495.0,572.0,0.22925851703406813,0.25865643790172094,30658.8351350167,57832,46666,46650,14751
1638,907,11542000,Архангельская область,29,Мезенский муниципальный округ,муниципальный округ,1,2899,2023,9999,7098.0,240.9,106476.5,2853.0,349.0,0.12232737469330529,0.40194420963651734,25178.031113044897,56495,45514,45512,14577
1639,908,11544000,Архангельская область,29,Няндомский муниципальный округ,муниципальный округ,1,2904,2023,9999,22613.0,287.6,80817.5,5659.0,977.0,0.1726453437003004,0.25025427851236015,30487.58129754926,56569,45603,45586,14583
1640,911,11550000,Архангельская область,29,Плесецкий муниципальный округ,муниципальный округ,1,2825,2022,9999,33077.0,270.1,70221.1,6733.0,1368.0,0.20317837516708748,0.20355534056897542,31191.893623792137,56857,45861,45834,14595
1641,912,11552000,Архангельская область,29,Приморский муниципальный округ,муниципальный округ,3,3033,2024,9999,28908.0,325.4,86680.3,6784.0,1008.0,0.14858490566037735,0.23467552234675523,37747.891008236395,56875,45891,45916,14598
1642,913,11554000,Архангельская область,29,Устьянский муниципальный округ,муниципальный округ,1,2905,2023,9999,23280.0,293.7,75235.7,5591.0,1310.0,0.23430513324986585,0.24016323024054984,28805.618619060693,57031,45973,45995,14602
1643,914,11556000,Архангельская область,29,Холмогорский муниципальный округ,муниципальный округ,1,2903,2023,9999,17957.0,261.9,71012.4,2913.0,830.0,0.28492962581531067,0.16222086094559224,23205.482775703695,57112,46066,46092,14608
1644,915,11558000,Архангельская область,29,Шенкурский муниципальный округ,муниципальный округ,1,2900,2023,9999,10436.0,283.4,60597.0,1551.0,520.0,0.3352675693101225,0.14862016098121886,25837.11153023377,57228,46144,46148,14614
1645,916,11851000,Ненецкий автономный округ,83,городской округ город Нарьян-Мар,городской округ,1,917,2018,9999,24266.0,209.7,113701.9,10902.0,1718.0,0.1575857640799853,0.4492705843567131,48274.1675116052,60052,48649,48650,15054
1646,917,11811000,Ненецкий автономный округ,83,муниципальный район Заполярный район,муниципальный район,1,918,2018,9999,17958.0,210.2,158968.4,14792.0,1128.0,0.07625743645213628,0.8236997438467535,44166.520204483924,59831,48450,48477,14989
1647,920,12605000,Астраханская область,30,Ахтубинский муниципальный район,муниципальный район,1,921,2018,9999,57030.0,306.0,54862.5,11498.0,2072.0,0.18020525308749347,0.2016131860424338,25078.076863110287,60251,48865,48882,15063
1648,922,12615000,Астраханская область,30,Енотаевский муниципальный район,муниципальный район,1,923,2018,9999,25039.0,293.7,69842.0,3236.0,595.0,0.1838689740420272,0.1292383881145413,21104.337464000957,60627,49150,49114,15299
1649,923,12620000,Астраханская область,30,Икрянинский муниципальный район,муниципальный район,1,924,2018,9999,47744.0,288.3,40442.6,4199.0,1444.0,0.3438914027149321,0.08794822386058981,19909.165949657672,60835,49262,49245,15392
1650,924,12625000,Астраханская область,30,Камызякский муниципальный район,муниципальный район,1,925,2018,9999,46892.0,286.7,39760.6,4037.0,1368.0,0.33886549417884565,0.08609144416958117,18872.566312649386,61030,49429,49385,15480
1651,926,12635000,Астраханская область,30,Лиманский муниципальный район,муниципальный район,1,927,2018,9999,27717.0,284.5,49802.5,3155.0,880.0,0.27892234548335976,0.11382905797885774,20701.253685471307,61463,49770,49753,15633
1652,927,12640000,Астраханская область,30,Наримановский муниципальный район,муниципальный район,1,928,2018,9999,47528.0,290.7,78100.7,10271.0,1186.0,0.11547074286826989,0.21610419121360042,28833.11833549167,61700,49915,49924,15673
1653,928,12642000,Астраханская область,30,Приволжский муниципальный район,муниципальный район,1,929,2018,9999,66669.0,291.9,50571.5,3696.0,1453.0,0.3931277056277056,0.05543805966791162,30853.485048400766,61870,50062,50079,15752
1654,929,12645000,Астраханская область,30,Харабалинский муниципальный район,муниципальный район,1,930,2018,9999,39434.0,291.1,51867.3,4397.0,1021.0,0.2322037753013418,0.11150276411218746,19651.4995711128,62044,50245,50202,15834
1655,986,17701000,Владимирская область,33,городской округ город Владимир,городской округ,1,987,2018,9999,346685.0,408.0,73898.5,98725.0,11504.0,0.11652570270954672,0.2847685939685882,38130.96673063504,76892,62588,62609,19993
1656,987,17720000,Владимирская область,33,городской округ город Гусь-Хрустальный,городской округ,2,988,2018,9999,51182.0,424.6,62463.2,11660.0,1404.0,0.12041166380789023,0.2278144660232113,30479.781491759153,77054,62781,62794,20003
1657,988,17725000,Владимирская область,33,городской округ город Ковров,городской округ,2,989,2018,9999,128879.0,409.7,72958.9,39636.0,3157.0,0.07964981330103946,0.3075442857253703,35642.67724359671,77303,62985,62975,20009
1658,989,17735000,Владимирская область,33,городской округ округ Муром,городской округ,2,990,2018,9999,112091.0,394.3,66886.9,29132.0,3230.0,0.11087463957160511,0.2598959773755252,32397.84564478843,77532,63191,63203,20018
1659,991,17605000,Владимирская область,33,Александровский муниципальный район,муниципальный район,1,992,2018,9999,102657.0,426.7,63364.6,14366.0,2298.0,0.1599610190728108,0.1399417477619646,35674.55238964581,73570,59806,59811,19204
1660,992,17610000,Владимирская область,33,Вязниковский муниципальный район,муниципальный район,1,993,2018,9999,66875.0,386.8,49634.9,11870.0,1791.0,0.15088458298230834,0.17749532710280375,27602.657613712006,73833,60017,60049,19261
1661,993,17615000,Владимирская область,33,Гороховецкий муниципальный район,муниципальный район,1,994,2018,9999,19901.0,383.7,62567.8,3027.0,427.0,0.14106375949785266,0.15210290940153762,27640.63740425365,74011,60194,60187,19320
1662,994,17620000,Владимирская область,33,Гусь-Хрустальный муниципальный район,муниципальный район,3,995,2018,9999,38749.0,434.9,56544.8,5491.0,915.0,0.16663631396831177,0.14170688275826474,22815.774779452095,74185,60321,60300,19354
1663,995,17625000,Владимирская область,33,Камешковский муниципальный район,муниципальный район,1,996,2018,9999,30466.0,396.5,65450.0,4816.0,731.0,0.15178571428571427,0.1580778572835292,26221.416162662415,74386,60477,60452,19446
1664,996,17630000,Владимирская область,33,Киржачский муниципальный район,муниципальный район,1,997,2018,9999,37950.0,441.6,77759.5,8953.0,919.0,0.1026471573774154,0.23591567852437417,35099.29821708146,74588,60637,60650,19492
1665,998,17640000,Владимирская область,33,Кольчугинский муниципальный район,муниципальный район,1,999,2018,9999,47188.0,421.3,65080.0,8411.0,1364.0,0.1621685887528237,0.1782444689327795,33009.90475611373,75043,60956,61019,19574
