month,method,K,N,status,partition_present,all_six_metrics_valid,eligible_for_comparison,issues,sizes,min_size,max_size,singleton_groups,groups_lt5,objects_in_groups_lt5,groups_lt10,negative_SW_n,negative_SW_fraction,saved_seed_slots,converged_seeds,seed_pair_count,seed_pair_ARI_min,seed_pair_ARI_median,seed_pair_ARI_max,seed_sensitivity_scope,SW,CH,S_Dbw,AVI,AVU,MQ,archive_member,member_sha256
2023-01,SSE,10,2143,completed,True,False,False,"[""metric:S_Dbw:undefined""]","[312, 127, 215, 372, 256, 203, 282, 64, 288, 24]",24,372,0,0,0,0,159,0.07419505366308912,8,8,28,0.450526557522258,0.553985571928053,0.762663308246301,saved_same_full_support_starts_only,0.24859312147329446,1173.184439426391,,0.20585214309223954,0.42170811516880136,0.07056840139294043,calibration/DT24-PILOT/output/cells/SSE_K10/result.json,5db501179a03dff76222f949bbe6b9ae16d3e33412d2124d6dd2178571dfc0f5
2023-01,SSE,20,2143,completed,True,False,False,"[""metric:S_Dbw:undefined""]","[45, 142, 44, 172, 156, 206, 157, 155, 163, 167, 69, 175, 91, 54, 24, 74, 83, 22, 134, 10]",10,206,0,0,0,0,134,0.06252916472235184,8,8,28,0.4264571109536468,0.5058883966100538,0.7136359122420285,saved_same_full_support_starts_only,0.21821865573408847,864.0221185073656,,0.1216525911581874,0.3878164796648947,0.039602637102302427,calibration/DT24-PILOT/output/cells/SSE_K20/result.json,a8c23338b3c9bec2e27de6042c0b25022344656908137f1a85f29ac5fb919f2c
2023-01,Ward,10,2143,completed,True,False,False,"[""metric:S_Dbw:undefined""]","[261, 274, 115, 431, 248, 249, 199, 260, 89, 17]",17,431,0,0,0,0,445,0.20765282314512365,0,,,,,,not_applicable_deterministic_Ward,0.19759133819540578,995.6289895071266,,0.20532946901695567,0.4231425663102804,0.066345871796644,calibration/DT24-PILOT/output/cells/Ward_K10/result.json,4a1f8455fd5620c527050ea73012029a5934b975a320c7edf93d0151178e18cc
2023-01,Ward,20,2143,completed,True,False,False,"[""metric:S_Dbw:undefined""]","[79, 74, 40, 127, 274, 182, 91, 126, 199, 157, 75, 123, 73, 157, 214, 57, 32, 10, 46, 7]",7,274,0,0,0,1,486,0.22678488100793281,0,,,,,,not_applicable_deterministic_Ward,0.15671894257288482,738.5293375554021,,0.12352952898477294,0.3860135262280797,0.04219482369317049,calibration/DT24-PILOT/output/cells/Ward_K20/result.json,7a862f66737e2213cdf291a9a9a1fab27aca1712c81d8ae95d0e00f114876103
2023-01,NCut,10,2143,completed,True,False,False,"[""metric:S_Dbw:undefined""]","[296, 187, 233, 400, 396, 321, 83, 93, 83, 51]",51,400,0,0,0,0,318,0.14839010732617824,8,8,28,0.5250091549477086,0.7653489295752929,0.9695636185914652,saved_same_full_support_starts_only,0.1948894442140609,846.8446059763688,,0.18345893941415967,0.44665653515654546,0.06082790326117281,calibration/DT24-PILOT/output/cells/NCut_K10/result.json,ce05ecab53136a9c3c3b16e300899ac31d7e71f82d420e630617b803feb20c3a
2023-01,NCut,20,2143,completed,True,False,False,"[""metric:S_Dbw:undefined""]","[112, 113, 108, 131, 171, 127, 150, 104, 122, 140, 151, 114, 104, 72, 124, 72, 69, 57, 71, 31]",31,171,0,0,0,0,391,0.18245450303313113,8,8,28,0.6094123573002356,0.7033380888467378,0.8372102521152048,saved_same_full_support_starts_only,0.16518009191343175,659.279042831191,,0.09761468341991736,0.454940197343106,0.030319558781774517,calibration/DT24-PILOT/output/cells/NCut_K20/result.json,6e5387ef1da7821f894b32cfcc0e50be15bc543182b618b1892a6b0eded83a8c
2023-01,SSE,4,2143,completed,True,True,True,[],"[680, 110, 980, 373]",110,980,0,0,0,0,48,0.022398506766215586,8,8,28,0.4550553057432237,0.5471263337962741,1.0,saved_same_full_support_starts_only,0.351103949877352,1643.969912127847,0.64513522021164,0.41957534812037367,0.5268841705488748,0.12804892135776458,months/DT24-M0001/output/cells/SSE_K4/result.json,bbdebe10a31697ced649dbcee97925a007986e780ae9c7fa0ecaf23f66b15f32
2023-01,SSE,6,2143,completed,True,True,True,[],"[424, 400, 497, 405, 337, 80]",80,497,0,0,0,0,39,0.018198786747550162,8,8,28,0.6559875039851245,0.8354929761282566,0.9972224855414523,saved_same_full_support_starts_only,0.2932651717709107,1439.7134973771367,0.7206726631724104,0.29906635843795104,0.46678744133220396,0.09674468002608513,months/DT24-M0001/output/cells/SSE_K6/result.json,d7b543d60463db64b3d11237e1c6344b8f48b0901d1ec45b21d9d4a473c3ae80
2023-01,SSE,8,2143,completed,True,False,False,"[""metric:S_Dbw:undefined""]","[335, 143, 226, 404, 401, 308, 297, 29]",29,404,0,0,0,0,139,0.0648623425104993,8,8,28,0.4499082055522889,0.5108147251137989,0.9978497578288053,saved_same_full_support_starts_only,0.26035788348733196,1291.3118716900228,,0.24889197436384505,0.4404053692741947,0.08125290684413282,months/DT24-M0001/output/cells/SSE_K8/result.json,90fd8c246a9698a2acc78b77ef7c434ad545cf8b4dc963e30e0f3459cd621aff
2023-01,SSE,12,2143,completed,True,False,False,"[""metric:S_Dbw:undefined""]","[274, 46, 340, 172, 235, 262, 157, 130, 178, 63, 271, 15]",15,340,0,0,0,0,119,0.055529631357909476,8,8,28,0.36989318740867355,0.4972839710799899,0.6927009303657968,saved_same_full_support_starts_only,0.2412241560770455,1082.4498519543858,,0.1834242353196421,0.40309533821207727,0.06266273700571619,months/DT24-M0001/output/cells/SSE_K12/result.json,3b2b5f34e9e985be686bd26ff9c155938e8de13681c8a3967355362b38c99891
2023-01,SSE,16,2143,completed,True,False,False,"[""metric:S_Dbw:undefined""]","[234, 160, 49, 272, 171, 207, 187, 90, 164, 117, 201, 95, 23, 121, 42, 10]",10,272,0,0,0,0,150,0.0699953336444237,8,8,28,0.412961910528558,0.5616037891789267,0.7470084403478593,saved_same_full_support_starts_only,0.22073494998274015,965.083609316885,,0.15036367143975654,0.3920164176650267,0.04717463443195741,months/DT24-M0001/output/cells/SSE_K16/result.json,f0506ef6504c4cd20ab474315de9db8f5538953fea96129b3ffc6d1732382c6b
2023-01,Ward,4,2143,completed,True,True,True,[],"[535, 132, 1127, 349]",132,1127,0,0,0,0,197,0.0919272048530098,0,,,,,,not_applicable_deterministic_Ward,0.33718669774938115,1362.4006335635925,0.692768128517558,0.40735777539622153,0.5380559931984806,0.12667290224611555,months/DT24-M0001/output/cells/Ward_K4/result.json,7357400a15e8d66b4facb42a1342cf32bf302dbf8728d39fdf6c1235e5082405
2023-01,Ward,6,2143,completed,True,True,True,[],"[535, 115, 679, 448, 349, 17]",17,679,0,0,0,0,245,0.11432571161922539,0,,,,,,not_applicable_deterministic_Ward,0.24957734037343424,1142.328762108377,0.5880019886820136,0.32129413456638367,0.41421905068696807,0.09876021471046667,months/DT24-M0001/output/cells/Ward_K6/result.json,53b92209cea5bf365373a83af7413e0078a51bddf9c3db334bc6d550164483e5
2023-01,Ward,8,2143,completed,True,False,False,"[""metric:S_Dbw:undefined""]","[535, 115, 431, 248, 448, 260, 89, 17]",17,535,0,0,0,0,396,0.18478768082127858,0,,,,,,not_applicable_deterministic_Ward,0.2297884068145305,1074.2980179937772,,0.2522356305756836,0.3949124006433113,0.08387838897969545,months/DT24-M0001/output/cells/Ward_K8/result.json,360091776030bdbc95f347caa2e7e1e713d39d5eb79f93e54ad1e0e19e80a89f
2023-01,Ward,12,2143,completed,True,False,False,"[""metric:S_Dbw:undefined""]","[261, 274, 40, 431, 248, 249, 199, 75, 260, 57, 32, 17]",17,431,0,0,0,0,431,0.20111992533831077,0,,,,,,not_applicable_deterministic_Ward,0.19186991584996418,913.8376780277513,,0.17422982942703455,0.37093172757115317,0.06494065489562718,months/DT24-M0001/output/cells/Ward_K12/result.json,23e49251401f3fbcc72b4fbd502b4d739e010422391f7da942d82e82a6e7f90a
2023-01,Ward,16,2143,completed,True,False,False,"[""metric:S_Dbw:undefined""]","[261, 147, 40, 127, 431, 91, 126, 199, 75, 123, 157, 214, 57, 32, 17, 46]",17,431,0,0,0,0,393,0.1833877741483901,0,,,,,,not_applicable_deterministic_Ward,0.18888109209461548,815.2188895309508,,0.1345935579094525,0.36956113695760706,0.048401323860695754,months/DT24-M0001/output/cells/Ward_K16/result.json,623a3d8f191373b82ebaf9dfa860139b5caef3f3fd47835ece762cbef7c6812d
2023-01,NCut,4,2143,completed,True,True,True,[],"[758, 1040, 233, 112]",112,1040,0,0,0,0,222,0.10359309379374708,8,8,28,0.6302488318295262,0.9692008560460202,1.0,saved_same_full_support_starts_only,0.29027411467478476,1142.9005520947749,0.6569551651231473,0.4174860900670667,0.5824056560435602,0.11653746554124696,months/DT24-M0001/output/cells/NCut_K4/result.json,054ab6e1855483dc301a88326b4b6988cd9088581a346dd2dcff9b6296430b83
2023-01,NCut,6,2143,completed,True,True,True,[],"[370, 321, 578, 502, 173, 199]",173,578,0,0,0,0,256,0.11945870275314979,8,8,28,0.6014655409116174,0.797281417343099,1.0,saved_same_full_support_starts_only,0.22506014047407144,1155.122439907027,0.5415650312247243,0.29292150618313756,0.5140301845774086,0.0872608475198226,months/DT24-M0001/output/cells/NCut_K6/result.json,0913b3305b10ffe316e7c77fca1f9ff3618247d3f62d7fd604307fccd53fef07
2023-01,NCut,8,2143,completed,True,True,True,[],"[373, 220, 415, 451, 366, 130, 140, 48]",48,451,0,0,0,0,275,0.12832477834811012,8,8,28,0.5341303404399583,0.7936736821040276,0.9880029125916532,saved_same_full_support_starts_only,0.2170126447066737,960.1028444999517,0.5391752384867328,0.2266866690022301,0.45560502228845035,0.07092594233564316,months/DT24-M0001/output/cells/NCut_K8/result.json,7a62f228d628d31cdfb074b655cd99f029f870859bf3e3c2ad7821ff1e582edc
2023-01,NCut,12,2143,completed,True,False,False,"[""metric:S_Dbw:undefined""]","[164, 141, 136, 190, 250, 186, 243, 261, 262, 116, 146, 48]",48,262,0,0,0,0,444,0.20718618758749416,8,8,28,0.5022951036188655,0.6059250720239384,0.8909848238905247,saved_same_full_support_starts_only,0.16478823603208703,812.021734363381,,0.1558488424236941,0.4708158998609867,0.05100232438037849,months/DT24-M0001/output/cells/NCut_K12/result.json,ccd54746493a65794308f5518d00733c38e082dfb47daaa3db02bf0e54cdfb25
2023-01,NCut,16,2143,completed,True,False,False,"[""metric:S_Dbw:undefined""]","[162, 128, 158, 147, 236, 233, 187, 199, 182, 136, 74, 72, 74, 53, 55, 47]",47,236,0,0,0,0,374,0.17452169855342978,8,8,28,0.5715033467566968,0.7020636083727574,0.9034431927966238,saved_same_full_support_starts_only,0.174143189539133,731.3373072685715,,0.1204351885811831,0.4382107931086963,0.03749526578848965,months/DT24-M0001/output/cells/NCut_K16/result.json,87e4ba9be0aada14347071230e423f34d24adb609a0e308b4ac12b801f1d8260
2023-02,SSE,10,2141,completed,True,False,False,"[""metric:S_Dbw:undefined""]","[277, 60, 206, 419, 374, 319, 197, 64, 205, 20]",20,419,0,0,0,0,108,0.05044371788883699,8,8,28,0.42518119368154494,0.5381485994131399,0.6750243889663191,saved_same_full_support_starts_only,0.24933626683359048,1181.7172214816142,,0.22739325299050445,0.39804501286208127,0.06756621817340186,months/DT24-M0002/output/cells/SSE_K10/result.json,7c670790697fac3314472a19410a0a80af7891712e3a088f4c47f2902fc0a7b1
2023-02,SSE,20,2141,completed,True,False,False,"[""metric:S_Dbw:undefined""]","[129, 28, 100, 206, 188, 246, 163, 80, 82, 187, 58, 160, 44, 137, 77, 44, 12, 18, 148, 34]",12,246,0,0,0,0,112,0.052312003736571695,8,8,28,0.40603722290896294,0.5083531522331561,0.6320769753806674,saved_same_full_support_starts_only,0.21731370602230266,876.974214702417,,0.13177880413176746,0.379233744616279,0.03915525923553255,months/DT24-M0002/output/cells/SSE_K20/result.json,52f82a1d56c105c01c92a0a0abfe56f233f482b2dd0005c324e9c014e8ca36e1
2023-02,SSE,4,2141,completed,True,True,True,[],"[721, 960, 364, 96]",96,960,0,0,0,0,32,0.014946286781877626,8,8,28,0.9460553596485649,0.9519977549447698,1.0,saved_same_full_support_starts_only,0.3482123945970606,1616.0659238335652,0.6908788453165426,0.4203378172527622,0.5178323500154156,0.1212349708987882,months/DT24-M0002/output/cells/SSE_K4/result.json,3ca50e560decdf94c2e786ecef3610715f236fc0b8a209ea6972da6e3f94ee79
2023-02,SSE,6,2141,completed,True,True,True,[],"[516, 565, 525, 163, 345, 27]",27,565,0,0,0,0,64,0.029892573563755253,8,8,28,0.5965480527942977,0.6240040515685816,0.9945941519837516,saved_same_full_support_starts_only,0.29687676829267745,1420.7895151402895,0.5595391636805391,0.3391795248687431,0.42435821339095603,0.10132732450580566,months/DT24-M0002/output/cells/SSE_K6/result.json,d109857f61fe1130d001e83e24a0930fd0c37147f3b5af98bd3e0a329479f4c3
2023-02,SSE,8,2141,completed,True,True,True,[],"[329, 343, 217, 403, 398, 134, 290, 27]",27,403,0,0,0,0,125,0.058383932741709485,8,8,28,0.4483453512796733,0.6095031510362939,0.9478934991137232,saved_same_full_support_starts_only,0.2598684914074132,1295.4699768178064,0.5029269823658515,0.2637751308766798,0.4348593073341032,0.07869993197114933,months/DT24-M0002/output/cells/SSE_K8/result.json,7dfe9505cdc120188498001e23daebcd021c447acca8c4465ff63fd9d987784c
2023-02,SSE,12,2141,completed,True,False,False,"[""metric:S_Dbw:undefined""]","[252, 48, 299, 152, 316, 182, 311, 146, 176, 64, 175, 20]",20,316,0,0,0,0,121,0.05651564689397478,8,8,28,0.3776874242419251,0.5756275764300693,0.8083028741037805,saved_same_full_support_starts_only,0.2304849570074374,1105.532028249142,,0.19206395445147809,0.3992609697782305,0.055095070199435825,months/DT24-M0002/output/cells/SSE_K12/result.json,46b64c91d9680fa5bb676033bffa0dc1869a9f321d3ddbf9f09d0d1fc1863048
2023-02,SSE,16,2141,completed,True,False,False,"[""metric:S_Dbw:undefined""]","[192, 42, 172, 223, 213, 277, 197, 91, 57, 110, 158, 38, 155, 55, 13, 148]",13,277,0,0,0,0,127,0.059318075665576835,8,8,28,0.38736423459094255,0.5135686015922183,0.6559026047448547,saved_same_full_support_starts_only,0.2210805072163364,977.6367180039105,,0.15652889396283548,0.3882351522264148,0.04395876716951225,months/DT24-M0002/output/cells/SSE_K16/result.json,7f2b41dd58233a1ae97c107555bc3bd251a002245f9b13e2ee93748dce97b1ae
2023-02,Ward,10,2141,completed,True,False,False,"[""metric:S_Dbw:undefined""]","[202, 301, 562, 213, 135, 283, 68, 182, 28, 167]",28,562,0,0,0,0,481,0.22466137319009807,0,,,,,,not_applicable_deterministic_Ward,0.1641094031278617,994.8169515311782,,0.20605844239455534,0.41894075821371646,0.06972370495576737,months/DT24-M0002/output/cells/Ward_K10/result.json,042f899399419c93e28f0b7a6333f9de270eec678d2e8a3d6e5969bce4a8b7e9
2023-02,Ward,20,2141,completed,True,False,False,"[""metric:S_Dbw:undefined""]","[75, 165, 61, 121, 112, 136, 111, 92, 283, 52, 123, 214, 68, 127, 133, 49, 19, 167, 9, 24]",9,283,0,0,0,1,449,0.20971508640822045,0,,,,,,not_applicable_deterministic_Ward,0.16699819139155872,767.1744773352873,,0.1300295095131393,0.391377943048121,0.03839319915764138,months/DT24-M0002/output/cells/Ward_K20/result.json,2261dcd82b7263ccc2fdf9fe8d2d12e40375c73058ea3052b56b1df7b10ff85f
2023-02,Ward,4,2141,completed,True,True,True,[],"[1047, 717, 349, 28]",28,1047,0,0,0,0,167,0.07800093414292386,0,,,,,,not_applicable_deterministic_Ward,0.3284259130629392,1381.6763877636743,0.6387918768094469,0.4599784621096768,0.5001753419664838,0.12000900345197993,months/DT24-M0002/output/cells/Ward_K4/result.json,cc8423fa427a250b37237b5e4e6acb04b056afb1821a44e9cfebe51968d88e23
2023-02,Ward,6,2141,completed,True,True,True,[],"[485, 514, 562, 203, 349, 28]",28,562,0,0,0,0,252,0.11770200840728631,0,,,,,,not_applicable_deterministic_Ward,0.2695020254174694,1296.8253596115758,0.6151560894085742,0.3227173383556578,0.4321344490637258,0.09867123098833959,months/DT24-M0002/output/cells/Ward_K6/result.json,118a752e019b3ba019ad6b98bb6742e39477a8a7a575561f6070408fb9414bb0
2023-02,Ward,8,2141,completed,True,False,False,"[""metric:S_Dbw:undefined""]","[485, 301, 562, 213, 135, 68, 349, 28]",28,562,0,0,0,0,342,0.15973843998131715,0,,,,,,not_applicable_deterministic_Ward,0.22310135997864391,1107.583416196124,,0.2487985220277351,0.4162073543063493,0.09245253907111312,months/DT24-M0002/output/cells/Ward_K8/result.json,6e52833727db8ddd12f103eb9aed4be16185b4a4f47c2df68f57cfce7bbc4c7c
2023-02,Ward,12,2141,completed,True,False,False,"[""metric:S_Dbw:undefined""]","[202, 301, 61, 213, 164, 135, 283, 337, 68, 182, 28, 167]",28,337,0,0,0,0,418,0.1952358710882765,0,,,,,,not_applicable_deterministic_Ward,0.1709889582489873,930.7497341888574,,0.17411807314231253,0.40995263600471615,0.05334610645511468,months/DT24-M0002/output/cells/Ward_K12/result.json,5054067c02c0c6e6ed696bf6dcf8704325ecb0dfdd9f97a85930605dde22c5f7
2023-02,Ward,16,2141,completed,True,False,False,"[""metric:S_Dbw:undefined""]","[75, 301, 61, 213, 164, 111, 283, 337, 68, 127, 133, 49, 19, 167, 9, 24]",9,337,0,0,0,1,355,0.16581036898645493,0,,,,,,not_applicable_deterministic_Ward,0.18601147533167842,842.6075978825388,,0.16135552437203082,0.3555014332888594,0.048265624999845436,months/DT24-M0002/output/cells/Ward_K16/result.json,9c7e56eb8c4a65f2548e90b348ba13d5328400cdfcf7c8ad3dd18653adc72012
2023-02,NCut,10,2141,completed,True,True,True,[],"[264, 298, 173, 374, 271, 337, 141, 112, 120, 51]",51,374,0,0,0,0,338,0.15787015413358244,8,8,28,0.5795113069882044,0.7081034011305187,0.9065820285084378,saved_same_full_support_starts_only,0.19807873031975265,919.0339185492995,0.4246132524770515,0.1854452038355801,0.44537026713015626,0.057136403550088685,months/DT24-M0002/output/cells/NCut_K10/result.json,271da1b66814ae469bc223091169619452605fbcc80c20b5c080fba6340eb842
2023-02,NCut,20,2141,completed,True,False,False,"[""metric:S_Dbw:undefined""]","[92, 106, 79, 116, 207, 172, 102, 142, 138, 123, 122, 103, 104, 59, 80, 72, 106, 95, 69, 54]",54,207,0,0,0,0,491,0.22933208780943484,8,8,28,0.5808607008679589,0.6687197706388629,0.8455152670357565,saved_same_full_support_starts_only,0.14575010268728725,668.6926771551981,,0.09781045903035446,0.45451878481630403,0.03034631645027184,months/DT24-M0002/output/cells/NCut_K20/result.json,f4fa0ed3359a891eeeea1631c642952d2a7620289efd036bd4250e0710a54aac
2023-02,NCut,4,2141,completed,True,True,True,[],"[733, 1045, 217, 146]",146,1045,0,0,0,0,314,0.1466604390471742,8,8,28,0.6137379710970486,0.658088787442481,1.0,saved_same_full_support_starts_only,0.28503702485598614,1020.8324888920833,0.6948129063206122,0.4067568919815711,0.579057609146131,0.10862282424696468,months/DT24-M0002/output/cells/NCut_K4/result.json,dc137b114e0c2b3f745500ec49ae5ccdc5dc11d86897ba1da10bdcb766d5371b
2023-02,NCut,6,2141,completed,True,True,True,[],"[494, 270, 568, 505, 238, 66]",66,568,0,0,0,0,253,0.11816907986921998,8,8,28,0.4674758227581745,0.8089774155065019,1.0,saved_same_full_support_starts_only,0.23117249784882887,1058.4721475156923,0.5276407028681332,0.28844930191673707,0.47341659466072095,0.08766842483694257,months/DT24-M0002/output/cells/NCut_K6/result.json,ddd676e035520a45eb5cc6e6c82b38adab94a4a9fb9ee8bce16d94d7dd44b498
2023-02,NCut,8,2141,completed,True,True,True,[],"[354, 217, 456, 426, 369, 144, 124, 51]",51,456,0,0,0,0,256,0.11957029425502101,8,8,28,0.4730326090468685,0.7174309784996433,0.9887197046660322,saved_same_full_support_starts_only,0.2218201687179269,911.2376160321539,0.46140593670529545,0.22416998795122,0.45263033194905294,0.06707754751514286,months/DT24-M0002/output/cells/NCut_K8/result.json,a7731aaa5d389f0fc3490bec6429abc7e841a167a1a646de27fe0caa36757508
2023-02,NCut,12,2141,completed,True,True,True,[],"[145, 229, 182, 352, 308, 261, 286, 83, 77, 83, 83, 52]",52,352,0,0,0,0,403,0.18822979915927138,8,8,28,0.5234043014381374,0.6896055031960686,0.8686704597661657,saved_same_full_support_starts_only,0.1897546802199656,829.9339753530704,0.40296360264718944,0.15761456109789002,0.43090081782676015,0.049190813587856486,months/DT24-M0002/output/cells/NCut_K12/result.json,df1726ddc039855e7870735bae6ff6da5340fba07939e97628fa220b8e4228ea
2023-02,NCut,16,2141,completed,True,False,False,"[""metric:S_Dbw:undefined""]","[129, 134, 193, 211, 201, 198, 170, 131, 141, 65, 123, 61, 135, 78, 80, 91]",61,211,0,0,0,0,435,0.203176085941149,8,8,28,0.593909402037367,0.7005751867490666,0.9170326722653906,saved_same_full_support_starts_only,0.16232878130172046,762.3756151334408,,0.12171425087207606,0.45053319751652343,0.03608399620205731,months/DT24-M0002/output/cells/NCut_K16/result.json,ec3b64df9c70ca50f08138db2f4ac01922035e6416d550610747a2333ef2e394
2023-03,SSE,10,2149,completed,True,False,False,"[""metric:S_Dbw:undefined""]","[245, 75, 378, 306, 236, 236, 294, 28, 286, 65]",28,378,0,0,0,0,113,0.05258259655653792,8,8,28,0.39413006114365523,0.5226930773095306,0.7658566804645313,saved_same_full_support_starts_only,0.2548322910220324,1210.9025598672183,,0.23086000080196456,0.4074542947532112,0.07234979581096995,months/DT24-M0003/output/cells/SSE_K10/result.json,8b1ce5a62e17db6df41f08f2e85ca2fbd16bddb158d685d1deddfe6d4de52010
2023-03,SSE,20,2149,completed,True,False,False,"[""metric:S_Dbw:undefined""]","[75, 40, 164, 157, 192, 196, 142, 118, 105, 115, 118, 75, 123, 188, 26, 53, 70, 46, 91, 55]",26,196,0,0,0,0,126,0.05863192182410423,8,8,28,0.456694970981595,0.5505103360612826,0.6742133433424846,saved_same_full_support_starts_only,0.2234679640075421,889.0135535221026,,0.12092071326992483,0.41373915254028304,0.03889257781343108,months/DT24-M0003/output/cells/SSE_K20/result.json,61adeacd49d0c8ff1f00bc2ee58ea4042d83dcc9204b8315921ac02475f71a6b
2023-03,SSE,4,2149,completed,True,True,True,[],"[698, 969, 380, 102]",102,969,0,0,0,0,22,0.010237319683573755,8,8,28,0.9297088093837521,0.9846894684481772,1.0,saved_same_full_support_starts_only,0.3502996112744595,1708.0799587940903,0.6286480940911325,0.428596652931021,0.5187852451630391,0.1290353788943644,months/DT24-M0003/output/cells/SSE_K4/result.json,bf79d67dbedfe3e0c8536a9604d1a06a59dedc6d1a27019d578157c21cb5780b
2023-03,SSE,6,2149,completed,True,True,True,[],"[404, 436, 450, 451, 320, 88]",88,451,0,0,0,0,47,0.021870637505816658,8,8,28,0.6095945085170961,0.6523662043900369,1.0,saved_same_full_support_starts_only,0.29137767638212336,1491.945869724137,0.6016931869831748,0.3079382157990595,0.46357093009787526,0.09657034768363212,months/DT24-M0003/output/cells/SSE_K6/result.json,7648574074c39ac625908a04438c836ffc77c608bf3f73c2a862e6c32ade30bf
2023-03,SSE,8,2149,completed,True,False,False,"[""metric:S_Dbw:undefined""]","[345, 351, 210, 417, 370, 135, 36, 285]",36,417,0,0,0,0,114,0.05304792926942764,8,8,28,0.5087105566898273,0.906619800783422,0.9994282052881347,saved_same_full_support_starts_only,0.2619242632056131,1344.3781457787388,,0.2743573397721,0.4364466694149526,0.08153847168161013,months/DT24-M0003/output/cells/SSE_K8/result.json,632c81374ceac1015d93c511ecb54a0ff59f102810227c2903a8162074fcb07c
2023-03,SSE,12,2149,completed,True,False,False,"[""metric:S_Dbw:undefined""]","[193, 61, 306, 300, 224, 352, 189, 130, 215, 27, 100, 52]",27,352,0,0,0,0,123,0.057235923685435085,8,8,28,0.4049310058774665,0.5974903616155279,0.8492533271114961,saved_same_full_support_starts_only,0.22610264487737275,1118.1241861461797,,0.19711225340172855,0.3999510011646286,0.058846877194868454,months/DT24-M0003/output/cells/SSE_K12/result.json,95a831ffd64dd0db3a8608dc33825b8e734b8328f403e7d45bd70a17f0f63e1f
2023-03,SSE,16,2149,completed,True,False,False,"[""metric:S_Dbw:undefined""]","[145, 157, 65, 261, 197, 218, 205, 174, 98, 161, 128, 82, 21, 41, 41, 155]",21,261,0,0,0,0,136,0.0632852489530014,8,8,28,0.42690027955016313,0.5338321518450397,0.8494860883824337,saved_same_full_support_starts_only,0.2166357656648678,983.0866058542073,,0.15331384506594112,0.4057997847662698,0.04459765448246803,months/DT24-M0003/output/cells/SSE_K16/result.json,f61f61f1a860d415595b522c39624a163f4fc44d425435b7381e641dba4b07ea
2023-03,Ward,10,2149,completed,True,False,False,"[""metric:S_Dbw:undefined""]","[163, 254, 490, 334, 172, 72, 258, 331, 35, 40]",35,490,0,0,0,0,360,0.16751977664029782,0,,,,,,not_applicable_deterministic_Ward,0.20909436759558653,1031.2928946650982,,0.20210550380004316,0.3926314443446976,0.07582552352902082,months/DT24-M0003/output/cells/Ward_K10/result.json,7bd7434aa6b53f791768bb932ec1e48b035836ed189f2770c975ee301bc14e66
2023-03,Ward,20,2149,completed,True,False,False,"[""metric:S_Dbw:undefined""]","[163, 254, 149, 195, 208, 110, 62, 133, 51, 191, 62, 67, 137, 77, 29, 153, 41, 40, 21, 6]",6,254,0,0,0,1,449,0.20893438808748255,0,,,,,,not_applicable_deterministic_Ward,0.1630022218115735,765.3278465474214,,0.11707089020819918,0.3809576748771125,0.04092640433497034,months/DT24-M0003/output/cells/Ward_K20/result.json,e43b46dc1203988bcb99da59ee6e5ad895c4a5d4a7072bfe603db0041573ae3e
2023-03,Ward,4,2149,completed,True,True,True,[],"[497, 1174, 147, 331]",147,1174,0,0,0,0,192,0.0893438808748255,0,,,,,,not_applicable_deterministic_Ward,0.3450712171787708,1558.2576570293063,0.5811526460057568,0.4216001590986768,0.5323725275961458,0.12625109163602505,months/DT24-M0003/output/cells/Ward_K4/result.json,9ba092aad777688c08698e6bb5447c9e1c8dcf3df66be7ced804a62ba192af60
2023-03,Ward,6,2149,completed,True,False,False,"[""metric:S_Dbw:undefined""]","[497, 426, 748, 112, 331, 35]",35,748,0,0,0,0,200,0.09306654257794322,0,,,,,,not_applicable_deterministic_Ward,0.28652418619090403,1331.374192744213,,0.32284387027174205,0.4118047035662829,0.10805643236681872,months/DT24-M0003/output/cells/Ward_K6/result.json,379888e68d61fafe09998c4f6cb08ea8d29bc58b1e7ebb245d66ed357d336917
2023-03,Ward,8,2149,completed,True,False,False,"[""metric:S_Dbw:undefined""]","[163, 426, 490, 334, 112, 258, 331, 35]",35,490,0,0,0,0,361,0.16798510935318753,0,,,,,,not_applicable_deterministic_Ward,0.20828417767830296,1141.1397356023904,,0.24746036713860975,0.422666477712485,0.08230246020271122,months/DT24-M0003/output/cells/Ward_K8/result.json,4ddcd920f0acf6bf72424c90558e611f64f4a22bbb78aa0aaa7d16a6fddcf6d9
2023-03,Ward,12,2149,completed,True,False,False,"[""metric:S_Dbw:undefined""]","[163, 254, 282, 334, 208, 172, 72, 258, 178, 35, 153, 40]",35,334,0,0,0,0,433,0.20148906468124708,0,,,,,,not_applicable_deterministic_Ward,0.17329899364287177,969.1839814184784,,0.1737150234359922,0.41273025798086754,0.05491871490209519,months/DT24-M0003/output/cells/Ward_K12/result.json,c5d19e9e748eabeeacfa26bcb2bb084b82cb2ea214f7029349b654399b31263a
2023-03,Ward,16,2149,completed,True,False,False,"[""metric:S_Dbw:undefined""]","[163, 254, 282, 195, 208, 110, 62, 72, 258, 139, 137, 29, 153, 41, 40, 6]",6,282,0,0,0,1,419,0.19497440670079105,0,,,,,,not_applicable_deterministic_Ward,0.17829963752505937,849.384569677035,,0.14445732719112703,0.38275428260282085,0.04842652715408524,months/DT24-M0003/output/cells/Ward_K16/result.json,12b9c41a4d3b383419959d515bce8d84fb8a9397a1790720c02084a7216836f4
2023-03,NCut,10,2149,completed,True,False,False,"[""metric:S_Dbw:undefined""]","[147, 283, 362, 229, 265, 350, 108, 151, 86, 168]",86,362,0,0,0,0,343,0.15960912052117263,8,8,28,0.5377594189988564,0.7402670421698312,0.986279788954536,saved_same_full_support_starts_only,0.2029807087897583,1048.2029991738507,,0.19258951672874314,0.46217140055655326,0.06094263117074362,months/DT24-M0003/output/cells/NCut_K10/result.json,0f4a64f22f278ff8bc72aecf5169ec09843b649d2a43b4666b3aab14563199f4
2023-03,NCut,20,2149,completed,True,False,False,"[""metric:S_Dbw:undefined""]","[121, 92, 129, 191, 207, 81, 121, 137, 156, 131, 95, 144, 61, 88, 48, 66, 102, 72, 43, 64]",43,207,0,0,0,0,399,0.18566775244299674,8,8,28,0.6620214128872777,0.7559176351295711,0.8985022106215419,saved_same_full_support_starts_only,0.16609060699549877,751.0142883161586,,0.1065633612603694,0.4445319092614598,0.03261014480205683,months/DT24-M0003/output/cells/NCut_K20/result.json,c35c6162c3627e73abae940d7cb616ae393e1d066b5aa859de2a9546078a40b4
2023-03,NCut,4,2149,completed,True,True,True,[],"[488, 1083, 307, 271]",271,1083,0,0,0,0,235,0.1093531875290833,8,8,28,0.9992351897474794,0.9992351897474794,1.0,saved_same_full_support_starts_only,0.34274789467330136,1420.9982011318216,0.5778944280008831,0.41787349533600165,0.5529120887330652,0.1238894165681178,months/DT24-M0003/output/cells/NCut_K4/result.json,be1642ccc0326b035a84a30c37a38e41d5e57f4537430bb59d3e96ffacfe7633
2023-03,NCut,6,2149,completed,True,True,True,[],"[397, 553, 652, 265, 220, 62]",62,652,0,0,0,0,266,0.1237785016286645,8,8,28,0.5737630129682814,0.7477383604469658,0.9898165129262007,saved_same_full_support_starts_only,0.23016586937916447,1107.6327410361737,0.4722308128483886,0.29436253515790733,0.47494120470746337,0.09152784060423262,months/DT24-M0003/output/cells/NCut_K6/result.json,36f24fe2402f4d3d87ea75f8fd753d65a6b06c2c9ef9cff1b8769d32a96d31b3
2023-03,NCut,8,2149,completed,True,True,True,[],"[227, 382, 387, 259, 406, 209, 217, 62]",62,406,0,0,0,0,268,0.12470916705444393,8,8,28,0.6634685376645665,0.8779899850566721,0.9983635246925184,saved_same_full_support_starts_only,0.2166729143303748,1021.2411562137711,0.481014968879779,0.22903296592603817,0.4755954141541841,0.07389933876216466,months/DT24-M0003/output/cells/NCut_K8/result.json,4bca666855842b62bd0721407e756e432c8dc7325bd8e8cf720d21ab2823888d
2023-03,NCut,12,2149,completed,True,False,False,"[""metric:S_Dbw:undefined""]","[148, 141, 187, 148, 239, 289, 241, 200, 259, 115, 77, 105]",77,289,0,0,0,0,426,0.19823173569101907,8,8,28,0.5548977739460924,0.6743883551957196,0.8543972939213299,saved_same_full_support_starts_only,0.15630038751448336,816.19192656204,,0.15626135162679305,0.46585383112537654,0.0481074234209568,months/DT24-M0003/output/cells/NCut_K12/result.json,f5f9602c7f5b56a5eed5d62c8065024af66f91b8760c01f287cb9d73fd988d76
2023-03,NCut,16,2149,completed,True,False,False,"[""metric:S_Dbw:undefined""]","[125, 113, 127, 188, 159, 110, 194, 186, 132, 159, 202, 130, 97, 48, 74, 105]",48,202,0,0,0,0,453,0.21079571893904142,8,8,28,0.5786774602476538,0.6706178826093898,0.9313125164480082,saved_same_full_support_starts_only,0.15659065174979525,859.7180096128437,,0.13142742762792603,0.45802878429420935,0.040258529498561124,months/DT24-M0003/output/cells/NCut_K16/result.json,2215211af37d4b6dbfec650d52bfc85e60ea380b653abe363cd22446331636f8
2023-04,SSE,10,2129,completed,True,False,False,"[""metric:S_Dbw:undefined""]","[244, 311, 368, 287, 229, 238, 58, 34, 69, 291]",34,368,0,0,0,0,99,0.04650070455612964,8,8,28,0.42531033310522104,0.5952239851418606,0.829793827008814,saved_same_full_support_starts_only,0.2739234906598217,1295.99341097725,,0.24582541600636226,0.4084817378960336,0.09557707904396576,months/DT24-M0004/output/cells/SSE_K10/result.json,e91c0ec64aa6153b33ec44667239900c986da7f3c053825518a20db7a6769208
2023-04,SSE,20,2129,completed,True,False,False,"[""metric:S_Dbw:undefined""]","[160, 31, 158, 203, 198, 130, 116, 176, 72, 141, 55, 111, 67, 128, 27, 47, 194, 16, 87, 12]",12,203,0,0,0,0,117,0.05495537811178957,8,8,28,0.4136115574156344,0.5006590336376062,0.6548100171942111,saved_same_full_support_starts_only,0.22361218049207385,967.5530181119386,,0.14655794310727355,0.38534055813225215,0.05376426244629442,months/DT24-M0004/output/cells/SSE_K20/result.json,472d6b8fdfbe32aa2d88d13d2a0c121f6f6bdb12b206b3ff8bdf03dbecb5582f
2023-04,SSE,4,2129,completed,True,True,True,[],"[712, 927, 395, 95]",95,927,0,0,0,0,24,0.011272898074213245,8,8,28,0.43210616512504396,1.0,1.0,saved_same_full_support_starts_only,0.36571558152604144,1791.0512504888454,0.6755100152090292,0.4711862487339834,0.5171952480192474,0.1678957002252037,months/DT24-M0004/output/cells/SSE_K4/result.json,0a9de7362da977e26539a80efe15e7199f2620006f44319c40089d821533a02f
2023-04,SSE,6,2129,completed,True,True,True,[],"[364, 456, 460, 454, 313, 82]",82,460,0,0,0,0,71,0.03334899013621419,8,8,28,0.9093609733980494,0.9654517913922497,1.0,saved_same_full_support_starts_only,0.2985918780618839,1595.7505843080457,0.5675483353709272,0.3444213871945801,0.46147468668700375,0.1259731514827995,months/DT24-M0004/output/cells/SSE_K6/result.json,5af6b299331cd0a97d68af08ccdc086c063f05f46a9f8fb9e7c8d3371983fa91
2023-04,SSE,8,2129,completed,True,False,False,"[""metric:S_Dbw:undefined""]","[358, 246, 371, 397, 297, 123, 46, 291]",46,397,0,0,0,0,123,0.05777360263034288,8,8,28,0.46272489744683876,0.5490611466155866,1.0,saved_same_full_support_starts_only,0.27656792338727715,1410.6598099372386,,0.28696705463669814,0.4398970942739598,0.10466685422646138,months/DT24-M0004/output/cells/SSE_K8/result.json,812a02f08aa693f2b23e1c97626e88d92e00beab226459f229f538095ed709c6
2023-04,SSE,12,2129,completed,True,False,False,"[""metric:S_Dbw:undefined""]","[217, 56, 317, 296, 286, 228, 207, 100, 165, 41, 204, 12]",12,317,0,0,0,0,111,0.052137153593236264,8,8,28,0.3684706175946102,0.5024089556864044,0.8762248480035443,saved_same_full_support_starts_only,0.24194642015657497,1208.2494657729294,,0.23347795899957727,0.3998191644838417,0.07891844656782544,months/DT24-M0004/output/cells/SSE_K12/result.json,1bedea49b5bcbe127969012620aea0a3fc3e7454ccbb67d1a4629144e28ee46f
2023-04,SSE,16,2129,completed,True,False,False,"[""metric:S_Dbw:undefined""]","[197, 167, 181, 227, 227, 150, 193, 153, 75, 42, 126, 39, 63, 216, 61, 12]",12,227,0,0,0,0,149,0.06998590887740723,8,8,28,0.39475626932231855,0.5089475349894337,0.6897580803372344,saved_same_full_support_starts_only,0.22818569464644523,1062.8294352455414,,0.17948171772008628,0.39626340426079537,0.06335613644187557,months/DT24-M0004/output/cells/SSE_K16/result.json,8c473d2d140498c9d5c716a3ff2ade3f94444b90206dcb3a83c46d250fcbcba9
2023-04,Ward,10,2129,completed,True,False,False,"[""metric:S_Dbw:undefined""]","[296, 294, 361, 199, 160, 201, 214, 53, 78, 273]",53,361,0,0,0,0,371,0.17426021606387976,0,,,,,,not_applicable_deterministic_Ward,0.2224680639404,1111.3754548222166,,0.226757187263026,0.43572433742135414,0.0877431693885974,months/DT24-M0004/output/cells/Ward_K10/result.json,efae3b7abeb9f966caf80607b0d335cb3f86fb3b8424238260a83f468e8c5894
2023-04,Ward,20,2129,completed,True,False,False,"[""metric:S_Dbw:undefined""]","[142, 125, 154, 165, 196, 139, 129, 201, 94, 78, 75, 136, 60, 41, 45, 31, 119, 33, 154, 12]",12,201,0,0,0,0,409,0.19210897134805072,0,,,,,,not_applicable_deterministic_Ward,0.17583846834541159,855.6523520935667,,0.14179448583337892,0.4058313274829126,0.05145355482572675,months/DT24-M0004/output/cells/Ward_K20/result.json,2cda5f601a5ff701861fbf6801384a1d92eefc6ab5ca27dba4b4277b96690480
2023-04,Ward,4,2129,completed,True,True,True,[],"[374, 1429, 53, 273]",53,1429,0,0,0,0,204,0.09581963363081258,0,,,,,,not_applicable_deterministic_Ward,0.3813767817933319,1362.834001332621,0.587244163986022,0.4990526157982938,0.5022842809765108,0.13777950267222713,months/DT24-M0004/output/cells/Ward_K4/result.json,d7edf783f0a770d9c93bc230d6d29a6bd1feb61d158b3f86fe991727dd3e4e95
2023-04,Ward,6,2129,completed,True,True,True,[],"[374, 493, 575, 361, 53, 273]",53,575,0,0,0,0,293,0.13762329732268672,0,,,,,,not_applicable_deterministic_Ward,0.2523896066522787,1342.5608184828604,0.6322895714164425,0.3579465457339683,0.4439243420809404,0.11289366865546778,months/DT24-M0004/output/cells/Ward_K6/result.json,59c4e89416faca0ab9c6859a06b820b703ca5515db6055c0c8d0d0ac0b0545f0
2023-04,Ward,8,2129,completed,True,False,False,"[""metric:S_Dbw:undefined""]","[296, 493, 361, 361, 214, 53, 78, 273]",53,493,0,0,0,0,382,0.17942696101456082,0,,,,,,not_applicable_deterministic_Ward,0.23092870659882878,1205.0464797621403,,0.2773160981228142,0.43737187298952024,0.1038516229677779,months/DT24-M0004/output/cells/Ward_K8/result.json,6aad07b46bc3c19786d9e46a18e52af6ba4f013e77c7b055c4c488e3a1d17910
2023-04,Ward,12,2129,completed,True,False,False,"[""metric:S_Dbw:undefined""]","[296, 294, 361, 199, 160, 201, 78, 136, 41, 78, 273, 12]",12,361,0,0,0,0,400,0.18788163457022075,0,,,,,,not_applicable_deterministic_Ward,0.21393515860813786,1040.028978674934,,0.22745289232996418,0.395118038069731,0.08621889232708607,months/DT24-M0004/output/cells/Ward_K12/result.json,66e6c1fa851a526844c86b364c5cfb9a8e758e7c36cf17c369a99d9255360a22
2023-04,Ward,16,2129,completed,True,False,False,"[""metric:S_Dbw:undefined""]","[142, 125, 154, 361, 199, 129, 201, 169, 78, 136, 41, 78, 31, 119, 154, 12]",12,361,0,0,0,0,376,0.17660873649600753,0,,,,,,not_applicable_deterministic_Ward,0.1860871156001669,936.943720748458,,0.17530221480588043,0.3986947693002609,0.059576351006393795,months/DT24-M0004/output/cells/Ward_K16/result.json,d84ff40ae7982cab6a640f5a480c0af61021f633ff46902ee9e7eafab9d92102
2023-04,NCut,10,2129,completed,True,True,True,[],"[181, 335, 374, 246, 269, 232, 183, 129, 132, 48]",48,374,0,0,0,0,292,0.13715359323626117,8,8,28,0.5628623962788284,0.6920521554973155,0.9735705225455883,saved_same_full_support_starts_only,0.21811385856911106,1059.8744837961149,0.33945132097890474,0.21095653130090977,0.46029202779160033,0.07952782722743071,months/DT24-M0004/output/cells/NCut_K10/result.json,bd9f6c7940bbbf5027dcf8599d134a88527f10a99c593c532f65c56ce653061a
2023-04,NCut,20,2129,completed,True,False,False,"[""metric:S_Dbw:undefined""]","[136, 207, 116, 169, 179, 93, 75, 181, 130, 163, 144, 110, 46, 83, 67, 68, 44, 42, 48, 28]",28,207,0,0,0,0,449,0.2108971348050728,8,8,28,0.608861786641611,0.6877369200067629,0.8433812627075402,saved_same_full_support_starts_only,0.16032087948425308,756.6237293042088,,0.12236020623972639,0.4383747175347606,0.04399255973144911,months/DT24-M0004/output/cells/NCut_K20/result.json,a23c0ea78bd325017905b155d1ca1cce7c8021310caef04fa98ed8f1174ece19
2023-04,NCut,4,2129,completed,True,True,True,[],"[784, 944, 233, 168]",168,944,0,0,0,0,306,0.14372945044621888,8,8,28,0.5488822372347079,0.9623582493399264,1.0,saved_same_full_support_starts_only,0.2791468923057645,1192.014632293213,0.7282965904956442,0.4587816439275366,0.6172788762751479,0.1461968200842113,months/DT24-M0004/output/cells/NCut_K4/result.json,a3b536ba829f2a4746b2c323f9777b64f6c22ae95b1f93e2bd29e25de7ee6a74
2023-04,NCut,6,2129,completed,True,True,True,[],"[334, 558, 679, 288, 211, 59]",59,679,0,0,0,0,256,0.12024424612494129,8,8,28,0.6419778179371961,0.6822801319574925,0.9990980933080227,saved_same_full_support_starts_only,0.24866315167541622,1148.7029837283135,0.4476076181966201,0.3238434113304286,0.4929248100657855,0.11953026038071506,months/DT24-M0004/output/cells/NCut_K6/result.json,2704d945ba2a4c2dd4a19cc33eb99852c78b3ed54ef2d896ce86f05a1e207bf5
2023-04,NCut,8,2129,completed,True,True,True,[],"[307, 453, 410, 431, 170, 177, 133, 48]",48,453,0,0,0,0,265,0.12447158290277126,8,8,28,0.5578971317732658,0.7648679445904105,1.0,saved_same_full_support_starts_only,0.23272816576628844,1080.5560379200774,0.40580542456319413,0.25523588638278927,0.46387224735271754,0.09609763412748704,months/DT24-M0004/output/cells/NCut_K8/result.json,53109dbef0dd0e9f0bf8e26003eddf969980460c2d464c474b5aa0bb23cdacfb
2023-04,NCut,12,2129,completed,True,False,False,"[""metric:S_Dbw:undefined""]","[164, 208, 225, 236, 224, 215, 177, 201, 207, 87, 137, 48]",48,236,0,0,0,0,435,0.20432127759511506,8,8,28,0.8715546620463218,0.9305711655511597,0.9922525267338118,saved_same_full_support_starts_only,0.18110972511963983,966.8827573896739,,0.18058543500843702,0.4649170864870809,0.06844381202729255,months/DT24-M0004/output/cells/NCut_K12/result.json,6823374d167a0a0de735fdd9cf815df6b10a3fde5f4c4508925c7192307d4787
2023-04,NCut,16,2129,completed,True,False,False,"[""metric:S_Dbw:undefined""]","[122, 213, 65, 175, 184, 158, 116, 171, 165, 165, 168, 51, 80, 146, 91, 59]",51,213,0,0,0,0,490,0.23015500234852043,8,8,28,0.5483447564364058,0.6615335392249413,0.8899810131699244,saved_same_full_support_starts_only,0.14222325264451058,840.5913700652925,,0.14545742147841748,0.45710739333280814,0.05294568593818133,months/DT24-M0004/output/cells/NCut_K16/result.json,839531bd02c51c1492eb6f4381fea560c01d0b0a259334e520258ea13b0d8950
2023-05,SSE,10,2121,completed,True,False,False,"[""metric:S_Dbw:undefined""]","[251, 45, 226, 344, 295, 301, 264, 28, 72, 295]",28,344,0,0,0,0,75,0.03536067892503536,8,8,28,0.42846078344794003,0.571615835424355,0.8839222129512256,saved_same_full_support_starts_only,0.27259955287946086,1292.9342089160816,,0.25270753489341713,0.40318724765153147,0.10134828937773564,months/DT24-M0005/output/cells/SSE_K10/result.json,cafb068e2a221658902e4a3ff707bc93813d7e41e420be5a50ffb6ddfbe3a846
2023-05,SSE,20,2121,completed,True,False,False,"[""metric:S_Dbw:undefined""]","[118, 37, 120, 144, 229, 151, 154, 163, 108, 166, 101, 91, 32, 139, 19, 43, 86, 33, 29, 158]",19,229,0,0,0,0,129,0.06082036775106082,8,8,28,0.40675229718007394,0.46199760393972855,0.728563244452569,saved_same_full_support_starts_only,0.22360461938782183,960.0589948430887,,0.13902860086823124,0.3968098444614413,0.053766868225300024,months/DT24-M0005/output/cells/SSE_K20/result.json,cb66f082b860da31832ae30a4c443de96f8008be7ecd7d596a0f688752ec3673
2023-05,SSE,4,2121,completed,True,True,True,[],"[689, 925, 409, 98]",98,925,0,0,0,0,30,0.014144271570014143,8,8,28,0.4315666185146555,0.9973806311334994,1.0,saved_same_full_support_starts_only,0.3638688379790891,1751.402081239749,0.6655168001067543,0.47198882895891275,0.5191558701330008,0.17727027822868674,months/DT24-M0005/output/cells/SSE_K4/result.json,46921f59640733feb24958d20646607e1ccf616995887af9b6381d911f31ae22
2023-05,SSE,6,2121,completed,True,True,True,[],"[397, 442, 429, 444, 329, 80]",80,444,0,0,0,0,78,0.036775106082036775,8,8,28,0.9837228725675206,0.9948207369266321,1.0,saved_same_full_support_starts_only,0.30307431439575233,1581.7236068572495,0.5513185672827257,0.34831037114202484,0.46375573551840255,0.13423981234572074,months/DT24-M0005/output/cells/SSE_K6/result.json,59adfb569ede2cb95a50e0019c8c7ba56b9d1ef5c60c50ba278179d20bd63102
2023-05,SSE,8,2121,completed,True,False,False,"[""metric:S_Dbw:undefined""]","[334, 381, 246, 385, 301, 100, 318, 56]",56,385,0,0,0,0,101,0.047619047619047616,8,8,28,0.46747886615853307,0.6161503576150656,1.0,saved_same_full_support_starts_only,0.2900128721311933,1406.470525910231,,0.2717650405866243,0.43688666596410947,0.11355531390106292,months/DT24-M0005/output/cells/SSE_K8/result.json,60e8f593a7b443f8ff597f597b33658de39b9da284dee6be15189531668fda8c
2023-05,SSE,12,2121,completed,True,False,False,"[""metric:S_Dbw:undefined""]","[225, 39, 196, 172, 253, 254, 270, 187, 153, 28, 284, 60]",28,284,0,0,0,0,99,0.04667609618104668,8,8,28,0.4212416471282601,0.5566399066780865,0.7258208456500064,saved_same_full_support_starts_only,0.2532965101665951,1202.30103846579,,0.21421193165088948,0.41635667108647295,0.08892197693883598,months/DT24-M0005/output/cells/SSE_K12/result.json,f94166860117ea08a453f4a7e77e790540a3f126dc69d03587aa9f9723eab502
2023-05,SSE,16,2121,completed,True,False,False,"[""metric:S_Dbw:undefined""]","[81, 202, 38, 182, 254, 183, 121, 240, 190, 129, 105, 71, 19, 222, 48, 36]",19,254,0,0,0,0,142,0.06694955209806695,8,8,28,0.38365325418291885,0.5120545650716287,0.7040370550139028,saved_same_full_support_starts_only,0.22902648814291943,1054.228339898331,,0.16964139535299788,0.39159638648795553,0.06848075355624524,months/DT24-M0005/output/cells/SSE_K16/result.json,d1bba47ba12fe7e987d87ce61e28036f3e58f3538470cc91ad9be61e8d8bdc80
2023-05,Ward,10,2121,completed,True,False,False,"[""metric:S_Dbw:undefined""]","[324, 493, 328, 326, 129, 70, 39, 65, 22, 325]",22,493,0,0,0,0,296,0.13955681282413956,0,,,,,,not_applicable_deterministic_Ward,0.24916630275288368,1085.4833077840035,,0.22731066953422593,0.3684772980337132,0.11297055656928501,months/DT24-M0005/output/cells/Ward_K10/result.json,e3fcf56009713afa5c7bb766d03b656b6afa48be9e1ef99851363e8bc139960f
2023-05,Ward,20,2121,completed,True,False,False,"[""metric:S_Dbw:undefined""]","[213, 146, 111, 241, 142, 184, 179, 121, 53, 76, 70, 87, 31, 65, 22, 47, 183, 111, 31, 8]",8,241,0,0,0,1,419,0.19754832626119756,0,,,,,,not_applicable_deterministic_Ward,0.16896192266051396,819.7081961679735,,0.13892298067735864,0.3858241075528189,0.058939615447181605,months/DT24-M0005/output/cells/Ward_K20/result.json,3204785c531507474fb8c5526f3404832b53cdaa7f46779f2396142cd6d45dfd
2023-05,Ward,4,2121,completed,True,True,True,[],"[324, 1346, 126, 325]",126,1346,0,0,0,0,276,0.13012729844413012,0,,,,,,not_applicable_deterministic_Ward,0.3461180706124697,1354.5037252857242,0.6299254871764901,0.4580148581673354,0.5506705962026874,0.14967886373251696,months/DT24-M0005/output/cells/Ward_K4/result.json,3f333a138bb2e43886d468192583591e7d6755de1fa6f836722cfc5074e02677
2023-05,Ward,6,2121,completed,True,True,True,[],"[324, 563, 328, 455, 126, 325]",126,563,0,0,0,0,299,0.14097123998114097,0,,,,,,not_applicable_deterministic_Ward,0.2655399400722994,1341.2852178124876,0.6502418620997591,0.3320492056280898,0.48442965193720894,0.12344104771567337,months/DT24-M0005/output/cells/Ward_K6/result.json,2d30b795f0a04e99b5b06885b3033771c77d361dbfa171633f952beef6b1a96c
2023-05,Ward,8,2121,completed,True,False,False,"[""metric:S_Dbw:undefined""]","[324, 563, 328, 455, 39, 65, 22, 325]",22,563,0,0,0,0,274,0.12918434700612919,0,,,,,,not_applicable_deterministic_Ward,0.2747204028233888,1209.3597639851012,,0.27955394466908606,0.37628599546823926,0.12273785369190536,months/DT24-M0005/output/cells/Ward_K8/result.json,a8ffba3420a0833326897c144c7901a5b0321e7b0caee568e142b2f6ea2f637d
2023-05,Ward,12,2121,completed,True,False,False,"[""metric:S_Dbw:undefined""]","[324, 267, 328, 142, 184, 226, 129, 70, 39, 65, 22, 325]",22,328,0,0,0,0,419,0.19754832626119756,0,,,,,,not_applicable_deterministic_Ward,0.21158353617312126,995.7496337497586,,0.1916573432358648,0.40069849135585683,0.10123906446895505,months/DT24-M0005/output/cells/Ward_K12/result.json,c1fb6267af77f4c10a37ce7b09e158a84aa222790dfa9360cbf4418e517408f0
2023-05,Ward,16,2121,completed,True,False,False,"[""metric:S_Dbw:undefined""]","[213, 267, 111, 241, 142, 184, 179, 129, 70, 87, 39, 65, 22, 47, 183, 142]",22,267,0,0,0,0,431,0.20320603488920322,0,,,,,,not_applicable_deterministic_Ward,0.16552545129471688,890.0248050898426,,0.14922283019116672,0.40425069039519884,0.06411453149553552,months/DT24-M0005/output/cells/Ward_K16/result.json,6bbc5b4c123fa32ef32286c9d1352fc501630c94135419fba7623e70025fdc8e
2023-05,NCut,10,2121,completed,True,False,False,"[""metric:S_Dbw:undefined""]","[191, 92, 210, 303, 361, 290, 389, 116, 131, 38]",38,389,0,0,0,0,311,0.14662894860914663,8,8,28,0.5258071929567446,0.6740019063356385,0.9920092687051363,saved_same_full_support_starts_only,0.21307872378529336,1021.3579780593648,,0.21431131047552404,0.43831083811767546,0.0861602332028829,months/DT24-M0005/output/cells/NCut_K10/result.json,8a8101390feb6f9c760a4c22cf7d919c4b4896a9730294861e4901fead164a36
2023-05,NCut,20,2121,completed,True,False,False,"[""metric:S_Dbw:undefined""]","[126, 148, 155, 135, 102, 148, 89, 180, 111, 84, 128, 89, 85, 123, 130, 68, 59, 67, 59, 35]",35,180,0,0,0,0,517,0.24375294672324374,8,8,28,0.6057393345653973,0.6715267054504682,0.835487462234433,saved_same_full_support_starts_only,0.1288342076595966,569.2250144919683,,0.1095858231739108,0.4715919493031494,0.04362197624510264,months/DT24-M0005/output/cells/NCut_K20/result.json,00ea9b61bfbb8be53fe8676ae661b78f40fd16935ef5ab38cb4144b2ed2c17f8
2023-05,NCut,4,2121,completed,True,True,True,[],"[678, 948, 321, 174]",174,948,0,0,0,0,205,0.09665252239509665,8,8,28,0.48649661928600996,0.931749532449422,1.0,saved_same_full_support_starts_only,0.27714961772347213,1241.5759207256838,0.6668386182636818,0.46253666065713755,0.6157080276559416,0.15447224896790396,months/DT24-M0005/output/cells/NCut_K4/result.json,68fcb0b4bb27e66171b33575cf4ebe57f970d631096351a569463d06a47cabcb
2023-05,NCut,6,2121,completed,True,True,True,[],"[366, 491, 331, 654, 199, 80]",80,654,0,0,0,0,279,0.13154172560113153,8,8,28,0.6624949054670687,0.7484599100140865,1.0,saved_same_full_support_starts_only,0.24285487639548506,1134.5085136737919,0.44517448407147964,0.32537898110226826,0.504828284432708,0.12323343870454029,months/DT24-M0005/output/cells/NCut_K6/result.json,7b212b44470ef22f807b997bc48ff17e2391aa7f2dfaea90c896a35295c2cf9e
2023-05,NCut,8,2121,completed,True,False,False,"[""metric:S_Dbw:undefined""]","[336, 391, 459, 410, 175, 174, 136, 40]",40,459,0,0,0,0,223,0.10513908533710514,8,8,28,0.6265676231730591,0.7864888622577016,0.9630357166489746,saved_same_full_support_starts_only,0.23854352729527487,1031.4456742516895,,0.2567187988429612,0.46310192442465425,0.10082916817018656,months/DT24-M0005/output/cells/NCut_K8/result.json,bbbe4663b11656144ea53221774688ddb239a780224f1c738fc00bd9bc310e53
2023-05,NCut,12,2121,completed,True,False,False,"[""metric:S_Dbw:undefined""]","[230, 210, 231, 216, 214, 254, 185, 152, 175, 82, 134, 38]",38,254,0,0,0,0,387,0.18246110325318246,8,8,28,0.5845278219218523,0.7088666385498108,0.8882579239906154,saved_same_full_support_starts_only,0.1958201679452284,971.1295802445071,,0.18303404053686642,0.45329239756734885,0.07241261721375644,months/DT24-M0005/output/cells/NCut_K12/result.json,59a85acbb98490508350ce083f4c681aed3a902977ac543c0d5d6e86314a0567
2023-05,NCut,16,2121,completed,True,False,False,"[""metric:S_Dbw:undefined""]","[115, 185, 167, 171, 167, 247, 213, 184, 146, 99, 98, 65, 52, 121, 56, 35]",35,247,0,0,0,0,309,0.1456859971711457,8,8,28,0.6223230801459126,0.7229072287359273,0.9229728410212639,saved_same_full_support_starts_only,0.1947078651680558,857.4137055169524,,0.14133303788328175,0.4420922975801655,0.05605940079935045,months/DT24-M0005/output/cells/NCut_K16/result.json,73e619b42ddd659b7cae6829407b5154391fb5283a9ded187f998b6974544220
2023-06,SSE,10,2119,completed,True,False,False,"[""metric:S_Dbw:undefined""]","[274, 221, 152, 187, 357, 301, 249, 42, 287, 49]",42,357,0,0,0,0,104,0.049079754601226995,8,8,28,0.42100012162511763,0.5832408479662916,0.9520906849491837,saved_same_full_support_starts_only,0.26636215600750995,1289.8460110560866,,0.22950596427361708,0.43333550104468443,0.09682389658813689,months/DT24-M0006/output/cells/SSE_K10/result.json,4d28e067fa652382ad6e360b72d72150a27f5443947722263749091e1373c8d8
2023-06,SSE,20,2119,completed,True,False,False,"[""metric:S_Dbw:undefined""]","[114, 34, 127, 186, 205, 156, 142, 76, 149, 49, 115, 107, 127, 113, 86, 26, 5, 214, 18, 70]",5,214,0,0,0,1,102,0.04813591316658802,8,8,28,0.3811861352223076,0.48345034211190674,0.5824072915203802,saved_same_full_support_starts_only,0.22361084051049854,952.5137614990886,,0.12875157843691526,0.39593001007807094,0.05774414638073057,months/DT24-M0006/output/cells/SSE_K20/result.json,80ae65d3084ad04cd8bf07f0a054dacb0f56b2142119267f55e557e2dd68d4d0
2023-06,SSE,4,2119,completed,True,True,True,[],"[649, 964, 106, 400]",106,964,0,0,0,0,27,0.012741859367626238,8,8,28,0.9973321016016566,0.9989361157734084,1.0,saved_same_full_support_starts_only,0.36572368948167294,1776.3051211896825,0.5519004301921002,0.472284856737035,0.5336486207258944,0.17661798532972336,months/DT24-M0006/output/cells/SSE_K4/result.json,febccd41862fb9b0eaa6305da63da9a161c4a106acdb76383dada54db7737834
2023-06,SSE,6,2119,completed,True,True,True,[],"[388, 456, 395, 441, 100, 339]",100,456,0,0,0,0,42,0.019820670127418595,8,8,28,0.896907783257827,0.9359354269581743,1.0,saved_same_full_support_starts_only,0.3104538010463928,1636.0784065870587,0.49104974938977114,0.3413063562842291,0.47940497669803744,0.13107229865963166,months/DT24-M0006/output/cells/SSE_K6/result.json,17f45e6b475028532a74ecf3e70861a63f0b5e74954b3ce247e9c3c0cf9abe3f
2023-06,SSE,8,2119,completed,True,False,False,"[""metric:S_Dbw:undefined""]","[267, 236, 377, 197, 376, 282, 88, 296]",88,377,0,0,0,0,102,0.04813591316658802,8,8,28,0.441794373479258,0.5723505658630381,0.9773929761597614,saved_same_full_support_starts_only,0.26602589737505145,1415.2487199931152,,0.26621174655634966,0.4700356110343323,0.10515516400108858,months/DT24-M0006/output/cells/SSE_K8/result.json,6471cf4b21d8b37d81e55d350ad369e9f5cc644de5762065412254131e64afd8
2023-06,SSE,12,2119,completed,True,False,False,"[""metric:S_Dbw:undefined""]","[137, 40, 190, 168, 313, 242, 265, 251, 137, 28, 289, 59]",28,313,0,0,0,0,86,0.04058518168947617,8,8,28,0.4117675430850671,0.5664685844060282,0.8274108912345056,saved_same_full_support_starts_only,0.2604379078241003,1203.565485794936,,0.2028790041591941,0.41567251103293884,0.0891684582044781,months/DT24-M0006/output/cells/SSE_K12/result.json,0f754a23a43a27c963860971417327af571f63752683e2e4cf3ca526826ea0a1
2023-06,SSE,16,2119,completed,True,False,False,"[""metric:S_Dbw:undefined""]","[208, 41, 121, 243, 231, 148, 75, 112, 153, 115, 120, 175, 22, 115, 190, 50]",22,243,0,0,0,0,98,0.04624823029731005,8,8,28,0.3911001653768331,0.5055991487625022,0.7722585937546971,saved_same_full_support_starts_only,0.23738628448346163,1054.6560919154888,,0.1577935958429499,0.4194316151018595,0.06464118783947069,months/DT24-M0006/output/cells/SSE_K16/result.json,dbed06d7b3a5ed0bd40f3805a02848ab216b4ddfbea6f1d8668dff23d62110fb
2023-06,Ward,10,2119,completed,True,False,False,"[""metric:S_Dbw:undefined""]","[209, 174, 161, 385, 317, 265, 56, 150, 355, 47]",47,385,0,0,0,0,370,0.1746106654082114,0,,,,,,not_applicable_deterministic_Ward,0.20832511670320142,1072.1658985949243,,0.21375075507126357,0.4342597638973767,0.09884249683832785,months/DT24-M0006/output/cells/Ward_K10/result.json,0c0a21e361a23185a4cba04c8508966b9283e6de80c9cc2ffa346caa696fb8fb
2023-06,Ward,20,2119,completed,True,False,False,"[""metric:S_Dbw:undefined""]","[209, 137, 22, 139, 160, 225, 211, 164, 86, 40, 55, 106, 95, 186, 37, 20, 169, 16, 15, 27]",15,225,0,0,0,0,359,0.16941953751769703,0,,,,,,not_applicable_deterministic_Ward,0.18455299379529388,834.289733044077,,0.1282724847301796,0.36770851442154,0.06022374862355548,months/DT24-M0006/output/cells/Ward_K20/result.json,50cec1fd060ff017a93bb1d621f3c07ed53957805ab986a77844b781a3c9b223
2023-06,Ward,4,2119,completed,True,True,True,[],"[918, 743, 103, 355]",103,918,0,0,0,0,249,0.1175082586125531,0,,,,,,not_applicable_deterministic_Ward,0.3040633686363306,1444.0738126935562,0.6326980580915951,0.4629341488093097,0.5333894741452376,0.14094778324127027,months/DT24-M0006/output/cells/Ward_K4/result.json,9395ddfd3d21b10a7218acd8c7d5d889ae8fcd0b43295d60a01163a9498ab13f
2023-06,Ward,6,2119,completed,True,True,True,[],"[383, 478, 535, 265, 103, 355]",103,535,0,0,0,0,338,0.15950920245398773,0,,,,,,not_applicable_deterministic_Ward,0.26267034886084867,1364.2465004503376,0.525171966291669,0.3307072879194734,0.4734427539157414,0.1252335407671882,months/DT24-M0006/output/cells/Ward_K6/result.json,01e2363e9f15e057f871c4c8f69c2cf2a019f0a3ecdd36bb8d2f03de3ac175f0
2023-06,Ward,8,2119,completed,True,True,True,[],"[383, 161, 535, 317, 265, 56, 355, 47]",47,535,0,0,0,0,352,0.1661160924964606,0,,,,,,not_applicable_deterministic_Ward,0.24002902989218589,1161.1876585854682,0.4324281593766752,0.2617024318133575,0.4020949583267494,0.11033992709629152,months/DT24-M0006/output/cells/Ward_K8/result.json,352745247e2397e5da083d835824702ae4912c8c5692eb1128005eccd06b53a3
2023-06,Ward,12,2119,completed,True,False,False,"[""metric:S_Dbw:undefined""]","[209, 174, 22, 139, 385, 317, 265, 56, 150, 186, 47, 169]",22,385,0,0,0,0,354,0.16705993393109958,0,,,,,,not_applicable_deterministic_Ward,0.1923552245596867,1015.722996828653,,0.18534518808181297,0.4079465328831352,0.07709263391210298,months/DT24-M0006/output/cells/Ward_K12/result.json,8790539eddf916f8ea12f3a67b3d5210fde32ce54aef05a5ed65389db5336842
2023-06,Ward,16,2119,completed,True,False,False,"[""metric:S_Dbw:undefined""]","[209, 174, 22, 139, 160, 225, 211, 164, 101, 56, 150, 106, 186, 20, 169, 27]",20,225,0,0,0,0,342,0.16139688532326568,0,,,,,,not_applicable_deterministic_Ward,0.18313090733347107,919.8912005000446,,0.1576500924938667,0.40540257777164596,0.06384291241175807,months/DT24-M0006/output/cells/Ward_K16/result.json,a821d41336a726c5daaecf6384fd5f8faaebbcf148c1376a42fae6c77b30cccf
2023-06,NCut,10,2119,completed,True,False,False,"[""metric:S_Dbw:undefined""]","[216, 192, 139, 269, 330, 305, 390, 105, 126, 47]",47,390,0,0,0,0,313,0.14771118452100046,8,8,28,0.5214993554940331,0.6948655518104949,1.0,saved_same_full_support_starts_only,0.20455690224726328,1015.8883175345132,,0.211400614463677,0.46461399577659246,0.08276309718954443,months/DT24-M0006/output/cells/NCut_K10/result.json,1876c9660bece74acb8b63bed749bd35e69a5be2934c0568573b77a109ab43ad
2023-06,NCut,20,2119,completed,True,False,False,"[""metric:S_Dbw:undefined""]","[129, 99, 109, 125, 132, 154, 109, 156, 112, 91, 123, 117, 127, 55, 121, 107, 78, 74, 69, 32]",32,156,0,0,0,0,434,0.2048135913166588,8,8,28,0.6028223861323985,0.6699840448305071,0.8542682739715346,saved_same_full_support_starts_only,0.14715615899596005,678.7524601141619,,0.10979787984984171,0.4750813133825407,0.043961275910175214,months/DT24-M0006/output/cells/NCut_K20/result.json,2c17cadc24b009eec3d24ad5e8628e7278d182ae8e669dade879366d1dcac90d
2023-06,NCut,4,2119,completed,True,True,True,[],"[759, 987, 194, 179]",179,987,0,0,0,0,330,0.1557338367154318,8,8,28,0.5660495793900198,0.6148713446605789,1.0,saved_same_full_support_starts_only,0.28027449305784585,1192.0354530141137,0.7039237254042217,0.44983626836450186,0.6058375332159458,0.15329534152239324,months/DT24-M0006/output/cells/NCut_K4/result.json,20e5adfe402dbca3265394cb7f15c468e2dc151b7d1e02349cef238ecfb7a9a3
2023-06,NCut,6,2119,completed,True,True,True,[],"[340, 293, 476, 696, 148, 166]",148,696,0,0,0,0,282,0.13308164228409627,8,8,28,0.6842106151518746,0.7346051493910958,1.0,saved_same_full_support_starts_only,0.2367614830179966,1218.1947641922106,0.4882080440400748,0.3220258751120538,0.5218567312270612,0.11869653123661371,months/DT24-M0006/output/cells/NCut_K6/result.json,778a682fade3de23983a746e091103d13eb932e34dbfda5ae766a1497cdacbc6
2023-06,NCut,8,2119,completed,True,True,True,[],"[328, 160, 383, 463, 442, 164, 130, 49]",49,463,0,0,0,0,204,0.09627182633317603,8,8,28,0.6130805846094407,0.7734139016506929,0.9869173440790445,saved_same_full_support_starts_only,0.24628068278598533,1142.7246696452728,0.5345125252931158,0.257604358799879,0.4678102470169115,0.10124247685122643,months/DT24-M0006/output/cells/NCut_K8/result.json,f647c78b7004b1325a498e4e2e4ca8e29a6a2ea345e2909852f3ffaa5fe61503
2023-06,NCut,12,2119,completed,True,False,False,"[""metric:S_Dbw:undefined""]","[145, 188, 206, 183, 214, 211, 274, 241, 137, 143, 130, 47]",47,274,0,0,0,0,374,0.1764983482774894,8,8,28,0.57077292499269,0.6545901818824778,0.848673616513873,saved_same_full_support_starts_only,0.18917141716305574,957.4028749563627,,0.1787798910363285,0.47767023818524756,0.06962766167050888,months/DT24-M0006/output/cells/NCut_K12/result.json,e09b8cf1bc1c1fb9c48ebfa7278585c8eff3ded156a4cc26a58e35bd1f353eaf
2023-06,NCut,16,2119,completed,True,False,False,"[""metric:S_Dbw:undefined""]","[100, 160, 156, 142, 165, 193, 166, 181, 179, 173, 110, 56, 135, 96, 70, 37]",37,193,0,0,0,0,350,0.16517225106182162,8,8,28,0.667487849981647,0.7551553007317885,0.9271211396169728,saved_same_full_support_starts_only,0.16006734130081515,766.6628939793242,,0.1356476752885494,0.4722977099469288,0.05323366914179855,months/DT24-M0006/output/cells/NCut_K16/result.json,9b0a0316498950e287c0cb6e5cb89ef0506ad35aa6e03718d1bc09019e961e45
2023-07,SSE,10,2126,completed,True,False,False,"[""metric:S_Dbw:undefined""]","[231, 63, 204, 240, 398, 204, 264, 168, 65, 289]",63,398,0,0,0,0,94,0.04421448730009407,8,8,28,0.4101000685305913,0.5628178329651501,0.8413608138657828,saved_same_full_support_starts_only,0.25696957263536563,1312.9679634605445,,0.20959427567103125,0.45274745506833064,0.08899646731145358,months/DT24-M0007/output/cells/SSE_K10/result.json,b87d51c4b1b86d7709d3d57b312d253b0b75f99bba79c949337b360ecb8ae9b5
2023-07,SSE,20,2126,completed,True,False,False,"[""metric:S_Dbw:undefined""]","[176, 30, 64, 206, 156, 143, 140, 144, 148, 103, 70, 93, 119, 167, 23, 35, 90, 13, 35, 171]",13,206,0,0,0,0,92,0.043273753527751646,8,8,28,0.44157100143089983,0.5399594274372275,0.6705119501276906,saved_same_full_support_starts_only,0.23408987227052577,989.1707437317001,,0.1190409475408248,0.39828719347554914,0.05290763913980979,months/DT24-M0007/output/cells/SSE_K20/result.json,686b05f5e337758c3698e3c33d5bb99499904a7121000b00b647940ded00d86f
2023-07,SSE,4,2126,completed,True,True,True,[],"[643, 981, 109, 393]",109,981,0,0,0,0,29,0.013640639698965193,8,8,28,0.48771337594069414,0.9916744982171821,1.0,saved_same_full_support_starts_only,0.36758313424317035,1829.8736898259933,0.5546018330803775,0.458741359049535,0.545640700715021,0.16830326492942513,months/DT24-M0007/output/cells/SSE_K4/result.json,126799ca1379b9e73107da372a28a6d2df2ee48890e4e506d4c60196ac479062
2023-07,SSE,6,2126,completed,True,True,True,[],"[373, 463, 428, 426, 105, 331]",105,463,0,0,0,0,51,0.02398871119473189,8,8,28,0.8608154572321469,0.9757100874913344,1.0,saved_same_full_support_starts_only,0.3046013383129071,1673.6149654312737,0.5068905769157189,0.32895524952057914,0.48993825023863835,0.12261231320629633,months/DT24-M0007/output/cells/SSE_K6/result.json,b7f628ee927b1b027e5a6de74d866cabcb15cdcdcf06e465dd95e88a329e1cff
2023-07,SSE,8,2126,completed,True,False,False,"[""metric:S_Dbw:undefined""]","[296, 247, 85, 344, 423, 370, 68, 293]",68,423,0,0,0,0,86,0.04045155221072436,8,8,28,0.44095541196612653,0.6312693994085261,0.9208830803081473,saved_same_full_support_starts_only,0.2782407402392405,1452.9058021432056,,0.25742642573430113,0.4557731499218418,0.1044404376340805,months/DT24-M0007/output/cells/SSE_K8/result.json,5055ade50c83a8257b4898af084e61567282c67ed018209b9cae8f3df11a92a6
2023-07,SSE,12,2126,completed,True,False,False,"[""metric:S_Dbw:undefined""]","[225, 41, 209, 326, 257, 233, 198, 101, 134, 178, 48, 176]",41,326,0,0,0,0,133,0.0625587958607714,8,8,28,0.4307572924979675,0.5133945216048246,0.7249713950484763,saved_same_full_support_starts_only,0.23326842358956687,1214.631960777704,,0.1825250209590307,0.44048538704652557,0.07250305527668553,months/DT24-M0007/output/cells/SSE_K12/result.json,024836f48bc193cd243975f48a96ba46e2524a2286d4e5c158a2057fbeb05078
2023-07,SSE,16,2126,completed,True,False,False,"[""metric:S_Dbw:undefined""]","[189, 53, 83, 191, 190, 228, 47, 189, 141, 123, 192, 133, 26, 223, 65, 53]",26,228,0,0,0,0,119,0.055973659454374415,8,8,28,0.38848034515277124,0.51713501402154,0.6971919747076012,saved_same_full_support_starts_only,0.2274486732295679,1084.2467572462435,,0.14609660104673433,0.4123816971816862,0.06173864918793005,months/DT24-M0007/output/cells/SSE_K16/result.json,3d8707fe9a2c24c130c2df9299b4d678793be189edf0a584a35d4416079ca03b
2023-07,Ward,10,2126,completed,True,False,False,"[""metric:S_Dbw:undefined""]","[158, 144, 247, 273, 468, 227, 205, 91, 56, 257]",56,468,0,0,0,0,359,0.16886171213546566,0,,,,,,not_applicable_deterministic_Ward,0.20671652801057105,1126.9460543623977,,0.20927028310651927,0.4511905638760013,0.0816161890548628,months/DT24-M0007/output/cells/Ward_K10/result.json,4be7069039d8f17f57ee5609b88041259ae758538d42a7e4e762abcb60d0e54f
2023-07,Ward,20,2126,completed,True,False,False,"[""metric:S_Dbw:undefined""]","[55, 103, 37, 142, 71, 180, 155, 133, 125, 162, 91, 43, 202, 105, 107, 21, 102, 228, 35, 29]",21,228,0,0,0,0,391,0.1839134524929445,0,,,,,,not_applicable_deterministic_Ward,0.18522352457169433,873.0335009445994,,0.11798212507272099,0.40810210067328,0.05413667562423116,months/DT24-M0007/output/cells/Ward_K20/result.json,411de5be7b21a7422000cd109d5895263ed40d0ad03f7307d897e2c9b2c2da4d
2023-07,Ward,4,2126,completed,True,True,True,[],"[549, 273, 900, 404]",273,900,0,0,0,0,296,0.13922859830667922,0,,,,,,not_applicable_deterministic_Ward,0.24627803394998396,1498.40620407156,0.6193644513864779,0.43869690003231065,0.5625794729908237,0.13607248928254037,months/DT24-M0007/output/cells/Ward_K4/result.json,1340f70fee735a1b710cddedde82daf73b68b97a9f0c86227d42df40b3335163
2023-07,Ward,6,2126,completed,True,True,True,[],"[405, 144, 273, 900, 348, 56]",56,900,0,0,0,0,313,0.14722483537158984,0,,,,,,not_applicable_deterministic_Ward,0.265340274967189,1340.5435610529166,0.3833496705688864,0.32537181997975373,0.4495208755431796,0.129924042873196,months/DT24-M0007/output/cells/Ward_K6/result.json,12d4afa432b4a6dcd7608008291eb6671a7bf6cf569d635c79b331cf1471b950
2023-07,Ward,8,2126,completed,True,True,True,[],"[405, 144, 273, 673, 227, 91, 56, 257]",56,673,0,0,0,0,279,0.13123236124176857,0,,,,,,not_applicable_deterministic_Ward,0.25172288988765906,1218.395541978657,0.35867304637180764,0.2558307732700913,0.4256648718723517,0.10224879023563502,months/DT24-M0007/output/cells/Ward_K8/result.json,9019c5ed340b831fd81527f73a3f1081dce8e4b4b07bd1de81f51366bb084159
2023-07,Ward,12,2126,completed,True,False,False,"[""metric:S_Dbw:undefined""]","[158, 37, 247, 273, 468, 125, 205, 91, 107, 56, 102, 257]",37,468,0,0,0,0,337,0.15851364063969897,0,,,,,,not_applicable_deterministic_Ward,0.21296072532364405,1043.2341216396978,,0.1781789520063838,0.41179363075585185,0.07732069694206817,months/DT24-M0007/output/cells/Ward_K12/result.json,f9e1a3f79e8b4381bdaac111e8370486e26f5f2724170906183ce2d6f459771d
2023-07,Ward,16,2126,completed,True,False,False,"[""metric:S_Dbw:undefined""]","[158, 37, 247, 71, 180, 155, 133, 125, 205, 91, 202, 107, 21, 102, 257, 35]",21,257,0,0,0,0,336,0.15804327375352775,0,,,,,,not_applicable_deterministic_Ward,0.20613404313243494,949.6846928448842,,0.14431115260778035,0.4152766232304907,0.06575901593660793,months/DT24-M0007/output/cells/Ward_K16/result.json,345789c6c6be0fe0dd88d446e94edc2e56ba14d731403182489b3b1bbaf314fa
2023-07,NCut,10,2126,completed,True,False,False,"[""metric:S_Dbw:undefined""]","[251, 193, 225, 301, 352, 203, 224, 140, 100, 137]",100,352,0,0,0,0,423,0.19896519285042333,8,8,28,0.6196181556924654,0.7533594082600154,0.961506704306922,saved_same_full_support_starts_only,0.1720019638838499,1034.5041589604725,,0.20050142614524935,0.49236364930430077,0.07345567155334828,months/DT24-M0007/output/cells/NCut_K10/result.json,1eae830e38ab9bc7647cd89890be5102ba07f3fab35c52a149e027fe07a49098
2023-07,NCut,20,2126,completed,True,False,False,"[""metric:S_Dbw:undefined""]","[86, 98, 154, 128, 139, 161, 160, 95, 106, 136, 137, 92, 123, 90, 52, 100, 72, 94, 67, 36]",36,161,0,0,0,0,322,0.15145813734713076,8,8,28,0.6081449021715137,0.7050641535144628,0.845905349838383,saved_same_full_support_starts_only,0.18448455535173833,870.518359602483,,0.11201553725231228,0.46001950531027874,0.041587482549610234,months/DT24-M0007/output/cells/NCut_K20/result.json,a0abfa4734a7c9ac5b726627ec074e467692faf14ce1729eb8a0e347cf14d00a
2023-07,NCut,4,2126,completed,True,True,True,[],"[690, 978, 198, 260]",198,978,0,0,0,0,229,0.1077140169332079,8,8,28,0.5941126704223746,0.645508125564152,1.0,saved_same_full_support_starts_only,0.31663621447545054,1513.6571935527597,0.5939998817435255,0.4448463643749071,0.5917720573598726,0.15226181177916603,months/DT24-M0007/output/cells/NCut_K4/result.json,2584b5555e478f68c3ff260e23d6ee852538ff3b546b73ed0502cea7ed641613
2023-07,NCut,6,2126,completed,True,True,True,[],"[331, 542, 438, 397, 189, 229]",189,542,0,0,0,0,233,0.10959548447789276,8,8,28,0.7185729153239121,0.9732925949111642,1.0,saved_same_full_support_starts_only,0.26837464245826914,1386.6109942085047,0.584214883464664,0.31790632734738594,0.5151341816870675,0.10874007008864904,months/DT24-M0007/output/cells/NCut_K6/result.json,e3dcb150ea511e9ab8cf572873c589cf70634b471c580dd55a47efa505681263
2023-07,NCut,8,2126,completed,True,False,False,"[""metric:S_Dbw:undefined""]","[329, 495, 400, 394, 171, 156, 135, 46]",46,495,0,0,0,0,209,0.09830667920978363,8,8,28,0.6526557419055429,0.7971313064995246,0.9714119960582607,saved_same_full_support_starts_only,0.2482974976774022,1214.4522535425458,,0.2493155296171075,0.4652540504535955,0.09451307901824592,months/DT24-M0007/output/cells/NCut_K8/result.json,946814b6d5a871c85a42646dcb1aa1b3705a32d157bae37d31d55834456376a0
2023-07,NCut,12,2126,completed,True,False,False,"[""metric:S_Dbw:undefined""]","[117, 174, 183, 249, 319, 250, 196, 258, 111, 100, 124, 45]",45,319,0,0,0,0,336,0.15804327375352775,8,8,28,0.6982082338289568,0.7919996234397848,0.9927146592294817,saved_same_full_support_starts_only,0.19550372648481137,1038.0753513288353,,0.17344330684978038,0.4664777224039893,0.0662741597929475,months/DT24-M0007/output/cells/NCut_K12/result.json,79e2c4d4f81115702e89826a05ce947d70edd5df474f5fd9499cac60a5c29e24
2023-07,NCut,16,2126,completed,True,False,False,"[""metric:S_Dbw:undefined""]","[96, 153, 159, 220, 265, 222, 209, 139, 155, 115, 100, 59, 33, 89, 75, 37]",33,265,0,0,0,0,326,0.1533396048918156,8,8,28,0.6700771779278192,0.7535747193009992,0.8790439473419828,saved_same_full_support_starts_only,0.1844625018164748,915.5714701896768,,0.13767054675413637,0.4412396818337994,0.05353296350945842,months/DT24-M0007/output/cells/NCut_K16/result.json,5a9da73b408bc1debeabedb54c076f39566b42e2822ae7c47f641dca7237464a
2023-08,SSE,10,2118,completed,True,False,False,"[""metric:S_Dbw:undefined""]","[290, 220, 385, 362, 242, 120, 186, 63, 200, 50]",50,385,0,0,0,0,100,0.047214353163361665,8,8,28,0.35602917839669446,0.5619292099277748,0.8645867781741224,saved_same_full_support_starts_only,0.2499966913000905,1336.2113313632735,,0.21077031940860033,0.44142261151797335,0.08434123137927058,months/DT24-M0008/output/cells/SSE_K10/result.json,4c6f94ee6ef5c77ee1b48419e429daf456ace5063f4398a4a86b4ee38d42a3fb
2023-08,SSE,20,2118,completed,True,False,False,"[""metric:S_Dbw:undefined""]","[61, 154, 158, 210, 192, 132, 134, 100, 171, 78, 84, 112, 99, 27, 69, 7, 218, 57, 30, 25]",7,218,0,0,0,1,121,0.05712936732766761,8,8,28,0.4259614984183054,0.49480523303347557,0.6350586532542964,saved_same_full_support_starts_only,0.22884731915963613,992.0541930533155,,0.11387877767687248,0.394270943385859,0.05417695628702433,months/DT24-M0008/output/cells/SSE_K20/result.json,1aff36006a6fad07ec88a50d23cb17f8acffa1c2bb40d6101015f86ab816aa36
2023-08,SSE,4,2118,completed,True,True,True,[],"[629, 985, 112, 392]",112,985,0,0,0,0,23,0.010859301227573183,8,8,28,0.4814290309336597,0.49790503139841635,1.0,saved_same_full_support_starts_only,0.3714875093561634,1882.9378939456683,0.5090739269921326,0.4577213966728123,0.5512135752677589,0.17013818643258102,months/DT24-M0008/output/cells/SSE_K4/result.json,2227c2c7848c23b30986f9249b61d36aec62c2841d846793d62e5bf8a0d63f6c
2023-08,SSE,6,2118,completed,True,True,True,[],"[394, 397, 435, 444, 107, 341]",107,444,0,0,0,0,35,0.016525023607176583,8,8,28,0.9583870085840582,0.9616395008391906,1.0,saved_same_full_support_starts_only,0.3051668714336019,1705.0064292399672,0.47664164456592545,0.3264315974707844,0.4966019755957395,0.12331060208096324,months/DT24-M0008/output/cells/SSE_K6/result.json,0a247d7d347f03db2073bc5a5e92c71a66442cd1abf1fd00a8a3a8c560bed92d
2023-08,SSE,8,2118,completed,True,False,False,"[""metric:S_Dbw:undefined""]","[316, 265, 318, 397, 328, 125, 75, 294]",75,397,0,0,0,0,118,0.05571293673276676,8,8,28,0.5292670062878819,0.6154261239971606,1.0,saved_same_full_support_starts_only,0.2683588529549647,1492.253877785302,,0.25455808800801194,0.4752405527867317,0.10238765531502665,months/DT24-M0008/output/cells/SSE_K8/result.json,e6a27087a1a98fd1dc939e0229b0b265e10c26a9ea389142f78a0d8cc4101180
2023-08,SSE,12,2118,completed,True,False,False,"[""metric:S_Dbw:undefined""]","[255, 138, 160, 293, 288, 293, 87, 154, 189, 45, 168, 48]",45,293,0,0,0,0,116,0.05476864966949953,8,8,28,0.3871927657515244,0.5125035664381894,0.7606581796723895,saved_same_full_support_starts_only,0.24036450593619785,1239.991895803644,,0.17925415460032032,0.4342506527665032,0.07366466703146717,months/DT24-M0008/output/cells/SSE_K12/result.json,ae33bb111551963cd596ed49ff64c5d183d8dc646172560fe66a1af1ff40f8d0
2023-08,SSE,16,2118,completed,True,False,False,"[""metric:S_Dbw:undefined""]","[230, 121, 251, 209, 237, 112, 154, 92, 96, 113, 139, 38, 190, 47, 48, 41]",38,251,0,0,0,0,120,0.056657223796033995,8,8,28,0.4221492682645937,0.49942028710331754,0.693064887398704,saved_same_full_support_starts_only,0.23059245700441988,1088.729766732506,,0.1378473140475697,0.4131981844043677,0.06022118407692569,months/DT24-M0008/output/cells/SSE_K16/result.json,8f51c4e3313b4ff91a268b76e6dc71dbc2b455db1cb2ba573aae7cfb3162bb39
2023-08,Ward,10,2118,completed,True,False,False,"[""metric:S_Dbw:undefined""]","[298, 261, 354, 353, 196, 117, 108, 104, 58, 269]",58,354,0,0,0,0,440,0.2077431539187913,0,,,,,,not_applicable_deterministic_Ward,0.19177173195999073,1131.572437632496,,0.20421953904993873,0.4410045278063121,0.08168942864312513,months/DT24-M0008/output/cells/Ward_K10/result.json,d21d9fe3282ff4f91e4f46a539a3703d0f74d45704d545eff3e9dd3158bc166e
2023-08,Ward,20,2118,completed,True,False,False,"[""metric:S_Dbw:undefined""]","[213, 145, 239, 115, 128, 107, 118, 196, 85, 50, 19, 98, 108, 47, 28, 66, 236, 57, 30, 33]",19,239,0,0,0,0,370,0.17469310670443816,0,,,,,,not_applicable_deterministic_Ward,0.1920422702385199,876.8106607688001,,0.11383533901276863,0.3939508748344359,0.058834010343191384,months/DT24-M0008/output/cells/Ward_K20/result.json,5950953fcd759e5cf9d441efadcbd462bb57340bc07d3e50967a44a9aafbd9d7
2023-08,Ward,4,2118,completed,True,True,True,[],"[568, 614, 667, 269]",269,667,0,0,0,0,277,0.1307837582625118,0,,,,,,not_applicable_deterministic_Ward,0.24451132163938852,1598.0045567425593,0.6989921339127215,0.4437127703108779,0.5849860302883747,0.140340093048722,months/DT24-M0008/output/cells/Ward_K4/result.json,c7be87b2f7863a8888de7ea13fe849def65daad74b778f5b65e7919850d4c1de
2023-08,Ward,6,2118,completed,True,True,True,[],"[406, 261, 667, 353, 162, 269]",162,667,0,0,0,0,397,0.18744098205854579,0,,,,,,not_applicable_deterministic_Ward,0.2321844679038882,1386.4440745138286,0.38247973484286873,0.3161256761684993,0.5108838277518583,0.1222969818069586,months/DT24-M0008/output/cells/Ward_K6/result.json,8b9ab44ac256eaec3426759bf144151abe0473329d3cb009a12aa81d8c165fc1
2023-08,Ward,8,2118,completed,True,True,True,[],"[406, 261, 354, 353, 313, 104, 58, 269]",58,406,0,0,0,0,349,0.1647780925401322,0,,,,,,not_applicable_deterministic_Ward,0.22141836814251123,1236.301656443339,0.3632932745874585,0.2492331374233101,0.4538169979355285,0.09808818307132842,months/DT24-M0008/output/cells/Ward_K8/result.json,38043df446bda21d051c696faba339738eef75ab36695fb3f5e5cc25a14581d1
2023-08,Ward,12,2118,completed,True,False,False,"[""metric:S_Dbw:undefined""]","[298, 261, 354, 353, 196, 117, 108, 104, 28, 236, 30, 33]",28,354,0,0,0,0,432,0.20396600566572237,0,,,,,,not_applicable_deterministic_Ward,0.1974464288119453,1053.8465426808646,,0.18323368184618524,0.38521539300938845,0.07690211657701575,months/DT24-M0008/output/cells/Ward_K12/result.json,feebf036fe3a43b6ce62d17829b5dac0470e73311f15545d1663bee3e9547a4f
2023-08,Ward,16,2118,completed,True,False,False,"[""metric:S_Dbw:undefined""]","[213, 211, 239, 115, 235, 118, 196, 85, 50, 117, 108, 104, 28, 236, 30, 33]",28,239,0,0,0,0,428,0.20207743153918792,0,,,,,,not_applicable_deterministic_Ward,0.1911271840824169,973.5221730168231,,0.1399633750792057,0.40740311750157954,0.06455482588397467,months/DT24-M0008/output/cells/Ward_K16/result.json,8f988ed9ff711861627449c9b05ffb71479e2f3235748111a401efbb770073bf
2023-08,NCut,10,2118,completed,True,False,False,"[""metric:S_Dbw:undefined""]","[237, 225, 303, 411, 297, 229, 105, 133, 129, 49]",49,411,0,0,0,0,287,0.13550519357884797,8,8,28,0.5542611693681824,0.7459221862655053,0.9524538183444035,saved_same_full_support_starts_only,0.2164936498662778,1159.2443870379393,,0.20446812359602104,0.471521752738855,0.07833251292339223,months/DT24-M0008/output/cells/NCut_K10/result.json,4889e0824fef5cd8d668f5fedf88f6309a2735c21ccbf9fbe5dfedc86f0a7d6f
2023-08,NCut,20,2118,completed,True,False,False,"[""metric:S_Dbw:undefined""]","[86, 119, 120, 139, 126, 175, 144, 117, 109, 92, 107, 139, 89, 51, 137, 62, 79, 93, 46, 88]",46,175,0,0,0,0,440,0.2077431539187913,8,8,28,0.6306784978282934,0.7790733575453371,0.951122580265756,saved_same_full_support_starts_only,0.15925549239058037,834.8988723817503,,0.10786109811480225,0.4710935006705365,0.0413458616988501,months/DT24-M0008/output/cells/NCut_K20/result.json,32b9bc3af6779758fd1e4258fa8c2286187db7dcc5ff1fbd2c9b085119272596
2023-08,NCut,4,2118,completed,True,True,True,[],"[673, 983, 206, 256]",206,983,0,0,0,0,226,0.10670443814919736,8,8,28,0.625312982646295,0.9949997704630588,1.0,saved_same_full_support_starts_only,0.324088653096354,1557.2494052006393,0.5638185858294456,0.4436951315015802,0.5924870370880857,0.1544166948733203,months/DT24-M0008/output/cells/NCut_K4/result.json,4cbd22e5a4f7cb66585c1c67fe6662526811bf5c13c58b6aaf4e3d9475865b46
2023-08,NCut,6,2118,completed,True,True,True,[],"[318, 403, 504, 404, 253, 236]",236,504,0,0,0,0,307,0.1449480642115203,8,8,28,0.8899728788888593,0.9625871953513124,1.0,saved_same_full_support_starts_only,0.25143117078128235,1321.8664516105464,0.4801500447758439,0.30921222941800536,0.5353080769066201,0.11233095026710913,months/DT24-M0008/output/cells/NCut_K6/result.json,32c1887833e2572ff9006dca41feaf8eba570693fe3fe5b8940469756e2ec73a
2023-08,NCut,8,2118,completed,True,False,False,"[""metric:S_Dbw:undefined""]","[302, 373, 476, 423, 197, 161, 136, 50]",50,476,0,0,0,0,216,0.10198300283286119,8,8,28,0.6073392864017818,0.7332848857625828,0.9234269332777302,saved_same_full_support_starts_only,0.2423026836005359,1246.859543473953,,0.24759536570717006,0.47470181047010046,0.09368020266785955,months/DT24-M0008/output/cells/NCut_K8/result.json,405e3d11a9aa65c78080a2661ea0b88b03f4ae84decda7a1ce97889d4e2979eb
2023-08,NCut,12,2118,completed,True,False,False,"[""metric:S_Dbw:undefined""]","[226, 250, 221, 211, 177, 163, 220, 175, 163, 133, 130, 49]",49,250,0,0,0,0,422,0.19924457034938622,8,8,28,0.49086079634944957,0.6450606997861514,0.8437392172471241,saved_same_full_support_starts_only,0.18236058355677262,1057.130100626659,,0.17086798719600577,0.4833636298311445,0.06551934519481403,months/DT24-M0008/output/cells/NCut_K12/result.json,b3620a0696f8692c83ab3aade23fd0ae0f1c116a1396db0782985657a888d096
2023-08,NCut,16,2118,completed,True,False,False,"[""metric:S_Dbw:undefined""]","[135, 174, 170, 225, 230, 132, 176, 131, 64, 104, 127, 66, 95, 119, 123, 47]",47,230,0,0,0,0,339,0.16005665722379603,8,8,28,0.624131324516973,0.7022507481669357,0.9379677195427022,saved_same_full_support_starts_only,0.1877261918737704,964.7693483764457,,0.13299354613184516,0.45551544777948944,0.05110748597775686,months/DT24-M0008/output/cells/NCut_K16/result.json,8f24b29cfcce9e2325fb1f9a66eaed7e754513d1280da4c7e8870da8f87bf81b
2023-09,SSE,10,2109,completed,True,False,False,"[""metric:S_Dbw:undefined""]","[260, 260, 342, 259, 258, 96, 159, 202, 72, 201]",72,342,0,0,0,0,130,0.06164058795637743,8,8,28,0.4358438549933315,0.5828286448009394,0.9008944252197024,saved_same_full_support_starts_only,0.238554080518695,1350.3748549801085,,0.2141302994374878,0.462990241802438,0.0844362696428337,months/DT24-M0009/output/cells/SSE_K10/result.json,15dc73c6c34e0f18ea5473ec5d4cbb033810b3649fe39629e7361cc9c6255a13
2023-09,SSE,20,2109,completed,True,False,False,"[""metric:S_Dbw:undefined""]","[92, 99, 133, 238, 139, 183, 65, 137, 187, 77, 125, 77, 114, 24, 62, 17, 213, 63, 24, 40]",17,238,0,0,0,0,133,0.06306306306306306,8,8,28,0.3614669780207045,0.5288428332714071,0.6920852451553757,saved_same_full_support_starts_only,0.2258554505413875,991.5602797251137,,0.12182421363544917,0.3999673187568881,0.055987360422121935,months/DT24-M0009/output/cells/SSE_K20/result.json,9d457d2c09358ca2025fe98c02327344b23012a8b5d2426cb9f7f7c05583e91e
2023-09,SSE,4,2109,completed,True,True,True,[],"[560, 1025, 130, 394]",130,1025,0,0,0,0,50,0.02370791844476055,8,8,28,0.4594064940371049,0.4779711312456095,1.0,saved_same_full_support_starts_only,0.38252256346633223,1900.3496136616263,0.5494515843440336,0.4628388966778765,0.5437849915334848,0.17833421399105118,months/DT24-M0009/output/cells/SSE_K4/result.json,46e3a339b602abba119c5c222ace4b9cfedd45779ab9cc3d6d3c9038af852bc9
2023-09,SSE,6,2109,completed,True,True,True,[],"[365, 396, 450, 457, 340, 101]",101,457,0,0,0,0,68,0.03224276908487435,8,8,28,0.8779153910154434,0.8906066052070541,1.0,saved_same_full_support_starts_only,0.3065772645443386,1716.6352729206744,0.5682841143522737,0.3341139167475142,0.48960919261025226,0.12980220672243134,months/DT24-M0009/output/cells/SSE_K6/result.json,8c274569f4bb05f8e13be2c43735482ce3a41db426cd445125124e4391fc4b22
2023-09,SSE,8,2109,completed,True,True,True,[],"[294, 251, 330, 425, 319, 137, 64, 289]",64,425,0,0,0,0,125,0.05926979611190138,8,8,28,0.48043717804140285,0.6216014440347157,0.9710228256722802,saved_same_full_support_starts_only,0.27204561056551396,1496.2253669713546,0.28189469092256236,0.263325483104832,0.4678520351091329,0.10641306969002258,months/DT24-M0009/output/cells/SSE_K8/result.json,3ceb367115bc1cad92c943aaed243074f524165ed810c4504aa69f39d96f8d0d
2023-09,SSE,12,2109,completed,True,False,False,"[""metric:S_Dbw:undefined""]","[245, 228, 347, 172, 251, 176, 84, 162, 196, 40, 154, 54]",40,347,0,0,0,0,117,0.05547652916073969,8,8,28,0.399611667235811,0.5174652155907613,0.7581687303216312,saved_same_full_support_starts_only,0.24113030734288232,1264.1978283087228,,0.18966863844988824,0.43594686556147655,0.07742166748386668,months/DT24-M0009/output/cells/SSE_K12/result.json,e5d1e8b2cbd66108bbdbc3313ef0f99ad94f5cff92b2df16a0d939967811cacb
2023-09,SSE,16,2109,completed,True,False,False,"[""metric:S_Dbw:undefined""]","[171, 137, 214, 191, 114, 163, 52, 224, 57, 187, 103, 179, 32, 56, 192, 37]",32,224,0,0,0,0,120,0.05689900426742532,8,8,28,0.3752413579871218,0.4700115387715248,0.6081559569904005,saved_same_full_support_starts_only,0.22836384416516772,1091.4083847306304,,0.14640866556070561,0.42238218098309177,0.06481361702614633,months/DT24-M0009/output/cells/SSE_K16/result.json,eb3b47dc56d1aba5315a92744a96e9f9abb4c3a6a63128baabf340ca5b1b94df
2023-09,Ward,10,2109,completed,True,False,False,"[""metric:S_Dbw:undefined""]","[272, 292, 343, 237, 180, 270, 162, 50, 267, 36]",36,343,0,0,0,0,365,0.173067804646752,0,,,,,,not_applicable_deterministic_Ward,0.19165168185266127,1135.298559284576,,0.21405424855950156,0.4417552712950539,0.0908568988050448,months/DT24-M0009/output/cells/Ward_K10/result.json,e281df4c060c0faf256943940e2f85e89cfa5f783c4c3f7abbb920ce717a7250
2023-09,Ward,20,2109,completed,True,False,False,"[""metric:S_Dbw:undefined""]","[72, 214, 42, 138, 180, 99, 200, 180, 121, 78, 119, 114, 37, 108, 25, 54, 233, 25, 36, 34]",25,233,0,0,0,0,371,0.17591275486012328,0,,,,,,not_applicable_deterministic_Ward,0.18342169591559368,862.9525747420162,,0.11944017392744953,0.39295538443890043,0.058689361007922915,months/DT24-M0009/output/cells/Ward_K20/result.json,ca12d1d5c21c04b64510bab2d82d1ca00ec81cba30803a354b874b6bc52babc8
2023-09,Ward,4,2109,completed,True,True,True,[],"[615, 504, 723, 267]",267,723,0,0,0,0,252,0.11948790896159317,0,,,,,,not_applicable_deterministic_Ward,0.2508513797802724,1590.4835489018985,0.8883478850617006,0.45557938468717674,0.5897874858352299,0.14479185866498875,months/DT24-M0009/output/cells/Ward_K4/result.json,b801a78443229bb60903b101fb22e06527081dcc31597e44d64efe43a874bd7c
2023-09,Ward,6,2109,completed,True,True,True,[],"[615, 454, 507, 216, 50, 267]",50,615,0,0,0,0,304,0.14414414414414414,0,,,,,,not_applicable_deterministic_Ward,0.25476234097664363,1419.2572952186185,0.5634347778207036,0.33781064092587576,0.45426085237291147,0.13174086646745242,months/DT24-M0009/output/cells/Ward_K6/result.json,4b173b347c195026e7ae6b7f407fb3941f5cea30cb2d50d342e6507d4b438e50
2023-09,Ward,8,2109,completed,True,True,True,[],"[272, 292, 343, 507, 216, 162, 50, 267]",50,507,0,0,0,0,268,0.12707444286391656,0,,,,,,not_applicable_deterministic_Ward,0.21794081713750252,1277.129034111767,0.6467090834903739,0.2626015444206803,0.4759031076433115,0.10968991034309751,months/DT24-M0009/output/cells/Ward_K8/result.json,76a68f525b2699deb8df2a212ce3e88a2a8f796c859be8dba4c6de9402c2918e
2023-09,Ward,12,2109,completed,True,False,False,"[""metric:S_Dbw:undefined""]","[272, 292, 343, 237, 180, 233, 37, 108, 50, 54, 267, 36]",36,343,0,0,0,0,374,0.17733522996680892,0,,,,,,not_applicable_deterministic_Ward,0.1880154798146532,1052.4756761487454,,0.18177048418000472,0.4010624504688094,0.08539484362911534,months/DT24-M0009/output/cells/Ward_K12/result.json,4a1ae172211a4bf7b3a6754558c2cf5b23a8d122fcae1e766b491c3cf3158ed9
2023-09,Ward,16,2109,completed,True,False,False,"[""metric:S_Dbw:undefined""]","[72, 214, 222, 237, 180, 200, 121, 78, 233, 37, 108, 50, 54, 233, 36, 34]",34,237,0,0,0,0,325,0.1541014698909436,0,,,,,,not_applicable_deterministic_Ward,0.19663811658203573,977.0773789376375,,0.14121855781898665,0.3986964909502447,0.06870034141061926,months/DT24-M0009/output/cells/Ward_K16/result.json,1358ae84225e03ae821f46bb8a342f584918aaf5d38f1b78349e6f453eca09c9
2023-09,NCut,10,2109,completed,True,False,False,"[""metric:S_Dbw:undefined""]","[190, 147, 326, 222, 407, 362, 181, 120, 114, 40]",40,407,0,0,0,0,277,0.13134186818397345,8,8,28,0.651077932087515,0.7963326262384092,0.9696684200635345,saved_same_full_support_starts_only,0.21867867417298698,1054.462271614812,,0.20628236773659925,0.4686465846045413,0.08314712841928898,months/DT24-M0009/output/cells/NCut_K10/result.json,0e800c015f8d94b63af5f913a299b8da8368fdecbd65a2c3f16b096d745aaa8b
2023-09,NCut,20,2109,completed,True,False,False,"[""metric:S_Dbw:undefined""]","[100, 94, 149, 128, 165, 83, 145, 146, 143, 184, 97, 117, 131, 52, 83, 48, 96, 56, 57, 35]",35,184,0,0,0,0,321,0.15220483641536273,8,8,28,0.5815824436775799,0.7099675426219277,0.846246217022077,saved_same_full_support_starts_only,0.17519486803598722,875.7718435530395,,0.11561677013641325,0.4526798338232785,0.04425402480087233,months/DT24-M0009/output/cells/NCut_K20/result.json,b79b305c73b0ddc6ee1c2ce7c2bb741efad407391dbc8d1f652d52553aecafed
2023-09,NCut,4,2109,completed,True,True,True,[],"[680, 1029, 247, 153]",153,1029,0,0,0,0,233,0.11047889995258417,8,8,28,0.5444451324771351,0.552838180793121,1.0,saved_same_full_support_starts_only,0.31160793121044555,1446.7546139128804,0.7172442267184084,0.4567803099424128,0.6076688748832817,0.15886801536162742,months/DT24-M0009/output/cells/NCut_K4/result.json,209e1ba150bf47dfc5b75059c8d91fada412e05d9bffb16502868b72e7e6b724
2023-09,NCut,6,2109,completed,True,True,True,[],"[299, 570, 527, 369, 185, 159]",159,570,0,0,0,0,290,0.1375059269796112,8,8,28,0.6911229811627587,0.7133124516380759,1.0,saved_same_full_support_starts_only,0.2405201468987549,1297.61096518096,0.47855048917229637,0.32280944748942464,0.5326076968319703,0.11613960255245981,months/DT24-M0009/output/cells/NCut_K6/result.json,466fbdf5ac25b8fe08d555bf685ff2bcde4eeaf0db87ab63b022e9e1d9e98616
2023-09,NCut,8,2109,completed,True,True,True,[],"[315, 362, 451, 412, 211, 176, 139, 43]",43,451,0,0,0,0,253,0.11996206733048838,8,8,28,0.6251444877371165,0.763441258788683,0.9814338391214926,saved_same_full_support_starts_only,0.24348661189430168,1222.132007059283,0.3510194567177739,0.2533756879614255,0.4718973386667459,0.09867417510887684,months/DT24-M0009/output/cells/NCut_K8/result.json,2435f480932a0f5429430e021e8c4a065b04a91b82181a615e277507b6ec65b4
2023-09,NCut,12,2109,completed,True,False,False,"[""metric:S_Dbw:undefined""]","[134, 221, 188, 305, 219, 273, 280, 223, 70, 101, 57, 38]",38,305,0,0,0,0,448,0.21242294926505453,8,8,28,0.6402627999290311,0.7439040904919216,0.9642017591092473,saved_same_full_support_starts_only,0.15353103394694884,829.5368881488263,,0.17220448747844586,0.4638433722678029,0.06805979426349014,months/DT24-M0009/output/cells/NCut_K12/result.json,8c886c61d8433783df782fd33945291ee374537a68c2ed8dcfa0c6a369cdd242
2023-09,NCut,16,2109,completed,True,False,False,"[""metric:S_Dbw:undefined""]","[119, 166, 170, 217, 120, 153, 201, 143, 143, 139, 155, 52, 117, 118, 60, 36]",36,217,0,0,0,0,380,0.18018018018018017,8,8,28,0.5817688294063945,0.7304657373238703,0.9386461107663856,saved_same_full_support_starts_only,0.16831045674547074,879.6198290402294,,0.13473643605200514,0.4674123818414384,0.05261130964236339,months/DT24-M0009/output/cells/NCut_K16/result.json,23f48d47d43c85110abd143639565f21469ffc5b701b386cfb3a8037ef324602
2023-10,SSE,10,2103,completed,True,False,False,"[""metric:S_Dbw:undefined""]","[223, 250, 354, 255, 222, 112, 171, 201, 48, 267]",48,354,0,0,0,0,135,0.06419400855920114,8,8,28,0.5054647647802163,0.6671831469652552,0.9842356548654025,saved_same_full_support_starts_only,0.25120090681474605,1363.229632473397,,0.22371110687852797,0.457928775455707,0.09220057970798007,months/DT24-M0010/output/cells/SSE_K10/result.json,e3761b10062a78830b1246541466123cec801953ca403cc4f01cd95c67a817e1
2023-10,SSE,20,2103,completed,True,False,False,"[""metric:S_Dbw:undefined""]","[97, 112, 142, 162, 126, 229, 138, 167, 155, 70, 148, 54, 131, 54, 12, 54, 146, 40, 33, 33]",12,229,0,0,0,0,132,0.06276747503566334,8,8,28,0.41034950665504294,0.4992777839406271,0.7320323125010942,saved_same_full_support_starts_only,0.21806221559287223,1017.8707666061538,,0.12569839707888386,0.4032711942625474,0.05367280880382456,months/DT24-M0010/output/cells/SSE_K20/result.json,0f9c484e1f41037890b87d95c98b6286965c7dcdcf35621a60a10cd5f21f4036
2023-10,SSE,4,2103,completed,True,True,True,[],"[590, 1011, 107, 395]",107,1011,0,0,0,0,37,0.01759391345696624,8,8,28,0.4801337802019979,0.5188273358364432,1.0,saved_same_full_support_starts_only,0.3846511989273674,1897.1427196107543,0.5226386066032468,0.4692912643055377,0.5338111381006433,0.18490125303378546,months/DT24-M0010/output/cells/SSE_K4/result.json,9a94cb1b557dc771d848c61eb2b9285263416da185e3c392b71994ed9cb44192
2023-10,SSE,6,2103,completed,True,True,True,[],"[372, 427, 428, 441, 92, 343]",92,441,0,0,0,0,41,0.019495958155016643,8,8,28,0.9850241280931931,0.9938560687855501,1.0,saved_same_full_support_starts_only,0.30833319433270073,1727.4584329938803,0.5005757873202337,0.33832031762045256,0.48594160680748943,0.13480549648214135,months/DT24-M0010/output/cells/SSE_K6/result.json,c3f44bb5466940aaeb113d8d0afb3df15abd23f60d36c7ef9c27e155417e7bbe
2023-10,SSE,8,2103,completed,True,True,True,[],"[292, 295, 337, 285, 398, 150, 54, 292]",54,398,0,0,0,0,127,0.06038991916310033,8,8,28,0.44635847189576416,0.8256251032209018,1.0,saved_same_full_support_starts_only,0.27649182723037513,1507.7498618437912,0.4516198184161281,0.2704877725467236,0.4638644205734447,0.11163671106373017,months/DT24-M0010/output/cells/SSE_K8/result.json,6794df14e43033ee34e2224c15a79b8e56cdb2ba1c16543ff9b4fb46cc393c97
2023-10,SSE,12,2103,completed,True,False,False,"[""metric:S_Dbw:undefined""]","[204, 224, 331, 256, 150, 220, 167, 85, 189, 13, 213, 51]",13,331,0,0,0,0,134,0.06371849738468854,8,8,28,0.42330332929122744,0.5404728911550265,0.8393367522305836,saved_same_full_support_starts_only,0.24292991030524777,1265.8325691911564,,0.19367973925531232,0.4278978413748505,0.0822109722698189,months/DT24-M0010/output/cells/SSE_K12/result.json,4091aa09e2e821b770684792908af5b4005329a3919d245a6ad019280085fc69
2023-10,SSE,16,2103,completed,True,False,False,"[""metric:S_Dbw:undefined""]","[111, 103, 177, 246, 167, 144, 198, 191, 216, 61, 125, 12, 214, 65, 30, 43]",12,246,0,0,0,0,146,0.06942463147883975,8,8,28,0.3931278544577305,0.5487350474432906,0.7143268385899363,saved_same_full_support_starts_only,0.23073226628672638,1125.4156003587138,,0.1555675761584064,0.4059769995317663,0.0674807710975894,months/DT24-M0010/output/cells/SSE_K16/result.json,b7e7c5047995b9d18b5880c801bacdd7ab4c9636d448676a3417bf7ee8fcb560
2023-10,Ward,10,2103,completed,True,False,False,"[""metric:S_Dbw:undefined""]","[213, 159, 439, 321, 154, 221, 108, 251, 46, 191]",46,439,0,0,0,0,390,0.18544935805991442,0,,,,,,not_applicable_deterministic_Ward,0.20393501766640248,1216.535013056126,,0.22182765954494316,0.4608182668476018,0.09801093105173307,months/DT24-M0010/output/cells/Ward_K10/result.json,a592736f6dea1ea98097b786d98545aa3f0437be9fe8763e58fe26b9d8895f38
2023-10,Ward,20,2103,completed,True,False,False,"[""metric:S_Dbw:undefined""]","[103, 129, 110, 201, 321, 154, 151, 90, 37, 148, 41, 195, 56, 12, 30, 70, 154, 37, 34, 30]",12,321,0,0,0,0,460,0.2187351402757965,0,,,,,,not_applicable_deterministic_Ward,0.16759957980300527,870.6833740341247,,0.12318611228433188,0.37473053653863714,0.058953058849763595,months/DT24-M0010/output/cells/Ward_K20/result.json,0142835c677a1d38f384969d8e99ef3ba23ec86a9da7338988328a4d7373f317
2023-10,Ward,4,2103,completed,True,True,True,[],"[367, 1248, 442, 46]",46,1248,0,0,0,0,255,0.12125534950071326,0,,,,,,not_applicable_deterministic_Ward,0.32798229330006246,1518.512306060263,0.5223669769489343,0.47761567761085616,0.5097614821150035,0.17762878378707603,months/DT24-M0010/output/cells/Ward_K4/result.json,a00297a79fbb136408fccadb0b905485f98ad4061a1ac46868eacee9f5863c0e
2023-10,Ward,6,2103,completed,True,True,True,[],"[367, 380, 439, 429, 442, 46]",46,442,0,0,0,0,256,0.12173086067522587,0,,,,,,not_applicable_deterministic_Ward,0.2728839174968858,1459.8999519065774,0.7630110449592654,0.3410805516305725,0.4684557528712116,0.14060804646217215,months/DT24-M0010/output/cells/Ward_K6/result.json,21c125ba75cf8d25cded9529e15886cbda2e8a2a3821e1b03fc00451f2fcf032
2023-10,Ward,8,2103,completed,True,False,False,"[""metric:S_Dbw:undefined""]","[367, 380, 439, 321, 108, 251, 46, 191]",46,439,0,0,0,0,347,0.16500237755587258,0,,,,,,not_applicable_deterministic_Ward,0.22173192794924332,1352.0748130130667,,0.27290972581501916,0.4502682309306723,0.10993695997296202,months/DT24-M0010/output/cells/Ward_K8/result.json,fdb8f6cb61c718f296cc5270b89c6f61462a6d798220e1b9d5482cb92ab0c891
2023-10,Ward,12,2103,completed,True,False,False,"[""metric:S_Dbw:undefined""]","[213, 159, 291, 321, 154, 221, 108, 148, 195, 56, 46, 191]",46,321,0,0,0,0,348,0.16547788873038516,0,,,,,,not_applicable_deterministic_Ward,0.19490858169025113,1123.0724119110475,,0.1879613408326607,0.44877704868743074,0.07790523829708247,months/DT24-M0010/output/cells/Ward_K12/result.json,5c542b268622a78531309fe12fd91d3bff677c82229af26e458b3371e5dee784
2023-10,Ward,16,2103,completed,True,False,False,"[""metric:S_Dbw:undefined""]","[213, 129, 201, 321, 154, 221, 90, 78, 148, 195, 56, 12, 30, 191, 34, 30]",12,321,0,0,0,0,371,0.17641464574417498,0,,,,,,not_applicable_deterministic_Ward,0.18844255545385927,972.4114520259508,,0.15135255505693812,0.38525215410741825,0.07093170997444131,months/DT24-M0010/output/cells/Ward_K16/result.json,ee815623eba113fa7eb87e4b1e6986334ea3eb480dc4c9f10e2362f085366599
2023-10,NCut,10,2103,completed,True,False,False,"[""metric:S_Dbw:undefined""]","[243, 316, 189, 297, 391, 263, 133, 119, 111, 41]",41,391,0,0,0,0,279,0.1326676176890157,8,8,28,0.5796510426467223,0.7344633905724964,0.8542394808021833,saved_same_full_support_starts_only,0.21357510509907043,1110.6587619831896,,0.21027308170276657,0.46143689076236855,0.08437746454306048,months/DT24-M0010/output/cells/NCut_K10/result.json,e13cb36f68e21265e41e675c0fab3d7f7b0a662f2e621eaee23a378c69a2a589
2023-10,NCut,20,2103,completed,True,False,False,"[""metric:S_Dbw:undefined""]","[106, 59, 106, 154, 200, 190, 111, 134, 132, 109, 84, 141, 79, 48, 103, 93, 93, 61, 64, 36]",36,200,0,0,0,0,400,0.1902044698050404,8,8,28,0.595444361228513,0.697514983182433,0.8240496349889611,saved_same_full_support_starts_only,0.149969923476637,741.5608082630064,,0.11465490339505441,0.4475954889034967,0.04403208202293036,months/DT24-M0010/output/cells/NCut_K20/result.json,0f4ef31866880776e6eed0752478ca26a15ea50026c752e168b95f350aa37c2c
2023-10,NCut,4,2103,completed,True,True,True,[],"[721, 1021, 251, 110]",110,1021,0,0,0,0,237,0.11269614835948645,8,8,28,0.6427002651426903,0.6450079522443444,1.0,saved_same_full_support_starts_only,0.31430830750979916,1409.5683078101927,0.633742596774193,0.4609814135211425,0.6009511106840713,0.16827903637585256,months/DT24-M0010/output/cells/NCut_K4/result.json,9554490b2b935deed1f2d7998c7c26f77a75dccb5a0aacce3de6d586a55bd490
2023-10,NCut,6,2103,completed,True,True,True,[],"[329, 490, 473, 465, 189, 157]",157,490,0,0,0,0,321,0.15263908701854492,8,8,28,0.6276587701508878,0.7211429229451071,0.9987786499181375,saved_same_full_support_starts_only,0.23792342527528929,1286.2397691833282,0.9036622147477201,0.3279028157195243,0.5355552614473917,0.11820642705932366,months/DT24-M0010/output/cells/NCut_K6/result.json,b9414fcd59669933f2d13e258823ee4c9bd3288e5b6c9cfbd7b0656891d84542
2023-10,NCut,8,2103,completed,True,False,False,"[""metric:S_Dbw:undefined""]","[310, 389, 375, 475, 194, 179, 136, 45]",45,475,0,0,0,0,231,0.10984308131241084,8,8,28,0.5708729600159704,0.7037727384985896,0.90629013196442,saved_same_full_support_starts_only,0.24328169918202486,1236.0739784971265,,0.256631105624471,0.4727188376080135,0.1011443865088252,months/DT24-M0010/output/cells/NCut_K8/result.json,2937b70f0b9b3da3442a04627cc738953d1dbfbb8bbefe68c7cbe849d28268fb
2023-10,NCut,12,2103,completed,True,False,False,"[""metric:S_Dbw:undefined""]","[124, 214, 217, 234, 305, 225, 237, 136, 164, 90, 116, 41]",41,305,0,0,0,0,317,0.15073704232049454,8,8,28,0.6216377954522722,0.8049500879425044,0.9321923301548358,saved_same_full_support_starts_only,0.19573063854024406,1014.0140383650288,,0.17740317857802895,0.46718820379346454,0.07043771397108695,months/DT24-M0010/output/cells/NCut_K12/result.json,190dd43ccc6e538a9156af9eb21e95aa6b22f8b2f8463724ddbd8436bb22c79b
2023-10,NCut,16,2103,completed,True,False,False,"[""metric:S_Dbw:undefined""]","[117, 140, 176, 252, 123, 237, 143, 162, 97, 163, 153, 82, 94, 63, 65, 36]",36,252,0,0,0,0,344,0.16357584403233477,8,8,28,0.5809423980061978,0.6929077592434656,0.8788018088980799,saved_same_full_support_starts_only,0.17883595680481554,920.3686922451616,,0.13797482137226114,0.45127324153938636,0.05516416896550741,months/DT24-M0010/output/cells/NCut_K16/result.json,a76ebe3ca2b81a11ded14b334e2fab663db7415f22967fc909e1a1972c2e66bf
2023-11,SSE,10,2093,completed,True,False,False,"[""metric:S_Dbw:undefined""]","[271, 165, 372, 234, 245, 215, 151, 203, 52, 185]",52,372,0,0,0,0,86,0.04108934543717153,8,8,28,0.4163676245812984,0.5348234786973974,0.983088030102305,saved_same_full_support_starts_only,0.24785875346764819,1423.6721031274524,,0.21434641115790262,0.4649236648720455,0.085099367781594,months/DT24-M0011/output/cells/SSE_K10/result.json,0ade75d32db502834a5562aa2840a31c02f12206e7ebb6dc6896614535717ff4
2023-11,SSE,20,2093,completed,True,False,False,"[""metric:S_Dbw:undefined""]","[95, 146, 161, 157, 120, 193, 161, 144, 38, 74, 107, 134, 64, 92, 53, 211, 59, 25, 49, 10]",10,211,0,0,0,0,137,0.0654562828475872,8,8,28,0.3925114027240881,0.5328785498225108,0.7124575820400149,saved_same_full_support_starts_only,0.23079160107060426,1056.8322691660294,,0.11769638090104385,0.40883244344732605,0.05514133992082963,months/DT24-M0011/output/cells/SSE_K20/result.json,b5004346da3dfca30eee18cce7e97dd212840253ba0aa82d66515d45238a6a27
2023-11,SSE,4,2093,completed,True,True,True,[],"[560, 1033, 118, 382]",118,1033,0,0,0,0,47,0.022455805064500716,8,8,28,0.5026366351517348,0.5610224280933173,1.0,saved_same_full_support_starts_only,0.3948057278503567,1931.9330185334923,0.517466547182498,0.4604044125194777,0.5419645267813118,0.18226393811648556,months/DT24-M0011/output/cells/SSE_K4/result.json,beb8eb9b6dbe99d2e88f596d16c268b6fa4b7ab6d8f2e714fc0c59e5d5bfbb37
2023-11,SSE,6,2093,completed,True,True,True,[],"[369, 457, 419, 435, 338, 75]",75,457,0,0,0,0,58,0.02771141901576684,8,8,28,0.9559202224722454,0.9740784101126209,1.0,saved_same_full_support_starts_only,0.316282949166802,1783.818185411825,0.6549029789116458,0.3327508433892761,0.48779272798526624,0.13465936623029381,months/DT24-M0011/output/cells/SSE_K6/result.json,c0f269e507ff5ad3717a5322f53ab5a13a4d6ef70e31295ef503d04d008b53ea
2023-11,SSE,8,2093,completed,True,False,False,"[""metric:S_Dbw:undefined""]","[318, 283, 252, 444, 187, 272, 51, 286]",51,444,0,0,0,0,125,0.05972288580984233,8,8,28,0.4086025186564295,0.5542345021487096,0.9837266942461594,saved_same_full_support_starts_only,0.2764383348896345,1572.6490564762355,,0.26172400200085355,0.46502970434296964,0.10774432528903029,months/DT24-M0011/output/cells/SSE_K8/result.json,ff5275afbac79e48a40647919f01e03df6223ea13a5863d4451b08e8543454e4
2023-11,SSE,12,2093,completed,True,False,False,"[""metric:S_Dbw:undefined""]","[211, 142, 226, 245, 270, 232, 158, 122, 193, 42, 186, 66]",42,270,0,0,0,0,114,0.05446727185857621,8,8,28,0.37727777441712834,0.5761712325056914,0.7606835223561392,saved_same_full_support_starts_only,0.24165482675463704,1317.6449377991391,,0.18271678888787643,0.45265596222890153,0.07552968759840836,months/DT24-M0011/output/cells/SSE_K12/result.json,4255cb3ad3e050137b3aa4765e6585bece19b6de1dce38a2a4a0ffa1e82b8fc4
2023-11,SSE,16,2093,completed,True,False,False,"[""metric:S_Dbw:undefined""]","[184, 240, 181, 108, 127, 212, 94, 242, 127, 79, 142, 37, 214, 65, 31, 10]",10,242,0,0,0,0,119,0.056856187290969896,8,8,28,0.40170860769878974,0.5522347101944717,0.727565977446736,saved_same_full_support_starts_only,0.23925547765830077,1168.9994953380904,,0.1439636171620118,0.40886477804143695,0.06680122901940991,months/DT24-M0011/output/cells/SSE_K16/result.json,a651354ae34e12c7a8bb0e6e663a7735a27332e2b896415f9104dd8039ddf681
2023-11,Ward,10,2093,completed,True,False,False,"[""metric:S_Dbw:undefined""]","[304, 158, 197, 334, 286, 201, 100, 205, 40, 268]",40,334,0,0,0,0,301,0.14381270903010032,0,,,,,,not_applicable_deterministic_Ward,0.22200761824631948,1246.9069919208341,,0.2113473285130707,0.4569043520244452,0.09140231788693721,months/DT24-M0011/output/cells/Ward_K10/result.json,0e514d1d89d2edd34222d5bc6d8b808e98f7ba8a983c4b83a0f08a59d8cc42f1
2023-11,Ward,20,2093,completed,True,False,False,"[""metric:S_Dbw:undefined""]","[140, 133, 197, 92, 116, 72, 111, 218, 201, 175, 78, 25, 129, 76, 15, 236, 21, 22, 4, 32]",4,236,0,1,4,1,355,0.16961299569995222,0,,,,,,not_applicable_deterministic_Ward,0.19142518647748397,927.9416220311103,,0.11736763131006993,0.3767413255113695,0.06377692169028262,months/DT24-M0011/output/cells/Ward_K20/result.json,2a0c92a63a7849d2154a5ed4d0a12364730f79aa58ba9dce49e56e71c31997b5
2023-11,Ward,4,2093,completed,True,True,True,[],"[549, 693, 583, 268]",268,693,0,0,0,0,287,0.13712374581939799,0,,,,,,not_applicable_deterministic_Ward,0.24187666252944154,1611.325898237467,0.6251495640721725,0.45894339606543993,0.5810583629359286,0.14730859697695192,months/DT24-M0011/output/cells/Ward_K4/result.json,5a45b4a302c5f8b577fe2f41420ae4d5ef50cd8b7677921b8fb8ceca312d5ae9
2023-11,Ward,6,2093,completed,True,True,True,[],"[509, 158, 583, 535, 40, 268]",40,583,0,0,0,0,352,0.168179646440516,0,,,,,,not_applicable_deterministic_Ward,0.2542445120976279,1446.3152251687009,0.5014461125456534,0.333113849942679,0.42991880840261565,0.1295790091558378,months/DT24-M0011/output/cells/Ward_K6/result.json,521c7b84e8d48c011e453862078c1f4f76a047293eb81b07ac8336e44914fac1
2023-11,Ward,8,2093,completed,True,False,False,"[""metric:S_Dbw:undefined""]","[304, 158, 297, 535, 286, 205, 40, 268]",40,535,0,0,0,0,374,0.17869087434304826,0,,,,,,not_applicable_deterministic_Ward,0.2141435833908659,1331.711902767724,,0.25919567487294726,0.456658647259906,0.10751502530955108,months/DT24-M0011/output/cells/Ward_K8/result.json,dcc9bcc81180ea1ed10feb4184602e8e1b49502acb18d3fb28378a8ddce8c935
2023-11,Ward,12,2093,completed,True,False,False,"[""metric:S_Dbw:undefined""]","[232, 158, 197, 334, 72, 286, 201, 100, 129, 76, 40, 268]",40,334,0,0,0,0,307,0.14667940754897277,0,,,,,,not_applicable_deterministic_Ward,0.2137877414305338,1156.1661364237143,,0.17852915327634694,0.44483661318694134,0.08335977256694048,months/DT24-M0011/output/cells/Ward_K12/result.json,7cb8e954c2fb21ec4c5a060a6aaf648718c406b984a99d606ff03c9f5f5f854e
2023-11,Ward,16,2093,completed,True,False,False,"[""metric:S_Dbw:undefined""]","[232, 158, 197, 116, 72, 286, 218, 201, 78, 129, 76, 19, 236, 21, 22, 32]",19,286,0,0,0,0,308,0.14715719063545152,0,,,,,,not_applicable_deterministic_Ward,0.21284330695544604,1023.3233843796648,,0.1396276849103184,0.38590115842794676,0.070700995081787,months/DT24-M0011/output/cells/Ward_K16/result.json,819da140ae2b50a1c54c398db998027bc1cf38ed43d6750b422c6369408f7f69
2023-11,NCut,10,2093,completed,True,False,False,"[""metric:S_Dbw:undefined""]","[182, 258, 227, 366, 292, 324, 172, 115, 109, 48]",48,366,0,0,0,0,366,0.17486860965121834,8,8,28,0.5582712862511282,0.726770624291152,0.9898637791927355,saved_same_full_support_starts_only,0.2015294579880535,1121.5379923241767,,0.20670820446240928,0.47007801431251134,0.07862339751430825,months/DT24-M0011/output/cells/NCut_K10/result.json,c5dab90855360a269577ecad69f45b5c93876bcf35b0b5465b693d4282e258fa
2023-11,NCut,20,2093,completed,True,False,False,"[""metric:S_Dbw:undefined""]","[74, 130, 171, 155, 131, 121, 190, 105, 136, 126, 126, 113, 83, 88, 50, 70, 63, 65, 61, 35]",35,190,0,0,0,0,326,0.1557572861920688,8,8,28,0.6406316765156005,0.7264849422097454,0.8372017802125846,saved_same_full_support_starts_only,0.1785210592280274,919.5163192624226,,0.11172035033739468,0.45816965518627956,0.04331651438018745,months/DT24-M0011/output/cells/NCut_K20/result.json,eb2723f6088af3277a122fafa7b83c323ea05211cd4cd26f0094c79f89e9c613
2023-11,NCut,4,2093,completed,True,True,True,[],"[722, 1023, 226, 122]",122,1023,0,0,0,0,208,0.09937888198757763,8,8,28,0.5823229545765544,0.9987174619737159,1.0,saved_same_full_support_starts_only,0.3234088566247637,1520.945550923248,0.6102062075073975,0.45955774454455833,0.6041080117496416,0.16586289043772576,months/DT24-M0011/output/cells/NCut_K4/result.json,f63eb6a65867e44576e321b70d4e849b663259529503c075e300e0b16b12ae50
2023-11,NCut,6,2093,completed,True,True,True,[],"[346, 474, 467, 478, 169, 159]",159,478,0,0,0,0,311,0.1485905398948877,8,8,28,0.6281868047607388,0.7179128999199607,0.9975757406089614,saved_same_full_support_starts_only,0.25381912204214807,1408.4190725192,0.40055715173549816,0.327228911169138,0.5327715087983522,0.11763841612915173,months/DT24-M0011/output/cells/NCut_K6/result.json,904f929be2457c528ca6276fad928edf973a3005e05d5a2457de0096560490f0
2023-11,NCut,8,2093,completed,True,True,True,[],"[317, 382, 451, 382, 228, 166, 117, 50]",50,451,0,0,0,0,286,0.13664596273291926,8,8,28,0.5300357386763164,0.7396576555987723,0.9720091568934772,saved_same_full_support_starts_only,0.2373046004408568,1243.37894795264,0.3990999082693326,0.25281570717158286,0.4772765979767283,0.09838788264376255,months/DT24-M0011/output/cells/NCut_K8/result.json,4d2a874d4147c9be89e2214577b5bb24144192ccb5c6959df3b5a57c162e1466
2023-11,NCut,12,2093,completed,True,False,False,"[""metric:S_Dbw:undefined""]","[175, 218, 178, 314, 205, 216, 230, 169, 117, 115, 109, 47]",47,314,0,0,0,0,361,0.17247969421882464,8,8,28,0.6098618054639812,0.7605615136406978,0.9677029558544638,saved_same_full_support_starts_only,0.19175987159447402,1097.150749766864,,0.17696775089789446,0.4714024876892735,0.0673888781871685,months/DT24-M0011/output/cells/NCut_K12/result.json,a24defbb02954a17a0776a6d7dadfbc89544f1adc7cc06af40a95d9424852e61
2023-11,NCut,16,2093,completed,True,False,False,"[""metric:S_Dbw:undefined""]","[122, 156, 222, 97, 161, 151, 204, 130, 142, 164, 144, 131, 74, 99, 61, 35]",35,222,0,0,0,0,352,0.168179646440516,8,8,28,0.6291959228906844,0.7229821190345578,0.9286989010507665,saved_same_full_support_starts_only,0.17129418734306784,871.199800144912,,0.13414295250449507,0.4732923490198971,0.05214363307718074,months/DT24-M0011/output/cells/NCut_K16/result.json,d6e2b758b072fcab22d6633030f52052ea44eedaf2383b24628d2505cbd2524a
2023-12,SSE,10,2103,completed,True,False,False,"[""metric:S_Dbw:undefined""]","[265, 156, 301, 317, 184, 278, 165, 127, 44, 266]",44,317,0,0,0,0,96,0.0456490727532097,8,8,28,0.4007586254262457,0.5014219461526903,0.7360689688926723,saved_same_full_support_starts_only,0.2540358495135021,1370.8857246803802,,0.2280216724142868,0.4506589464201904,0.09540787549819256,months/DT24-M0012/output/cells/SSE_K10/result.json,9c3b5a86efed2ace84f9e203112813f2157a4f22375f68b324e3f3867a505109
2023-12,SSE,20,2103,completed,True,False,False,"[""metric:S_Dbw:undefined""]","[120, 98, 110, 132, 241, 129, 150, 172, 160, 51, 75, 47, 129, 39, 116, 17, 205, 30, 58, 24]",17,241,0,0,0,0,85,0.04041844983357109,8,8,28,0.38237685965242135,0.5166809022707521,0.7044063016839467,saved_same_full_support_starts_only,0.22556602493172836,1034.0706510321884,,0.13178036357666,0.39398754545019615,0.059405682772480164,months/DT24-M0012/output/cells/SSE_K20/result.json,35877c6bb783b8ce58d4dd75c5750928e66c0c5103b980f9eb87585d1ad5a523
2023-12,SSE,4,2103,completed,True,True,True,[],"[623, 977, 397, 106]",106,977,0,0,0,0,41,0.019495958155016643,8,8,28,0.475375106083374,0.9941259403721474,1.0,saved_same_full_support_starts_only,0.37782154629491804,1815.9308319712914,0.634303047310175,0.4679387502073521,0.5310711769696844,0.18789822133598694,months/DT24-M0012/output/cells/SSE_K4/result.json,98e3350e05a4e7d7a16093f78fc8293271db900d0c4d97aa847c723b72b96fdb
2023-12,SSE,6,2103,completed,True,True,True,[],"[393, 431, 412, 438, 339, 90]",90,438,0,0,0,0,58,0.02757964812173086,8,8,28,0.9401326544848299,0.9796649871385575,1.0,saved_same_full_support_starts_only,0.3200559540021875,1733.3707972586326,0.5183185679392082,0.34099604398821715,0.48267479328597296,0.14037634535805374,months/DT24-M0012/output/cells/SSE_K6/result.json,76a36d2d20a74fbc8625d3c32b074a57bbfba1fc58e80cbdeb3fd1ec9ad10653
2023-12,SSE,8,2103,completed,True,False,False,"[""metric:S_Dbw:undefined""]","[310, 270, 303, 278, 444, 158, 53, 287]",53,444,0,0,0,0,113,0.053732762719923916,8,8,28,0.48559576769619917,0.7294271917555458,0.9674776093446646,saved_same_full_support_starts_only,0.27828933273986073,1516.4478279928635,,0.27332593073265055,0.45969175698680637,0.11476894048956127,months/DT24-M0012/output/cells/SSE_K8/result.json,1288a9cf951c9cf62bd6808c0644683a4fb280cfbb9f256ad93a66d2f9c46dd3
2023-12,SSE,12,2103,completed,True,False,False,"[""metric:S_Dbw:undefined""]","[259, 206, 256, 308, 269, 121, 136, 98, 197, 20, 48, 185]",20,308,0,0,0,0,97,0.0461245839277223,8,8,28,0.35752623169477954,0.5006321004284012,0.7060859468132545,saved_same_full_support_starts_only,0.24527991696862167,1272.9754873015945,,0.20663025690234232,0.42001761775469576,0.08438584647793092,months/DT24-M0012/output/cells/SSE_K12/result.json,dd7ccc0f729d5681901de9904dc14482450995f445054253cd7fff4a5ec58a48
2023-12,SSE,16,2103,completed,True,False,False,"[""metric:S_Dbw:undefined""]","[177, 133, 213, 181, 198, 265, 89, 176, 81, 94, 131, 18, 207, 62, 31, 47]",18,265,0,0,0,0,139,0.06609605325725154,8,8,28,0.3799819041513692,0.4973244298677074,0.7323916084880643,saved_same_full_support_starts_only,0.23258052349174743,1133.412941621496,,0.16127486418033665,0.4043370378018785,0.06881831996706007,months/DT24-M0012/output/cells/SSE_K16/result.json,0c1bc5dc8085ba8c4d50866967cc24f47b2704161a7094d433bf0aa6a238ea82
2023-12,Ward,10,2103,completed,True,False,False,"[""metric:S_Dbw:undefined""]","[267, 240, 165, 332, 349, 135, 231, 146, 40, 198]",40,349,0,0,0,0,350,0.16642891107941038,0,,,,,,not_applicable_deterministic_Ward,0.18021566985656365,1184.1674580943754,,0.22314107058444935,0.45081273276015077,0.08841007531110691,months/DT24-M0012/output/cells/Ward_K10/result.json,59ade92b3f3ac5431e65204f2abda9b67f4c01846de276e8b2a2445e3839d7a1
2023-12,Ward,20,2103,completed,True,False,False,"[""metric:S_Dbw:undefined""]","[172, 91, 138, 170, 179, 149, 162, 170, 104, 80, 27, 95, 146, 18, 118, 33, 158, 40, 22, 31]",18,179,0,0,0,0,412,0.19591060389919163,0,,,,,,not_applicable_deterministic_Ward,0.17387880195936392,892.5847100989002,,0.1304411589280981,0.3939654440314371,0.05737874253516959,months/DT24-M0012/output/cells/Ward_K20/result.json,d82b8dbbbe0ad8901908abe41f5d1f6b0777eca268fa93e57ae1ca9551b531b8
2023-12,Ward,4,2103,completed,True,True,True,[],"[507, 1077, 175, 344]",175,1077,0,0,0,0,175,0.08321445553970519,0,,,,,,not_applicable_deterministic_Ward,0.3654740750604446,1592.7630383903388,0.5547652563095655,0.4588247190178054,0.5478317762932291,0.17837270512806633,months/DT24-M0012/output/cells/Ward_K4/result.json,6567fdecc30c0074d159422b0f4493604dfe456e64ead6c2d0ae376d98a0caac
2023-12,Ward,6,2103,completed,True,True,True,[],"[507, 165, 681, 175, 231, 344]",165,681,0,0,0,0,295,0.1402757964812173,0,,,,,,not_applicable_deterministic_Ward,0.28495934613931706,1395.9014086904017,0.43873792650818155,0.3268521174768814,0.46247658976554074,0.13715781553610268,months/DT24-M0012/output/cells/Ward_K6/result.json,883583eca0bb9b44c49571f6dfb721cdfe0c6075dcf7d1dd0cd57f0295774325
2023-12,Ward,8,2103,completed,True,True,True,[],"[267, 240, 165, 681, 135, 231, 344, 40]",40,681,0,0,0,0,306,0.14550641940085593,0,,,,,,not_applicable_deterministic_Ward,0.2482370267650373,1299.7882822145673,0.3657110979340271,0.26966198410349124,0.4278162443132241,0.12431924917388099,months/DT24-M0012/output/cells/Ward_K8/result.json,8a0cbb001163bb47436f15149f2209a183d36fe539fd2dccea0626c338edf993
2023-12,Ward,12,2103,completed,True,False,False,"[""metric:S_Dbw:undefined""]","[172, 240, 165, 332, 349, 135, 113, 95, 146, 40, 118, 198]",40,349,0,0,0,0,331,0.15739419876367094,0,,,,,,not_applicable_deterministic_Ward,0.19104101541206858,1106.8901347386743,,0.18855311388554633,0.441415957132845,0.07915211851047184,months/DT24-M0012/output/cells/Ward_K12/result.json,5e1a011c2e74c57cfbdcec107986e4b360dc97d9f78b2e09aeae1b713f51bc8d
2023-12,Ward,16,2103,completed,True,False,False,"[""metric:S_Dbw:undefined""]","[172, 240, 138, 170, 349, 162, 104, 113, 27, 95, 146, 18, 118, 198, 22, 31]",18,349,0,0,0,0,433,0.20589633856395625,0,,,,,,not_applicable_deterministic_Ward,0.17232543140276974,973.5126443173189,,0.16016133836289095,0.38888030204833013,0.07279697370458843,months/DT24-M0012/output/cells/Ward_K16/result.json,f408e2ac24b9249d4a322a3520ff6fabf82f5ab14f36b19481f9ad968e116f8a
2023-12,NCut,10,2103,completed,True,False,False,"[""metric:S_Dbw:undefined""]","[180, 373, 195, 277, 334, 268, 161, 158, 112, 45]",45,373,0,0,0,0,305,0.14503090822634332,8,8,28,0.6340767986758407,0.7987508653767824,0.9861460734696119,saved_same_full_support_starts_only,0.2111445087216533,1105.1711887017423,,0.21140919916126616,0.47151956763165964,0.0885464994736684,months/DT24-M0012/output/cells/NCut_K10/result.json,56ea6ac5eb900e7768c9e57aefde1603e3ae97f9a92fc9aa2d1e6479ba849f8a
2023-12,NCut,20,2103,completed,True,False,False,"[""metric:S_Dbw:undefined""]","[105, 114, 161, 145, 123, 111, 93, 104, 129, 115, 82, 132, 129, 92, 90, 87, 87, 59, 109, 36]",36,161,0,0,0,0,386,0.183547313361864,8,8,28,0.5144115953787481,0.6548570861031338,0.9184545303267451,saved_same_full_support_starts_only,0.1631301883102534,620.7596553147397,,0.11136887105067522,0.47428379069308063,0.04649854206256901,months/DT24-M0012/output/cells/NCut_K20/result.json,8b33101aee489af253e6b75b6b574f40c5d580bed3dd033c2b0fa207b781d2d9
2023-12,NCut,4,2103,completed,True,True,True,[],"[802, 897, 260, 144]",144,897,0,0,0,0,314,0.14931050879695673,8,8,28,0.49247552436709074,0.922632805045568,1.0,saved_same_full_support_starts_only,0.2785736811523154,1329.7797535770183,0.8543323288511007,0.4624935959862377,0.6130928877138919,0.16137993980124477,months/DT24-M0012/output/cells/NCut_K4/result.json,0780e3cbfd66534b2ccd7462f63face897b7a25d85d57d9a749405f820ad5e0e
2023-12,NCut,6,2103,completed,True,True,True,[],"[368, 512, 452, 433, 201, 137]",137,512,0,0,0,0,321,0.15263908701854492,8,8,28,0.7106314490110365,0.7455713165767008,0.9986205039058534,saved_same_full_support_starts_only,0.25704564804064456,1270.30870014776,0.535426005282452,0.3305096094620278,0.5293315805396032,0.1252039964820302,months/DT24-M0012/output/cells/NCut_K6/result.json,c8c7bcbf5e946d482942e04df909eb02f1701538d0274f54328351d3499de7b8
2023-12,NCut,8,2103,completed,True,True,True,[],"[334, 396, 318, 285, 243, 184, 185, 158]",158,396,0,0,0,0,331,0.15739419876367094,8,8,28,0.6602438745136301,0.8186931059763243,1.0,saved_same_full_support_starts_only,0.21562291915677748,1297.5673132931877,0.7083394711312351,0.25875992738778625,0.5095119976498402,0.10428991714890971,months/DT24-M0012/output/cells/NCut_K8/result.json,aa3f2b8d8b4b1f24e01c2d80fa0afac760e3ea2b9b08f02e2f74174ad08b113d
2023-12,NCut,12,2103,completed,True,False,False,"[""metric:S_Dbw:undefined""]","[165, 166, 223, 149, 322, 220, 260, 140, 182, 119, 112, 45]",45,322,0,0,0,0,346,0.16452686638135997,8,8,28,0.586829734743308,0.7630663168420246,0.9918112423951848,saved_same_full_support_starts_only,0.19340379102407537,1073.4957052120858,,0.18120744181827647,0.455212045294117,0.07254317253558328,months/DT24-M0012/output/cells/NCut_K12/result.json,16f0ef3f07fc4761314b3f7837a6754715e8d0fe364dce59e3b7e07aa5884a9e
2023-12,NCut,16,2103,completed,True,False,False,"[""metric:S_Dbw:undefined""]","[119, 109, 141, 172, 260, 173, 196, 112, 139, 113, 171, 133, 90, 54, 85, 36]",36,260,0,0,0,0,455,0.21635758440323347,8,8,28,0.5383203816170735,0.7323716856361914,0.8606275699800985,saved_same_full_support_starts_only,0.15131307858626744,775.1183141417997,,0.13651638260583226,0.46752749478986233,0.056600111621371636,months/DT24-M0012/output/cells/NCut_K16/result.json,aa5719760286e95d4f4518f649d4df499041d6f6c3216e1ba1e9788a355dcb1e
2024-01,SSE,10,2072,completed,True,False,False,"[""metric:S_Dbw:undefined""]","[89, 228, 331, 207, 242, 287, 216, 122, 64, 286]",64,331,0,0,0,0,120,0.05791505791505792,8,8,28,0.37696039849374835,0.5309045081421441,0.8225692788594657,saved_same_full_support_starts_only,0.2691142698701275,1470.059172254286,,0.21800452464216036,0.456818083047589,0.10244273799798705,months/DT24-M0013/output/cells/SSE_K10/result.json,ed2a1ddd08ce1680c0b56a2bed0b60fd3a9d346a9937ce36a370f8e61e8be87e
2024-01,SSE,20,2072,completed,True,False,False,"[""metric:S_Dbw:undefined""]","[108, 115, 110, 227, 113, 171, 130, 102, 181, 151, 62, 76, 35, 97, 17, 58, 190, 90, 25, 14]",14,227,0,0,0,0,115,0.0555019305019305,8,8,28,0.403606698427726,0.5231777770909289,0.6824301681479278,saved_same_full_support_starts_only,0.22461700848769142,1090.6659852391786,,0.12297655249480041,0.40063631047018433,0.058327299688048055,months/DT24-M0013/output/cells/SSE_K20/result.json,155ab662da93ebdeaae5b608f83e650932a2622067863b39350fef72dfa90552
2024-01,SSE,4,2072,completed,True,True,True,[],"[496, 531, 674, 371]",371,674,0,0,0,0,101,0.048745173745173745,8,8,28,0.4547862853068227,0.9091784726455641,1.0,saved_same_full_support_starts_only,0.314798294495553,1946.6097175919574,0.5544298756976984,0.4760135528974694,0.5896617041293863,0.16837321699840932,months/DT24-M0013/output/cells/SSE_K4/result.json,825e6c779f6d1d073c7ca63378a689ac472dc9ba7f6c399a0ee102ce8e1562f0
2024-01,SSE,6,2072,completed,True,True,True,[],"[386, 409, 390, 464, 347, 76]",76,464,0,0,0,0,49,0.02364864864864865,8,8,28,0.4863434476313162,0.9183012203816765,0.9987655737914126,saved_same_full_support_starts_only,0.3254408877316029,1830.2043796428006,0.5590117088244946,0.34119532473197195,0.4888550619349788,0.14714972983013425,months/DT24-M0013/output/cells/SSE_K6/result.json,2d9e2de17d636f01e4a2a834cea6445ef65c61d2040c501d2cc52b82c3a8f3cb
2024-01,SSE,8,2072,completed,True,False,False,"[""metric:S_Dbw:undefined""]","[305, 240, 192, 321, 312, 340, 78, 284]",78,340,0,0,0,0,84,0.04054054054054054,8,8,28,0.5131255371777145,0.644546169135198,0.9510249836865541,saved_same_full_support_starts_only,0.27553208817950053,1630.6365132953551,,0.26594265383844967,0.4837695188234991,0.1132658901141353,months/DT24-M0013/output/cells/SSE_K8/result.json,c9cd75474b57cda9d09f9874886f219c7436a7068f5e907924a9cf855ac31eea
2024-01,SSE,12,2072,completed,True,False,False,"[""metric:S_Dbw:undefined""]","[81, 199, 270, 217, 125, 267, 210, 227, 107, 22, 65, 282]",22,282,0,0,0,0,90,0.04343629343629344,8,8,28,0.3889924291103901,0.5379577588105364,0.7909004476825808,saved_same_full_support_starts_only,0.2647271272068509,1368.8754053703888,,0.1943491836733008,0.4297254326435417,0.09305277419830793,months/DT24-M0013/output/cells/SSE_K12/result.json,f931453d3aaf327df61c53cdbb6df188dc3fe792a79320e63d344d50cea51ddd
2024-01,SSE,16,2072,completed,True,False,False,"[""metric:S_Dbw:undefined""]","[178, 194, 270, 122, 174, 194, 163, 142, 87, 84, 53, 66, 17, 195, 90, 43]",17,270,0,0,0,0,120,0.05791505791505792,8,8,28,0.41238010712313955,0.5952902076393747,0.8078927341017869,saved_same_full_support_starts_only,0.23740036449330898,1223.895992438367,,0.15156576601172456,0.4170925609864204,0.06877225390645726,months/DT24-M0013/output/cells/SSE_K16/result.json,70b0f9bc602c18fe808f3e7b923db8c34a4704a379b206e62c4ab7fd682c2529
2024-01,Ward,10,2072,completed,True,False,False,"[""metric:S_Dbw:undefined""]","[71, 165, 136, 238, 246, 243, 446, 167, 91, 269]",71,446,0,0,0,0,302,0.14575289575289574,0,,,,,,not_applicable_deterministic_Ward,0.2271209200309481,1333.450309069711,,0.21342186524100015,0.46069330679717696,0.09974655554926797,months/DT24-M0013/output/cells/Ward_K10/result.json,007dfa6d54c9e2c35212add7114bc8d6279b3bbcc3f160bfb3e25db6f4ab7f7e
2024-01,Ward,20,2072,completed,True,False,False,"[""metric:S_Dbw:undefined""]","[71, 165, 62, 109, 148, 131, 112, 204, 141, 129, 74, 98, 105, 62, 37, 101, 220, 49, 35, 19]",19,220,0,0,0,0,339,0.16361003861003862,0,,,,,,not_applicable_deterministic_Ward,0.1865579221852262,975.0326640398625,,0.12084466616344759,0.4208209681745693,0.059547329159810106,months/DT24-M0013/output/cells/Ward_K20/result.json,cb2cb427b48ab6da5e04853b6926ce88b5441ca49208c30e27ce2bfc4bb2d9be
2024-01,Ward,4,2072,completed,True,True,True,[],"[998, 423, 382, 269]",269,998,0,0,0,0,332,0.16023166023166024,0,,,,,,not_applicable_deterministic_Ward,0.2633555682777054,1616.7577857735896,0.6192293674389784,0.46861808620220935,0.5981597056856974,0.14199889472449997,months/DT24-M0013/output/cells/Ward_K4/result.json,354c897d4e9468e71f5c451326bbf0386763c165cc043f32987799d42472f01a
2024-01,Ward,6,2072,completed,True,True,True,[],"[314, 332, 382, 684, 91, 269]",91,684,0,0,0,0,242,0.1167953667953668,0,,,,,,not_applicable_deterministic_Ward,0.2554497041424838,1573.0648444100566,0.45972036653033765,0.3353618886046778,0.49872361743064797,0.13514299321909362,months/DT24-M0013/output/cells/Ward_K6/result.json,b1744149c466693c5a1b676462ed4ab5c2b455fe952842a82d5464393033b37a
2024-01,Ward,8,2072,completed,True,False,False,"[""metric:S_Dbw:undefined""]","[314, 332, 136, 238, 246, 446, 91, 269]",91,446,0,0,0,0,285,0.13754826254826255,0,,,,,,not_applicable_deterministic_Ward,0.2482570643821375,1456.1629884274832,,0.2610181226359911,0.4722967449969046,0.11465299077209246,months/DT24-M0013/output/cells/Ward_K8/result.json,f0406c9619938051cc43908c03e244360fed2a55c7e15557db62805851ff52fd
2024-01,Ward,12,2072,completed,True,False,False,"[""metric:S_Dbw:undefined""]","[71, 165, 136, 238, 246, 243, 204, 242, 167, 72, 269, 19]",19,269,0,0,0,0,352,0.16988416988416988,0,,,,,,not_applicable_deterministic_Ward,0.20691356314116197,1237.3134418022457,,0.19326106813404473,0.4380298111705006,0.0890958258539024,months/DT24-M0013/output/cells/Ward_K12/result.json,21bca5327a2255f97c36fc2febde62172d91074b8ce061564a119eef4d07d5cd
2024-01,Ward,16,2072,completed,True,False,False,"[""metric:S_Dbw:undefined""]","[71, 165, 136, 238, 246, 131, 112, 204, 141, 167, 37, 101, 220, 49, 35, 19]",19,246,0,0,0,0,356,0.1718146718146718,0,,,,,,not_applicable_deterministic_Ward,0.19165991016607295,1078.3852705798465,,0.14900632098920535,0.4141405706729921,0.07377844136653344,months/DT24-M0013/output/cells/Ward_K16/result.json,8683c5d6569f458ccd1865d8f31b3270d6f7ad7303391df78918e20d0a6ddf55
2024-01,NCut,10,2072,completed,True,False,False,"[""metric:S_Dbw:undefined""]","[198, 195, 343, 280, 344, 286, 140, 108, 138, 40]",40,344,0,0,0,0,264,0.1274131274131274,8,8,28,0.5943717946649445,0.715127739909277,0.9943030608997034,saved_same_full_support_starts_only,0.22792962304526654,1244.7290630890097,,0.2148350918574868,0.46606921605668317,0.08902650887443131,months/DT24-M0013/output/cells/NCut_K10/result.json,e2d28d9e1f1df988292edd295a360737828eba2bf386a338663490d573cb8b4c
2024-01,NCut,20,2072,completed,True,False,False,"[""metric:S_Dbw:undefined""]","[86, 88, 114, 160, 139, 172, 98, 141, 110, 127, 101, 136, 94, 82, 88, 66, 86, 89, 60, 35]",35,172,0,0,0,0,405,0.19546332046332046,8,8,28,0.600830187108887,0.6937607712457361,0.8650160435699753,saved_same_full_support_starts_only,0.16643358838665143,939.7009226078712,,0.1139750419893755,0.4647019782775155,0.04654210700579592,months/DT24-M0013/output/cells/NCut_K20/result.json,60c8b7104fe1a92df58189ca219e0b384970890269a49a408cb4dffd05d3d5ae
2024-01,NCut,4,2072,completed,True,True,True,[],"[572, 538, 625, 337]",337,625,0,0,0,0,196,0.0945945945945946,8,8,28,0.9547743220564424,0.9656066066005807,1.0,saved_same_full_support_starts_only,0.2931439168984974,1848.7850640175363,0.575268368304744,0.4750916194063369,0.5844775957599058,0.1656847590835711,months/DT24-M0013/output/cells/NCut_K4/result.json,17e5e84b8c0331034ff93119e843edd342486d915af0603d2bf21846330c44e9
2024-01,NCut,6,2072,completed,True,True,True,[],"[346, 446, 452, 531, 206, 91]",91,531,0,0,0,0,307,0.14816602316602318,8,8,28,0.7231299105787968,0.8282267008089478,1.0,saved_same_full_support_starts_only,0.2702437076371457,1426.098602792307,0.6692452699651591,0.33372048801023263,0.5178631973594535,0.13184883945843875,months/DT24-M0013/output/cells/NCut_K6/result.json,1efc39bb07bfd136b7e293905f16316373628b846029b4d7e354f79c81317088
2024-01,NCut,8,2072,completed,True,False,False,"[""metric:S_Dbw:undefined""]","[335, 334, 462, 424, 187, 148, 141, 41]",41,462,0,0,0,0,207,0.0999034749034749,8,8,28,0.5249246463650221,0.700359677984026,0.9786059099567842,saved_same_full_support_starts_only,0.25850263615411145,1351.448497160591,,0.26155695044794325,0.4693168427319471,0.11034735903725364,months/DT24-M0013/output/cells/NCut_K8/result.json,5620475e9c8aa3bb8804a0d7c9dbb771a2a2cec96e8f2ade7c9c0095efb6442e
2024-01,NCut,12,2072,completed,True,False,False,"[""metric:S_Dbw:undefined""]","[152, 214, 261, 134, 266, 295, 217, 134, 122, 103, 134, 40]",40,295,0,0,0,0,291,0.14044401544401544,8,8,28,0.5267571369582766,0.6970561622399902,0.9776904740352783,saved_same_full_support_starts_only,0.21473321195704234,1144.5770963553173,,0.18239253463903016,0.4678017763388593,0.07575407614943297,months/DT24-M0013/output/cells/NCut_K12/result.json,e39a58d305875d715a3e7ddddf8c939829800595932b6eb7d395729be665db03
2024-01,NCut,16,2072,completed,True,False,False,"[""metric:S_Dbw:undefined""]","[142, 102, 202, 183, 166, 150, 230, 159, 184, 110, 97, 76, 88, 88, 59, 36]",36,230,0,0,0,0,284,0.13706563706563707,8,8,28,0.6222919117043774,0.7115345608639705,0.8625587783236449,saved_same_full_support_starts_only,0.1998333714664479,1060.6915961037143,,0.1403550526738481,0.45823431429766326,0.05858048604701708,months/DT24-M0013/output/cells/NCut_K16/result.json,b98a0df8d40f75235fffbeebd541c12fa0621183c5a710e7dba4055572ae1f7f
2024-02,SSE,10,2078,completed,True,False,False,"[""metric:S_Dbw:undefined""]","[264, 328, 237, 138, 254, 294, 123, 199, 66, 175]",66,328,0,0,0,0,79,0.03801732435033686,8,8,28,0.4117948617943657,0.5563464216743085,0.8191155872605342,saved_same_full_support_starts_only,0.24976613603343858,1436.7844267718126,,0.21490219672434774,0.46161035043017506,0.0876056010289547,months/DT24-M0014/output/cells/SSE_K10/result.json,7c1a7c8a04b3efa0db668903a184ccedce2a7598c95c7ef70b458f83c18e1ecd
2024-02,SSE,20,2078,completed,True,False,False,"[""metric:S_Dbw:undefined""]","[91, 137, 93, 153, 168, 137, 135, 185, 147, 121, 78, 60, 36, 132, 42, 53, 111, 141, 42, 16]",16,185,0,0,0,0,144,0.06929740134744947,8,8,28,0.3742748380048254,0.5907101109275432,0.7184350086047842,saved_same_full_support_starts_only,0.22430701699410902,1088.872979726131,,0.12543265053067085,0.4173666167050832,0.051252579502871515,months/DT24-M0014/output/cells/SSE_K20/result.json,dfe39285c4f2ca561c5246c96924911d8571cea25642d861dd3fd523489f7bfb
2024-02,SSE,4,2078,completed,True,True,True,[],"[577, 1019, 384, 98]",98,1019,0,0,0,0,26,0.012512030798845043,8,8,28,0.4724028852107208,0.4768924401121318,1.0,saved_same_full_support_starts_only,0.39818769910168217,1884.8571626125388,0.4837067873668117,0.4629112150185377,0.5353793278373098,0.1864992610015762,months/DT24-M0014/output/cells/SSE_K4/result.json,a2d0849411f51e87ac919657e8fadb62076ed8bcfc6d22136af096ef4c57f84a
2024-02,SSE,6,2078,completed,True,True,True,[],"[412, 387, 438, 405, 345, 91]",91,438,0,0,0,0,89,0.04282964388835419,8,8,28,0.8582796984757347,0.8888215358165864,1.0,saved_same_full_support_starts_only,0.3200717696372932,1782.9864217086438,0.5199441011510703,0.3328399608033378,0.48693958776261204,0.1353251810905541,months/DT24-M0014/output/cells/SSE_K6/result.json,77844995f7a888794f237eed5012eac0276cc578642895b5fe130895fdf74de1
2024-02,SSE,8,2078,completed,True,False,False,"[""metric:S_Dbw:undefined""]","[297, 229, 386, 239, 211, 338, 66, 312]",66,386,0,0,0,0,93,0.04475457170356112,8,8,28,0.44655339006679634,0.5512487874073309,1.0,saved_same_full_support_starts_only,0.2854854879969488,1581.8311503062853,,0.26077819843142064,0.4752050359762121,0.1126086931081931,months/DT24-M0014/output/cells/SSE_K8/result.json,0d337262aa8b81a5bc55250fe79d685bc7e43b3ecddd9238929ccdb1a90a3d00
2024-02,SSE,12,2078,completed,True,False,False,"[""metric:S_Dbw:undefined""]","[225, 229, 230, 93, 264, 268, 186, 104, 184, 88, 39, 168]",39,268,0,0,0,0,125,0.060153994225216556,8,8,28,0.37852583202887446,0.5347716267856653,0.7486715129831415,saved_same_full_support_starts_only,0.24413709742850806,1352.6920347978566,,0.18710019153464194,0.4416162681159445,0.07784218254134005,months/DT24-M0014/output/cells/SSE_K12/result.json,6bb331b21ef5ef02f9675bcb1c6a6f6bb2463aa16dbd483adc991784a9b1742e
2024-02,SSE,16,2078,completed,True,False,False,"[""metric:S_Dbw:undefined""]","[179, 201, 100, 290, 152, 112, 162, 167, 192, 82, 42, 64, 45, 214, 60, 16]",16,290,0,0,0,0,103,0.04956689124157844,8,8,28,0.41013854802721333,0.5243631926807386,0.7595565751276188,saved_same_full_support_starts_only,0.24353059548195002,1200.5089296574872,,0.1545311394654765,0.40442014452741304,0.06731610872935732,months/DT24-M0014/output/cells/SSE_K16/result.json,804b0247783bd86321ed0a198cdb445d3b0f74d502b3f476e49a0ae5d9e9b10c
2024-02,Ward,10,2078,completed,True,False,False,"[""metric:S_Dbw:undefined""]","[198, 297, 227, 456, 233, 123, 84, 263, 38, 159]",38,456,0,0,0,0,328,0.15784408084696824,0,,,,,,not_applicable_deterministic_Ward,0.21305415623358945,1241.936895410345,,0.2179922943778495,0.438173306995778,0.09328100069258906,months/DT24-M0014/output/cells/Ward_K10/result.json,463023cdf40085f43e437733d8b09f037d43ee83124085e8c1e9cd9a138efd8f
2024-02,Ward,20,2078,completed,True,False,False,"[""metric:S_Dbw:undefined""]","[198, 212, 85, 170, 57, 297, 108, 159, 75, 50, 106, 34, 69, 23, 78, 50, 116, 159, 17, 15]",15,297,0,0,0,0,426,0.20500481231953802,0,,,,,,not_applicable_deterministic_Ward,0.1605207451203543,916.9652276213725,,0.12463238241217293,0.37660751880411153,0.057204729813284644,months/DT24-M0014/output/cells/Ward_K20/result.json,17ac0a2b6e4982f1b13d035d334bbeef2c98a27397767b7cdc8b263b13bf7a24
2024-02,Ward,4,2078,completed,True,True,True,[],"[425, 458, 773, 422]",422,773,0,0,0,0,269,0.12945139557266602,0,,,,,,not_applicable_deterministic_Ward,0.27593706163389087,1509.930849853896,0.7745299507717174,0.443844885018811,0.5830531751116481,0.15602885353962426,months/DT24-M0014/output/cells/Ward_K4/result.json,bf97ef4184168855932144eb438fb585b23741a502a590a7524cebb62481ee8c
2024-02,Ward,6,2078,completed,True,True,True,[],"[425, 420, 540, 233, 422, 38]",38,540,0,0,0,0,240,0.11549566891241578,0,,,,,,not_applicable_deterministic_Ward,0.29415916154585015,1479.0418490305365,0.6804451033097239,0.33755820225859323,0.4456369108162669,0.13754098749886381,months/DT24-M0014/output/cells/Ward_K6/result.json,c78cf3fcd7dd16d87c8cdbab947290827c543af70feb58b3e710185bdf9aedeb
2024-02,Ward,8,2078,completed,True,False,False,"[""metric:S_Dbw:undefined""]","[425, 297, 540, 233, 123, 263, 38, 159]",38,540,0,0,0,0,329,0.15832531280076997,0,,,,,,not_applicable_deterministic_Ward,0.22592499007942582,1303.8826991672602,,0.26641922655899414,0.43874115752368387,0.10836488651140799,months/DT24-M0014/output/cells/Ward_K8/result.json,b87023f10393697af763131cd6136a1adf674925b8106805663a101ead192c76
2024-02,Ward,12,2078,completed,True,False,False,"[""metric:S_Dbw:undefined""]","[198, 297, 227, 456, 183, 50, 123, 84, 185, 38, 78, 159]",38,456,0,0,0,0,293,0.14100096246390761,0,,,,,,not_applicable_deterministic_Ward,0.22104091628554126,1168.696011996586,,0.18555772962429348,0.4082602783266245,0.08162229238303717,months/DT24-M0014/output/cells/Ward_K12/result.json,0d9782058acd375434f0400937292167c2f822ab28f561da38926fbe667058c5
2024-02,Ward,16,2078,completed,True,False,False,"[""metric:S_Dbw:undefined""]","[198, 212, 85, 227, 297, 183, 159, 50, 123, 34, 185, 23, 78, 50, 159, 15]",15,297,0,0,0,0,417,0.2006737247353224,0,,,,,,not_applicable_deterministic_Ward,0.18381765858415047,1022.3240613828705,,0.15384686184515847,0.3863026611388545,0.06828627454188305,months/DT24-M0014/output/cells/Ward_K16/result.json,085bc65b80c3918c883fcb726c988f740e0ad5a952ecf03d9123f25c15f35867
2024-02,NCut,10,2078,completed,True,False,False,"[""metric:S_Dbw:undefined""]","[170, 307, 168, 407, 299, 286, 138, 135, 129, 39]",39,407,0,0,0,0,245,0.11790182868142444,8,8,28,0.5128095890523616,0.7242182068499238,0.9717836814536333,saved_same_full_support_starts_only,0.23526038909449035,1222.9930331509058,,0.21043541655409279,0.4540465277788575,0.08314435666471834,months/DT24-M0014/output/cells/NCut_K10/result.json,20a5a1e820d9613475da7410a7493508a4c9c495967e7fdac62decb3a08e1450
2024-02,NCut,20,2078,completed,True,False,False,"[""metric:S_Dbw:undefined""]","[76, 93, 149, 198, 123, 122, 203, 101, 140, 98, 117, 53, 68, 59, 68, 131, 66, 127, 50, 36]",36,203,0,0,0,0,316,0.15206929740134745,8,8,28,0.5640485358433777,0.6791598545305728,0.9247489577986243,saved_same_full_support_starts_only,0.1899328098266106,951.218197706947,,0.11228160711540129,0.4464438721845171,0.046059089214779136,months/DT24-M0014/output/cells/NCut_K20/result.json,726bb92603f7994cde30013a7211b549e3cb369ac69fe948d03994fbe38d2097
2024-02,NCut,4,2078,completed,True,True,True,[],"[725, 959, 227, 167]",167,959,0,0,0,0,247,0.1188642925890279,8,8,28,0.5303136589369204,0.5303801836539812,1.0,saved_same_full_support_starts_only,0.30535824010261886,1460.151612227817,0.6578584187459775,0.4587130452190679,0.6140437412494933,0.16266430202133036,months/DT24-M0014/output/cells/NCut_K4/result.json,f3b6f36db7703eeac8c852ec0434cda180191129b8e1d811a99a3f199fdadbd9
2024-02,NCut,6,2078,completed,True,True,True,[],"[369, 436, 395, 552, 228, 98]",98,552,0,0,0,0,251,0.12078922040423484,8,8,28,0.7177553216085906,0.7693313622160278,1.0,saved_same_full_support_starts_only,0.26867860851840525,1405.8999672539944,0.7163118290145871,0.3266139906287985,0.5179627226184483,0.12478682094288,months/DT24-M0014/output/cells/NCut_K6/result.json,db69815f666b4c27b3bccb225146ef2a46ff8d3a3b7bf7b5c23b4e3cc66a04b9
2024-02,NCut,8,2078,completed,True,False,False,"[""metric:S_Dbw:undefined""]","[347, 333, 480, 424, 178, 144, 133, 39]",39,480,0,0,0,0,198,0.09528392685274302,8,8,28,0.5607915005264337,0.761148668881605,0.963986776861778,saved_same_full_support_starts_only,0.262833606618977,1320.9597200278276,,0.2563584902454989,0.45981923164015026,0.10366558899187299,months/DT24-M0014/output/cells/NCut_K8/result.json,ce20abbfe4a884fce0c67244fdddf76ea3e1c592c197f616bfa2bc7acd744c7a
2024-02,NCut,12,2078,completed,True,False,False,"[""metric:S_Dbw:undefined""]","[256, 204, 239, 259, 243, 238, 181, 189, 99, 72, 61, 37]",37,259,0,0,0,0,430,0.20692974013474494,8,8,28,0.5197741409293256,0.7433178051104015,0.9813455991576635,saved_same_full_support_starts_only,0.14817878960492248,711.9359520667624,,0.17138673994901046,0.4591498413844796,0.06916974657254257,months/DT24-M0014/output/cells/NCut_K12/result.json,6a523f23312a8320e6f5acde36fa88e22b52e9a2a516de9b7df00754b80119ab
2024-02,NCut,16,2078,completed,True,False,False,"[""metric:S_Dbw:undefined""]","[88, 173, 196, 231, 191, 215, 221, 110, 102, 80, 62, 157, 82, 65, 71, 34]",34,231,0,0,0,0,327,0.1573628488931665,8,8,28,0.5959311593032117,0.7163751359084773,0.9534809164498129,saved_same_full_support_starts_only,0.19492214705292527,1035.2236648790908,,0.13816224651435194,0.4443029642375612,0.056254990655594764,months/DT24-M0014/output/cells/NCut_K16/result.json,e35fec3644b56aeb08341c498a12214f1eac969264e047dcb68281e66c79edb4
2024-03,SSE,10,2083,completed,True,False,False,"[""metric:S_Dbw:undefined""]","[230, 183, 304, 266, 295, 140, 166, 181, 269, 49]",49,304,0,0,0,0,130,0.06240998559769563,8,8,28,0.37430757169994583,0.5454131993196241,0.695355949124345,saved_same_full_support_starts_only,0.26066403411083783,1453.7264936255951,,0.21456058246635326,0.4664885323137978,0.09086566707914408,months/DT24-M0015/output/cells/SSE_K10/result.json,f772acc2e3372a0fcd8b4746379f59ce59ca9d70552689952687666b95027f31
2024-03,SSE,20,2083,completed,True,False,False,"[""metric:S_Dbw:undefined""]","[144, 65, 103, 139, 139, 124, 57, 167, 188, 127, 89, 136, 102, 21, 52, 53, 89, 209, 58, 21]",21,209,0,0,0,0,138,0.06625060009601537,8,8,28,0.40014535162639675,0.5251009279876193,0.6550638858205714,saved_same_full_support_starts_only,0.22761067617097008,1090.5801602288134,,0.12555885706279374,0.4144224006523355,0.05408452690334693,months/DT24-M0015/output/cells/SSE_K20/result.json,3cdfbae7b375a2ef1667c7f30bfb787cf29a93eed2d27243a52debd8378d497a
2024-03,SSE,4,2083,completed,True,True,True,[],"[592, 997, 391, 103]",103,997,0,0,0,0,28,0.01344215074411906,8,8,28,0.49929641815780823,0.9257557260942456,1.0,saved_same_full_support_starts_only,0.3945492335798651,1921.5686190311394,0.5687463888212612,0.4597352824318074,0.5389033054506482,0.18289626211910148,months/DT24-M0015/output/cells/SSE_K4/result.json,6756432797bb3ae97ba5a61f87ca646e2337f64b2eb2bb3b66cb16e708245a7e
2024-03,SSE,6,2083,completed,True,True,True,[],"[403, 419, 470, 369, 341, 81]",81,470,0,0,0,0,46,0.022083533365338453,8,8,28,0.9175085827307413,0.9543862117575691,1.0,saved_same_full_support_starts_only,0.3234653058994973,1815.2679911055807,0.4492941605194917,0.33218796901943276,0.48245047634342664,0.13318368955086451,months/DT24-M0015/output/cells/SSE_K6/result.json,f07b63b6732a2af27053be3f985ca68fb4c8588b544a4d981583b0a95f3e48cc
2024-03,SSE,8,2083,completed,True,False,False,"[""metric:S_Dbw:undefined""]","[280, 197, 385, 298, 245, 305, 75, 298]",75,385,0,0,0,0,62,0.029764762361977917,8,8,28,0.5574085391246533,0.6522048852379843,1.0,saved_same_full_support_starts_only,0.27993381637418874,1607.902589919215,,0.258239303359049,0.4749759243328733,0.10594801626927543,months/DT24-M0015/output/cells/SSE_K8/result.json,b834c2b7e913fdaa75451846b8d39cb38ab3d87715f820b839c3fb149a1a63c0
2024-03,SSE,12,2083,completed,True,False,False,"[""metric:S_Dbw:undefined""]","[81, 258, 135, 298, 245, 258, 207, 130, 186, 68, 188, 29]",29,298,0,0,0,0,112,0.05376860297647624,8,8,28,0.39565043300242175,0.5161289685453634,0.8009913742176331,saved_same_full_support_starts_only,0.250910514080356,1362.3217512918554,,0.19156864653442093,0.43389254879762623,0.0793652602946164,months/DT24-M0015/output/cells/SSE_K12/result.json,4c5a606f8dca2d05cbcbba808e0457794401eae9ab5054b1dd51ed58cac95cea
2024-03,SSE,16,2083,completed,True,False,False,"[""metric:S_Dbw:undefined""]","[155, 174, 180, 238, 182, 222, 164, 130, 125, 23, 55, 199, 66, 48, 101, 21]",21,238,0,0,0,0,103,0.04944791166586654,8,8,28,0.4155468630462181,0.5118097697159362,0.7814254860583143,saved_same_full_support_starts_only,0.2338609219589646,1214.3721814511666,,0.1554199575289198,0.40695484124938586,0.06416519709203304,months/DT24-M0015/output/cells/SSE_K16/result.json,2ec27dd0b533101ecb0274272a137fb7e206e6b9c3d2bd632239827f057a7d4d
2024-03,Ward,10,2083,completed,True,False,False,"[""metric:S_Dbw:undefined""]","[241, 321, 138, 213, 141, 434, 143, 198, 86, 168]",86,434,0,0,0,0,342,0.1641862698031685,0,,,,,,not_applicable_deterministic_Ward,0.20072445108146378,1253.280109440275,,0.20615012090369164,0.47690303044511356,0.08981834049573514,months/DT24-M0015/output/cells/Ward_K10/result.json,773cb6b8cae999f5d8b5223e49203af74ff5223a83e1dfeb9b3a8fa62c581507
2024-03,Ward,20,2083,completed,True,False,False,"[""metric:S_Dbw:undefined""]","[125, 116, 201, 138, 104, 113, 256, 178, 143, 96, 109, 24, 28, 128, 70, 53, 17, 16, 132, 36]",16,256,0,0,0,0,303,0.14546327412385981,0,,,,,,not_applicable_deterministic_Ward,0.19528194868752832,986.3771627977702,,0.1264611878283077,0.3926439733491376,0.05299490261367074,months/DT24-M0015/output/cells/Ward_K20/result.json,0c60a91694094f74107ac392f4a21eadc924eae4244e527d406cf8657e8724f2
2024-03,Ward,4,2083,completed,True,True,True,[],"[678, 321, 718, 366]",321,718,0,0,0,0,335,0.16082573211713874,0,,,,,,not_applicable_deterministic_Ward,0.26194689995954074,1577.2011123216664,0.9109129972701695,0.44780538342913906,0.55162752819917,0.13937089859702687,months/DT24-M0015/output/cells/Ward_K4/result.json,5739e19d3808116e58b2d8fe40b08c4acdf00305a71fc7f1bad918b912fc7e30
2024-03,Ward,6,2083,completed,True,True,True,[],"[241, 321, 351, 718, 366, 86]",86,718,0,0,0,0,312,0.1497839654344695,0,,,,,,not_applicable_deterministic_Ward,0.2661896511612451,1540.9783730333227,0.6441652221117674,0.3218748002123084,0.48724995190878745,0.13079370335565227,months/DT24-M0015/output/cells/Ward_K6/result.json,a6587a6f617ccb86a2f4bde803f643f9d47abed09ccd322e6e7f56dc82e34360
2024-03,Ward,8,2083,completed,True,False,False,"[""metric:S_Dbw:undefined""]","[241, 321, 138, 213, 284, 434, 366, 86]",86,434,0,0,0,0,358,0.17186749879980798,0,,,,,,not_applicable_deterministic_Ward,0.22818007951662606,1370.7466387494862,,0.24758012385507175,0.49105002473194803,0.1147026494587931,months/DT24-M0015/output/cells/Ward_K8/result.json,6b8989f8ba316cc76cea94a05a7d5fcb0f127a13db618693b3ae48700824445d
2024-03,Ward,12,2083,completed,True,False,False,"[""metric:S_Dbw:undefined""]","[241, 297, 138, 213, 141, 434, 143, 24, 198, 70, 16, 168]",16,434,0,0,0,0,324,0.15554488718194912,0,,,,,,not_applicable_deterministic_Ward,0.20628520116316656,1175.7274533360348,,0.20039673497335997,0.40265818387485086,0.086831833672574,months/DT24-M0015/output/cells/Ward_K12/result.json,ebe8a660235853dc84ad6f81d0af1fbb5b6e9729ad5fc0113cc80b7eed39b81b
2024-03,Ward,16,2083,completed,True,False,False,"[""metric:S_Dbw:undefined""]","[241, 201, 138, 213, 113, 256, 178, 143, 96, 24, 28, 128, 70, 70, 16, 168]",16,256,0,0,0,0,319,0.1531445031204993,0,,,,,,not_applicable_deterministic_Ward,0.20181507404473598,1074.656402540833,,0.1538626465435985,0.39598018953515357,0.0645319982783902,months/DT24-M0015/output/cells/Ward_K16/result.json,a0552f9f7635dc37c169de8c13f77a9666bc16fec11c214f2a540c9e442674b2
2024-03,NCut,10,2083,completed,True,False,False,"[""metric:S_Dbw:undefined""]","[190, 279, 389, 243, 243, 315, 140, 115, 132, 37]",37,389,0,0,0,0,213,0.10225636101776284,8,8,28,0.6605457588784737,0.8300693813819076,0.9930101669585786,saved_same_full_support_starts_only,0.23957008926072682,1217.0563227900216,,0.20878719083990935,0.46998428160590133,0.08376046822535395,months/DT24-M0015/output/cells/NCut_K10/result.json,07a850706964d0be70c4c10d225f0a2fbfbf371f8eb7dc7dca13ac15897632fc
2024-03,NCut,20,2083,completed,True,False,False,"[""metric:S_Dbw:undefined""]","[96, 123, 154, 164, 78, 77, 160, 133, 99, 112, 121, 91, 128, 136, 63, 60, 67, 56, 129, 36]",36,164,0,0,0,0,311,0.14930388862217955,8,8,28,0.5442469247344711,0.6746000655400248,0.7993096616510585,saved_same_full_support_starts_only,0.18660065298467515,961.092283414509,,0.11077638093460568,0.45998488977150864,0.04464249536189628,months/DT24-M0015/output/cells/NCut_K20/result.json,e30bb9c871f644cb27e99e42e76d71d921c30048554cd2b04cda9760c292b74e
2024-03,NCut,4,2083,completed,True,True,True,[],"[701, 989, 232, 161]",161,989,0,0,0,0,219,0.10513682189150264,8,8,28,0.5253413514904994,0.5259313318346258,1.0,saved_same_full_support_starts_only,0.31601955580333185,1514.7400741357394,0.6882401205318937,0.4591748716027545,0.612573266715767,0.16264251222958423,months/DT24-M0015/output/cells/NCut_K4/result.json,0553e5f2c0c2bec6a5d73ec480557a0828dcafb1649deca5a3b1432ad3d4bd18
2024-03,NCut,6,2083,completed,True,True,True,[],"[351, 489, 385, 566, 199, 93]",93,566,0,0,0,0,261,0.12530004800768124,8,8,28,0.6855245898849476,0.736945703531926,0.9930732245079613,saved_same_full_support_starts_only,0.26207415208067125,1380.3865929166197,0.6370113471184473,0.3242673192376749,0.516175809942151,0.12267810342686172,months/DT24-M0015/output/cells/NCut_K6/result.json,8cb6e6f34d9d236051855517aa50d349a1dec383a005ac961e57a63d34bc9a31
2024-03,NCut,8,2083,completed,True,False,False,"[""metric:S_Dbw:undefined""]","[335, 383, 488, 396, 154, 153, 137, 37]",37,488,0,0,0,0,191,0.09169467114738358,8,8,28,0.5899479750995658,0.7571654587632108,0.9607028414315439,saved_same_full_support_starts_only,0.2667757154895078,1330.1574839054415,,0.2550178543127812,0.4620815446182915,0.10252835023945277,months/DT24-M0015/output/cells/NCut_K8/result.json,518eb567a6285473219cf021b732805aa3e32b397d5025ab3ab68f30addf8f71
2024-03,NCut,12,2083,completed,True,False,False,"[""metric:S_Dbw:undefined""]","[147, 202, 230, 315, 244, 186, 256, 164, 75, 100, 127, 37]",37,315,0,0,0,0,300,0.14402304368698993,8,8,28,0.6148220390027532,0.7435463577851029,0.892372276718809,saved_same_full_support_starts_only,0.22070317106781512,1220.8144716009372,,0.1788532601876876,0.45640658490477953,0.07171297341171275,months/DT24-M0015/output/cells/NCut_K12/result.json,1001c80fd66a17dea388f50a3f2570c75f5c1f8a0c72d3fbea13ee2e966e5a31
2024-03,NCut,16,2083,completed,True,False,False,"[""metric:S_Dbw:undefined""]","[153, 173, 206, 149, 98, 216, 168, 261, 154, 142, 74, 65, 56, 76, 59, 33]",33,261,0,0,0,0,403,0.19347095535285647,8,8,28,0.5842537267244694,0.7123308454194177,0.8920640488615276,saved_same_full_support_starts_only,0.1580061336209573,849.3693937491408,,0.13232625592944422,0.46633580544294506,0.055999041263254064,months/DT24-M0015/output/cells/NCut_K16/result.json,ab11f1dae4e5f23f02be9386d2c29c2e2c04d5e6a116dbbeb8b576bc9a47fa78
2024-04,SSE,10,2087,completed,True,False,False,"[""metric:S_Dbw:undefined""]","[259, 262, 350, 296, 112, 352, 191, 80, 164, 21]",21,352,0,0,0,0,98,0.04695735505510302,8,8,28,0.4070961277023861,0.5393383670304338,0.7552827958647568,saved_same_full_support_starts_only,0.2616732358106123,1499.8913758117362,,0.23917736747651885,0.429673812865239,0.09132110761443155,months/DT24-M0016/output/cells/SSE_K10/result.json,9de10a2fa3c2b59d16dafcd2d592a178295ac7a4712c336da27c561a9d9ca186
2024-04,SSE,20,2087,completed,True,False,False,"[""metric:S_Dbw:undefined""]","[108, 149, 83, 100, 202, 163, 128, 66, 146, 48, 166, 104, 56, 105, 53, 43, 77, 209, 61, 20]",20,209,0,0,0,0,117,0.056061332055582176,8,8,28,0.4429919235985177,0.5257662307115208,0.7885048971552611,saved_same_full_support_starts_only,0.23304652254570457,1146.5677178959609,,0.1255729961389985,0.4156439321260735,0.053398289449962895,months/DT24-M0016/output/cells/SSE_K20/result.json,bf30b52b1cb66e38839db83155b04d53c28ba031dec4b6c97a5f6514400999cd
2024-04,SSE,4,2087,completed,True,True,True,[],"[621, 966, 401, 99]",99,966,0,0,0,0,29,0.013895543842836608,8,8,28,0.47513671306316985,0.48478628481510494,1.0,saved_same_full_support_starts_only,0.3940578366618618,1978.0636799756548,0.5225552125301431,0.46192028981437927,0.5308642203065607,0.18178423921919204,months/DT24-M0016/output/cells/SSE_K4/result.json,6080869a4817b25128244a902613d026deac26cdc35b3280a573eec16caf0cf1
2024-04,SSE,6,2087,completed,True,True,True,[],"[371, 479, 422, 414, 331, 70]",70,479,0,0,0,0,38,0.01820795400095831,8,8,28,0.9471160285188389,0.9955477818607326,1.0,saved_same_full_support_starts_only,0.3234152345988216,1866.15676645847,0.5936493435245972,0.33752551442819795,0.4781759626002538,0.13602586966965705,months/DT24-M0016/output/cells/SSE_K6/result.json,13c9436e0e38b9b3e7d8ecb4a94e52b69a1d13aa174e83938b83518534ab9560
2024-04,SSE,8,2087,completed,True,False,False,"[""metric:S_Dbw:undefined""]","[294, 245, 367, 278, 225, 306, 69, 303]",69,367,0,0,0,0,68,0.03258265452803066,8,8,28,0.43548697952090387,0.5727831622575179,0.9047395197491012,saved_same_full_support_starts_only,0.28456419824785434,1657.4715516367553,,0.26125819850067833,0.47558876861308497,0.10803173416834128,months/DT24-M0016/output/cells/SSE_K8/result.json,7be449ab7278795dd29dcffa172384d79583c3f0edec277ede644fa3f4ffbcb1
2024-04,SSE,12,2087,completed,True,False,False,"[""metric:S_Dbw:undefined""]","[87, 199, 158, 222, 229, 264, 181, 354, 72, 203, 98, 20]",20,354,0,0,0,0,128,0.061332055582175374,8,8,28,0.405970402547574,0.5979990903653765,0.8583596702523243,saved_same_full_support_starts_only,0.25017539180500364,1406.1433352176914,,0.20246794866697715,0.4249719607598824,0.07959229200663817,months/DT24-M0016/output/cells/SSE_K12/result.json,c2689df248f7608610ddbccb2682f5803c84d8aacf9cd7204ee1b2fea4853756
2024-04,SSE,16,2087,completed,True,False,False,"[""metric:S_Dbw:undefined""]","[68, 151, 177, 186, 101, 265, 175, 167, 87, 170, 122, 66, 46, 192, 94, 20]",20,265,0,0,0,0,113,0.05414470531863919,8,8,28,0.4122626971740133,0.6034615492909796,0.8112141048697268,saved_same_full_support_starts_only,0.24316819093623993,1273.0947472349992,,0.15512795147378045,0.4243590587433021,0.06222580668613816,months/DT24-M0016/output/cells/SSE_K16/result.json,78d6bbdeb02a4c6abbbda0615682797eb4529cebab5435cecace7bd8b84799cc
2024-04,Ward,10,2087,completed,True,False,False,"[""metric:S_Dbw:undefined""]","[322, 365, 184, 266, 313, 61, 45, 206, 69, 256]",45,365,0,0,0,0,303,0.14518447532343076,0,,,,,,not_applicable_deterministic_Ward,0.2253885122582159,1291.4435298671099,,0.20985725192511967,0.4167155972775611,0.09509662204162617,months/DT24-M0016/output/cells/Ward_K10/result.json,d95f6da0c3e0406702190876902d41515660ded8c7781af389cbe665f98a7c0b
2024-04,Ward,20,2087,completed,True,False,False,"[""metric:S_Dbw:undefined""]","[163, 155, 146, 88, 174, 210, 161, 92, 61, 71, 45, 69, 86, 38, 49, 51, 152, 223, 20, 33]",20,223,0,0,0,0,417,0.1998083373263057,0,,,,,,not_applicable_deterministic_Ward,0.17836521712394265,995.1740020328873,,0.12410000974543993,0.40772542489504243,0.05745973511668911,months/DT24-M0016/output/cells/Ward_K20/result.json,f0c776187b8ef3fefdf6419e378edf198c920291c4e5f7626fa4937d1c70c9f2
2024-04,Ward,4,2087,completed,True,True,True,[],"[528, 1234, 69, 256]",69,1234,0,0,0,0,172,0.08241494968854815,0,,,,,,not_applicable_deterministic_Ward,0.40188379573893157,1611.1276814707433,0.472016758163481,0.4628377575953313,0.513602901680043,0.1672087701061304,months/DT24-M0016/output/cells/Ward_K4/result.json,9475fec890ad7af949b5210d9e43bf943d182aa80bda9298fbad17c6932655f2
2024-04,Ward,6,2087,completed,True,True,True,[],"[528, 549, 311, 374, 69, 256]",69,549,0,0,0,0,314,0.15045519885002395,0,,,,,,not_applicable_deterministic_Ward,0.2656984840261245,1536.0475722419478,0.5743543839461595,0.3300084507540181,0.45434025811939116,0.12659755474336182,months/DT24-M0016/output/cells/Ward_K6/result.json,58df19b1ee3d398c3db5363c37dddf3c4de15eb2bbec55a32c11290454d4958a
2024-04,Ward,8,2087,completed,True,True,True,[],"[322, 365, 184, 311, 374, 206, 69, 256]",69,374,0,0,0,0,327,0.15668423574508863,0,,,,,,not_applicable_deterministic_Ward,0.2190995987818217,1431.336774040788,0.4506738258654612,0.2565574146558322,0.4810239458223856,0.10489729948384316,months/DT24-M0016/output/cells/Ward_K8/result.json,7762624abde9d6214ef847092c973b9235851cf8127b0555e2161a0fbea88d7a
2024-04,Ward,12,2087,completed,True,False,False,"[""metric:S_Dbw:undefined""]","[163, 365, 184, 159, 266, 313, 61, 45, 206, 49, 256, 20]",20,365,0,0,0,0,323,0.15476760900814565,0,,,,,,not_applicable_deterministic_Ward,0.21577521141612865,1201.247333471228,,0.19834152981025224,0.3976112659792401,0.08892862508634995,months/DT24-M0016/output/cells/Ward_K12/result.json,218fd2fc529d1d46858936b2964d232b60c8bada07e9a7ad2d5ec34df785d257
2024-04,Ward,16,2087,completed,True,False,False,"[""metric:S_Dbw:undefined""]","[163, 155, 184, 159, 174, 210, 313, 92, 61, 45, 155, 49, 51, 223, 20, 33]",20,313,0,0,0,0,407,0.19501677048394825,0,,,,,,not_applicable_deterministic_Ward,0.19008545757055959,1084.9550452896456,,0.15333931374713147,0.39403900568197553,0.07070724985439043,months/DT24-M0016/output/cells/Ward_K16/result.json,49a6f4e0e4b77f5a8d6c50fd6478d6303e3c7619c439fd4b0fb7775cfe1af5d9
2024-04,NCut,10,2087,completed,True,False,False,"[""metric:S_Dbw:undefined""]","[165, 187, 300, 370, 319, 369, 95, 122, 120, 40]",40,370,0,0,0,0,224,0.1073310972688069,8,8,28,0.6140881031044889,0.7137632613573743,0.9153311383411269,saved_same_full_support_starts_only,0.23606237933940535,1258.974274590855,,0.21040048409204543,0.4502469565870946,0.08477846381349972,months/DT24-M0016/output/cells/NCut_K10/result.json,6e4782611af3d858aa8ee8d9c1592cc0012930b80a19abc5cf6ca79661681d08
2024-04,NCut,20,2087,completed,True,False,False,"[""metric:S_Dbw:undefined""]","[78, 164, 133, 85, 93, 153, 195, 147, 158, 94, 165, 135, 95, 64, 48, 56, 112, 58, 34, 20]",20,195,0,0,0,0,308,0.14758025874460948,8,8,28,0.5832673325807011,0.6970693601319957,0.8883606123095427,saved_same_full_support_starts_only,0.19510920770594214,1067.3631143510863,,0.1251650272095284,0.4308421497446317,0.04673642660225279,months/DT24-M0016/output/cells/NCut_K20/result.json,15c8ba61b2c7000263cd2384884047f030bcd109972550013f2abd396f8aebd0
2024-04,NCut,4,2087,completed,True,True,True,[],"[709, 960, 263, 155]",155,960,0,0,0,0,229,0.10972688068998562,8,8,28,0.5033078994245337,0.5350880745512951,1.0,saved_same_full_support_starts_only,0.31432009504754,1545.2456828936213,0.6549300831117573,0.4629010921845166,0.6133609820318143,0.16058801836830128,months/DT24-M0016/output/cells/NCut_K4/result.json,a673f9fc1a4e11745e75700bd2dbdb070132b754a6bf8ded0f1b8e19a2e2317d
2024-04,NCut,6,2087,completed,True,True,True,[],"[374, 519, 342, 564, 196, 92]",92,564,0,0,0,0,229,0.10972688068998562,8,8,28,0.6987995919306194,0.7040770252309946,1.0,saved_same_full_support_starts_only,0.27337334534122104,1444.9609591306657,0.511639648424723,0.3279225368872168,0.5163977531173762,0.12664609338527016,months/DT24-M0016/output/cells/NCut_K6/result.json,6d2d161b58134f920bf7d56440382c754ae9f762fa6081fd43ea618b49cb948d
2024-04,NCut,8,2087,completed,True,True,True,[],"[334, 410, 492, 389, 174, 123, 123, 42]",42,492,0,0,0,0,185,0.08864398658361285,8,8,28,0.5838606025644256,0.755239773681072,0.9800164836758362,saved_same_full_support_starts_only,0.26728250881430077,1383.1312691633877,0.43735414936545447,0.25825958315025405,0.4570816953493507,0.10380881769286307,months/DT24-M0016/output/cells/NCut_K8/result.json,73131b656bae88130a0a86c9ba2c8856886a03a173924462efc9e79970a8a780
2024-04,NCut,12,2087,completed,True,False,False,"[""metric:S_Dbw:undefined""]","[144, 174, 222, 318, 193, 197, 229, 187, 194, 69, 123, 37]",37,318,0,0,0,0,253,0.12122664111164351,8,8,28,0.48464015782946157,0.6613137926677468,0.9128575156060358,saved_same_full_support_starts_only,0.2118487548017715,1275.9746429626964,,0.18100712376759273,0.45785532704300386,0.07355759777189703,months/DT24-M0016/output/cells/NCut_K12/result.json,316ba1baf91459962c5f92f3477fb9b4ba382b289a8f950728ede4c25876e660
2024-04,NCut,16,2087,completed,True,False,False,"[""metric:S_Dbw:undefined""]","[131, 163, 169, 121, 109, 153, 212, 120, 172, 191, 146, 72, 63, 103, 127, 35]",35,212,0,0,0,0,303,0.14518447532343076,8,8,28,0.6339901868077715,0.7439667103405943,0.91424244370894,saved_same_full_support_starts_only,0.21467262451091143,1150.5411199380774,,0.1394793228318241,0.45896250914245396,0.05514292643489603,months/DT24-M0016/output/cells/NCut_K16/result.json,4dda29370a6342a72ce7831f766b88a725cc916e342cfa06f8ff697b61df407a
2024-05,SSE,10,2085,completed,True,False,False,"[""metric:S_Dbw:undefined""]","[179, 186, 187, 340, 267, 271, 304, 64, 268, 19]",19,340,0,0,0,0,73,0.03501199040767386,8,8,28,0.5204207216054652,0.6338486105204058,0.9200561651683463,saved_same_full_support_starts_only,0.26992112172652616,1458.1726535553207,,0.23650275199339665,0.436441689264874,0.097397352301022,months/DT24-M0017/output/cells/SSE_K10/result.json,a9f2af9905652d1c526cd3ebca65ec4b8ba3eeb9f44169f99eb5e7980a114d69
2024-05,SSE,20,2085,completed,True,False,False,"[""metric:S_Dbw:undefined""]","[84, 122, 56, 129, 132, 164, 71, 158, 197, 130, 144, 121, 73, 30, 109, 36, 53, 205, 60, 11]",11,205,0,0,0,0,109,0.05227817745803357,8,8,28,0.44873668809888584,0.5469410886778725,0.6298235566008644,saved_same_full_support_starts_only,0.23007120269307743,1112.2215780832316,,0.12470464472353746,0.41098482911707857,0.05628693817945965,months/DT24-M0017/output/cells/SSE_K20/result.json,66e7f727e2f3a9a5abaa0f7f74421b5cbfda8b8f252714c3c5917b7d7154d9f8
2024-05,SSE,4,2085,completed,True,True,True,[],"[607, 941, 136, 401]",136,941,0,0,0,0,56,0.02685851318944844,8,8,28,0.46245310765207037,0.47421341667160427,1.0,saved_same_full_support_starts_only,0.3862930195595932,1898.1460584767713,0.545716281117736,0.4626476183725866,0.5406366313368972,0.18372346856645436,months/DT24-M0017/output/cells/SSE_K4/result.json,dbd00f8887c015d6580e882411e565fedfb23aa04309f8359ea53e97d107236d
2024-05,SSE,6,2085,completed,True,True,True,[],"[378, 449, 425, 422, 343, 68]",68,449,0,0,0,0,39,0.01870503597122302,8,8,28,0.9648646518122105,0.9661145418790197,1.0,saved_same_full_support_starts_only,0.32711137720421724,1812.7565853913347,0.6122390419437803,0.3410337401015676,0.4770332910317348,0.14059367674431728,months/DT24-M0017/output/cells/SSE_K6/result.json,b69362c20fb77094fc956c3311faad468cd534ce11f8d094a6238da08e930206
2024-05,SSE,8,2085,completed,True,False,False,"[""metric:S_Dbw:undefined""]","[292, 234, 358, 231, 260, 344, 58, 308]",58,358,0,0,0,0,67,0.03213429256594724,8,8,28,0.45855611847141853,0.6077906741427597,1.0,saved_same_full_support_starts_only,0.2891426050418918,1601.6229385196273,,0.26689884291806315,0.47123071127434496,0.11341138208135247,months/DT24-M0017/output/cells/SSE_K8/result.json,9a86142fcb3712c5cc5d003971b5e9c66d0c7698bbbc5389f5074c82bb2b6971
2024-05,SSE,12,2085,completed,True,False,False,"[""metric:S_Dbw:undefined""]","[77, 265, 122, 292, 244, 233, 249, 131, 197, 30, 56, 189]",30,292,0,0,0,0,85,0.0407673860911271,8,8,28,0.4777984116027215,0.6026635730793859,0.9040528308577567,saved_same_full_support_starts_only,0.25740608509450835,1369.9494844514768,,0.18821293280051044,0.4265143440683583,0.08348441990213101,months/DT24-M0017/output/cells/SSE_K12/result.json,6300fe114064595c23008992a16e75a744d1cb68c20ffe804d784b4f22ee2087
2024-05,SSE,16,2085,completed,True,False,False,"[""metric:S_Dbw:undefined""]","[158, 89, 194, 170, 155, 217, 214, 151, 88, 40, 165, 82, 40, 150, 158, 14]",14,217,0,0,0,0,128,0.06139088729016787,8,8,28,0.40093907248690397,0.5423235583961299,0.7742486886568188,saved_same_full_support_starts_only,0.23805782006465842,1231.7450883801112,,0.15379687813353304,0.4190687853010933,0.06421639868227555,months/DT24-M0017/output/cells/SSE_K16/result.json,e92ac18ccf671a3d5a65da7b367e055628121720475a4f3fe4e4465b46c31672
2024-05,Ward,10,2085,completed,True,False,False,"[""metric:S_Dbw:undefined""]","[151, 204, 166, 308, 206, 292, 288, 112, 43, 315]",43,315,0,0,0,0,361,0.17314148681055155,0,,,,,,not_applicable_deterministic_Ward,0.22885078322372496,1285.5955689474367,,0.21805317492828122,0.45876879532306175,0.09771913221157053,months/DT24-M0017/output/cells/Ward_K10/result.json,6f37c9388a6ab86739f0e0edf96565127aeace3a30b65d01831ab8f75b73ca63
2024-05,Ward,20,2085,completed,True,False,False,"[""metric:S_Dbw:undefined""]","[129, 100, 32, 308, 107, 104, 137, 220, 155, 134, 99, 30, 22, 82, 32, 68, 234, 53, 28, 11]",11,308,0,0,0,0,378,0.18129496402877698,0,,,,,,not_applicable_deterministic_Ward,0.19510801326637786,962.5129623986595,,0.12411852091809314,0.372530739574459,0.06546609314490735,months/DT24-M0017/output/cells/Ward_K20/result.json,5c633133a6cc1f82782c2741429c12cc9559094f790d85c01196f2c37bad8246
2024-05,Ward,4,2085,completed,True,True,True,[],"[673, 1054, 43, 315]",43,1054,0,0,0,0,171,0.08201438848920864,0,,,,,,not_applicable_deterministic_Ward,0.3822477284271512,1645.6800741892105,0.5114080768838769,0.4844573958911349,0.5052719508722303,0.18074664523129977,months/DT24-M0017/output/cells/Ward_K4/result.json,f2574bf83ff4a38e89b83eeee8f132f8871c72f7d55a729023b6ef878259f16e
2024-05,Ward,6,2085,completed,True,True,True,[],"[355, 762, 318, 292, 43, 315]",43,762,0,0,0,0,344,0.16498800959232615,0,,,,,,not_applicable_deterministic_Ward,0.2616129629168438,1479.7526074846337,0.6728461954327827,0.3427041499526224,0.46589755332865723,0.15033221834722174,months/DT24-M0017/output/cells/Ward_K6/result.json,939707849882025a8cb6765dac65bf24f54fcc7cb3d8c4193800cddad3802b8e
2024-05,Ward,8,2085,completed,True,True,True,[],"[151, 204, 166, 596, 318, 292, 43, 315]",43,596,0,0,0,0,323,0.15491606714628298,0,,,,,,not_applicable_deterministic_Ward,0.23111143107053939,1372.2152018487106,0.5826503601007854,0.26712357202752834,0.4435134822372012,0.11700367796835177,months/DT24-M0017/output/cells/Ward_K8/result.json,8fa977c9e5c8bb4b34a502f68b96d15217eadff9d0da7b14b37081a4b0caa8bc
2024-05,Ward,12,2085,completed,True,False,False,"[""metric:S_Dbw:undefined""]","[151, 204, 166, 308, 206, 137, 288, 155, 112, 43, 262, 53]",43,308,0,0,0,0,386,0.18513189448441247,0,,,,,,not_applicable_deterministic_Ward,0.21347097386643057,1180.8655436781519,,0.18519004849000437,0.44879873142435767,0.08557195851824892,months/DT24-M0017/output/cells/Ward_K12/result.json,397858ac87989bad955e9e85f6296391e314a10517d2b304620f991168b174ec
2024-05,Ward,16,2085,completed,True,False,False,"[""metric:S_Dbw:undefined""]","[129, 204, 166, 308, 206, 137, 288, 155, 30, 22, 82, 32, 234, 53, 28, 11]",11,308,0,0,0,0,361,0.17314148681055155,0,,,,,,not_applicable_deterministic_Ward,0.21716703498609968,1044.029995562669,,0.1526431525868513,0.3649074627643643,0.0789577534631558,months/DT24-M0017/output/cells/Ward_K16/result.json,cbefc6449f81562218cdc2f79c70365a4f63c7460399cccd9341d373fe63d20d
2024-05,NCut,10,2085,completed,True,False,False,"[""metric:S_Dbw:undefined""]","[165, 269, 231, 404, 241, 264, 189, 148, 140, 34]",34,404,0,0,0,0,248,0.11894484412470024,8,8,28,0.6514605351035554,0.7514615722923574,0.9394973561709608,saved_same_full_support_starts_only,0.23054353919171736,1192.179415495766,,0.2108403749718784,0.4613898862861655,0.08490410175424322,months/DT24-M0017/output/cells/NCut_K10/result.json,5e493e894af878e14be706a05427a564d33fabba135ed48e25da9546f66a4f9c
2024-05,NCut,20,2085,completed,True,False,False,"[""metric:S_Dbw:undefined""]","[86, 134, 90, 116, 134, 155, 162, 191, 132, 60, 109, 101, 60, 56, 66, 141, 65, 59, 136, 32]",32,191,0,0,0,0,299,0.1434052757793765,8,8,28,0.5463112454608103,0.6285168395241145,0.7805878412170393,saved_same_full_support_starts_only,0.1920076998629655,977.9472005773383,,0.1141524397219481,0.4477265637346105,0.0477973411125232,months/DT24-M0017/output/cells/NCut_K20/result.json,56a236913928acf0d929d416d7fdfc4d7d9cbac412fa3f44c6f481cf1215fff5
2024-05,NCut,4,2085,completed,True,True,True,[],"[735, 934, 250, 166]",166,934,0,0,0,0,285,0.1366906474820144,8,8,28,0.5021628789069162,0.9249152425216243,1.0,saved_same_full_support_starts_only,0.2964386637486344,1440.6299930919083,0.7114197881748346,0.4639470292292457,0.6198369322536923,0.16088210939436928,months/DT24-M0017/output/cells/NCut_K4/result.json,9f5dc89f03f042a8feaa7bae76ad913a053268fdbdcfad162e92c84035d26b9a
2024-05,NCut,6,2085,completed,True,True,True,[],"[353, 488, 452, 496, 211, 85]",85,496,0,0,0,0,264,0.12661870503597122,8,8,28,0.6402823066461144,0.7952279642561868,1.0,saved_same_full_support_starts_only,0.26971033221404556,1372.5486291459995,0.6168517694371203,0.33068563167654924,0.5166873907387175,0.12713570691425666,months/DT24-M0017/output/cells/NCut_K6/result.json,7c8bf2220d433ba1b756cbee2c9c68e111d6ae1484d60a9cbc52b062ef03675d
2024-05,NCut,8,2085,completed,True,True,True,[],"[303, 376, 474, 410, 170, 178, 137, 37]",37,474,0,0,0,0,208,0.09976019184652278,8,8,28,0.6254394321692889,0.7770257395533318,0.9964273708179977,saved_same_full_support_starts_only,0.2542097461869756,1256.5818433987654,0.35059519490186997,0.2573977067221834,0.46923528567912753,0.10379556286631075,months/DT24-M0017/output/cells/NCut_K8/result.json,00e21dd78fd6ef274a1bcef04ccd26ea4ae58cab5c8fa177fc359f7c120ea43c
2024-05,NCut,12,2085,completed,True,False,False,"[""metric:S_Dbw:undefined""]","[143, 302, 176, 318, 236, 270, 218, 164, 87, 79, 60, 32]",32,318,0,0,0,0,394,0.18896882494004796,8,8,28,0.6219576080976746,0.8050182717909149,0.9957839152184446,saved_same_full_support_starts_only,0.17772523078795405,886.5255434814078,,0.1756498872018446,0.4596349086932754,0.07320657000108982,months/DT24-M0017/output/cells/NCut_K12/result.json,c156159078058e29ce6da26609fa77a096bda8caa2cabc84d6c86b208b3a741f
2024-05,NCut,16,2085,completed,True,False,False,"[""metric:S_Dbw:undefined""]","[103, 124, 146, 117, 179, 143, 191, 146, 172, 196, 172, 109, 62, 135, 59, 31]",31,196,0,0,0,0,512,0.24556354916067147,8,8,28,0.6331952602031388,0.7395689689962774,0.8696542018959453,saved_same_full_support_starts_only,0.154635595650809,874.7880116338989,,0.1349957137381417,0.4715806740734188,0.05648298590334457,months/DT24-M0017/output/cells/NCut_K16/result.json,8e5b3750f84ac3300a919d947b041dff65c149a8723638549474594c3f055aa7
2024-06,SSE,10,2084,completed,True,False,False,"[""metric:S_Dbw:undefined""]","[258, 225, 319, 279, 346, 95, 138, 201, 53, 170]",53,346,0,0,0,0,83,0.03982725527831094,8,8,28,0.42392179852154144,0.518769749854338,0.9817344896463953,saved_same_full_support_starts_only,0.26779366389431764,1540.4961254375785,,0.21465058187647135,0.45686957874240636,0.08864655389481566,months/DT24-M0018/output/cells/SSE_K10/result.json,b1d3125c451e1cb43716a6b8f83ee3e1e8634cfa31df98e450de36eeb61386fc
2024-06,SSE,20,2084,completed,True,False,False,"[""metric:S_Dbw:undefined""]","[114, 97, 48, 150, 114, 102, 205, 207, 180, 166, 93, 97, 30, 108, 19, 197, 45, 37, 20, 55]",19,207,0,0,0,0,116,0.05566218809980806,8,8,28,0.43730739195911794,0.5319935721704929,0.6458506038839916,saved_same_full_support_starts_only,0.2406773938546766,1162.6395409385727,,0.12069690913368974,0.39976741518928494,0.05582630768543698,months/DT24-M0018/output/cells/SSE_K20/result.json,5299d6e2ba0eae132bc35db51ccd47a50a6b2f2a327d543e5bc4cf019ffc67d6
2024-06,SSE,4,2084,completed,True,True,True,[],"[588, 989, 396, 111]",111,989,0,0,0,0,33,0.01583493282149712,8,8,28,0.48258453514252936,0.979171069129249,1.0,saved_same_full_support_starts_only,0.3905713549728082,1981.677284402478,0.5128538616333589,0.4573012138776194,0.5456953823259472,0.18108908503670762,months/DT24-M0018/output/cells/SSE_K4/result.json,db363740b956802ca0e3ab384d80436fa8167cd9257599830eeccf83ec693a83
2024-06,SSE,6,2084,completed,True,True,True,[],"[376, 390, 448, 452, 340, 78]",78,452,0,0,0,0,25,0.01199616122840691,8,8,28,0.9630808585754813,0.9899483719631329,1.0,saved_same_full_support_starts_only,0.3265943969541007,1894.9713672849257,0.45873954976890774,0.33219533191767026,0.48601668729008823,0.13235625105787288,months/DT24-M0018/output/cells/SSE_K6/result.json,22e524bddb1c3f6122543e94c981d3425c8df29eef253ba1180ab29baadece78
2024-06,SSE,8,2084,completed,True,False,False,"[""metric:S_Dbw:undefined""]","[296, 252, 337, 241, 242, 343, 60, 313]",60,343,0,0,0,0,74,0.03550863723608445,8,8,28,0.5085774598503559,0.7726854626977167,0.9988602428745544,saved_same_full_support_starts_only,0.2909753370258978,1686.6657413997661,,0.2592242422234259,0.4806088678608787,0.11005472744339259,months/DT24-M0018/output/cells/SSE_K8/result.json,31f15b875058d461fba54625fc25d40b6af62ab7e61120c4945b448a5afad9f8
2024-06,SSE,12,2084,completed,True,False,False,"[""metric:S_Dbw:undefined""]","[52, 228, 190, 172, 295, 255, 156, 248, 188, 98, 39, 163]",39,295,0,0,0,0,99,0.04750479846449136,8,8,28,0.38548904488243646,0.4805889333850189,0.6514093003044334,saved_same_full_support_starts_only,0.24775144611452765,1412.208700997677,,0.18427932448243403,0.4403817429950806,0.07596483155094838,months/DT24-M0018/output/cells/SSE_K12/result.json,a6dbc5bc58057436cb2b1b39661e17953f48f8e2e4e87ce5e1d5ecf3b4ee4b64
2024-06,SSE,16,2084,completed,True,False,False,"[""metric:S_Dbw:undefined""]","[113, 168, 66, 174, 205, 198, 244, 159, 190, 66, 38, 130, 20, 212, 57, 44]",20,244,0,0,0,0,113,0.05422264875239923,8,8,28,0.3947501573611797,0.5168435942360878,0.7264470988682481,saved_same_full_support_starts_only,0.24437346465367696,1278.2567779469437,,0.14868172045614494,0.40731626026783374,0.06483956062941901,months/DT24-M0018/output/cells/SSE_K16/result.json,0af07fd28e64c00b3cc144d2a7ab244d332e8070b7e49f3829cf9e08c46fe7f7
2024-06,Ward,10,2084,completed,True,False,False,"[""metric:S_Dbw:undefined""]","[289, 189, 499, 184, 151, 222, 156, 57, 289, 48]",48,499,0,0,0,0,318,0.15259117082533588,0,,,,,,not_applicable_deterministic_Ward,0.2264903951082168,1316.2374545834757,,0.20645545905028043,0.44119302873725946,0.09960238353044046,months/DT24-M0018/output/cells/Ward_K10/result.json,9f799a6402a00010a8942b594119d575b2fe0ef6fcae2040fcf42aa25119f589
2024-06,Ward,20,2084,completed,True,False,False,"[""metric:S_Dbw:undefined""]","[174, 115, 36, 93, 164, 184, 127, 91, 222, 151, 153, 139, 24, 45, 126, 48, 132, 17, 31, 12]",12,222,0,0,0,0,395,0.18953934740882916,0,,,,,,not_applicable_deterministic_Ward,0.17333299073385744,993.3865370019289,,0.124372657988788,0.38757941687330666,0.05267903460829282,months/DT24-M0018/output/cells/Ward_K20/result.json,71d197e6bf1db3d1f92e21aa593f03b1e90f1773ec8bb3536d9d282febbd0c15
2024-06,Ward,4,2084,completed,True,True,True,[],"[686, 688, 373, 337]",337,688,0,0,0,0,273,0.13099808061420345,0,,,,,,not_applicable_deterministic_Ward,0.28658325216911223,1787.555108463113,0.7690442235921863,0.45658856730760444,0.5591998071836047,0.15514334247798214,months/DT24-M0018/output/cells/Ward_K4/result.json,c1b4a426ffef56a1b20e8b7cb521f7590cf563000d3b38f98ff22081183c1fe1
2024-06,Ward,6,2084,completed,True,True,True,[],"[289, 688, 340, 373, 57, 337]",57,688,0,0,0,0,227,0.10892514395393474,0,,,,,,not_applicable_deterministic_Ward,0.2813045107053574,1650.2884311794091,0.4881298342675928,0.3278229346183338,0.48954465540590864,0.13917735790185765,months/DT24-M0018/output/cells/Ward_K6/result.json,35cea4f7f4b7492f70d929d740d615c582a6c1c0e6a164c07d72a601a0839b63
2024-06,Ward,8,2084,completed,True,False,False,"[""metric:S_Dbw:undefined""]","[289, 189, 499, 340, 151, 222, 57, 337]",57,499,0,0,0,0,280,0.1343570057581574,0,,,,,,not_applicable_deterministic_Ward,0.2504288559252375,1480.4778838937198,,0.25337571837970874,0.45412785319170274,0.11030876851439672,months/DT24-M0018/output/cells/Ward_K8/result.json,dd56464f28c449290478da5080e4dbce7ece078954a117f04a75cf32a1672932
2024-06,Ward,12,2084,completed,True,False,False,"[""metric:S_Dbw:undefined""]","[289, 189, 184, 315, 184, 151, 222, 156, 57, 126, 48, 163]",48,315,0,0,0,0,367,0.17610364683301344,0,,,,,,not_applicable_deterministic_Ward,0.18653071095370957,1219.3432986093692,,0.17615420565714712,0.4571174690781924,0.07450266499624372,months/DT24-M0018/output/cells/Ward_K12/result.json,89695c421e187c6b96df18af53c419f039fd8aef1a422b17e435897043fa5a6c
2024-06,Ward,16,2084,completed,True,False,False,"[""metric:S_Dbw:undefined""]","[174, 115, 36, 184, 315, 184, 127, 222, 153, 156, 24, 45, 126, 48, 163, 12]",12,315,0,0,0,0,377,0.1809021113243762,0,,,,,,not_applicable_deterministic_Ward,0.18156850293022908,1083.4247638392715,,0.15273083855271785,0.3947229486143277,0.06242829929824467,months/DT24-M0018/output/cells/Ward_K16/result.json,a056ab0a60970abcc4f92a35bf4514039a967fc846f93cd04a7d79b414108787
2024-06,NCut,10,2084,completed,True,False,False,"[""metric:S_Dbw:undefined""]","[277, 164, 248, 286, 342, 350, 139, 113, 125, 40]",40,350,0,0,0,0,243,0.11660268714011517,8,8,28,0.6991355709892416,0.832706450007931,0.9958811444453991,saved_same_full_support_starts_only,0.24000115403013128,1287.3835172025904,,0.20791250326751548,0.4709108817233228,0.08351820174271628,months/DT24-M0018/output/cells/NCut_K10/result.json,01b35fb13e61e20274f5da599723a1618075b37317a2876f8cfece80ba1a03d5
2024-06,NCut,20,2084,completed,True,False,False,"[""metric:S_Dbw:undefined""]","[128, 141, 88, 122, 114, 161, 126, 120, 134, 132, 65, 119, 105, 63, 113, 118, 93, 61, 49, 32]",32,161,0,0,0,0,388,0.18618042226487524,8,8,28,0.4443486268858717,0.611188385843559,0.8507983178251788,saved_same_full_support_starts_only,0.1565907948234329,867.3610536531065,,0.10814782785834536,0.46785303701482794,0.04321776633191099,months/DT24-M0018/output/cells/NCut_K20/result.json,d297bda2df7700eecaeee8ee08e4e405b0ce9996f72f46ed92b56e954e1b51d3
2024-06,NCut,4,2084,completed,True,True,True,[],"[730, 1026, 216, 112]",112,1026,0,0,0,0,219,0.10508637236084453,8,8,28,0.5947771769239788,0.9619047880023965,1.0,saved_same_full_support_starts_only,0.32746729678497183,1484.1606304645616,0.5760609705118294,0.45221263064776046,0.5930718644980268,0.16639639153462968,months/DT24-M0018/output/cells/NCut_K4/result.json,501b11c4e182bad4dce89a51c1eea8fc9a8a4cffc545c5c921df36fa98e3d9ea
2024-06,NCut,6,2084,completed,True,True,True,[],"[346, 451, 427, 587, 184, 89]",89,587,0,0,0,0,324,0.15547024952015356,8,8,28,0.6475319384268353,0.7394760109316144,0.997507749095671,saved_same_full_support_starts_only,0.2531489441426424,1310.7829565223053,0.5688707906163369,0.31905330672027743,0.5076006546111193,0.11823391932402368,months/DT24-M0018/output/cells/NCut_K6/result.json,0277cc04408b1bff99549925613b00592fc67fab3b659b2274feb1c403c10cb3
2024-06,NCut,8,2084,completed,True,False,False,"[""metric:S_Dbw:undefined""]","[315, 362, 490, 441, 148, 161, 127, 40]",40,490,0,0,0,0,204,0.09788867562380038,8,8,28,0.63318723241473,0.7890175139081428,0.9942948804426771,saved_same_full_support_starts_only,0.26743742709015456,1387.4956761031165,,0.2540872402141121,0.46444085696177684,0.10135259308710994,months/DT24-M0018/output/cells/NCut_K8/result.json,8827dda48df07ebbb9735f89a9d5d9f7a7516f68d7c36fc162f3b3262ea578a1
2024-06,NCut,12,2084,completed,True,False,False,"[""metric:S_Dbw:undefined""]","[141, 221, 258, 199, 205, 234, 314, 135, 108, 107, 124, 38]",38,314,0,0,0,0,330,0.15834932821497122,8,8,28,0.6269151156123222,0.7696164415465265,0.9960234659013589,saved_same_full_support_starts_only,0.2045967348106389,1190.4130837924536,,0.1766424075920872,0.47357941149800076,0.07195397378677752,months/DT24-M0018/output/cells/NCut_K12/result.json,d3ad8172a48da5fc15f705194b350780e29cb323912dad41b028d282c4cc5481
2024-06,NCut,16,2084,completed,True,False,False,"[""metric:S_Dbw:undefined""]","[125, 147, 204, 253, 87, 219, 240, 211, 176, 57, 72, 97, 52, 63, 49, 32]",32,253,0,0,0,0,315,0.15115163147792707,8,8,28,0.5353079741700982,0.67430863268307,0.9098806455041237,saved_same_full_support_starts_only,0.1992062330058727,1067.341253309209,,0.13586096535485284,0.447084137968429,0.05811473357015001,months/DT24-M0018/output/cells/NCut_K16/result.json,aa02954adc82abfaec89c91f8846ff938916ffbd83536a3f8fb6f58721ebde5a
2024-07,SSE,10,2089,completed,True,False,False,"[""metric:S_Dbw:undefined""]","[263, 251, 295, 281, 325, 84, 155, 209, 56, 170]",56,325,0,0,0,0,100,0.04786979415988511,8,8,28,0.470327642240772,0.6081744949668079,0.943686505018791,saved_same_full_support_starts_only,0.2678980648306299,1579.7283325946128,,0.20624219097038587,0.46313158274588323,0.08445027228509981,months/DT24-M0019/output/cells/SSE_K10/result.json,a36c0a4e93134f74a8e468267d288f0e6d8227b9459553abbb1f32738abc83c5
2024-07,SSE,20,2089,completed,True,False,False,"[""metric:S_Dbw:undefined""]","[152, 40, 170, 172, 121, 113, 129, 205, 92, 177, 117, 88, 36, 124, 66, 32, 167, 34, 42, 12]",12,205,0,0,0,0,107,0.051220679751077074,8,8,28,0.41924357025991776,0.5077461531457619,0.6666784392974744,saved_same_full_support_starts_only,0.2315161205718224,1167.1642580668993,,0.11428712262841352,0.4059502048247118,0.050926490046554626,months/DT24-M0019/output/cells/SSE_K20/result.json,d5d669d1c28987a208377d118e46dde6598e5df7dde369255cac5af122b64914
2024-07,SSE,4,2089,completed,True,True,True,[],"[571, 595, 504, 419]",419,595,0,0,0,0,41,0.019626615605552896,8,8,28,0.576290193892025,0.9430168514476798,1.0,saved_same_full_support_starts_only,0.3166184000222175,2140.1785576572734,0.6425330658218587,0.4520584852085209,0.5756627412084995,0.15341489753559223,months/DT24-M0019/output/cells/SSE_K4/result.json,b20bfffda4d9827ea7de505c0e1d4d60188d0681a0ccb96141557183245199c5
2024-07,SSE,6,2089,completed,True,True,True,[],"[398, 426, 447, 404, 339, 75]",75,447,0,0,0,0,39,0.018669219722355194,8,8,28,0.7059989110883519,0.9779906613531737,1.0,saved_same_full_support_starts_only,0.3256568934655207,1931.323155027421,0.49254258871799705,0.3230816408089278,0.49295063717585036,0.12729985773880753,months/DT24-M0019/output/cells/SSE_K6/result.json,e718f2597b2b2913f09d4dfab82fca6960dc091dafad2f48c044cfd6332e583d
2024-07,SSE,8,2089,completed,True,False,False,"[""metric:S_Dbw:undefined""]","[288, 275, 354, 290, 166, 341, 70, 305]",70,354,0,0,0,0,82,0.03925323121110579,8,8,28,0.5266838732449651,0.7767543338422304,0.9373525021634747,saved_same_full_support_starts_only,0.287007887500789,1710.2239264579682,,0.2496167639521633,0.48445774227630967,0.10382337282626142,months/DT24-M0019/output/cells/SSE_K8/result.json,fa3c0f66bda41ca7a4394357662f5a91127f2992bf397b46ddcf7f100f6a5f0b
2024-07,SSE,12,2089,completed,True,False,False,"[""metric:S_Dbw:undefined""]","[218, 157, 141, 282, 253, 228, 250, 147, 63, 56, 227, 67]",56,282,0,0,0,0,88,0.0421254188606989,8,8,28,0.4602223616459862,0.5843972647022824,0.850411937769802,saved_same_full_support_starts_only,0.2469137615884362,1451.4870259877773,,0.17470237666538893,0.4461059501680365,0.07346090335390543,months/DT24-M0019/output/cells/SSE_K12/result.json,116664e108f53fa1f24f342da4851e19d635af7e92b0ae554c6e6dd8a426c4f4
2024-07,SSE,16,2089,completed,True,False,False,"[""metric:S_Dbw:undefined""]","[208, 180, 195, 144, 213, 193, 177, 150, 31, 47, 152, 62, 27, 83, 178, 49]",27,213,0,0,0,0,127,0.060794638583054096,8,8,28,0.4034456942863489,0.5287892351592023,0.6462282549266448,saved_same_full_support_starts_only,0.23124212925562895,1266.9278868411627,,0.1364293949089949,0.41265943309509234,0.05995708580546593,months/DT24-M0019/output/cells/SSE_K16/result.json,35aa02dbc971c5c0d45efd5d2359dfb3e0b055b183a2fac16ba097bf8213f834
2024-07,Ward,10,2089,completed,True,False,False,"[""metric:S_Dbw:undefined""]","[160, 209, 290, 343, 231, 385, 133, 48, 82, 208]",48,385,0,0,0,0,294,0.14073719483006222,0,,,,,,not_applicable_deterministic_Ward,0.23123532470159253,1369.253319375304,,0.20174904346733186,0.4608086695605738,0.08582088571311679,months/DT24-M0019/output/cells/Ward_K10/result.json,4bb78e00aff4f4290162fa61dda7449d7ab2830b47db3f9379b1b5e7ab246fa3
2024-07,Ward,20,2089,completed,True,False,False,"[""metric:S_Dbw:undefined""]","[160, 154, 187, 226, 93, 117, 142, 243, 138, 86, 23, 48, 55, 47, 18, 80, 177, 53, 31, 11]",11,243,0,0,0,0,436,0.2087123025370991,0,,,,,,not_applicable_deterministic_Ward,0.18155702973734178,994.544437004975,,0.11147587039423591,0.38681218692527486,0.05549693521715163,months/DT24-M0019/output/cells/Ward_K20/result.json,e512e3159ccc1287308eb2ac2548c0739c7368c00fd73a45df6a5ea64303f761
2024-07,Ward,4,2089,completed,True,True,True,[],"[524, 499, 290, 776]",290,776,0,0,0,0,214,0.10244135950215415,0,,,,,,not_applicable_deterministic_Ward,0.2810516062911917,1899.0555151216308,0.6258866930719575,0.43912427819060407,0.5663284202420643,0.148317908445918,months/DT24-M0019/output/cells/Ward_K4/result.json,3d335efaa46c792594eae87aeea013a3f0d376b4f9d1b3ad34325830da6db332
2024-07,Ward,6,2089,completed,True,True,True,[],"[524, 417, 290, 343, 433, 82]",82,524,0,0,0,0,332,0.1589277166108186,0,,,,,,not_applicable_deterministic_Ward,0.24220560212872738,1536.6577522065338,0.4796737567523777,0.30988460100865806,0.48675498808921036,0.12197889185565376,months/DT24-M0019/output/cells/Ward_K6/result.json,3042431db96abe8f492134e03353dc3200f9daf9cdef98f3f4803ed23471a618
2024-07,Ward,8,2089,completed,True,False,False,"[""metric:S_Dbw:undefined""]","[391, 209, 290, 343, 433, 133, 82, 208]",82,433,0,0,0,0,330,0.15797032072762088,0,,,,,,not_applicable_deterministic_Ward,0.22970459062450826,1436.5954071862823,,0.24682981289594202,0.4813603709877822,0.09476019683710243,months/DT24-M0019/output/cells/Ward_K8/result.json,5b706bf80eda9b4f72e5c9b781821c8003b9bc5a268dcbeacd818a4ca06f8d47
2024-07,Ward,12,2089,completed,True,False,False,"[""metric:S_Dbw:undefined""]","[160, 209, 290, 343, 231, 142, 243, 133, 48, 29, 208, 53]",29,343,0,0,0,0,406,0.19435136428913355,0,,,,,,not_applicable_deterministic_Ward,0.19480680661220254,1241.509694868369,,0.1709025754737194,0.431188733649535,0.07713787445989094,months/DT24-M0019/output/cells/Ward_K12/result.json,ed23598a18318b1319ec0d14f29fda3bfdc035ce364741becffdd58b1a846b1c
2024-07,Ward,16,2089,completed,True,False,False,"[""metric:S_Dbw:undefined""]","[160, 154, 187, 226, 231, 117, 142, 243, 133, 103, 48, 55, 29, 177, 53, 31]",29,243,0,0,0,0,482,0.23073240785064625,0,,,,,,not_applicable_deterministic_Ward,0.17226796373442535,1087.60166321737,,0.13168463296404717,0.41955409745777744,0.058808558248629975,months/DT24-M0019/output/cells/Ward_K16/result.json,241cc2e6ed187e84b7f1ac9d1b6229d831514776ad5a09fa2d1e2ab724e408f9
2024-07,NCut,10,2089,completed,True,False,False,"[""metric:S_Dbw:undefined""]","[204, 205, 296, 372, 269, 359, 105, 116, 115, 48]",48,372,0,0,0,0,236,0.11297271421732887,8,8,28,0.6896086783637898,0.7856622005249065,0.9682416582708512,saved_same_full_support_starts_only,0.2402497692061954,1377.1165663952402,,0.20346326027663536,0.46814792143911577,0.0808343549305088,months/DT24-M0019/output/cells/NCut_K10/result.json,fef509bc414b624107724d3b7073b21ac6692a80c2abac2a7a606f24f424e41b
2024-07,NCut,20,2089,completed,True,False,False,"[""metric:S_Dbw:undefined""]","[101, 115, 122, 165, 115, 100, 154, 145, 163, 141, 128, 149, 63, 79, 70, 50, 61, 72, 64, 32]",32,165,0,0,0,0,391,0.18717089516515079,8,8,28,0.5575048905264033,0.6812907733021446,0.8814537773435787,saved_same_full_support_starts_only,0.16154046554468612,912.3823048857023,,0.10581499439275169,0.4672559216932263,0.040395859142123285,months/DT24-M0019/output/cells/NCut_K20/result.json,a4d3abaa5e81e4f402c9b4d62bee52ddfb3f736c4c31bbaa4ea86b227696084f
2024-07,NCut,4,2089,completed,True,True,True,[],"[680, 964, 225, 220]",220,964,0,0,0,0,199,0.09526089037817137,8,8,28,0.5575401213892224,0.9825768534121384,1.0,saved_same_full_support_starts_only,0.3122086630350274,1841.1451368637363,0.5508290917998218,0.45141203933699475,0.6126543967341406,0.15555841306692253,months/DT24-M0019/output/cells/NCut_K4/result.json,a18ce5cc7bef9306e66fb5ebf5007f12fff5fb485b951016e5cc8c8032736a38
2024-07,NCut,6,2089,completed,True,True,True,[],"[350, 406, 507, 459, 153, 214]",153,507,0,0,0,0,233,0.11153662039253232,8,8,28,0.6541748983420032,0.9952921748670088,1.0,saved_same_full_support_starts_only,0.27824611940476185,1688.399419636114,0.5613477383384395,0.31789178863729955,0.5185396510852404,0.11175492253837499,months/DT24-M0019/output/cells/NCut_K6/result.json,7f231efed593b7679df84fd69f947d0d4703ab9219d33eacc971f889c5c3e9b9
2024-07,NCut,8,2089,completed,True,False,False,"[""metric:S_Dbw:undefined""]","[301, 369, 476, 439, 158, 158, 138, 50]",50,476,0,0,0,0,211,0.10100526567735758,8,8,28,0.6022277945781355,0.7721003788270295,0.979204608546706,saved_same_full_support_starts_only,0.2686238163163067,1475.4976206245967,,0.24773460275708575,0.4738677443935047,0.09642464951639644,months/DT24-M0019/output/cells/NCut_K8/result.json,660b3d4960ada4d16fc2a5d812e2066c564e09c81449d75a5c37eee6cb39bef7
2024-07,NCut,12,2089,completed,True,False,False,"[""metric:S_Dbw:undefined""]","[109, 173, 271, 232, 196, 197, 314, 129, 167, 98, 149, 54]",54,314,0,0,0,0,332,0.1589277166108186,8,8,28,0.5466552202036608,0.6841430303465299,0.8071806194718819,saved_same_full_support_starts_only,0.2107326826152253,1285.899011018182,,0.17144987042360227,0.4826816699694488,0.07143259722366355,months/DT24-M0019/output/cells/NCut_K12/result.json,f6369f55c3aa57bd15c4f80b77b3717b0eb207113d017708b719ba419de0ab2b
2024-07,NCut,16,2089,completed,True,False,False,"[""metric:S_Dbw:undefined""]","[69, 195, 168, 225, 196, 155, 156, 107, 169, 168, 117, 99, 54, 102, 75, 34]",34,225,0,0,0,0,312,0.14935375777884155,8,8,28,0.4998220435923485,0.6517103662351281,0.9232827712088885,saved_same_full_support_starts_only,0.18082611112008443,1108.540626917506,,0.13095840018908605,0.4540734231703349,0.05129693398498318,months/DT24-M0019/output/cells/NCut_K16/result.json,b58931cef2fe7b9718c0269470c225819dda11a2cf71407bb712175bb9ac9990
2024-08,SSE,10,2094,completed,True,False,False,"[""metric:S_Dbw:undefined""]","[269, 190, 379, 261, 247, 166, 140, 214, 61, 167]",61,379,0,0,0,0,94,0.044890162368672396,8,8,28,0.46712835534377867,0.601843327012452,0.8314434068948612,saved_same_full_support_starts_only,0.2548594727283206,1591.3751019281249,,0.20040143010470501,0.4741988710056678,0.07864317405153415,months/DT24-M0020/output/cells/SSE_K10/result.json,681184aab9c020c86e78e5c4001f39805556d19cde2b2a61ab6fba062c3fb295
2024-08,SSE,20,2094,completed,True,False,False,"[""metric:S_Dbw:undefined""]","[146, 99, 58, 161, 94, 141, 229, 173, 141, 180, 121, 37, 59, 40, 30, 125, 52, 39, 133, 36]",30,229,0,0,0,0,97,0.04632282712511939,8,8,28,0.42605479006436414,0.5283898738121734,0.6229802765310191,saved_same_full_support_starts_only,0.22894168583756624,1183.030575082165,,0.10550289918455263,0.41630970774178516,0.04745699607913771,months/DT24-M0020/output/cells/SSE_K20/result.json,bd991a69cba41e993127a62b7d8f4d89c3334115fe68cffba878e5ebac38da43
2024-08,SSE,4,2094,completed,True,True,True,[],"[459, 567, 684, 384]",384,684,0,0,0,0,15,0.0071633237822349575,8,8,28,0.6667410780454365,1.0,1.0,saved_same_full_support_starts_only,0.30311004133279673,2269.809945670528,0.7184650825836126,0.45017490120855447,0.5941943454128913,0.1442880260128604,months/DT24-M0020/output/cells/SSE_K4/result.json,1fd24ed638c645fffd7270156cdbeb2d5802cf1d8b49856a1f293afb4e26a9eb
2024-08,SSE,6,2094,completed,True,True,True,[],"[401, 427, 439, 413, 331, 83]",83,439,0,0,0,0,37,0.01766953199617956,8,8,28,0.38764140937526537,0.6998717944696831,0.9974606095525591,saved_same_full_support_starts_only,0.316294830905826,1954.2910982513454,0.6601716186609811,0.3156886640487017,0.5030145972612494,0.12231162795559117,months/DT24-M0020/output/cells/SSE_K6/result.json,39b0bb9f4c889f90bac05a5ef1505c34455790437ddfd05f6194e779904e5e55
2024-08,SSE,8,2094,completed,True,False,False,"[""metric:S_Dbw:undefined""]","[303, 307, 386, 222, 312, 198, 67, 299]",67,386,0,0,0,0,108,0.05157593123209169,8,8,28,0.45588182384162956,0.587544630943192,0.9889383606798476,saved_same_full_support_starts_only,0.28567033443321155,1728.6237017034925,,0.24390444684754606,0.4940442912549819,0.10128107215713669,months/DT24-M0020/output/cells/SSE_K8/result.json,a44a71e43ae6db015db3ddf2e0a9392c508f0e7ca936318e6af7e50e287e43a2
2024-08,SSE,12,2094,completed,True,False,False,"[""metric:S_Dbw:undefined""]","[238, 75, 230, 258, 206, 280, 170, 97, 115, 208, 54, 163]",54,280,0,0,0,0,116,0.055396370582617004,8,8,28,0.3910583330998347,0.5062933447812252,0.6440336761081116,saved_same_full_support_starts_only,0.24980338216755452,1477.7763691537739,,0.1694204373695919,0.45508323732749084,0.07002831617104806,months/DT24-M0020/output/cells/SSE_K12/result.json,546a61b22913adbb9f002759392519b42425f85eaf3e9f7f29f507330edaaea3
2024-08,SSE,16,2094,completed,True,False,False,"[""metric:S_Dbw:undefined""]","[182, 59, 214, 202, 181, 214, 132, 141, 102, 45, 143, 95, 78, 53, 200, 53]",45,214,0,0,0,0,111,0.05300859598853868,8,8,28,0.41040930465848324,0.5904520301370586,0.7982521591872767,saved_same_full_support_starts_only,0.23908340818162607,1321.6352491533405,,0.12997635667276772,0.43712989730179413,0.05736398377326452,months/DT24-M0020/output/cells/SSE_K16/result.json,c583f3ed126a9a8cea02bffbad0dec8b169ec35c1ed3504036ffebbbb09600db
2024-08,Ward,10,2094,completed,True,False,False,"[""metric:S_Dbw:undefined""]","[342, 174, 218, 349, 297, 163, 238, 107, 61, 145]",61,349,0,0,0,0,404,0.1929321872015282,0,,,,,,not_applicable_deterministic_Ward,0.19461643386578123,1344.7401418537224,,0.19696833857168186,0.46669347085294915,0.07646270758847502,months/DT24-M0020/output/cells/Ward_K10/result.json,42e591093600998cc9784341067029f6401d775657085cd16ce2ca21ccca2ead
2024-08,Ward,20,2094,completed,True,False,False,"[""metric:S_Dbw:undefined""]","[90, 174, 150, 205, 128, 144, 297, 110, 96, 68, 28, 101, 72, 35, 53, 137, 47, 123, 22, 14]",14,297,0,0,0,0,394,0.18815663801337154,0,,,,,,not_applicable_deterministic_Ward,0.17456719621846908,1022.2282847494135,,0.10589474104345144,0.3994522313350362,0.05124521224287131,months/DT24-M0020/output/cells/Ward_K20/result.json,bf10bcc3a38d73afc72862a3033ca2d7f2031088f5a6806cf231d3bfa5c2be8f
2024-08,Ward,4,2094,completed,True,True,True,[],"[516, 678, 456, 444]",444,678,0,0,0,0,251,0.11986628462273162,0,,,,,,not_applicable_deterministic_Ward,0.26497449312912125,1976.3771781622863,0.6873435343321513,0.4370238806022203,0.5777146886322426,0.14839143894421594,months/DT24-M0020/output/cells/Ward_K4/result.json,b70931129a69175d6c691b52cdbea4b3bec5b51635fbe1765f36ed56353b17f0
2024-08,Ward,6,2094,completed,True,True,True,[],"[516, 218, 456, 460, 383, 61]",61,516,0,0,0,0,293,0.1399235912129895,0,,,,,,not_applicable_deterministic_Ward,0.2520639648668548,1554.134902844177,0.45920745529707374,0.3066379813152469,0.47184391472357073,0.11889148853818679,months/DT24-M0020/output/cells/Ward_K6/result.json,b9248e773aa2d4d3fe1768c74cf19d41643740695b80b112cc2e0089bae799dd
2024-08,Ward,8,2094,completed,True,True,True,[],"[516, 218, 349, 460, 238, 107, 61, 145]",61,516,0,0,0,0,414,0.1977077363896848,0,,,,,,not_applicable_deterministic_Ward,0.2093069150584112,1411.3381162108121,0.3330495439893959,0.2412643868065544,0.4527014537606555,0.09694934872840132,months/DT24-M0020/output/cells/Ward_K8/result.json,0474c2642044dc5c0a4db0f8e2665c1f7468d71e7d16e59d5efb4825e6375450
2024-08,Ward,12,2094,completed,True,False,False,"[""metric:S_Dbw:undefined""]","[118, 174, 150, 349, 224, 297, 163, 68, 238, 107, 61, 145]",61,349,0,0,0,0,339,0.16189111747851004,0,,,,,,not_applicable_deterministic_Ward,0.199841070105238,1259.7293523211636,,0.16647561381874018,0.4500193631910751,0.06921929379379131,months/DT24-M0020/output/cells/Ward_K12/result.json,385e6a22c04d55147d952a0febab086a8b776dd03ecdc751785ed3777088348a
2024-08,Ward,16,2094,completed,True,False,False,"[""metric:S_Dbw:undefined""]","[118, 174, 150, 349, 128, 297, 110, 96, 68, 101, 72, 35, 53, 137, 61, 145]",35,349,0,0,0,0,358,0.17096466093600765,0,,,,,,not_applicable_deterministic_Ward,0.18001466655249396,1111.6496937572497,,0.12739117784344395,0.42852860024961004,0.057522911402648154,months/DT24-M0020/output/cells/Ward_K16/result.json,d7758cd88702cbb2531ed964de50ee999c2ff8785be35f05938a59d067c944ac
2024-08,NCut,10,2094,completed,True,False,False,"[""metric:S_Dbw:undefined""]","[168, 265, 377, 324, 233, 204, 228, 129, 119, 47]",47,377,0,0,0,0,375,0.17908309455587393,8,8,28,0.6129125668123648,0.6876470895928976,0.9770282997674457,saved_same_full_support_starts_only,0.1962407672127881,1212.134743058908,,0.19506252264997512,0.47262064809622145,0.07357337533525385,months/DT24-M0020/output/cells/NCut_K10/result.json,6d4658aa066d75d4f58a39c42408cfdfc446d5ed8f7f4026495ade6250252291
2024-08,NCut,20,2094,completed,True,False,False,"[""metric:S_Dbw:undefined""]","[75, 70, 95, 74, 126, 138, 122, 132, 126, 185, 135, 130, 130, 84, 128, 77, 103, 76, 57, 31]",31,185,0,0,0,0,343,0.16380133715377268,8,8,28,0.6419324647918322,0.7150024580403345,0.8148685617288727,saved_same_full_support_starts_only,0.1741466568419263,1057.0507410985854,,0.10404660125533285,0.4679037252908453,0.03987756856848437,months/DT24-M0020/output/cells/NCut_K20/result.json,cc1321894babbd5e404aeff7f51edfbdfa918b1fdfb1324f2cd854e5fb30d7b5
2024-08,NCut,4,2094,completed,True,True,True,[],"[724, 924, 231, 215]",215,924,0,0,0,0,205,0.09789875835721108,8,8,28,0.6496965090897707,0.6574632995464427,1.0,saved_same_full_support_starts_only,0.3121201729155754,1971.0318715610329,0.47720213708061165,0.4463211102887881,0.6093599692571894,0.15190054212998308,months/DT24-M0020/output/cells/NCut_K4/result.json,2ed71adf0c4148bac0f96ba4b413880fefbe0f506f4d54dfea458b84d8292af3
2024-08,NCut,6,2094,completed,True,True,True,[],"[340, 454, 489, 446, 138, 227]",138,489,0,0,0,0,204,0.09742120343839542,8,8,28,0.4885434905701287,0.9945019613089716,1.0,saved_same_full_support_starts_only,0.2778724016694613,1772.6613487419556,0.5769221794242376,0.3131062405260047,0.5206479828031203,0.11093532294328644,months/DT24-M0020/output/cells/NCut_K6/result.json,8245d848064bfcae17d7a7af6a4d270bcef18ed91710d06ad5b98ecd046504d7
2024-08,NCut,8,2094,completed,True,False,False,"[""metric:S_Dbw:undefined""]","[291, 388, 462, 412, 177, 189, 121, 54]",54,462,0,0,0,0,262,0.1251193887297039,8,8,28,0.6341143848170179,0.8212944429429341,1.0,saved_same_full_support_starts_only,0.2570842300840262,1496.1979594673878,,0.2421871215541031,0.47823939952572136,0.09338647004475611,months/DT24-M0020/output/cells/NCut_K8/result.json,f21b403f0472f210bf2102a56000540f50b4e94876f41bba373b0e5f533fc3bf
2024-08,NCut,12,2094,completed,True,False,False,"[""metric:S_Dbw:undefined""]","[148, 261, 257, 289, 244, 224, 194, 115, 91, 115, 112, 44]",44,289,0,0,0,0,365,0.17430754536771728,8,8,28,0.6736756970321922,0.8089334549943097,0.9783183402912878,saved_same_full_support_starts_only,0.19761308295725744,1274.7023393202276,,0.16807123831084578,0.4694680279622126,0.06354247886254275,months/DT24-M0020/output/cells/NCut_K12/result.json,2e4a5a8b1a15ce86d4b1745a54b44638c958a5f2b0f9a6ddbd3970c46545b34a
2024-08,NCut,16,2094,completed,True,False,False,"[""metric:S_Dbw:undefined""]","[107, 203, 81, 250, 222, 142, 191, 174, 102, 149, 119, 90, 59, 108, 63, 34]",34,250,0,0,0,0,352,0.16809933142311365,8,8,28,0.6425990465232567,0.7394558693536881,0.879777280831793,saved_same_full_support_starts_only,0.173244172219107,1125.383992133822,,0.12823800720771011,0.45198483302976605,0.05068825570001076,months/DT24-M0020/output/cells/NCut_K16/result.json,b4b27c26c309942251d00a6bb820efd1e0f8727e974b032ba0f8310b9e9f4d31
2024-09,SSE,10,2100,completed,True,False,False,"[""metric:S_Dbw:undefined""]","[141, 272, 191, 264, 336, 189, 261, 209, 73, 164]",73,336,0,0,0,0,99,0.047142857142857146,8,8,28,0.3982033107132946,0.5713260806980891,0.8013293507685726,saved_same_full_support_starts_only,0.2552245093086425,1569.4495804407197,,0.20419803482656793,0.4789304742933508,0.08029984797885005,months/DT24-M0021/output/cells/SSE_K10/result.json,f10bf77786b792e01f75be1c7db83d7aeca79d299cf9049e030b5547284e1b22
2024-09,SSE,20,2100,completed,True,False,False,"[""metric:S_Dbw:undefined""]","[143, 165, 154, 152, 125, 110, 154, 134, 147, 106, 38, 72, 64, 129, 36, 42, 210, 20, 41, 58]",20,210,0,0,0,0,110,0.05238095238095238,8,8,28,0.4231379176423746,0.5676380317666605,0.7446888206061267,saved_same_full_support_starts_only,0.22848746906155323,1171.3888457602523,,0.11307740022254566,0.42182406137336914,0.05281949292021366,months/DT24-M0021/output/cells/SSE_K20/result.json,704c7cb085abe0235ce4bf5afdc67528607b639bf3d11d2195f7377555fc6392
2024-09,SSE,4,2100,completed,True,True,True,[],"[501, 554, 676, 369]",369,676,0,0,0,0,49,0.023333333333333334,8,8,28,0.4315158173357197,0.8644112072820943,1.0,saved_same_full_support_starts_only,0.3037062828423101,2101.384406964994,0.615434361059263,0.45433597230090644,0.5874876126122411,0.14672114078770904,months/DT24-M0021/output/cells/SSE_K4/result.json,f062eeddf1299861b8e50ea8bcf0c7f6d8836603eb10014fc173646b7858846d
2024-09,SSE,6,2100,completed,True,True,True,[],"[396, 467, 440, 379, 339, 79]",79,467,0,0,0,0,45,0.02142857142857143,8,8,28,0.9780299168219684,0.994339671370202,1.0,saved_same_full_support_starts_only,0.328753353495409,1964.327293572783,0.44461399673815655,0.3224830947213645,0.4935595298887032,0.12825030227141737,months/DT24-M0021/output/cells/SSE_K6/result.json,53570ac6026c172d4cf05fdece4fa4049c4ce45a9c0b2d7abb00cc7024b6c935
2024-09,SSE,8,2100,completed,True,True,True,[],"[176, 279, 302, 397, 333, 246, 70, 297]",70,397,0,0,0,0,47,0.02238095238095238,8,8,28,0.46942585380492996,0.5628846262232534,0.9894847192164569,saved_same_full_support_starts_only,0.28666084634225775,1711.622770026429,0.5910322930469395,0.24926533742013715,0.4870751809166185,0.1034421340936672,months/DT24-M0021/output/cells/SSE_K8/result.json,b8c081912f124fc4c0f20310c9ce2468286be38a94aab8f7db2a9c4ea13ef350
2024-09,SSE,12,2100,completed,True,False,False,"[""metric:S_Dbw:undefined""]","[123, 256, 241, 251, 266, 252, 92, 158, 203, 69, 164, 25]",25,266,0,0,0,0,121,0.05761904761904762,8,8,28,0.4062625826185931,0.5480689957480414,0.8712837944025663,saved_same_full_support_starts_only,0.25240246769005936,1448.0591614678056,,0.1791582848194061,0.43691388662812486,0.07362892961527516,months/DT24-M0021/output/cells/SSE_K12/result.json,8fae3ebe979cc4a2d946e1dd2c3981cb437c3b5e8a2fb3a8d3bde3cc146caa49
2024-09,SSE,16,2100,completed,True,False,False,"[""metric:S_Dbw:undefined""]","[162, 208, 203, 143, 141, 171, 168, 173, 132, 40, 68, 133, 60, 214, 62, 22]",22,214,0,0,0,0,142,0.06761904761904762,8,8,28,0.4634708403112559,0.5599704709199316,0.7638166284539769,saved_same_full_support_starts_only,0.22817177329125113,1280.6066973380393,,0.13844333995863475,0.42895351670051574,0.06007811472043249,months/DT24-M0021/output/cells/SSE_K16/result.json,ed32e1b1c539a85eadc3a5bc736e0bc52fb91785c8778204ae3667cf488a9b70
2024-09,Ward,10,2100,completed,True,False,False,"[""metric:S_Dbw:undefined""]","[226, 293, 214, 164, 148, 286, 306, 232, 78, 153]",78,306,0,0,0,0,377,0.17952380952380953,0,,,,,,not_applicable_deterministic_Ward,0.1953271615722943,1350.3972834092724,,0.19976870592511287,0.4956238106272916,0.08255530519205798,months/DT24-M0021/output/cells/Ward_K10/result.json,52a1f22d846ca1cc364a82c3a3b3d7f3ee3ca9c4f71c1b0fe3b089cdcf57d72b
2024-09,Ward,20,2100,completed,True,False,False,"[""metric:S_Dbw:undefined""]","[96, 130, 248, 214, 164, 116, 152, 251, 134, 32, 55, 81, 49, 103, 45, 48, 17, 134, 19, 12]",12,251,0,0,0,0,406,0.19333333333333333,0,,,,,,not_applicable_deterministic_Ward,0.18502598193019754,1024.8677868316104,,0.11380156897446382,0.3848006574608116,0.052252421645883,months/DT24-M0021/output/cells/Ward_K20/result.json,1a173e36770495deb90329582e50b29645a9bb94fd9f8a02d6b954839707c539
2024-09,Ward,4,2100,completed,True,True,True,[],"[538, 1099, 385, 78]",78,1099,0,0,0,0,103,0.04904761904761905,0,,,,,,not_applicable_deterministic_Ward,0.39851841887766687,1969.724647991204,0.48764753851618936,0.44626875939758076,0.5366001736333627,0.1778115638054424,months/DT24-M0021/output/cells/Ward_K4/result.json,1fc27c40fa41d145ce545c579eb2d80f37a6027b41348faf5e9095bf4057d274
2024-09,Ward,6,2100,completed,True,True,True,[],"[538, 507, 286, 306, 385, 78]",78,538,0,0,0,0,266,0.12666666666666668,0,,,,,,not_applicable_deterministic_Ward,0.2851108200673076,1662.2713382414122,0.49785985200008287,0.3122394338743164,0.47411934535701494,0.12434119559069616,months/DT24-M0021/output/cells/Ward_K6/result.json,48d1c4a0b92820b65d03f6ef63e363c9ef9985551aa13606668f00c6e294f2c6
2024-09,Ward,8,2100,completed,True,True,True,[],"[226, 507, 312, 286, 306, 232, 78, 153]",78,507,0,0,0,0,338,0.16095238095238096,0,,,,,,not_applicable_deterministic_Ward,0.21912754137092363,1473.2306272592841,0.3944472028338526,0.246082426617911,0.48225332032253515,0.09162740613081899,months/DT24-M0021/output/cells/Ward_K8/result.json,c411b96b5ebf2b5a4fcb83fdaa15d8463bb364c16cc00bbd3b3d5ee652c710f5
2024-09,Ward,12,2100,completed,True,False,False,"[""metric:S_Dbw:undefined""]","[226, 293, 214, 164, 148, 286, 251, 55, 232, 49, 29, 153]",29,293,0,0,0,0,369,0.1757142857142857,0,,,,,,not_applicable_deterministic_Ward,0.19691877695492302,1251.008545026553,,0.17407537096355577,0.43391274192838386,0.07692519329763994,months/DT24-M0021/output/cells/Ward_K12/result.json,1a779d25bea4e03c9ea32a34995c8c598ccc3084dea1cdf23d44fe0483973353
2024-09,Ward,16,2100,completed,True,False,False,"[""metric:S_Dbw:undefined""]","[96, 130, 248, 214, 164, 148, 152, 251, 134, 55, 184, 49, 45, 48, 29, 153]",29,251,0,0,0,0,390,0.18571428571428572,0,,,,,,not_applicable_deterministic_Ward,0.18869962782866664,1110.4014409295023,,0.13281988279203694,0.4267240366386034,0.060418353320856565,months/DT24-M0021/output/cells/Ward_K16/result.json,b069d21cf5915ed0f399176a7d64c73d46ee85f7e95ed5d6a70a7ba5f7b05ea8
2024-09,NCut,10,2100,completed,True,False,False,"[""metric:S_Dbw:undefined""]","[211, 170, 424, 258, 306, 333, 117, 117, 112, 52]",52,424,0,0,0,0,232,0.11047619047619048,8,8,28,0.6127854564998447,0.7694605288580861,0.9945365298154696,saved_same_full_support_starts_only,0.2407960985300281,1367.3364766595723,,0.20320000989244008,0.4702384072431771,0.08031919215213668,months/DT24-M0021/output/cells/NCut_K10/result.json,0d5c17c7c7089637bf3f9fd11032d7e48e65d11adc03ff1b687280b3eed83bae
2024-09,NCut,20,2100,completed,True,False,False,"[""metric:S_Dbw:undefined""]","[69, 83, 161, 173, 91, 92, 108, 143, 203, 109, 157, 112, 56, 74, 126, 71, 54, 55, 94, 69]",54,203,0,0,0,0,455,0.21666666666666667,8,8,28,0.6190476526089579,0.7267720655847597,0.842774128985454,saved_same_full_support_starts_only,0.14700434743716667,935.7911146976135,,0.10440286386171337,0.48378024427399563,0.04298978163666904,months/DT24-M0021/output/cells/NCut_K20/result.json,23bb288925211400456a60932638ac6428f3f0eda2011d5cf790e8383f688228
2024-09,NCut,4,2100,completed,True,True,True,[],"[713, 985, 287, 115]",115,985,0,0,0,0,175,0.08333333333333333,8,8,28,0.6305037407641032,0.6344330044675246,1.0,saved_same_full_support_starts_only,0.33330572899869554,1747.2855088519061,0.6356992012882265,0.4517995622838228,0.5897029406577547,0.16153471588183757,months/DT24-M0021/output/cells/NCut_K4/result.json,6162115a4252742e0ad0f68cb0dae77221f2753bf04ff1e81e9b6b3f06a1b662
2024-09,NCut,6,2100,completed,True,True,True,[],"[351, 457, 471, 442, 144, 235]",144,471,0,0,0,0,215,0.10238095238095238,8,8,28,0.7251859120505236,0.8349991327391784,1.0,saved_same_full_support_starts_only,0.2875603454106833,1644.3881419931959,0.6344631535363723,0.314951894421171,0.5196437286677766,0.11429418471433433,months/DT24-M0021/output/cells/NCut_K6/result.json,1823d5a3df5635c8296dc5e4e815483b8703d25c94a2cb4608a853e408e9776a
2024-09,NCut,8,2100,completed,True,True,True,[],"[286, 430, 443, 388, 173, 182, 144, 54]",54,443,0,0,0,0,219,0.10428571428571429,8,8,28,0.601527555772215,0.7484444729551563,0.9681324253687911,saved_same_full_support_starts_only,0.2670710349742783,1491.8751127988075,0.3135117049838114,0.24784062484292332,0.48180836811509814,0.0971914486899788,months/DT24-M0021/output/cells/NCut_K8/result.json,4e888073a7127b8319c40ff50744aa287f45fb10a82a1afadbb74c9d60babc21
2024-09,NCut,12,2100,completed,True,False,False,"[""metric:S_Dbw:undefined""]","[163, 233, 309, 230, 220, 183, 259, 133, 99, 109, 110, 52]",52,309,0,0,0,0,261,0.12428571428571429,8,8,28,0.5380363670253127,0.7401961821156289,0.9929489946942619,saved_same_full_support_starts_only,0.20834335779799873,1282.9608541945554,,0.17191812521645847,0.4695703591702581,0.0647841169721843,months/DT24-M0021/output/cells/NCut_K12/result.json,40ef3c4cb68060e9a58c936096b382195713d59c1878fc9f54b4cb97fc9797db
2024-09,NCut,16,2100,completed,True,False,False,"[""metric:S_Dbw:undefined""]","[190, 210, 131, 208, 210, 210, 146, 170, 146, 115, 89, 51, 64, 66, 62, 32]",32,210,0,0,0,0,338,0.16095238095238096,8,8,28,0.535252369265409,0.6731264537172296,0.906456126441451,saved_same_full_support_starts_only,0.17199255650214337,1048.580541841152,,0.13044855150741053,0.44449898174934643,0.05177289018185627,months/DT24-M0021/output/cells/NCut_K16/result.json,b1ebb784e87c15e84c6dfa48ab25959b7c43d0f7664e5fa353fbfe435c146630
2024-10,SSE,10,2092,completed,True,False,False,"[""metric:S_Dbw:undefined""]","[198, 278, 242, 334, 188, 215, 223, 202, 54, 158]",54,334,0,0,0,0,140,0.06692160611854685,8,8,28,0.39676116004679646,0.48608172790233367,0.7647098332800089,saved_same_full_support_starts_only,0.24337374110112356,1532.0405472247405,,0.206568528441278,0.48348876293923126,0.0813304536242705,months/DT24-M0022/output/cells/SSE_K10/result.json,91d8c851296dc37384a5c5f1ab63acabe8a6a39913d95faac413f8db1d981f82
2024-10,SSE,20,2092,completed,True,False,False,"[""metric:S_Dbw:undefined""]","[112, 151, 169, 142, 211, 118, 149, 149, 62, 152, 36, 131, 40, 47, 208, 101, 61, 16, 24, 13]",13,211,0,0,0,0,116,0.055449330783938815,8,8,28,0.40585175696979575,0.5496682835713493,0.7083987888067959,saved_same_full_support_starts_only,0.2393284036005211,1162.6064527070534,,0.11470442257932763,0.39578369775417627,0.05457237224205919,months/DT24-M0022/output/cells/SSE_K20/result.json,d9dffa9b37583951e614b7a928c59ca307cdf505df9a74c5608c36512bd9c73a
2024-10,SSE,4,2092,completed,True,True,True,[],"[553, 643, 509, 387]",387,643,0,0,0,0,50,0.02390057361376673,8,8,28,0.5027357624917048,0.5568486374750026,0.9909241981221659,saved_same_full_support_starts_only,0.31487120587721956,2071.6455040816445,0.7486767109608559,0.45426583043177826,0.5787231244768634,0.15423248194436018,months/DT24-M0022/output/cells/SSE_K4/result.json,a3c0e5152004b10d563633321e21bc52310b89feef258c5e2ee7b377d599ba6e
2024-10,SSE,6,2092,completed,True,True,True,[],"[387, 441, 449, 400, 332, 83]",83,449,0,0,0,0,42,0.020076481835564052,8,8,28,0.9813676764225113,0.9942844358718942,1.0,saved_same_full_support_starts_only,0.32745212695769016,1933.7995640520764,0.5177649870513344,0.3233937092752375,0.4929258760455843,0.1276453627633555,months/DT24-M0022/output/cells/SSE_K6/result.json,6f0bb8977674a03d2f213fbe611dfde46e0f4f9039ab99c50758517634fb081a
2024-10,SSE,8,2092,completed,True,False,False,"[""metric:S_Dbw:undefined""]","[269, 295, 281, 200, 395, 297, 60, 295]",60,395,0,0,0,0,110,0.052581261950286805,8,8,28,0.4771250119890794,0.6632748346983239,0.9664134728797587,saved_same_full_support_starts_only,0.2845332971361179,1697.2550612734578,,0.25116708524036724,0.4823380242606273,0.10424380232153835,months/DT24-M0022/output/cells/SSE_K8/result.json,d1a33910ba5d48ae29223bc231326a134ed425dd4c1938abf0bc9325cdab8cdd
2024-10,SSE,12,2092,completed,True,False,False,"[""metric:S_Dbw:undefined""]","[226, 176, 189, 325, 209, 207, 116, 165, 198, 87, 160, 34]",34,325,0,0,0,0,122,0.058317399617590825,8,8,28,0.39716146615969344,0.5370740751720702,0.7480289694650878,saved_same_full_support_starts_only,0.24633833356133114,1438.766440404404,,0.1769990223298697,0.4562506461894738,0.0720860092077693,months/DT24-M0022/output/cells/SSE_K12/result.json,f00cc79d5a8ad56f7a1798215cef18542af7c0fe76d6b992ad6f50969438a20e
2024-10,SSE,16,2092,completed,True,False,False,"[""metric:S_Dbw:undefined""]","[123, 153, 150, 184, 228, 185, 201, 128, 91, 52, 143, 108, 54, 211, 60, 21]",21,228,0,0,0,0,108,0.05162523900573614,8,8,28,0.3912758065243917,0.5348972508412002,0.7096171857314171,saved_same_full_support_starts_only,0.24221181391352997,1290.2377743044979,,0.14172123507059434,0.4303113860276232,0.05983854573466114,months/DT24-M0022/output/cells/SSE_K16/result.json,50b3977a478c49fb2e587c984066081c3eafda1505fc3fb432390fab9db4d02e
2024-10,Ward,10,2092,completed,True,False,False,"[""metric:S_Dbw:undefined""]","[325, 339, 202, 280, 106, 257, 117, 265, 93, 108]",93,339,0,0,0,0,376,0.17973231357552583,0,,,,,,not_applicable_deterministic_Ward,0.19790910378746143,1300.7659209601093,,0.20010901434332998,0.4661438926042769,0.08653295079640759,months/DT24-M0022/output/cells/Ward_K10/result.json,3b326db5b5c2eeca794f87701e268844e7d3c3675f0ba24d10043caed2e5c529
2024-10,Ward,20,2092,completed,True,False,False,"[""metric:S_Dbw:undefined""]","[83, 136, 110, 151, 105, 80, 257, 175, 106, 108, 117, 51, 26, 121, 116, 60, 149, 21, 108, 12]",12,257,0,0,0,0,410,0.1959847036328872,0,,,,,,not_applicable_deterministic_Ward,0.1753821399058437,1018.9356337638725,,0.1153585834810313,0.4178747522944628,0.047924423861069036,months/DT24-M0022/output/cells/Ward_K20/result.json,cb3e8fc3723ac0c8ca4b4f8858b8f7b555b9599345a4218bbe2fb690cbc29d9c
2024-10,Ward,4,2092,completed,True,True,True,[],"[431, 1195, 373, 93]",93,1195,0,0,0,0,164,0.07839388145315487,0,,,,,,not_applicable_deterministic_Ward,0.39111859760487105,1829.5161273664357,0.48266893814919143,0.4445254693453822,0.5533126190775887,0.17112009436355993,months/DT24-M0022/output/cells/Ward_K4/result.json,2150bebf9d43df76c4554c6939b3712db51d61deeeda38349af2f1f11dcaddbe
2024-10,Ward,6,2092,completed,True,True,True,[],"[431, 339, 202, 654, 373, 93]",93,654,0,0,0,0,226,0.10803059273422562,0,,,,,,not_applicable_deterministic_Ward,0.2932058213199398,1655.0314667068867,0.5551287802497057,0.3137886510398708,0.4896906616413983,0.13001910859683286,months/DT24-M0022/output/cells/Ward_K6/result.json,31ab5df8cb735b8d15e05533878dade2396e64dbab1fb15fec66516b80d8c96e
2024-10,Ward,8,2092,completed,True,False,False,"[""metric:S_Dbw:undefined""]","[325, 339, 202, 654, 106, 265, 93, 108]",93,654,0,0,0,0,291,0.13910133843212238,0,,,,,,not_applicable_deterministic_Ward,0.23589300580531428,1419.159120399302,,0.24589070005647612,0.4585019511218309,0.10609704249451916,months/DT24-M0022/output/cells/Ward_K8/result.json,6a3304fe5c10c665d3d94aeb70345e4ac902c0555ea395c2c0ffbc12bda6ca57
2024-10,Ward,12,2092,completed,True,False,False,"[""metric:S_Dbw:undefined""]","[219, 339, 202, 280, 106, 257, 106, 117, 265, 60, 33, 108]",33,339,0,0,0,0,428,0.2045889101338432,0,,,,,,not_applicable_deterministic_Ward,0.18047037495499102,1213.0557560050584,,0.17349438396218803,0.4426319823314923,0.08170084487090414,months/DT24-M0022/output/cells/Ward_K12/result.json,92c3c8aafc9487ea49e27648c377172610bec39546924dc1a0a2bc27645fb1d5
2024-10,Ward,16,2092,completed,True,False,False,"[""metric:S_Dbw:undefined""]","[219, 218, 202, 280, 80, 257, 106, 117, 26, 121, 116, 60, 149, 21, 108, 12]",12,280,0,0,0,0,368,0.17590822179732313,0,,,,,,not_applicable_deterministic_Ward,0.1825536734219704,1093.5330403892312,,0.1426247915883874,0.3979729987506309,0.060512336286555626,months/DT24-M0022/output/cells/Ward_K16/result.json,8966462ed2c30711a0c0e097c4b9b57a6a869911991985cccd5c936e91fa24a6
2024-10,NCut,10,2092,completed,True,False,False,"[""metric:S_Dbw:undefined""]","[211, 185, 280, 219, 346, 349, 213, 118, 119, 52]",52,349,0,0,0,0,323,0.15439770554493307,8,8,28,0.4831135770863851,0.6999090163443531,0.9012773915869541,saved_same_full_support_starts_only,0.22123055940130434,1326.7198154299176,,0.20258992321551506,0.4745009240027642,0.08150405145042672,months/DT24-M0022/output/cells/NCut_K10/result.json,e0546a53470f781801b9fbc1bb7f4963d8fe3399943dd5e1cb3db61b45786ce4
2024-10,NCut,20,2092,completed,True,False,False,"[""metric:S_Dbw:undefined""]","[119, 155, 115, 141, 194, 142, 155, 132, 117, 121, 109, 118, 77, 57, 123, 57, 54, 39, 26, 41]",26,194,0,0,0,0,337,0.16108986615678778,8,8,28,0.5596631399809779,0.7069985935863387,0.865281079065726,saved_same_full_support_starts_only,0.1834747883166391,945.3216900220502,,0.10600153606101968,0.45346288891502445,0.041884468527838295,months/DT24-M0022/output/cells/NCut_K20/result.json,717e8401434823e8ab3505474940efff57fe9638dc792d1cdf63b16eb78ce87e
2024-10,NCut,4,2092,completed,True,True,True,[],"[722, 970, 243, 157]",157,970,0,0,0,0,224,0.10707456978967496,8,8,28,0.555721586769645,0.606300911530679,1.0,saved_same_full_support_starts_only,0.3204700543724137,1672.790929812443,0.7059861896265973,0.45257079539388867,0.6049482423637091,0.15644691458768875,months/DT24-M0022/output/cells/NCut_K4/result.json,e908cd48707be3142fd07a4145f58a4de2f8c78cc5bcf5d13abc391c3352555d
2024-10,NCut,6,2092,completed,True,True,True,[],"[377, 448, 525, 462, 215, 65]",65,525,0,0,0,0,277,0.13240917782026768,8,8,28,0.676404193390011,0.7918728981527154,1.0,saved_same_full_support_starts_only,0.2698335665359008,1459.0135626371023,0.586817172197422,0.3197264405574234,0.4984731471206015,0.11739897817022839,months/DT24-M0022/output/cells/NCut_K6/result.json,794c677cece60b379a2ca047546adff29cd2a323955d21e74ddb6d3d347e3fa5
2024-10,NCut,8,2092,completed,True,False,False,"[""metric:S_Dbw:undefined""]","[292, 368, 476, 416, 194, 175, 119, 52]",52,476,0,0,0,0,221,0.10564053537284895,8,8,28,0.6059753968961177,0.7707491771405102,0.9934906144323112,saved_same_full_support_starts_only,0.2597258193256537,1443.5596977982048,,0.24836239402047994,0.4752551423439026,0.09609952398408185,months/DT24-M0022/output/cells/NCut_K8/result.json,1c631acf5d906a08cdb364bf9396b225fe36279a3fb91f1db9c118a2948981b0
2024-10,NCut,12,2092,completed,True,False,False,"[""metric:S_Dbw:undefined""]","[145, 188, 292, 233, 293, 174, 249, 136, 105, 62, 93, 122]",62,293,0,0,0,0,389,0.18594646271510518,8,8,28,0.6128031013931712,0.7366008487100746,0.9090757734651351,saved_same_full_support_starts_only,0.1937277033031028,1203.8883896364905,,0.1688514889866312,0.48544795759809306,0.06866485704645882,months/DT24-M0022/output/cells/NCut_K12/result.json,eefd2e21aa62f630938783399f5b0441cdd7d460ca44ed48d75a6f0848e7134a
2024-10,NCut,16,2092,completed,True,False,False,"[""metric:S_Dbw:undefined""]","[142, 158, 126, 193, 177, 162, 230, 201, 89, 131, 95, 64, 116, 93, 83, 32]",32,230,0,0,0,0,363,0.17351816443594648,8,8,28,0.5805985148874173,0.6975747628002164,0.8777142978652686,saved_same_full_support_starts_only,0.17759499924954888,1063.6786997798692,,0.1310297070270265,0.4586780894226216,0.05067060829193221,months/DT24-M0022/output/cells/NCut_K16/result.json,5b6bec4c989b9db702b0a3ed8631a1a50327bcb079749f49b0595862738edbf0
2024-11,SSE,10,2100,completed,True,False,False,"[""metric:S_Dbw:undefined""]","[276, 196, 324, 170, 261, 260, 165, 136, 263, 49]",49,324,0,0,0,0,109,0.051904761904761905,8,8,28,0.40674117349699823,0.5015669210725501,0.7323362938603255,saved_same_full_support_starts_only,0.2677824659718218,1576.1812517689991,,0.21090684869918852,0.4670389065080435,0.09116330739652222,months/DT24-M0023/output/cells/SSE_K10/result.json,fd73d5fb06ba71b774c34027e46dc9c1e413bbf08310472deea1d60b5a9a3738
2024-11,SSE,20,2100,completed,True,False,False,"[""metric:S_Dbw:undefined""]","[100, 158, 158, 151, 134, 162, 170, 147, 138, 114, 55, 34, 124, 45, 49, 203, 63, 64, 15, 16]",15,203,0,0,0,0,122,0.058095238095238096,8,8,28,0.40853891052797947,0.5699444243426943,0.7499574297298306,saved_same_full_support_starts_only,0.23527778941910368,1192.4708624409222,,0.11765783958203466,0.40622163147050755,0.05521257407358713,months/DT24-M0023/output/cells/SSE_K20/result.json,9b6687db7951625ffdf15049e9c0fbb718da8842447ebba5db5960f5dcfac101
2024-11,SSE,4,2100,completed,True,True,True,[],"[536, 701, 490, 373]",373,701,0,0,0,0,49,0.023333333333333334,8,8,28,0.5415379450597066,0.8263151323225255,1.0,saved_same_full_support_starts_only,0.31958402588099255,2099.42456626573,0.6730793857061557,0.4624240772972282,0.5812243188861351,0.16362199670195585,months/DT24-M0023/output/cells/SSE_K4/result.json,1a92b4ebb334a28f0445dc4afb5eee0813b4e88131e003285d10abfde4487570
2024-11,SSE,6,2100,completed,True,True,True,[],"[394, 479, 440, 385, 327, 75]",75,479,0,0,0,0,30,0.014285714285714285,8,8,28,0.5806473746033077,0.915068129565673,1.0,saved_same_full_support_starts_only,0.3309396643255271,1962.1179268300725,0.6298275610834083,0.331159047632983,0.4896970228555292,0.13620475660298192,months/DT24-M0023/output/cells/SSE_K6/result.json,2e3f2744de1f57170f3391014b1ccb634f9d3efdeae775330ee555b25a27eb37
2024-11,SSE,8,2100,completed,True,False,False,"[""metric:S_Dbw:undefined""]","[267, 262, 378, 305, 325, 207, 76, 280]",76,378,0,0,0,0,65,0.030952380952380953,8,8,28,0.47020598916797307,0.6637312127410854,0.96374449045949,saved_same_full_support_starts_only,0.2819896064224599,1739.48325655346,,0.2562580429214449,0.48539539927585834,0.10521774400273,months/DT24-M0023/output/cells/SSE_K8/result.json,5c9efa4eaffc9f3a70ed8822bbdfdf43e157196a8b5ad662fe29e7c02444432b
2024-11,SSE,12,2100,completed,True,False,False,"[""metric:S_Dbw:undefined""]","[224, 288, 178, 220, 246, 238, 158, 128, 186, 65, 151, 18]",18,288,0,0,0,0,114,0.054285714285714284,8,8,28,0.4135112544892344,0.5547970044700928,0.882795081411933,saved_same_full_support_starts_only,0.24907672961101207,1466.7188184402596,,0.1889567096758017,0.4448167175809495,0.07712395083142512,months/DT24-M0023/output/cells/SSE_K12/result.json,f1d2df097c658fa85104c0fb5b576e05698cf64fc40578990e9b932e71d42220
2024-11,SSE,16,2100,completed,True,False,False,"[""metric:S_Dbw:undefined""]","[134, 153, 195, 197, 169, 177, 245, 68, 181, 43, 63, 159, 210, 29, 17, 60]",17,245,0,0,0,0,76,0.03619047619047619,8,8,28,0.37888036300873673,0.5487598897375472,0.6972862745648994,saved_same_full_support_starts_only,0.2523254081486456,1316.214778782445,,0.14514444074285052,0.4068469471909111,0.0659121083818267,months/DT24-M0023/output/cells/SSE_K16/result.json,31e05943ccc360f329c1df4d5855acc1265ed205e28cdeca4cf493ca98055a31
2024-11,Ward,10,2100,completed,True,True,True,[],"[277, 350, 248, 289, 287, 146, 139, 65, 272, 27]",27,350,0,0,0,0,313,0.14904761904761904,0,,,,,,not_applicable_deterministic_Ward,0.2245253186364753,1356.0584815626062,0.2788227227314882,0.21280630323163915,0.44090500856840475,0.0933298472645421,months/DT24-M0023/output/cells/Ward_K10/result.json,ec5e29dbcc66ec1f9d03937f1809fd73b4e44ee9695c22dbfac620ed597b813a
2024-11,Ward,20,2100,completed,True,False,False,"[""metric:S_Dbw:undefined""]","[70, 141, 126, 120, 66, 137, 224, 176, 107, 102, 128, 44, 45, 78, 65, 61, 234, 111, 27, 38]",27,234,0,0,0,0,395,0.1880952380952381,0,,,,,,not_applicable_deterministic_Ward,0.18833847580716861,1022.9169148675714,,0.11235136670949497,0.42595241631673386,0.05690885097990976,months/DT24-M0023/output/cells/Ward_K20/result.json,cec7b0e3ea8e320334b48bbec5ec46aff870d9f0b1e36eb3dad041ca8c22bbb2
2024-11,Ward,4,2100,completed,True,True,True,[],"[814, 783, 411, 92]",92,814,0,0,0,0,189,0.09,0,,,,,,not_applicable_deterministic_Ward,0.3551961529352612,1868.009784424826,0.5878097157424823,0.4499051529814248,0.5335064067866335,0.16788554827502422,months/DT24-M0023/output/cells/Ward_K4/result.json,06afc5f8a43e623d1e8916b9a8e77931b1d0bc88b12e640e67a9c2fc4e3aa81d
2024-11,Ward,6,2100,completed,True,True,True,[],"[277, 496, 537, 287, 411, 92]",92,537,0,0,0,0,357,0.17,0,,,,,,not_applicable_deterministic_Ward,0.24575560181989306,1607.6170222124672,0.5555880445325964,0.31623257624092954,0.4962703998912673,0.13177315311887694,months/DT24-M0023/output/cells/Ward_K6/result.json,a610e88415f2f1ece17cb6f7e4ef086b9d127eab16349ea18f94c5c485fba9ef
2024-11,Ward,8,2100,completed,True,True,True,[],"[277, 496, 248, 289, 287, 139, 92, 272]",92,496,0,0,0,0,324,0.15428571428571428,0,,,,,,not_applicable_deterministic_Ward,0.2197727268998864,1464.3825368098624,0.44651498569288317,0.2493490769717025,0.5009955571733046,0.1086312496786,months/DT24-M0023/output/cells/Ward_K8/result.json,33866b47506fac3ec92cb86aaf110d1dd75e167eae3c867edf11758fd0673358
2024-11,Ward,12,2100,completed,True,False,False,"[""metric:S_Dbw:undefined""]","[277, 350, 248, 244, 287, 146, 45, 139, 65, 234, 27, 38]",27,350,0,0,0,0,301,0.14333333333333334,0,,,,,,not_applicable_deterministic_Ward,0.22595409667699065,1260.6755819905927,,0.1823970209138351,0.3963877726614425,0.0847808658024968,months/DT24-M0023/output/cells/Ward_K12/result.json,c50d34b3be974838cf8743bad9124fbf3f5da7ecf2472a692211d1ecc689b5f4
2024-11,Ward,16,2100,completed,True,False,False,"[""metric:S_Dbw:undefined""]","[136, 141, 126, 120, 244, 224, 176, 146, 128, 45, 139, 65, 234, 111, 27, 38]",27,244,0,0,0,0,392,0.18666666666666668,0,,,,,,not_applicable_deterministic_Ward,0.187946337362698,1110.9546268188742,,0.13867731754561802,0.43169698721535915,0.06506970923178632,months/DT24-M0023/output/cells/Ward_K16/result.json,360ac621f38243a33cf9b19a373af8f01d7931db0f854dca1a31c5bac8a0c249
2024-11,NCut,10,2100,completed,True,False,False,"[""metric:S_Dbw:undefined""]","[270, 181, 274, 401, 245, 318, 133, 117, 115, 46]",46,401,0,0,0,0,266,0.12666666666666668,8,8,28,0.4983033135579347,0.7342804700720458,0.9843205941220339,saved_same_full_support_starts_only,0.2334549313039885,1338.178324496857,,0.20751930948670042,0.46929301168700793,0.08300754731272761,months/DT24-M0023/output/cells/NCut_K10/result.json,90f74afe0beb4a5d2c1adff661429886d54ba79b246ed79a4b3ee13e05ebab11
2024-11,NCut,20,2100,completed,True,False,False,"[""metric:S_Dbw:undefined""]","[80, 92, 188, 110, 107, 142, 88, 85, 177, 157, 169, 136, 121, 104, 72, 50, 54, 73, 62, 33]",33,188,0,0,0,0,345,0.16428571428571428,8,8,28,0.5507172925359247,0.662370299147667,0.7553932786094568,saved_same_full_support_starts_only,0.17969077760797514,983.3825579533808,,0.10902307111875273,0.4698534142379805,0.04544466025948122,months/DT24-M0023/output/cells/NCut_K20/result.json,22e60b6d88575a09cb0d4ec01ac0588b4fee75202f980b6f39b7806e8b1d8dc8
2024-11,NCut,4,2100,completed,True,True,True,[],"[742, 947, 257, 154]",154,947,0,0,0,0,245,0.11666666666666667,8,8,28,0.5375397462179153,0.9399708394843747,1.0,saved_same_full_support_starts_only,0.3157077671090008,1685.5921368522836,0.7042295030788996,0.460278781378638,0.6090289449522166,0.16228757542852745,months/DT24-M0023/output/cells/NCut_K4/result.json,14c16ce942432ca6470e14ac5776d4af97639461176287a4bc06f1352e2d6800
2024-11,NCut,6,2100,completed,True,True,True,[],"[382, 510, 472, 458, 215, 63]",63,510,0,0,0,0,257,0.12238095238095238,8,8,28,0.6415204553910739,0.787201930562701,0.9964119696125995,saved_same_full_support_starts_only,0.28312493026728597,1513.713395622846,0.5366447775425972,0.3263755501910276,0.5040216745392975,0.12754976138420385,months/DT24-M0023/output/cells/NCut_K6/result.json,e7a571183cfb202f3a3a8138e7180f828945a2398d8902f8e29f35659483f6d1
2024-11,NCut,8,2100,completed,True,True,True,[],"[335, 396, 473, 387, 198, 138, 127, 46]",46,473,0,0,0,0,194,0.09238095238095238,8,8,28,0.5861452493466527,0.7049337233978306,1.0,saved_same_full_support_starts_only,0.27019096159923733,1503.654368420669,0.6153847617397012,0.25508181887835585,0.46747258359789956,0.10384750869168437,months/DT24-M0023/output/cells/NCut_K8/result.json,b1f5bafe215216897ea0ad46c8d2d163140435894034eed6688cfa7d16858355
2024-11,NCut,12,2100,completed,True,False,False,"[""metric:S_Dbw:undefined""]","[189, 212, 245, 227, 203, 254, 225, 176, 98, 112, 113, 46]",46,254,0,0,0,0,381,0.18142857142857144,8,8,28,0.6640630547477797,0.7850070514263683,0.9449914735780831,saved_same_full_support_starts_only,0.1971944700613387,1282.6780202777297,,0.17662406466065672,0.4732578032074871,0.07012239283521066,months/DT24-M0023/output/cells/NCut_K12/result.json,b6f551a24c1909ed6794c31a243956db68b1667dd7bc79f9133136b83427696f
2024-11,NCut,16,2100,completed,True,False,False,"[""metric:S_Dbw:undefined""]","[76, 142, 255, 186, 112, 211, 212, 135, 143, 113, 89, 159, 62, 91, 76, 38]",38,255,0,0,0,0,255,0.12142857142857143,8,8,28,0.5936664957486499,0.6527334602488286,0.7761236488121283,saved_same_full_support_starts_only,0.20285334804451757,1133.3202321181036,,0.134861145116568,0.4653733855812615,0.055664848198178046,months/DT24-M0023/output/cells/NCut_K16/result.json,6b1c7e858f54d1d97a40a7c254c62733373033f5e39bacab03b1cd20e0d1f499
2024-12,SSE,10,2103,completed,True,False,False,"[""metric:S_Dbw:undefined""]","[280, 199, 312, 299, 335, 171, 203, 112, 177, 15]",15,335,0,0,0,0,80,0.038040893961008085,8,8,28,0.40012697394596536,0.5581335218205299,0.8720795021693771,saved_same_full_support_starts_only,0.2641810961195063,1506.1036975411732,,0.24061433467717183,0.44420122466364215,0.09377887116341516,months/DT24-M0024/output/cells/SSE_K10/result.json,a77b729667db95cc095cf8d63b14c073b53cc8f7426ec17973d95e6df3256c04
2024-12,SSE,20,2103,completed,True,False,False,"[""metric:S_Dbw:undefined""]","[128, 147, 158, 213, 44, 138, 150, 146, 167, 105, 96, 37, 35, 62, 104, 47, 205, 42, 65, 14]",14,213,0,0,0,0,88,0.04184498335710889,8,8,28,0.4375608342466451,0.5292538974297116,0.6634958245568094,saved_same_full_support_starts_only,0.24610296066708065,1171.3007144991993,,0.127163678342496,0.3986004083825977,0.058380515319219006,months/DT24-M0024/output/cells/SSE_K20/result.json,da8f5a532600747bc0b5b4d8a109b29f78d7b6f534467eea0b321b62a13f303a
2024-12,SSE,4,2103,completed,True,True,True,[],"[579, 642, 491, 391]",391,642,0,0,0,0,55,0.02615311459819306,8,8,28,0.5073746047944693,0.5517861384633777,1.0,saved_same_full_support_starts_only,0.3190369237614045,1962.5518032234882,0.7880189184926816,0.4668692600881939,0.5768809552825355,0.16976383109697205,months/DT24-M0024/output/cells/SSE_K4/result.json,5f69b989d31043b40295ae1c6c50d4de1c6e67f1cb1c9409e9152da1b54afa50
2024-12,SSE,6,2103,completed,True,True,True,[],"[398, 465, 467, 362, 333, 78]",78,467,0,0,0,0,53,0.025202092249167855,8,8,28,0.8978138011845949,0.9561766772012539,1.0,saved_same_full_support_starts_only,0.3316248238405165,1831.483102162838,0.5398257809890024,0.33362450994952325,0.48963821785769807,0.1415510042231292,months/DT24-M0024/output/cells/SSE_K6/result.json,83a8de0352ac8fedabeffa19d96b1562c7e7d34dc4e8c869e7974008bb635462
2024-12,SSE,8,2103,completed,True,False,False,"[""metric:S_Dbw:undefined""]","[263, 239, 387, 321, 324, 210, 77, 282]",77,387,0,0,0,0,84,0.039942938659058486,8,8,28,0.4058413019583028,0.585789272769568,0.9351271426172542,saved_same_full_support_starts_only,0.2817236575370916,1627.1443734261125,,0.25940849396754445,0.48199024496320475,0.10936655722860772,months/DT24-M0024/output/cells/SSE_K8/result.json,8506e15d40b46f2d47a5e2371406a146c6fdb74df4290b26dee538ec3afcf0a9
2024-12,SSE,12,2103,completed,True,False,False,"[""metric:S_Dbw:undefined""]","[216, 141, 139, 310, 231, 242, 243, 155, 188, 68, 155, 15]",15,310,0,0,0,0,110,0.05230622919638612,8,8,28,0.4239628709401244,0.5483003593532498,0.7051233025594832,saved_same_full_support_starts_only,0.24911481374197508,1411.850737857296,,0.20383273974991065,0.4397540278470995,0.08020403947212647,months/DT24-M0024/output/cells/SSE_K12/result.json,3ad79608a3c729688988463ee768dd06c2cbc96ce3859b91f3be6c9df46b4d2a
2024-12,SSE,16,2103,completed,True,False,False,"[""metric:S_Dbw:undefined""]","[154, 172, 193, 216, 170, 171, 226, 82, 66, 47, 134, 212, 135, 69, 42, 14]",14,226,0,0,0,0,106,0.05040418449833571,8,8,28,0.3980283539807111,0.5406965184165291,0.6836774291576043,saved_same_full_support_starts_only,0.2515355168636205,1291.1717610399328,,0.15721342270896677,0.40967569277252197,0.0683267881029381,months/DT24-M0024/output/cells/SSE_K16/result.json,998a004bb1db39ce4657757cbb77f59f5f3b14b17bf2fd6b17329f88e0696d84
2024-12,Ward,10,2103,completed,True,False,False,"[""metric:S_Dbw:undefined""]","[298, 295, 305, 185, 450, 114, 104, 85, 254, 13]",13,450,0,0,0,0,291,0.1383737517831669,0,,,,,,not_applicable_deterministic_Ward,0.24945935307783362,1302.8525055058547,,0.23916429629277777,0.4115847047666303,0.10370950178826363,months/DT24-M0024/output/cells/Ward_K10/result.json,f4c1a1610d01f170380258cf6ba927987cd1eb4ecf6cc039d967678fd4fbbb68
2024-12,Ward,20,2103,completed,True,False,False,"[""metric:S_Dbw:undefined""]","[173, 129, 60, 255, 164, 126, 151, 173, 125, 50, 21, 49, 106, 63, 85, 191, 41, 65, 63, 13]",13,255,0,0,0,0,407,0.19353304802662863,0,,,,,,not_applicable_deterministic_Ward,0.1860499035943818,1031.2673862640231,,0.12734736049489395,0.39876880336586845,0.05953228717516688,months/DT24-M0024/output/cells/Ward_K20/result.json,4c4a41b2c4142141681d65420ebda0ca7336909adce6d7d74d4c1ae2471ce26f
2024-12,Ward,4,2103,completed,True,True,True,[],"[1047, 412, 390, 254]",254,1047,0,0,0,0,344,0.16357584403233477,0,,,,,,not_applicable_deterministic_Ward,0.2586979043494812,1621.679181679791,0.6526050201471871,0.4630614694813867,0.5951340124543096,0.1342005878090638,months/DT24-M0024/output/cells/Ward_K4/result.json,56cc2c837227094c5df5f73f8c9752c16870056a3b676291661bc88e2707fda2
2024-12,Ward,6,2103,completed,True,True,True,[],"[483, 295, 390, 564, 117, 254]",117,564,0,0,0,0,302,0.14360437470280552,0,,,,,,not_applicable_deterministic_Ward,0.26201545977659974,1493.636739474428,0.5095795084481228,0.32762850275590216,0.5056824487936361,0.12300117681816052,months/DT24-M0024/output/cells/Ward_K6/result.json,8fe209d19cd7ec5bedfb19110bfebba0ead9dea7a4797e80463175eeab02ce4b
2024-12,Ward,8,2103,completed,True,True,True,[],"[298, 295, 390, 185, 450, 114, 117, 254]",114,450,0,0,0,0,311,0.14788397527341893,0,,,,,,not_applicable_deterministic_Ward,0.24870737259250145,1399.6974628829964,0.4507615236537533,0.2542668163926193,0.4796252287749492,0.11227782471292577,months/DT24-M0024/output/cells/Ward_K8/result.json,305665744aafceee0e67c0771af7ef5afb2ee65d32ddbf5fcecb2165f42481af
2024-12,Ward,12,2103,completed,True,False,False,"[""metric:S_Dbw:undefined""]","[298, 295, 255, 185, 450, 50, 114, 63, 85, 254, 41, 13]",13,450,0,0,0,0,271,0.1288635282929149,0,,,,,,not_applicable_deterministic_Ward,0.25451062438471067,1209.6017294339085,,0.20323477664498354,0.3676762488350773,0.09730384854265124,months/DT24-M0024/output/cells/Ward_K12/result.json,527fffe57f08124a5d6f9c474a64c730ab836fd7fd6a4d4346374823dce3bf9d
2024-12,Ward,16,2103,completed,True,False,False,"[""metric:S_Dbw:undefined""]","[298, 189, 255, 185, 299, 151, 50, 49, 106, 63, 85, 191, 41, 65, 63, 13]",13,299,0,0,0,0,325,0.15454113171659534,0,,,,,,not_applicable_deterministic_Ward,0.20740144910507954,1107.585930299252,,0.1574797113872002,0.37618252855599965,0.07115404263567054,months/DT24-M0024/output/cells/Ward_K16/result.json,1f373dafbb665ce2c566581bca1f25f0f9cf60843d6d1e5e936ad4ee50843685
2024-12,NCut,10,2103,completed,True,False,False,"[""metric:S_Dbw:undefined""]","[192, 248, 362, 274, 298, 256, 135, 182, 108, 48]",48,362,0,0,0,0,300,0.14265335235378032,8,8,28,0.6383665007153225,0.8077386483675534,0.9876758075581847,saved_same_full_support_starts_only,0.22220455359962482,1211.5272383413262,,0.20997616974449038,0.47678022869440895,0.08491763813315158,months/DT24-M0024/output/cells/NCut_K10/result.json,3baa21384dd37989aaa1d17229cf8cf46cd737685d1df3795d9c9887f8827414
2024-12,NCut,20,2103,completed,True,False,False,"[""metric:S_Dbw:undefined""]","[108, 148, 151, 149, 111, 128, 139, 150, 122, 112, 128, 70, 130, 91, 63, 95, 50, 50, 46, 62]",46,151,0,0,0,0,423,0.20114122681883023,8,8,28,0.658894187960122,0.744163410142465,0.8877691666418346,saved_same_full_support_starts_only,0.16169544876943115,854.665900629422,,0.10898526571827019,0.46895472570710184,0.04513626337976838,months/DT24-M0024/output/cells/NCut_K20/result.json,3d5899e54d3d4c20a7b76e38a81062917a5b7dc18895c4550c1eb721004fe84e
2024-12,NCut,4,2103,completed,True,True,True,[],"[539, 709, 530, 325]",325,709,0,0,0,0,153,0.07275320970042796,8,8,28,0.8882439378302819,0.8953583622684846,1.0,saved_same_full_support_starts_only,0.2945813893683566,1866.9093046116636,0.661694619588765,0.46920700804394794,0.5869115855194885,0.16791338235715195,months/DT24-M0024/output/cells/NCut_K4/result.json,76b2357fe151cd2c767787e1c6df7229efb27fac3ab0aa789f41967f49136240
2024-12,NCut,6,2103,completed,True,True,True,[],"[383, 471, 504, 456, 219, 70]",70,504,0,0,0,0,262,0.12458392772230148,8,8,28,0.704631364508782,0.806734322233039,1.0,saved_same_full_support_starts_only,0.27686609161867154,1404.262945816925,0.6034551699009493,0.33011094145704895,0.5051691711846512,0.13019690609235127,months/DT24-M0024/output/cells/NCut_K6/result.json,2dc983603bea08ecadd6ff9870e8497eb732c6efbf4fbf356835c32e84392a80
2024-12,NCut,8,2103,completed,True,True,True,[],"[204, 388, 400, 244, 366, 153, 194, 154]",153,400,0,0,0,0,274,0.1302900618164527,8,8,28,0.5929046475038148,0.750117205385907,1.0,saved_same_full_support_starts_only,0.23880609733658217,1389.7710912609823,0.5380990242317388,0.25660410689898056,0.5168422385883849,0.10273876032887423,months/DT24-M0024/output/cells/NCut_K8/result.json,54e5eb18b9220a3f64cf26c04fe78627b62006c1271194dff1f5a22e1618aa53
2024-12,NCut,12,2103,completed,True,False,False,"[""metric:S_Dbw:undefined""]","[137, 206, 214, 150, 284, 256, 272, 159, 181, 83, 113, 48]",48,284,0,0,0,0,294,0.1398002853067047,8,8,28,0.6641574214780537,0.78860090443357,0.9899342369927193,saved_same_full_support_starts_only,0.22070353536861842,1247.732258939777,,0.17949548062049955,0.46443384394491416,0.07609380781770411,months/DT24-M0024/output/cells/NCut_K12/result.json,90a7027c2096e1e3af2465e49674d1e7d0ab4206adf474ee12d194c49eccefac
2024-12,NCut,16,2103,completed,True,False,False,"[""metric:S_Dbw:undefined""]","[113, 105, 208, 147, 197, 119, 209, 206, 110, 148, 139, 75, 109, 67, 103, 48]",48,209,0,0,0,0,355,0.16880646695197338,8,8,28,0.632532598378245,0.7491488823714839,0.9302133011207949,saved_same_full_support_starts_only,0.19222395785407373,1071.8026469006297,,0.13744679181115915,0.4649766554532232,0.05608617172310867,months/DT24-M0024/output/cells/NCut_K16/result.json,0ba0d1100ab365279a7fecc609e0f3168587f9aadc6853874ada4960fd201e83
