month,method,K,metric,status,value,direction,partition_present,eligible_for_comparison
2023-01,SSE,10,SW,ok,0.24859312147329446,higher,True,False
2023-01,SSE,10,CH,ok,1173.184439426391,higher,True,False
2023-01,SSE,10,S_Dbw,undefined,,lower,True,False
2023-01,SSE,10,AVI,ok,0.20585214309223954,higher,True,False
2023-01,SSE,10,AVU,ok,0.42170811516880136,lower,True,False
2023-01,SSE,10,MQ,ok,0.07056840139294043,higher,True,False
2023-01,SSE,20,SW,ok,0.21821865573408847,higher,True,False
2023-01,SSE,20,CH,ok,864.0221185073656,higher,True,False
2023-01,SSE,20,S_Dbw,undefined,,lower,True,False
2023-01,SSE,20,AVI,ok,0.1216525911581874,higher,True,False
2023-01,SSE,20,AVU,ok,0.3878164796648947,lower,True,False
2023-01,SSE,20,MQ,ok,0.039602637102302427,higher,True,False
2023-01,Ward,10,SW,ok,0.19759133819540578,higher,True,False
2023-01,Ward,10,CH,ok,995.6289895071266,higher,True,False
2023-01,Ward,10,S_Dbw,undefined,,lower,True,False
2023-01,Ward,10,AVI,ok,0.20532946901695567,higher,True,False
2023-01,Ward,10,AVU,ok,0.4231425663102804,lower,True,False
2023-01,Ward,10,MQ,ok,0.066345871796644,higher,True,False
2023-01,Ward,20,SW,ok,0.15671894257288482,higher,True,False
2023-01,Ward,20,CH,ok,738.5293375554021,higher,True,False
2023-01,Ward,20,S_Dbw,undefined,,lower,True,False
2023-01,Ward,20,AVI,ok,0.12352952898477294,higher,True,False
2023-01,Ward,20,AVU,ok,0.3860135262280797,lower,True,False
2023-01,Ward,20,MQ,ok,0.04219482369317049,higher,True,False
2023-01,NCut,10,SW,ok,0.1948894442140609,higher,True,False
2023-01,NCut,10,CH,ok,846.8446059763688,higher,True,False
2023-01,NCut,10,S_Dbw,undefined,,lower,True,False
2023-01,NCut,10,AVI,ok,0.18345893941415967,higher,True,False
2023-01,NCut,10,AVU,ok,0.44665653515654546,lower,True,False
2023-01,NCut,10,MQ,ok,0.06082790326117281,higher,True,False
2023-01,NCut,20,SW,ok,0.16518009191343175,higher,True,False
2023-01,NCut,20,CH,ok,659.279042831191,higher,True,False
2023-01,NCut,20,S_Dbw,undefined,,lower,True,False
2023-01,NCut,20,AVI,ok,0.09761468341991736,higher,True,False
2023-01,NCut,20,AVU,ok,0.454940197343106,lower,True,False
2023-01,NCut,20,MQ,ok,0.030319558781774517,higher,True,False
2023-01,SSE,4,SW,ok,0.351103949877352,higher,True,True
2023-01,SSE,4,CH,ok,1643.969912127847,higher,True,True
2023-01,SSE,4,S_Dbw,ok,0.64513522021164,lower,True,True
2023-01,SSE,4,AVI,ok,0.41957534812037367,higher,True,True
2023-01,SSE,4,AVU,ok,0.5268841705488748,lower,True,True
2023-01,SSE,4,MQ,ok,0.12804892135776458,higher,True,True
2023-01,SSE,6,SW,ok,0.2932651717709107,higher,True,True
2023-01,SSE,6,CH,ok,1439.7134973771367,higher,True,True
2023-01,SSE,6,S_Dbw,ok,0.7206726631724104,lower,True,True
2023-01,SSE,6,AVI,ok,0.29906635843795104,higher,True,True
2023-01,SSE,6,AVU,ok,0.46678744133220396,lower,True,True
2023-01,SSE,6,MQ,ok,0.09674468002608513,higher,True,True
2023-01,SSE,8,SW,ok,0.26035788348733196,higher,True,False
2023-01,SSE,8,CH,ok,1291.3118716900228,higher,True,False
2023-01,SSE,8,S_Dbw,undefined,,lower,True,False
2023-01,SSE,8,AVI,ok,0.24889197436384505,higher,True,False
2023-01,SSE,8,AVU,ok,0.4404053692741947,lower,True,False
2023-01,SSE,8,MQ,ok,0.08125290684413282,higher,True,False
2023-01,SSE,12,SW,ok,0.2412241560770455,higher,True,False
2023-01,SSE,12,CH,ok,1082.4498519543858,higher,True,False
2023-01,SSE,12,S_Dbw,undefined,,lower,True,False
2023-01,SSE,12,AVI,ok,0.1834242353196421,higher,True,False
2023-01,SSE,12,AVU,ok,0.40309533821207727,lower,True,False
2023-01,SSE,12,MQ,ok,0.06266273700571619,higher,True,False
2023-01,SSE,16,SW,ok,0.22073494998274015,higher,True,False
2023-01,SSE,16,CH,ok,965.083609316885,higher,True,False
2023-01,SSE,16,S_Dbw,undefined,,lower,True,False
2023-01,SSE,16,AVI,ok,0.15036367143975654,higher,True,False
2023-01,SSE,16,AVU,ok,0.3920164176650267,lower,True,False
2023-01,SSE,16,MQ,ok,0.04717463443195741,higher,True,False
2023-01,Ward,4,SW,ok,0.33718669774938115,higher,True,True
2023-01,Ward,4,CH,ok,1362.4006335635925,higher,True,True
2023-01,Ward,4,S_Dbw,ok,0.692768128517558,lower,True,True
2023-01,Ward,4,AVI,ok,0.40735777539622153,higher,True,True
2023-01,Ward,4,AVU,ok,0.5380559931984806,lower,True,True
2023-01,Ward,4,MQ,ok,0.12667290224611555,higher,True,True
2023-01,Ward,6,SW,ok,0.24957734037343424,higher,True,True
2023-01,Ward,6,CH,ok,1142.328762108377,higher,True,True
2023-01,Ward,6,S_Dbw,ok,0.5880019886820136,lower,True,True
2023-01,Ward,6,AVI,ok,0.32129413456638367,higher,True,True
2023-01,Ward,6,AVU,ok,0.41421905068696807,lower,True,True
2023-01,Ward,6,MQ,ok,0.09876021471046667,higher,True,True
2023-01,Ward,8,SW,ok,0.2297884068145305,higher,True,False
2023-01,Ward,8,CH,ok,1074.2980179937772,higher,True,False
2023-01,Ward,8,S_Dbw,undefined,,lower,True,False
2023-01,Ward,8,AVI,ok,0.2522356305756836,higher,True,False
2023-01,Ward,8,AVU,ok,0.3949124006433113,lower,True,False
2023-01,Ward,8,MQ,ok,0.08387838897969545,higher,True,False
2023-01,Ward,12,SW,ok,0.19186991584996418,higher,True,False
2023-01,Ward,12,CH,ok,913.8376780277513,higher,True,False
2023-01,Ward,12,S_Dbw,undefined,,lower,True,False
2023-01,Ward,12,AVI,ok,0.17422982942703455,higher,True,False
2023-01,Ward,12,AVU,ok,0.37093172757115317,lower,True,False
2023-01,Ward,12,MQ,ok,0.06494065489562718,higher,True,False
2023-01,Ward,16,SW,ok,0.18888109209461548,higher,True,False
2023-01,Ward,16,CH,ok,815.2188895309508,higher,True,False
2023-01,Ward,16,S_Dbw,undefined,,lower,True,False
2023-01,Ward,16,AVI,ok,0.1345935579094525,higher,True,False
2023-01,Ward,16,AVU,ok,0.36956113695760706,lower,True,False
2023-01,Ward,16,MQ,ok,0.048401323860695754,higher,True,False
2023-01,NCut,4,SW,ok,0.29027411467478476,higher,True,True
2023-01,NCut,4,CH,ok,1142.9005520947749,higher,True,True
2023-01,NCut,4,S_Dbw,ok,0.6569551651231473,lower,True,True
2023-01,NCut,4,AVI,ok,0.4174860900670667,higher,True,True
2023-01,NCut,4,AVU,ok,0.5824056560435602,lower,True,True
2023-01,NCut,4,MQ,ok,0.11653746554124696,higher,True,True
2023-01,NCut,6,SW,ok,0.22506014047407144,higher,True,True
2023-01,NCut,6,CH,ok,1155.122439907027,higher,True,True
2023-01,NCut,6,S_Dbw,ok,0.5415650312247243,lower,True,True
2023-01,NCut,6,AVI,ok,0.29292150618313756,higher,True,True
2023-01,NCut,6,AVU,ok,0.5140301845774086,lower,True,True
2023-01,NCut,6,MQ,ok,0.0872608475198226,higher,True,True
2023-01,NCut,8,SW,ok,0.2170126447066737,higher,True,True
2023-01,NCut,8,CH,ok,960.1028444999517,higher,True,True
2023-01,NCut,8,S_Dbw,ok,0.5391752384867328,lower,True,True
2023-01,NCut,8,AVI,ok,0.2266866690022301,higher,True,True
2023-01,NCut,8,AVU,ok,0.45560502228845035,lower,True,True
2023-01,NCut,8,MQ,ok,0.07092594233564316,higher,True,True
2023-01,NCut,12,SW,ok,0.16478823603208703,higher,True,False
2023-01,NCut,12,CH,ok,812.021734363381,higher,True,False
2023-01,NCut,12,S_Dbw,undefined,,lower,True,False
2023-01,NCut,12,AVI,ok,0.1558488424236941,higher,True,False
2023-01,NCut,12,AVU,ok,0.4708158998609867,lower,True,False
2023-01,NCut,12,MQ,ok,0.05100232438037849,higher,True,False
2023-01,NCut,16,SW,ok,0.174143189539133,higher,True,False
2023-01,NCut,16,CH,ok,731.3373072685715,higher,True,False
2023-01,NCut,16,S_Dbw,undefined,,lower,True,False
2023-01,NCut,16,AVI,ok,0.1204351885811831,higher,True,False
2023-01,NCut,16,AVU,ok,0.4382107931086963,lower,True,False
2023-01,NCut,16,MQ,ok,0.03749526578848965,higher,True,False
2023-02,SSE,10,SW,ok,0.24933626683359048,higher,True,False
2023-02,SSE,10,CH,ok,1181.7172214816142,higher,True,False
2023-02,SSE,10,S_Dbw,undefined,,lower,True,False
2023-02,SSE,10,AVI,ok,0.22739325299050445,higher,True,False
2023-02,SSE,10,AVU,ok,0.39804501286208127,lower,True,False
2023-02,SSE,10,MQ,ok,0.06756621817340186,higher,True,False
2023-02,SSE,20,SW,ok,0.21731370602230266,higher,True,False
2023-02,SSE,20,CH,ok,876.974214702417,higher,True,False
2023-02,SSE,20,S_Dbw,undefined,,lower,True,False
2023-02,SSE,20,AVI,ok,0.13177880413176746,higher,True,False
2023-02,SSE,20,AVU,ok,0.379233744616279,lower,True,False
2023-02,SSE,20,MQ,ok,0.03915525923553255,higher,True,False
2023-02,SSE,4,SW,ok,0.3482123945970606,higher,True,True
2023-02,SSE,4,CH,ok,1616.0659238335652,higher,True,True
2023-02,SSE,4,S_Dbw,ok,0.6908788453165426,lower,True,True
2023-02,SSE,4,AVI,ok,0.4203378172527622,higher,True,True
2023-02,SSE,4,AVU,ok,0.5178323500154156,lower,True,True
2023-02,SSE,4,MQ,ok,0.1212349708987882,higher,True,True
2023-02,SSE,6,SW,ok,0.29687676829267745,higher,True,True
2023-02,SSE,6,CH,ok,1420.7895151402895,higher,True,True
2023-02,SSE,6,S_Dbw,ok,0.5595391636805391,lower,True,True
2023-02,SSE,6,AVI,ok,0.3391795248687431,higher,True,True
2023-02,SSE,6,AVU,ok,0.42435821339095603,lower,True,True
2023-02,SSE,6,MQ,ok,0.10132732450580566,higher,True,True
2023-02,SSE,8,SW,ok,0.2598684914074132,higher,True,True
2023-02,SSE,8,CH,ok,1295.4699768178064,higher,True,True
2023-02,SSE,8,S_Dbw,ok,0.5029269823658515,lower,True,True
2023-02,SSE,8,AVI,ok,0.2637751308766798,higher,True,True
2023-02,SSE,8,AVU,ok,0.4348593073341032,lower,True,True
2023-02,SSE,8,MQ,ok,0.07869993197114933,higher,True,True
2023-02,SSE,12,SW,ok,0.2304849570074374,higher,True,False
2023-02,SSE,12,CH,ok,1105.532028249142,higher,True,False
2023-02,SSE,12,S_Dbw,undefined,,lower,True,False
2023-02,SSE,12,AVI,ok,0.19206395445147809,higher,True,False
2023-02,SSE,12,AVU,ok,0.3992609697782305,lower,True,False
2023-02,SSE,12,MQ,ok,0.055095070199435825,higher,True,False
2023-02,SSE,16,SW,ok,0.2210805072163364,higher,True,False
2023-02,SSE,16,CH,ok,977.6367180039105,higher,True,False
2023-02,SSE,16,S_Dbw,undefined,,lower,True,False
2023-02,SSE,16,AVI,ok,0.15652889396283548,higher,True,False
2023-02,SSE,16,AVU,ok,0.3882351522264148,lower,True,False
2023-02,SSE,16,MQ,ok,0.04395876716951225,higher,True,False
2023-02,Ward,10,SW,ok,0.1641094031278617,higher,True,False
2023-02,Ward,10,CH,ok,994.8169515311782,higher,True,False
2023-02,Ward,10,S_Dbw,undefined,,lower,True,False
2023-02,Ward,10,AVI,ok,0.20605844239455534,higher,True,False
2023-02,Ward,10,AVU,ok,0.41894075821371646,lower,True,False
2023-02,Ward,10,MQ,ok,0.06972370495576737,higher,True,False
2023-02,Ward,20,SW,ok,0.16699819139155872,higher,True,False
2023-02,Ward,20,CH,ok,767.1744773352873,higher,True,False
2023-02,Ward,20,S_Dbw,undefined,,lower,True,False
2023-02,Ward,20,AVI,ok,0.1300295095131393,higher,True,False
2023-02,Ward,20,AVU,ok,0.391377943048121,lower,True,False
2023-02,Ward,20,MQ,ok,0.03839319915764138,higher,True,False
2023-02,Ward,4,SW,ok,0.3284259130629392,higher,True,True
2023-02,Ward,4,CH,ok,1381.6763877636743,higher,True,True
2023-02,Ward,4,S_Dbw,ok,0.6387918768094469,lower,True,True
2023-02,Ward,4,AVI,ok,0.4599784621096768,higher,True,True
2023-02,Ward,4,AVU,ok,0.5001753419664838,lower,True,True
2023-02,Ward,4,MQ,ok,0.12000900345197993,higher,True,True
2023-02,Ward,6,SW,ok,0.2695020254174694,higher,True,True
2023-02,Ward,6,CH,ok,1296.8253596115758,higher,True,True
2023-02,Ward,6,S_Dbw,ok,0.6151560894085742,lower,True,True
2023-02,Ward,6,AVI,ok,0.3227173383556578,higher,True,True
2023-02,Ward,6,AVU,ok,0.4321344490637258,lower,True,True
2023-02,Ward,6,MQ,ok,0.09867123098833959,higher,True,True
2023-02,Ward,8,SW,ok,0.22310135997864391,higher,True,False
2023-02,Ward,8,CH,ok,1107.583416196124,higher,True,False
2023-02,Ward,8,S_Dbw,undefined,,lower,True,False
2023-02,Ward,8,AVI,ok,0.2487985220277351,higher,True,False
2023-02,Ward,8,AVU,ok,0.4162073543063493,lower,True,False
2023-02,Ward,8,MQ,ok,0.09245253907111312,higher,True,False
2023-02,Ward,12,SW,ok,0.1709889582489873,higher,True,False
2023-02,Ward,12,CH,ok,930.7497341888574,higher,True,False
2023-02,Ward,12,S_Dbw,undefined,,lower,True,False
2023-02,Ward,12,AVI,ok,0.17411807314231253,higher,True,False
2023-02,Ward,12,AVU,ok,0.40995263600471615,lower,True,False
2023-02,Ward,12,MQ,ok,0.05334610645511468,higher,True,False
2023-02,Ward,16,SW,ok,0.18601147533167842,higher,True,False
2023-02,Ward,16,CH,ok,842.6075978825388,higher,True,False
2023-02,Ward,16,S_Dbw,undefined,,lower,True,False
2023-02,Ward,16,AVI,ok,0.16135552437203082,higher,True,False
2023-02,Ward,16,AVU,ok,0.3555014332888594,lower,True,False
2023-02,Ward,16,MQ,ok,0.048265624999845436,higher,True,False
2023-02,NCut,10,SW,ok,0.19807873031975265,higher,True,True
2023-02,NCut,10,CH,ok,919.0339185492995,higher,True,True
2023-02,NCut,10,S_Dbw,ok,0.4246132524770515,lower,True,True
2023-02,NCut,10,AVI,ok,0.1854452038355801,higher,True,True
2023-02,NCut,10,AVU,ok,0.44537026713015626,lower,True,True
2023-02,NCut,10,MQ,ok,0.057136403550088685,higher,True,True
2023-02,NCut,20,SW,ok,0.14575010268728725,higher,True,False
2023-02,NCut,20,CH,ok,668.6926771551981,higher,True,False
2023-02,NCut,20,S_Dbw,undefined,,lower,True,False
2023-02,NCut,20,AVI,ok,0.09781045903035446,higher,True,False
2023-02,NCut,20,AVU,ok,0.45451878481630403,lower,True,False
2023-02,NCut,20,MQ,ok,0.03034631645027184,higher,True,False
2023-02,NCut,4,SW,ok,0.28503702485598614,higher,True,True
2023-02,NCut,4,CH,ok,1020.8324888920833,higher,True,True
2023-02,NCut,4,S_Dbw,ok,0.6948129063206122,lower,True,True
2023-02,NCut,4,AVI,ok,0.4067568919815711,higher,True,True
2023-02,NCut,4,AVU,ok,0.579057609146131,lower,True,True
2023-02,NCut,4,MQ,ok,0.10862282424696468,higher,True,True
2023-02,NCut,6,SW,ok,0.23117249784882887,higher,True,True
2023-02,NCut,6,CH,ok,1058.4721475156923,higher,True,True
2023-02,NCut,6,S_Dbw,ok,0.5276407028681332,lower,True,True
2023-02,NCut,6,AVI,ok,0.28844930191673707,higher,True,True
2023-02,NCut,6,AVU,ok,0.47341659466072095,lower,True,True
2023-02,NCut,6,MQ,ok,0.08766842483694257,higher,True,True
2023-02,NCut,8,SW,ok,0.2218201687179269,higher,True,True
2023-02,NCut,8,CH,ok,911.2376160321539,higher,True,True
2023-02,NCut,8,S_Dbw,ok,0.46140593670529545,lower,True,True
2023-02,NCut,8,AVI,ok,0.22416998795122,higher,True,True
2023-02,NCut,8,AVU,ok,0.45263033194905294,lower,True,True
2023-02,NCut,8,MQ,ok,0.06707754751514286,higher,True,True
2023-02,NCut,12,SW,ok,0.1897546802199656,higher,True,True
2023-02,NCut,12,CH,ok,829.9339753530704,higher,True,True
2023-02,NCut,12,S_Dbw,ok,0.40296360264718944,lower,True,True
2023-02,NCut,12,AVI,ok,0.15761456109789002,higher,True,True
2023-02,NCut,12,AVU,ok,0.43090081782676015,lower,True,True
2023-02,NCut,12,MQ,ok,0.049190813587856486,higher,True,True
2023-02,NCut,16,SW,ok,0.16232878130172046,higher,True,False
2023-02,NCut,16,CH,ok,762.3756151334408,higher,True,False
2023-02,NCut,16,S_Dbw,undefined,,lower,True,False
2023-02,NCut,16,AVI,ok,0.12171425087207606,higher,True,False
2023-02,NCut,16,AVU,ok,0.45053319751652343,lower,True,False
2023-02,NCut,16,MQ,ok,0.03608399620205731,higher,True,False
2023-03,SSE,10,SW,ok,0.2548322910220324,higher,True,False
2023-03,SSE,10,CH,ok,1210.9025598672183,higher,True,False
2023-03,SSE,10,S_Dbw,undefined,,lower,True,False
2023-03,SSE,10,AVI,ok,0.23086000080196456,higher,True,False
2023-03,SSE,10,AVU,ok,0.4074542947532112,lower,True,False
2023-03,SSE,10,MQ,ok,0.07234979581096995,higher,True,False
2023-03,SSE,20,SW,ok,0.2234679640075421,higher,True,False
2023-03,SSE,20,CH,ok,889.0135535221026,higher,True,False
2023-03,SSE,20,S_Dbw,undefined,,lower,True,False
2023-03,SSE,20,AVI,ok,0.12092071326992483,higher,True,False
2023-03,SSE,20,AVU,ok,0.41373915254028304,lower,True,False
2023-03,SSE,20,MQ,ok,0.03889257781343108,higher,True,False
2023-03,SSE,4,SW,ok,0.3502996112744595,higher,True,True
2023-03,SSE,4,CH,ok,1708.0799587940903,higher,True,True
2023-03,SSE,4,S_Dbw,ok,0.6286480940911325,lower,True,True
2023-03,SSE,4,AVI,ok,0.428596652931021,higher,True,True
2023-03,SSE,4,AVU,ok,0.5187852451630391,lower,True,True
2023-03,SSE,4,MQ,ok,0.1290353788943644,higher,True,True
2023-03,SSE,6,SW,ok,0.29137767638212336,higher,True,True
2023-03,SSE,6,CH,ok,1491.945869724137,higher,True,True
2023-03,SSE,6,S_Dbw,ok,0.6016931869831748,lower,True,True
2023-03,SSE,6,AVI,ok,0.3079382157990595,higher,True,True
2023-03,SSE,6,AVU,ok,0.46357093009787526,lower,True,True
2023-03,SSE,6,MQ,ok,0.09657034768363212,higher,True,True
2023-03,SSE,8,SW,ok,0.2619242632056131,higher,True,False
2023-03,SSE,8,CH,ok,1344.3781457787388,higher,True,False
2023-03,SSE,8,S_Dbw,undefined,,lower,True,False
2023-03,SSE,8,AVI,ok,0.2743573397721,higher,True,False
2023-03,SSE,8,AVU,ok,0.4364466694149526,lower,True,False
2023-03,SSE,8,MQ,ok,0.08153847168161013,higher,True,False
2023-03,SSE,12,SW,ok,0.22610264487737275,higher,True,False
2023-03,SSE,12,CH,ok,1118.1241861461797,higher,True,False
2023-03,SSE,12,S_Dbw,undefined,,lower,True,False
2023-03,SSE,12,AVI,ok,0.19711225340172855,higher,True,False
2023-03,SSE,12,AVU,ok,0.3999510011646286,lower,True,False
2023-03,SSE,12,MQ,ok,0.058846877194868454,higher,True,False
2023-03,SSE,16,SW,ok,0.2166357656648678,higher,True,False
2023-03,SSE,16,CH,ok,983.0866058542073,higher,True,False
2023-03,SSE,16,S_Dbw,undefined,,lower,True,False
2023-03,SSE,16,AVI,ok,0.15331384506594112,higher,True,False
2023-03,SSE,16,AVU,ok,0.4057997847662698,lower,True,False
2023-03,SSE,16,MQ,ok,0.04459765448246803,higher,True,False
2023-03,Ward,10,SW,ok,0.20909436759558653,higher,True,False
2023-03,Ward,10,CH,ok,1031.2928946650982,higher,True,False
2023-03,Ward,10,S_Dbw,undefined,,lower,True,False
2023-03,Ward,10,AVI,ok,0.20210550380004316,higher,True,False
2023-03,Ward,10,AVU,ok,0.3926314443446976,lower,True,False
2023-03,Ward,10,MQ,ok,0.07582552352902082,higher,True,False
2023-03,Ward,20,SW,ok,0.1630022218115735,higher,True,False
2023-03,Ward,20,CH,ok,765.3278465474214,higher,True,False
2023-03,Ward,20,S_Dbw,undefined,,lower,True,False
2023-03,Ward,20,AVI,ok,0.11707089020819918,higher,True,False
2023-03,Ward,20,AVU,ok,0.3809576748771125,lower,True,False
2023-03,Ward,20,MQ,ok,0.04092640433497034,higher,True,False
2023-03,Ward,4,SW,ok,0.3450712171787708,higher,True,True
2023-03,Ward,4,CH,ok,1558.2576570293063,higher,True,True
2023-03,Ward,4,S_Dbw,ok,0.5811526460057568,lower,True,True
2023-03,Ward,4,AVI,ok,0.4216001590986768,higher,True,True
2023-03,Ward,4,AVU,ok,0.5323725275961458,lower,True,True
2023-03,Ward,4,MQ,ok,0.12625109163602505,higher,True,True
2023-03,Ward,6,SW,ok,0.28652418619090403,higher,True,False
2023-03,Ward,6,CH,ok,1331.374192744213,higher,True,False
2023-03,Ward,6,S_Dbw,undefined,,lower,True,False
2023-03,Ward,6,AVI,ok,0.32284387027174205,higher,True,False
2023-03,Ward,6,AVU,ok,0.4118047035662829,lower,True,False
2023-03,Ward,6,MQ,ok,0.10805643236681872,higher,True,False
2023-03,Ward,8,SW,ok,0.20828417767830296,higher,True,False
2023-03,Ward,8,CH,ok,1141.1397356023904,higher,True,False
2023-03,Ward,8,S_Dbw,undefined,,lower,True,False
2023-03,Ward,8,AVI,ok,0.24746036713860975,higher,True,False
2023-03,Ward,8,AVU,ok,0.422666477712485,lower,True,False
2023-03,Ward,8,MQ,ok,0.08230246020271122,higher,True,False
2023-03,Ward,12,SW,ok,0.17329899364287177,higher,True,False
2023-03,Ward,12,CH,ok,969.1839814184784,higher,True,False
2023-03,Ward,12,S_Dbw,undefined,,lower,True,False
2023-03,Ward,12,AVI,ok,0.1737150234359922,higher,True,False
2023-03,Ward,12,AVU,ok,0.41273025798086754,lower,True,False
2023-03,Ward,12,MQ,ok,0.05491871490209519,higher,True,False
2023-03,Ward,16,SW,ok,0.17829963752505937,higher,True,False
2023-03,Ward,16,CH,ok,849.384569677035,higher,True,False
2023-03,Ward,16,S_Dbw,undefined,,lower,True,False
2023-03,Ward,16,AVI,ok,0.14445732719112703,higher,True,False
2023-03,Ward,16,AVU,ok,0.38275428260282085,lower,True,False
2023-03,Ward,16,MQ,ok,0.04842652715408524,higher,True,False
2023-03,NCut,10,SW,ok,0.2029807087897583,higher,True,False
2023-03,NCut,10,CH,ok,1048.2029991738507,higher,True,False
2023-03,NCut,10,S_Dbw,undefined,,lower,True,False
2023-03,NCut,10,AVI,ok,0.19258951672874314,higher,True,False
2023-03,NCut,10,AVU,ok,0.46217140055655326,lower,True,False
2023-03,NCut,10,MQ,ok,0.06094263117074362,higher,True,False
2023-03,NCut,20,SW,ok,0.16609060699549877,higher,True,False
2023-03,NCut,20,CH,ok,751.0142883161586,higher,True,False
2023-03,NCut,20,S_Dbw,undefined,,lower,True,False
2023-03,NCut,20,AVI,ok,0.1065633612603694,higher,True,False
2023-03,NCut,20,AVU,ok,0.4445319092614598,lower,True,False
2023-03,NCut,20,MQ,ok,0.03261014480205683,higher,True,False
2023-03,NCut,4,SW,ok,0.34274789467330136,higher,True,True
2023-03,NCut,4,CH,ok,1420.9982011318216,higher,True,True
2023-03,NCut,4,S_Dbw,ok,0.5778944280008831,lower,True,True
2023-03,NCut,4,AVI,ok,0.41787349533600165,higher,True,True
2023-03,NCut,4,AVU,ok,0.5529120887330652,lower,True,True
2023-03,NCut,4,MQ,ok,0.1238894165681178,higher,True,True
2023-03,NCut,6,SW,ok,0.23016586937916447,higher,True,True
2023-03,NCut,6,CH,ok,1107.6327410361737,higher,True,True
2023-03,NCut,6,S_Dbw,ok,0.4722308128483886,lower,True,True
2023-03,NCut,6,AVI,ok,0.29436253515790733,higher,True,True
2023-03,NCut,6,AVU,ok,0.47494120470746337,lower,True,True
2023-03,NCut,6,MQ,ok,0.09152784060423262,higher,True,True
2023-03,NCut,8,SW,ok,0.2166729143303748,higher,True,True
2023-03,NCut,8,CH,ok,1021.2411562137711,higher,True,True
2023-03,NCut,8,S_Dbw,ok,0.481014968879779,lower,True,True
2023-03,NCut,8,AVI,ok,0.22903296592603817,higher,True,True
2023-03,NCut,8,AVU,ok,0.4755954141541841,lower,True,True
2023-03,NCut,8,MQ,ok,0.07389933876216466,higher,True,True
2023-03,NCut,12,SW,ok,0.15630038751448336,higher,True,False
2023-03,NCut,12,CH,ok,816.19192656204,higher,True,False
2023-03,NCut,12,S_Dbw,undefined,,lower,True,False
2023-03,NCut,12,AVI,ok,0.15626135162679305,higher,True,False
2023-03,NCut,12,AVU,ok,0.46585383112537654,lower,True,False
2023-03,NCut,12,MQ,ok,0.0481074234209568,higher,True,False
2023-03,NCut,16,SW,ok,0.15659065174979525,higher,True,False
2023-03,NCut,16,CH,ok,859.7180096128437,higher,True,False
2023-03,NCut,16,S_Dbw,undefined,,lower,True,False
2023-03,NCut,16,AVI,ok,0.13142742762792603,higher,True,False
2023-03,NCut,16,AVU,ok,0.45802878429420935,lower,True,False
2023-03,NCut,16,MQ,ok,0.040258529498561124,higher,True,False
2023-04,SSE,10,SW,ok,0.2739234906598217,higher,True,False
2023-04,SSE,10,CH,ok,1295.99341097725,higher,True,False
2023-04,SSE,10,S_Dbw,undefined,,lower,True,False
2023-04,SSE,10,AVI,ok,0.24582541600636226,higher,True,False
2023-04,SSE,10,AVU,ok,0.4084817378960336,lower,True,False
2023-04,SSE,10,MQ,ok,0.09557707904396576,higher,True,False
2023-04,SSE,20,SW,ok,0.22361218049207385,higher,True,False
2023-04,SSE,20,CH,ok,967.5530181119386,higher,True,False
2023-04,SSE,20,S_Dbw,undefined,,lower,True,False
2023-04,SSE,20,AVI,ok,0.14655794310727355,higher,True,False
2023-04,SSE,20,AVU,ok,0.38534055813225215,lower,True,False
2023-04,SSE,20,MQ,ok,0.05376426244629442,higher,True,False
2023-04,SSE,4,SW,ok,0.36571558152604144,higher,True,True
2023-04,SSE,4,CH,ok,1791.0512504888454,higher,True,True
2023-04,SSE,4,S_Dbw,ok,0.6755100152090292,lower,True,True
2023-04,SSE,4,AVI,ok,0.4711862487339834,higher,True,True
2023-04,SSE,4,AVU,ok,0.5171952480192474,lower,True,True
2023-04,SSE,4,MQ,ok,0.1678957002252037,higher,True,True
2023-04,SSE,6,SW,ok,0.2985918780618839,higher,True,True
2023-04,SSE,6,CH,ok,1595.7505843080457,higher,True,True
2023-04,SSE,6,S_Dbw,ok,0.5675483353709272,lower,True,True
2023-04,SSE,6,AVI,ok,0.3444213871945801,higher,True,True
2023-04,SSE,6,AVU,ok,0.46147468668700375,lower,True,True
2023-04,SSE,6,MQ,ok,0.1259731514827995,higher,True,True
2023-04,SSE,8,SW,ok,0.27656792338727715,higher,True,False
2023-04,SSE,8,CH,ok,1410.6598099372386,higher,True,False
2023-04,SSE,8,S_Dbw,undefined,,lower,True,False
2023-04,SSE,8,AVI,ok,0.28696705463669814,higher,True,False
2023-04,SSE,8,AVU,ok,0.4398970942739598,lower,True,False
2023-04,SSE,8,MQ,ok,0.10466685422646138,higher,True,False
2023-04,SSE,12,SW,ok,0.24194642015657497,higher,True,False
2023-04,SSE,12,CH,ok,1208.2494657729294,higher,True,False
2023-04,SSE,12,S_Dbw,undefined,,lower,True,False
2023-04,SSE,12,AVI,ok,0.23347795899957727,higher,True,False
2023-04,SSE,12,AVU,ok,0.3998191644838417,lower,True,False
2023-04,SSE,12,MQ,ok,0.07891844656782544,higher,True,False
2023-04,SSE,16,SW,ok,0.22818569464644523,higher,True,False
2023-04,SSE,16,CH,ok,1062.8294352455414,higher,True,False
2023-04,SSE,16,S_Dbw,undefined,,lower,True,False
2023-04,SSE,16,AVI,ok,0.17948171772008628,higher,True,False
2023-04,SSE,16,AVU,ok,0.39626340426079537,lower,True,False
2023-04,SSE,16,MQ,ok,0.06335613644187557,higher,True,False
2023-04,Ward,10,SW,ok,0.2224680639404,higher,True,False
2023-04,Ward,10,CH,ok,1111.3754548222166,higher,True,False
2023-04,Ward,10,S_Dbw,undefined,,lower,True,False
2023-04,Ward,10,AVI,ok,0.226757187263026,higher,True,False
2023-04,Ward,10,AVU,ok,0.43572433742135414,lower,True,False
2023-04,Ward,10,MQ,ok,0.0877431693885974,higher,True,False
2023-04,Ward,20,SW,ok,0.17583846834541159,higher,True,False
2023-04,Ward,20,CH,ok,855.6523520935667,higher,True,False
2023-04,Ward,20,S_Dbw,undefined,,lower,True,False
2023-04,Ward,20,AVI,ok,0.14179448583337892,higher,True,False
2023-04,Ward,20,AVU,ok,0.4058313274829126,lower,True,False
2023-04,Ward,20,MQ,ok,0.05145355482572675,higher,True,False
2023-04,Ward,4,SW,ok,0.3813767817933319,higher,True,True
2023-04,Ward,4,CH,ok,1362.834001332621,higher,True,True
2023-04,Ward,4,S_Dbw,ok,0.587244163986022,lower,True,True
2023-04,Ward,4,AVI,ok,0.4990526157982938,higher,True,True
2023-04,Ward,4,AVU,ok,0.5022842809765108,lower,True,True
2023-04,Ward,4,MQ,ok,0.13777950267222713,higher,True,True
2023-04,Ward,6,SW,ok,0.2523896066522787,higher,True,True
2023-04,Ward,6,CH,ok,1342.5608184828604,higher,True,True
2023-04,Ward,6,S_Dbw,ok,0.6322895714164425,lower,True,True
2023-04,Ward,6,AVI,ok,0.3579465457339683,higher,True,True
2023-04,Ward,6,AVU,ok,0.4439243420809404,lower,True,True
2023-04,Ward,6,MQ,ok,0.11289366865546778,higher,True,True
2023-04,Ward,8,SW,ok,0.23092870659882878,higher,True,False
2023-04,Ward,8,CH,ok,1205.0464797621403,higher,True,False
2023-04,Ward,8,S_Dbw,undefined,,lower,True,False
2023-04,Ward,8,AVI,ok,0.2773160981228142,higher,True,False
2023-04,Ward,8,AVU,ok,0.43737187298952024,lower,True,False
2023-04,Ward,8,MQ,ok,0.1038516229677779,higher,True,False
2023-04,Ward,12,SW,ok,0.21393515860813786,higher,True,False
2023-04,Ward,12,CH,ok,1040.028978674934,higher,True,False
2023-04,Ward,12,S_Dbw,undefined,,lower,True,False
2023-04,Ward,12,AVI,ok,0.22745289232996418,higher,True,False
2023-04,Ward,12,AVU,ok,0.395118038069731,lower,True,False
2023-04,Ward,12,MQ,ok,0.08621889232708607,higher,True,False
2023-04,Ward,16,SW,ok,0.1860871156001669,higher,True,False
2023-04,Ward,16,CH,ok,936.943720748458,higher,True,False
2023-04,Ward,16,S_Dbw,undefined,,lower,True,False
2023-04,Ward,16,AVI,ok,0.17530221480588043,higher,True,False
2023-04,Ward,16,AVU,ok,0.3986947693002609,lower,True,False
2023-04,Ward,16,MQ,ok,0.059576351006393795,higher,True,False
2023-04,NCut,10,SW,ok,0.21811385856911106,higher,True,True
2023-04,NCut,10,CH,ok,1059.8744837961149,higher,True,True
2023-04,NCut,10,S_Dbw,ok,0.33945132097890474,lower,True,True
2023-04,NCut,10,AVI,ok,0.21095653130090977,higher,True,True
2023-04,NCut,10,AVU,ok,0.46029202779160033,lower,True,True
2023-04,NCut,10,MQ,ok,0.07952782722743071,higher,True,True
2023-04,NCut,20,SW,ok,0.16032087948425308,higher,True,False
2023-04,NCut,20,CH,ok,756.6237293042088,higher,True,False
2023-04,NCut,20,S_Dbw,undefined,,lower,True,False
2023-04,NCut,20,AVI,ok,0.12236020623972639,higher,True,False
2023-04,NCut,20,AVU,ok,0.4383747175347606,lower,True,False
2023-04,NCut,20,MQ,ok,0.04399255973144911,higher,True,False
2023-04,NCut,4,SW,ok,0.2791468923057645,higher,True,True
2023-04,NCut,4,CH,ok,1192.014632293213,higher,True,True
2023-04,NCut,4,S_Dbw,ok,0.7282965904956442,lower,True,True
2023-04,NCut,4,AVI,ok,0.4587816439275366,higher,True,True
2023-04,NCut,4,AVU,ok,0.6172788762751479,lower,True,True
2023-04,NCut,4,MQ,ok,0.1461968200842113,higher,True,True
2023-04,NCut,6,SW,ok,0.24866315167541622,higher,True,True
2023-04,NCut,6,CH,ok,1148.7029837283135,higher,True,True
2023-04,NCut,6,S_Dbw,ok,0.4476076181966201,lower,True,True
2023-04,NCut,6,AVI,ok,0.3238434113304286,higher,True,True
2023-04,NCut,6,AVU,ok,0.4929248100657855,lower,True,True
2023-04,NCut,6,MQ,ok,0.11953026038071506,higher,True,True
2023-04,NCut,8,SW,ok,0.23272816576628844,higher,True,True
2023-04,NCut,8,CH,ok,1080.5560379200774,higher,True,True
2023-04,NCut,8,S_Dbw,ok,0.40580542456319413,lower,True,True
2023-04,NCut,8,AVI,ok,0.25523588638278927,higher,True,True
2023-04,NCut,8,AVU,ok,0.46387224735271754,lower,True,True
2023-04,NCut,8,MQ,ok,0.09609763412748704,higher,True,True
2023-04,NCut,12,SW,ok,0.18110972511963983,higher,True,False
2023-04,NCut,12,CH,ok,966.8827573896739,higher,True,False
2023-04,NCut,12,S_Dbw,undefined,,lower,True,False
2023-04,NCut,12,AVI,ok,0.18058543500843702,higher,True,False
2023-04,NCut,12,AVU,ok,0.4649170864870809,lower,True,False
2023-04,NCut,12,MQ,ok,0.06844381202729255,higher,True,False
2023-04,NCut,16,SW,ok,0.14222325264451058,higher,True,False
2023-04,NCut,16,CH,ok,840.5913700652925,higher,True,False
2023-04,NCut,16,S_Dbw,undefined,,lower,True,False
2023-04,NCut,16,AVI,ok,0.14545742147841748,higher,True,False
2023-04,NCut,16,AVU,ok,0.45710739333280814,lower,True,False
2023-04,NCut,16,MQ,ok,0.05294568593818133,higher,True,False
2023-05,SSE,10,SW,ok,0.27259955287946086,higher,True,False
2023-05,SSE,10,CH,ok,1292.9342089160816,higher,True,False
2023-05,SSE,10,S_Dbw,undefined,,lower,True,False
2023-05,SSE,10,AVI,ok,0.25270753489341713,higher,True,False
2023-05,SSE,10,AVU,ok,0.40318724765153147,lower,True,False
2023-05,SSE,10,MQ,ok,0.10134828937773564,higher,True,False
2023-05,SSE,20,SW,ok,0.22360461938782183,higher,True,False
2023-05,SSE,20,CH,ok,960.0589948430887,higher,True,False
2023-05,SSE,20,S_Dbw,undefined,,lower,True,False
2023-05,SSE,20,AVI,ok,0.13902860086823124,higher,True,False
2023-05,SSE,20,AVU,ok,0.3968098444614413,lower,True,False
2023-05,SSE,20,MQ,ok,0.053766868225300024,higher,True,False
2023-05,SSE,4,SW,ok,0.3638688379790891,higher,True,True
2023-05,SSE,4,CH,ok,1751.402081239749,higher,True,True
2023-05,SSE,4,S_Dbw,ok,0.6655168001067543,lower,True,True
2023-05,SSE,4,AVI,ok,0.47198882895891275,higher,True,True
2023-05,SSE,4,AVU,ok,0.5191558701330008,lower,True,True
2023-05,SSE,4,MQ,ok,0.17727027822868674,higher,True,True
2023-05,SSE,6,SW,ok,0.30307431439575233,higher,True,True
2023-05,SSE,6,CH,ok,1581.7236068572495,higher,True,True
2023-05,SSE,6,S_Dbw,ok,0.5513185672827257,lower,True,True
2023-05,SSE,6,AVI,ok,0.34831037114202484,higher,True,True
2023-05,SSE,6,AVU,ok,0.46375573551840255,lower,True,True
2023-05,SSE,6,MQ,ok,0.13423981234572074,higher,True,True
2023-05,SSE,8,SW,ok,0.2900128721311933,higher,True,False
2023-05,SSE,8,CH,ok,1406.470525910231,higher,True,False
2023-05,SSE,8,S_Dbw,undefined,,lower,True,False
2023-05,SSE,8,AVI,ok,0.2717650405866243,higher,True,False
2023-05,SSE,8,AVU,ok,0.43688666596410947,lower,True,False
2023-05,SSE,8,MQ,ok,0.11355531390106292,higher,True,False
2023-05,SSE,12,SW,ok,0.2532965101665951,higher,True,False
2023-05,SSE,12,CH,ok,1202.30103846579,higher,True,False
2023-05,SSE,12,S_Dbw,undefined,,lower,True,False
2023-05,SSE,12,AVI,ok,0.21421193165088948,higher,True,False
2023-05,SSE,12,AVU,ok,0.41635667108647295,lower,True,False
2023-05,SSE,12,MQ,ok,0.08892197693883598,higher,True,False
2023-05,SSE,16,SW,ok,0.22902648814291943,higher,True,False
2023-05,SSE,16,CH,ok,1054.228339898331,higher,True,False
2023-05,SSE,16,S_Dbw,undefined,,lower,True,False
2023-05,SSE,16,AVI,ok,0.16964139535299788,higher,True,False
2023-05,SSE,16,AVU,ok,0.39159638648795553,lower,True,False
2023-05,SSE,16,MQ,ok,0.06848075355624524,higher,True,False
2023-05,Ward,10,SW,ok,0.24916630275288368,higher,True,False
2023-05,Ward,10,CH,ok,1085.4833077840035,higher,True,False
2023-05,Ward,10,S_Dbw,undefined,,lower,True,False
2023-05,Ward,10,AVI,ok,0.22731066953422593,higher,True,False
2023-05,Ward,10,AVU,ok,0.3684772980337132,lower,True,False
2023-05,Ward,10,MQ,ok,0.11297055656928501,higher,True,False
2023-05,Ward,20,SW,ok,0.16896192266051396,higher,True,False
2023-05,Ward,20,CH,ok,819.7081961679735,higher,True,False
2023-05,Ward,20,S_Dbw,undefined,,lower,True,False
2023-05,Ward,20,AVI,ok,0.13892298067735864,higher,True,False
2023-05,Ward,20,AVU,ok,0.3858241075528189,lower,True,False
2023-05,Ward,20,MQ,ok,0.058939615447181605,higher,True,False
2023-05,Ward,4,SW,ok,0.3461180706124697,higher,True,True
2023-05,Ward,4,CH,ok,1354.5037252857242,higher,True,True
2023-05,Ward,4,S_Dbw,ok,0.6299254871764901,lower,True,True
2023-05,Ward,4,AVI,ok,0.4580148581673354,higher,True,True
2023-05,Ward,4,AVU,ok,0.5506705962026874,lower,True,True
2023-05,Ward,4,MQ,ok,0.14967886373251696,higher,True,True
2023-05,Ward,6,SW,ok,0.2655399400722994,higher,True,True
2023-05,Ward,6,CH,ok,1341.2852178124876,higher,True,True
2023-05,Ward,6,S_Dbw,ok,0.6502418620997591,lower,True,True
2023-05,Ward,6,AVI,ok,0.3320492056280898,higher,True,True
2023-05,Ward,6,AVU,ok,0.48442965193720894,lower,True,True
2023-05,Ward,6,MQ,ok,0.12344104771567337,higher,True,True
2023-05,Ward,8,SW,ok,0.2747204028233888,higher,True,False
2023-05,Ward,8,CH,ok,1209.3597639851012,higher,True,False
2023-05,Ward,8,S_Dbw,undefined,,lower,True,False
2023-05,Ward,8,AVI,ok,0.27955394466908606,higher,True,False
2023-05,Ward,8,AVU,ok,0.37628599546823926,lower,True,False
2023-05,Ward,8,MQ,ok,0.12273785369190536,higher,True,False
2023-05,Ward,12,SW,ok,0.21158353617312126,higher,True,False
2023-05,Ward,12,CH,ok,995.7496337497586,higher,True,False
2023-05,Ward,12,S_Dbw,undefined,,lower,True,False
2023-05,Ward,12,AVI,ok,0.1916573432358648,higher,True,False
2023-05,Ward,12,AVU,ok,0.40069849135585683,lower,True,False
2023-05,Ward,12,MQ,ok,0.10123906446895505,higher,True,False
2023-05,Ward,16,SW,ok,0.16552545129471688,higher,True,False
2023-05,Ward,16,CH,ok,890.0248050898426,higher,True,False
2023-05,Ward,16,S_Dbw,undefined,,lower,True,False
2023-05,Ward,16,AVI,ok,0.14922283019116672,higher,True,False
2023-05,Ward,16,AVU,ok,0.40425069039519884,lower,True,False
2023-05,Ward,16,MQ,ok,0.06411453149553552,higher,True,False
2023-05,NCut,10,SW,ok,0.21307872378529336,higher,True,False
2023-05,NCut,10,CH,ok,1021.3579780593648,higher,True,False
2023-05,NCut,10,S_Dbw,undefined,,lower,True,False
2023-05,NCut,10,AVI,ok,0.21431131047552404,higher,True,False
2023-05,NCut,10,AVU,ok,0.43831083811767546,lower,True,False
2023-05,NCut,10,MQ,ok,0.0861602332028829,higher,True,False
2023-05,NCut,20,SW,ok,0.1288342076595966,higher,True,False
2023-05,NCut,20,CH,ok,569.2250144919683,higher,True,False
2023-05,NCut,20,S_Dbw,undefined,,lower,True,False
2023-05,NCut,20,AVI,ok,0.1095858231739108,higher,True,False
2023-05,NCut,20,AVU,ok,0.4715919493031494,lower,True,False
2023-05,NCut,20,MQ,ok,0.04362197624510264,higher,True,False
2023-05,NCut,4,SW,ok,0.27714961772347213,higher,True,True
2023-05,NCut,4,CH,ok,1241.5759207256838,higher,True,True
2023-05,NCut,4,S_Dbw,ok,0.6668386182636818,lower,True,True
2023-05,NCut,4,AVI,ok,0.46253666065713755,higher,True,True
2023-05,NCut,4,AVU,ok,0.6157080276559416,lower,True,True
2023-05,NCut,4,MQ,ok,0.15447224896790396,higher,True,True
2023-05,NCut,6,SW,ok,0.24285487639548506,higher,True,True
2023-05,NCut,6,CH,ok,1134.5085136737919,higher,True,True
2023-05,NCut,6,S_Dbw,ok,0.44517448407147964,lower,True,True
2023-05,NCut,6,AVI,ok,0.32537898110226826,higher,True,True
2023-05,NCut,6,AVU,ok,0.504828284432708,lower,True,True
2023-05,NCut,6,MQ,ok,0.12323343870454029,higher,True,True
2023-05,NCut,8,SW,ok,0.23854352729527487,higher,True,False
2023-05,NCut,8,CH,ok,1031.4456742516895,higher,True,False
2023-05,NCut,8,S_Dbw,undefined,,lower,True,False
2023-05,NCut,8,AVI,ok,0.2567187988429612,higher,True,False
2023-05,NCut,8,AVU,ok,0.46310192442465425,lower,True,False
2023-05,NCut,8,MQ,ok,0.10082916817018656,higher,True,False
2023-05,NCut,12,SW,ok,0.1958201679452284,higher,True,False
2023-05,NCut,12,CH,ok,971.1295802445071,higher,True,False
2023-05,NCut,12,S_Dbw,undefined,,lower,True,False
2023-05,NCut,12,AVI,ok,0.18303404053686642,higher,True,False
2023-05,NCut,12,AVU,ok,0.45329239756734885,lower,True,False
2023-05,NCut,12,MQ,ok,0.07241261721375644,higher,True,False
2023-05,NCut,16,SW,ok,0.1947078651680558,higher,True,False
2023-05,NCut,16,CH,ok,857.4137055169524,higher,True,False
2023-05,NCut,16,S_Dbw,undefined,,lower,True,False
2023-05,NCut,16,AVI,ok,0.14133303788328175,higher,True,False
2023-05,NCut,16,AVU,ok,0.4420922975801655,lower,True,False
2023-05,NCut,16,MQ,ok,0.05605940079935045,higher,True,False
2023-06,SSE,10,SW,ok,0.26636215600750995,higher,True,False
2023-06,SSE,10,CH,ok,1289.8460110560866,higher,True,False
2023-06,SSE,10,S_Dbw,undefined,,lower,True,False
2023-06,SSE,10,AVI,ok,0.22950596427361708,higher,True,False
2023-06,SSE,10,AVU,ok,0.43333550104468443,lower,True,False
2023-06,SSE,10,MQ,ok,0.09682389658813689,higher,True,False
2023-06,SSE,20,SW,ok,0.22361084051049854,higher,True,False
2023-06,SSE,20,CH,ok,952.5137614990886,higher,True,False
2023-06,SSE,20,S_Dbw,undefined,,lower,True,False
2023-06,SSE,20,AVI,ok,0.12875157843691526,higher,True,False
2023-06,SSE,20,AVU,ok,0.39593001007807094,lower,True,False
2023-06,SSE,20,MQ,ok,0.05774414638073057,higher,True,False
2023-06,SSE,4,SW,ok,0.36572368948167294,higher,True,True
2023-06,SSE,4,CH,ok,1776.3051211896825,higher,True,True
2023-06,SSE,4,S_Dbw,ok,0.5519004301921002,lower,True,True
2023-06,SSE,4,AVI,ok,0.472284856737035,higher,True,True
2023-06,SSE,4,AVU,ok,0.5336486207258944,lower,True,True
2023-06,SSE,4,MQ,ok,0.17661798532972336,higher,True,True
2023-06,SSE,6,SW,ok,0.3104538010463928,higher,True,True
2023-06,SSE,6,CH,ok,1636.0784065870587,higher,True,True
2023-06,SSE,6,S_Dbw,ok,0.49104974938977114,lower,True,True
2023-06,SSE,6,AVI,ok,0.3413063562842291,higher,True,True
2023-06,SSE,6,AVU,ok,0.47940497669803744,lower,True,True
2023-06,SSE,6,MQ,ok,0.13107229865963166,higher,True,True
2023-06,SSE,8,SW,ok,0.26602589737505145,higher,True,False
2023-06,SSE,8,CH,ok,1415.2487199931152,higher,True,False
2023-06,SSE,8,S_Dbw,undefined,,lower,True,False
2023-06,SSE,8,AVI,ok,0.26621174655634966,higher,True,False
2023-06,SSE,8,AVU,ok,0.4700356110343323,lower,True,False
2023-06,SSE,8,MQ,ok,0.10515516400108858,higher,True,False
2023-06,SSE,12,SW,ok,0.2604379078241003,higher,True,False
2023-06,SSE,12,CH,ok,1203.565485794936,higher,True,False
2023-06,SSE,12,S_Dbw,undefined,,lower,True,False
2023-06,SSE,12,AVI,ok,0.2028790041591941,higher,True,False
2023-06,SSE,12,AVU,ok,0.41567251103293884,lower,True,False
2023-06,SSE,12,MQ,ok,0.0891684582044781,higher,True,False
2023-06,SSE,16,SW,ok,0.23738628448346163,higher,True,False
2023-06,SSE,16,CH,ok,1054.6560919154888,higher,True,False
2023-06,SSE,16,S_Dbw,undefined,,lower,True,False
2023-06,SSE,16,AVI,ok,0.1577935958429499,higher,True,False
2023-06,SSE,16,AVU,ok,0.4194316151018595,lower,True,False
2023-06,SSE,16,MQ,ok,0.06464118783947069,higher,True,False
2023-06,Ward,10,SW,ok,0.20832511670320142,higher,True,False
2023-06,Ward,10,CH,ok,1072.1658985949243,higher,True,False
2023-06,Ward,10,S_Dbw,undefined,,lower,True,False
2023-06,Ward,10,AVI,ok,0.21375075507126357,higher,True,False
2023-06,Ward,10,AVU,ok,0.4342597638973767,lower,True,False
2023-06,Ward,10,MQ,ok,0.09884249683832785,higher,True,False
2023-06,Ward,20,SW,ok,0.18455299379529388,higher,True,False
2023-06,Ward,20,CH,ok,834.289733044077,higher,True,False
2023-06,Ward,20,S_Dbw,undefined,,lower,True,False
2023-06,Ward,20,AVI,ok,0.1282724847301796,higher,True,False
2023-06,Ward,20,AVU,ok,0.36770851442154,lower,True,False
2023-06,Ward,20,MQ,ok,0.06022374862355548,higher,True,False
2023-06,Ward,4,SW,ok,0.3040633686363306,higher,True,True
2023-06,Ward,4,CH,ok,1444.0738126935562,higher,True,True
2023-06,Ward,4,S_Dbw,ok,0.6326980580915951,lower,True,True
2023-06,Ward,4,AVI,ok,0.4629341488093097,higher,True,True
2023-06,Ward,4,AVU,ok,0.5333894741452376,lower,True,True
2023-06,Ward,4,MQ,ok,0.14094778324127027,higher,True,True
2023-06,Ward,6,SW,ok,0.26267034886084867,higher,True,True
2023-06,Ward,6,CH,ok,1364.2465004503376,higher,True,True
2023-06,Ward,6,S_Dbw,ok,0.525171966291669,lower,True,True
2023-06,Ward,6,AVI,ok,0.3307072879194734,higher,True,True
2023-06,Ward,6,AVU,ok,0.4734427539157414,lower,True,True
2023-06,Ward,6,MQ,ok,0.1252335407671882,higher,True,True
2023-06,Ward,8,SW,ok,0.24002902989218589,higher,True,True
2023-06,Ward,8,CH,ok,1161.1876585854682,higher,True,True
2023-06,Ward,8,S_Dbw,ok,0.4324281593766752,lower,True,True
2023-06,Ward,8,AVI,ok,0.2617024318133575,higher,True,True
2023-06,Ward,8,AVU,ok,0.4020949583267494,lower,True,True
2023-06,Ward,8,MQ,ok,0.11033992709629152,higher,True,True
2023-06,Ward,12,SW,ok,0.1923552245596867,higher,True,False
2023-06,Ward,12,CH,ok,1015.722996828653,higher,True,False
2023-06,Ward,12,S_Dbw,undefined,,lower,True,False
2023-06,Ward,12,AVI,ok,0.18534518808181297,higher,True,False
2023-06,Ward,12,AVU,ok,0.4079465328831352,lower,True,False
2023-06,Ward,12,MQ,ok,0.07709263391210298,higher,True,False
2023-06,Ward,16,SW,ok,0.18313090733347107,higher,True,False
2023-06,Ward,16,CH,ok,919.8912005000446,higher,True,False
2023-06,Ward,16,S_Dbw,undefined,,lower,True,False
2023-06,Ward,16,AVI,ok,0.1576500924938667,higher,True,False
2023-06,Ward,16,AVU,ok,0.40540257777164596,lower,True,False
2023-06,Ward,16,MQ,ok,0.06384291241175807,higher,True,False
2023-06,NCut,10,SW,ok,0.20455690224726328,higher,True,False
2023-06,NCut,10,CH,ok,1015.8883175345132,higher,True,False
2023-06,NCut,10,S_Dbw,undefined,,lower,True,False
2023-06,NCut,10,AVI,ok,0.211400614463677,higher,True,False
2023-06,NCut,10,AVU,ok,0.46461399577659246,lower,True,False
2023-06,NCut,10,MQ,ok,0.08276309718954443,higher,True,False
2023-06,NCut,20,SW,ok,0.14715615899596005,higher,True,False
2023-06,NCut,20,CH,ok,678.7524601141619,higher,True,False
2023-06,NCut,20,S_Dbw,undefined,,lower,True,False
2023-06,NCut,20,AVI,ok,0.10979787984984171,higher,True,False
2023-06,NCut,20,AVU,ok,0.4750813133825407,lower,True,False
2023-06,NCut,20,MQ,ok,0.043961275910175214,higher,True,False
2023-06,NCut,4,SW,ok,0.28027449305784585,higher,True,True
2023-06,NCut,4,CH,ok,1192.0354530141137,higher,True,True
2023-06,NCut,4,S_Dbw,ok,0.7039237254042217,lower,True,True
2023-06,NCut,4,AVI,ok,0.44983626836450186,higher,True,True
2023-06,NCut,4,AVU,ok,0.6058375332159458,lower,True,True
2023-06,NCut,4,MQ,ok,0.15329534152239324,higher,True,True
2023-06,NCut,6,SW,ok,0.2367614830179966,higher,True,True
2023-06,NCut,6,CH,ok,1218.1947641922106,higher,True,True
2023-06,NCut,6,S_Dbw,ok,0.4882080440400748,lower,True,True
2023-06,NCut,6,AVI,ok,0.3220258751120538,higher,True,True
2023-06,NCut,6,AVU,ok,0.5218567312270612,lower,True,True
2023-06,NCut,6,MQ,ok,0.11869653123661371,higher,True,True
2023-06,NCut,8,SW,ok,0.24628068278598533,higher,True,True
2023-06,NCut,8,CH,ok,1142.7246696452728,higher,True,True
2023-06,NCut,8,S_Dbw,ok,0.5345125252931158,lower,True,True
2023-06,NCut,8,AVI,ok,0.257604358799879,higher,True,True
2023-06,NCut,8,AVU,ok,0.4678102470169115,lower,True,True
2023-06,NCut,8,MQ,ok,0.10124247685122643,higher,True,True
2023-06,NCut,12,SW,ok,0.18917141716305574,higher,True,False
2023-06,NCut,12,CH,ok,957.4028749563627,higher,True,False
2023-06,NCut,12,S_Dbw,undefined,,lower,True,False
2023-06,NCut,12,AVI,ok,0.1787798910363285,higher,True,False
2023-06,NCut,12,AVU,ok,0.47767023818524756,lower,True,False
2023-06,NCut,12,MQ,ok,0.06962766167050888,higher,True,False
2023-06,NCut,16,SW,ok,0.16006734130081515,higher,True,False
2023-06,NCut,16,CH,ok,766.6628939793242,higher,True,False
2023-06,NCut,16,S_Dbw,undefined,,lower,True,False
2023-06,NCut,16,AVI,ok,0.1356476752885494,higher,True,False
2023-06,NCut,16,AVU,ok,0.4722977099469288,lower,True,False
2023-06,NCut,16,MQ,ok,0.05323366914179855,higher,True,False
2023-07,SSE,10,SW,ok,0.25696957263536563,higher,True,False
2023-07,SSE,10,CH,ok,1312.9679634605445,higher,True,False
2023-07,SSE,10,S_Dbw,undefined,,lower,True,False
2023-07,SSE,10,AVI,ok,0.20959427567103125,higher,True,False
2023-07,SSE,10,AVU,ok,0.45274745506833064,lower,True,False
2023-07,SSE,10,MQ,ok,0.08899646731145358,higher,True,False
2023-07,SSE,20,SW,ok,0.23408987227052577,higher,True,False
2023-07,SSE,20,CH,ok,989.1707437317001,higher,True,False
2023-07,SSE,20,S_Dbw,undefined,,lower,True,False
2023-07,SSE,20,AVI,ok,0.1190409475408248,higher,True,False
2023-07,SSE,20,AVU,ok,0.39828719347554914,lower,True,False
2023-07,SSE,20,MQ,ok,0.05290763913980979,higher,True,False
2023-07,SSE,4,SW,ok,0.36758313424317035,higher,True,True
2023-07,SSE,4,CH,ok,1829.8736898259933,higher,True,True
2023-07,SSE,4,S_Dbw,ok,0.5546018330803775,lower,True,True
2023-07,SSE,4,AVI,ok,0.458741359049535,higher,True,True
2023-07,SSE,4,AVU,ok,0.545640700715021,lower,True,True
2023-07,SSE,4,MQ,ok,0.16830326492942513,higher,True,True
2023-07,SSE,6,SW,ok,0.3046013383129071,higher,True,True
2023-07,SSE,6,CH,ok,1673.6149654312737,higher,True,True
2023-07,SSE,6,S_Dbw,ok,0.5068905769157189,lower,True,True
2023-07,SSE,6,AVI,ok,0.32895524952057914,higher,True,True
2023-07,SSE,6,AVU,ok,0.48993825023863835,lower,True,True
2023-07,SSE,6,MQ,ok,0.12261231320629633,higher,True,True
2023-07,SSE,8,SW,ok,0.2782407402392405,higher,True,False
2023-07,SSE,8,CH,ok,1452.9058021432056,higher,True,False
2023-07,SSE,8,S_Dbw,undefined,,lower,True,False
2023-07,SSE,8,AVI,ok,0.25742642573430113,higher,True,False
2023-07,SSE,8,AVU,ok,0.4557731499218418,lower,True,False
2023-07,SSE,8,MQ,ok,0.1044404376340805,higher,True,False
2023-07,SSE,12,SW,ok,0.23326842358956687,higher,True,False
2023-07,SSE,12,CH,ok,1214.631960777704,higher,True,False
2023-07,SSE,12,S_Dbw,undefined,,lower,True,False
2023-07,SSE,12,AVI,ok,0.1825250209590307,higher,True,False
2023-07,SSE,12,AVU,ok,0.44048538704652557,lower,True,False
2023-07,SSE,12,MQ,ok,0.07250305527668553,higher,True,False
2023-07,SSE,16,SW,ok,0.2274486732295679,higher,True,False
2023-07,SSE,16,CH,ok,1084.2467572462435,higher,True,False
2023-07,SSE,16,S_Dbw,undefined,,lower,True,False
2023-07,SSE,16,AVI,ok,0.14609660104673433,higher,True,False
2023-07,SSE,16,AVU,ok,0.4123816971816862,lower,True,False
2023-07,SSE,16,MQ,ok,0.06173864918793005,higher,True,False
2023-07,Ward,10,SW,ok,0.20671652801057105,higher,True,False
2023-07,Ward,10,CH,ok,1126.9460543623977,higher,True,False
2023-07,Ward,10,S_Dbw,undefined,,lower,True,False
2023-07,Ward,10,AVI,ok,0.20927028310651927,higher,True,False
2023-07,Ward,10,AVU,ok,0.4511905638760013,lower,True,False
2023-07,Ward,10,MQ,ok,0.0816161890548628,higher,True,False
2023-07,Ward,20,SW,ok,0.18522352457169433,higher,True,False
2023-07,Ward,20,CH,ok,873.0335009445994,higher,True,False
2023-07,Ward,20,S_Dbw,undefined,,lower,True,False
2023-07,Ward,20,AVI,ok,0.11798212507272099,higher,True,False
2023-07,Ward,20,AVU,ok,0.40810210067328,lower,True,False
2023-07,Ward,20,MQ,ok,0.05413667562423116,higher,True,False
2023-07,Ward,4,SW,ok,0.24627803394998396,higher,True,True
2023-07,Ward,4,CH,ok,1498.40620407156,higher,True,True
2023-07,Ward,4,S_Dbw,ok,0.6193644513864779,lower,True,True
2023-07,Ward,4,AVI,ok,0.43869690003231065,higher,True,True
2023-07,Ward,4,AVU,ok,0.5625794729908237,lower,True,True
2023-07,Ward,4,MQ,ok,0.13607248928254037,higher,True,True
2023-07,Ward,6,SW,ok,0.265340274967189,higher,True,True
2023-07,Ward,6,CH,ok,1340.5435610529166,higher,True,True
2023-07,Ward,6,S_Dbw,ok,0.3833496705688864,lower,True,True
2023-07,Ward,6,AVI,ok,0.32537181997975373,higher,True,True
2023-07,Ward,6,AVU,ok,0.4495208755431796,lower,True,True
2023-07,Ward,6,MQ,ok,0.129924042873196,higher,True,True
2023-07,Ward,8,SW,ok,0.25172288988765906,higher,True,True
2023-07,Ward,8,CH,ok,1218.395541978657,higher,True,True
2023-07,Ward,8,S_Dbw,ok,0.35867304637180764,lower,True,True
2023-07,Ward,8,AVI,ok,0.2558307732700913,higher,True,True
2023-07,Ward,8,AVU,ok,0.4256648718723517,lower,True,True
2023-07,Ward,8,MQ,ok,0.10224879023563502,higher,True,True
2023-07,Ward,12,SW,ok,0.21296072532364405,higher,True,False
2023-07,Ward,12,CH,ok,1043.2341216396978,higher,True,False
2023-07,Ward,12,S_Dbw,undefined,,lower,True,False
2023-07,Ward,12,AVI,ok,0.1781789520063838,higher,True,False
2023-07,Ward,12,AVU,ok,0.41179363075585185,lower,True,False
2023-07,Ward,12,MQ,ok,0.07732069694206817,higher,True,False
2023-07,Ward,16,SW,ok,0.20613404313243494,higher,True,False
2023-07,Ward,16,CH,ok,949.6846928448842,higher,True,False
2023-07,Ward,16,S_Dbw,undefined,,lower,True,False
2023-07,Ward,16,AVI,ok,0.14431115260778035,higher,True,False
2023-07,Ward,16,AVU,ok,0.4152766232304907,lower,True,False
2023-07,Ward,16,MQ,ok,0.06575901593660793,higher,True,False
2023-07,NCut,10,SW,ok,0.1720019638838499,higher,True,False
2023-07,NCut,10,CH,ok,1034.5041589604725,higher,True,False
2023-07,NCut,10,S_Dbw,undefined,,lower,True,False
2023-07,NCut,10,AVI,ok,0.20050142614524935,higher,True,False
2023-07,NCut,10,AVU,ok,0.49236364930430077,lower,True,False
2023-07,NCut,10,MQ,ok,0.07345567155334828,higher,True,False
2023-07,NCut,20,SW,ok,0.18448455535173833,higher,True,False
2023-07,NCut,20,CH,ok,870.518359602483,higher,True,False
2023-07,NCut,20,S_Dbw,undefined,,lower,True,False
2023-07,NCut,20,AVI,ok,0.11201553725231228,higher,True,False
2023-07,NCut,20,AVU,ok,0.46001950531027874,lower,True,False
2023-07,NCut,20,MQ,ok,0.041587482549610234,higher,True,False
2023-07,NCut,4,SW,ok,0.31663621447545054,higher,True,True
2023-07,NCut,4,CH,ok,1513.6571935527597,higher,True,True
2023-07,NCut,4,S_Dbw,ok,0.5939998817435255,lower,True,True
2023-07,NCut,4,AVI,ok,0.4448463643749071,higher,True,True
2023-07,NCut,4,AVU,ok,0.5917720573598726,lower,True,True
2023-07,NCut,4,MQ,ok,0.15226181177916603,higher,True,True
2023-07,NCut,6,SW,ok,0.26837464245826914,higher,True,True
2023-07,NCut,6,CH,ok,1386.6109942085047,higher,True,True
2023-07,NCut,6,S_Dbw,ok,0.584214883464664,lower,True,True
2023-07,NCut,6,AVI,ok,0.31790632734738594,higher,True,True
2023-07,NCut,6,AVU,ok,0.5151341816870675,lower,True,True
2023-07,NCut,6,MQ,ok,0.10874007008864904,higher,True,True
2023-07,NCut,8,SW,ok,0.2482974976774022,higher,True,False
2023-07,NCut,8,CH,ok,1214.4522535425458,higher,True,False
2023-07,NCut,8,S_Dbw,undefined,,lower,True,False
2023-07,NCut,8,AVI,ok,0.2493155296171075,higher,True,False
2023-07,NCut,8,AVU,ok,0.4652540504535955,lower,True,False
2023-07,NCut,8,MQ,ok,0.09451307901824592,higher,True,False
2023-07,NCut,12,SW,ok,0.19550372648481137,higher,True,False
2023-07,NCut,12,CH,ok,1038.0753513288353,higher,True,False
2023-07,NCut,12,S_Dbw,undefined,,lower,True,False
2023-07,NCut,12,AVI,ok,0.17344330684978038,higher,True,False
2023-07,NCut,12,AVU,ok,0.4664777224039893,lower,True,False
2023-07,NCut,12,MQ,ok,0.0662741597929475,higher,True,False
2023-07,NCut,16,SW,ok,0.1844625018164748,higher,True,False
2023-07,NCut,16,CH,ok,915.5714701896768,higher,True,False
2023-07,NCut,16,S_Dbw,undefined,,lower,True,False
2023-07,NCut,16,AVI,ok,0.13767054675413637,higher,True,False
2023-07,NCut,16,AVU,ok,0.4412396818337994,lower,True,False
2023-07,NCut,16,MQ,ok,0.05353296350945842,higher,True,False
2023-08,SSE,10,SW,ok,0.2499966913000905,higher,True,False
2023-08,SSE,10,CH,ok,1336.2113313632735,higher,True,False
2023-08,SSE,10,S_Dbw,undefined,,lower,True,False
2023-08,SSE,10,AVI,ok,0.21077031940860033,higher,True,False
2023-08,SSE,10,AVU,ok,0.44142261151797335,lower,True,False
2023-08,SSE,10,MQ,ok,0.08434123137927058,higher,True,False
2023-08,SSE,20,SW,ok,0.22884731915963613,higher,True,False
2023-08,SSE,20,CH,ok,992.0541930533155,higher,True,False
2023-08,SSE,20,S_Dbw,undefined,,lower,True,False
2023-08,SSE,20,AVI,ok,0.11387877767687248,higher,True,False
2023-08,SSE,20,AVU,ok,0.394270943385859,lower,True,False
2023-08,SSE,20,MQ,ok,0.05417695628702433,higher,True,False
2023-08,SSE,4,SW,ok,0.3714875093561634,higher,True,True
2023-08,SSE,4,CH,ok,1882.9378939456683,higher,True,True
2023-08,SSE,4,S_Dbw,ok,0.5090739269921326,lower,True,True
2023-08,SSE,4,AVI,ok,0.4577213966728123,higher,True,True
2023-08,SSE,4,AVU,ok,0.5512135752677589,lower,True,True
2023-08,SSE,4,MQ,ok,0.17013818643258102,higher,True,True
2023-08,SSE,6,SW,ok,0.3051668714336019,higher,True,True
2023-08,SSE,6,CH,ok,1705.0064292399672,higher,True,True
2023-08,SSE,6,S_Dbw,ok,0.47664164456592545,lower,True,True
2023-08,SSE,6,AVI,ok,0.3264315974707844,higher,True,True
2023-08,SSE,6,AVU,ok,0.4966019755957395,lower,True,True
2023-08,SSE,6,MQ,ok,0.12331060208096324,higher,True,True
2023-08,SSE,8,SW,ok,0.2683588529549647,higher,True,False
2023-08,SSE,8,CH,ok,1492.253877785302,higher,True,False
2023-08,SSE,8,S_Dbw,undefined,,lower,True,False
2023-08,SSE,8,AVI,ok,0.25455808800801194,higher,True,False
2023-08,SSE,8,AVU,ok,0.4752405527867317,lower,True,False
2023-08,SSE,8,MQ,ok,0.10238765531502665,higher,True,False
2023-08,SSE,12,SW,ok,0.24036450593619785,higher,True,False
2023-08,SSE,12,CH,ok,1239.991895803644,higher,True,False
2023-08,SSE,12,S_Dbw,undefined,,lower,True,False
2023-08,SSE,12,AVI,ok,0.17925415460032032,higher,True,False
2023-08,SSE,12,AVU,ok,0.4342506527665032,lower,True,False
2023-08,SSE,12,MQ,ok,0.07366466703146717,higher,True,False
2023-08,SSE,16,SW,ok,0.23059245700441988,higher,True,False
2023-08,SSE,16,CH,ok,1088.729766732506,higher,True,False
2023-08,SSE,16,S_Dbw,undefined,,lower,True,False
2023-08,SSE,16,AVI,ok,0.1378473140475697,higher,True,False
2023-08,SSE,16,AVU,ok,0.4131981844043677,lower,True,False
2023-08,SSE,16,MQ,ok,0.06022118407692569,higher,True,False
2023-08,Ward,10,SW,ok,0.19177173195999073,higher,True,False
2023-08,Ward,10,CH,ok,1131.572437632496,higher,True,False
2023-08,Ward,10,S_Dbw,undefined,,lower,True,False
2023-08,Ward,10,AVI,ok,0.20421953904993873,higher,True,False
2023-08,Ward,10,AVU,ok,0.4410045278063121,lower,True,False
2023-08,Ward,10,MQ,ok,0.08168942864312513,higher,True,False
2023-08,Ward,20,SW,ok,0.1920422702385199,higher,True,False
2023-08,Ward,20,CH,ok,876.8106607688001,higher,True,False
2023-08,Ward,20,S_Dbw,undefined,,lower,True,False
2023-08,Ward,20,AVI,ok,0.11383533901276863,higher,True,False
2023-08,Ward,20,AVU,ok,0.3939508748344359,lower,True,False
2023-08,Ward,20,MQ,ok,0.058834010343191384,higher,True,False
2023-08,Ward,4,SW,ok,0.24451132163938852,higher,True,True
2023-08,Ward,4,CH,ok,1598.0045567425593,higher,True,True
2023-08,Ward,4,S_Dbw,ok,0.6989921339127215,lower,True,True
2023-08,Ward,4,AVI,ok,0.4437127703108779,higher,True,True
2023-08,Ward,4,AVU,ok,0.5849860302883747,lower,True,True
2023-08,Ward,4,MQ,ok,0.140340093048722,higher,True,True
2023-08,Ward,6,SW,ok,0.2321844679038882,higher,True,True
2023-08,Ward,6,CH,ok,1386.4440745138286,higher,True,True
2023-08,Ward,6,S_Dbw,ok,0.38247973484286873,lower,True,True
2023-08,Ward,6,AVI,ok,0.3161256761684993,higher,True,True
2023-08,Ward,6,AVU,ok,0.5108838277518583,lower,True,True
2023-08,Ward,6,MQ,ok,0.1222969818069586,higher,True,True
2023-08,Ward,8,SW,ok,0.22141836814251123,higher,True,True
2023-08,Ward,8,CH,ok,1236.301656443339,higher,True,True
2023-08,Ward,8,S_Dbw,ok,0.3632932745874585,lower,True,True
2023-08,Ward,8,AVI,ok,0.2492331374233101,higher,True,True
2023-08,Ward,8,AVU,ok,0.4538169979355285,lower,True,True
2023-08,Ward,8,MQ,ok,0.09808818307132842,higher,True,True
2023-08,Ward,12,SW,ok,0.1974464288119453,higher,True,False
2023-08,Ward,12,CH,ok,1053.8465426808646,higher,True,False
2023-08,Ward,12,S_Dbw,undefined,,lower,True,False
2023-08,Ward,12,AVI,ok,0.18323368184618524,higher,True,False
2023-08,Ward,12,AVU,ok,0.38521539300938845,lower,True,False
2023-08,Ward,12,MQ,ok,0.07690211657701575,higher,True,False
2023-08,Ward,16,SW,ok,0.1911271840824169,higher,True,False
2023-08,Ward,16,CH,ok,973.5221730168231,higher,True,False
2023-08,Ward,16,S_Dbw,undefined,,lower,True,False
2023-08,Ward,16,AVI,ok,0.1399633750792057,higher,True,False
2023-08,Ward,16,AVU,ok,0.40740311750157954,lower,True,False
2023-08,Ward,16,MQ,ok,0.06455482588397467,higher,True,False
2023-08,NCut,10,SW,ok,0.2164936498662778,higher,True,False
2023-08,NCut,10,CH,ok,1159.2443870379393,higher,True,False
2023-08,NCut,10,S_Dbw,undefined,,lower,True,False
2023-08,NCut,10,AVI,ok,0.20446812359602104,higher,True,False
2023-08,NCut,10,AVU,ok,0.471521752738855,lower,True,False
2023-08,NCut,10,MQ,ok,0.07833251292339223,higher,True,False
2023-08,NCut,20,SW,ok,0.15925549239058037,higher,True,False
2023-08,NCut,20,CH,ok,834.8988723817503,higher,True,False
2023-08,NCut,20,S_Dbw,undefined,,lower,True,False
2023-08,NCut,20,AVI,ok,0.10786109811480225,higher,True,False
2023-08,NCut,20,AVU,ok,0.4710935006705365,lower,True,False
2023-08,NCut,20,MQ,ok,0.0413458616988501,higher,True,False
2023-08,NCut,4,SW,ok,0.324088653096354,higher,True,True
2023-08,NCut,4,CH,ok,1557.2494052006393,higher,True,True
2023-08,NCut,4,S_Dbw,ok,0.5638185858294456,lower,True,True
2023-08,NCut,4,AVI,ok,0.4436951315015802,higher,True,True
2023-08,NCut,4,AVU,ok,0.5924870370880857,lower,True,True
2023-08,NCut,4,MQ,ok,0.1544166948733203,higher,True,True
2023-08,NCut,6,SW,ok,0.25143117078128235,higher,True,True
2023-08,NCut,6,CH,ok,1321.8664516105464,higher,True,True
2023-08,NCut,6,S_Dbw,ok,0.4801500447758439,lower,True,True
2023-08,NCut,6,AVI,ok,0.30921222941800536,higher,True,True
2023-08,NCut,6,AVU,ok,0.5353080769066201,lower,True,True
2023-08,NCut,6,MQ,ok,0.11233095026710913,higher,True,True
2023-08,NCut,8,SW,ok,0.2423026836005359,higher,True,False
2023-08,NCut,8,CH,ok,1246.859543473953,higher,True,False
2023-08,NCut,8,S_Dbw,undefined,,lower,True,False
2023-08,NCut,8,AVI,ok,0.24759536570717006,higher,True,False
2023-08,NCut,8,AVU,ok,0.47470181047010046,lower,True,False
2023-08,NCut,8,MQ,ok,0.09368020266785955,higher,True,False
2023-08,NCut,12,SW,ok,0.18236058355677262,higher,True,False
2023-08,NCut,12,CH,ok,1057.130100626659,higher,True,False
2023-08,NCut,12,S_Dbw,undefined,,lower,True,False
2023-08,NCut,12,AVI,ok,0.17086798719600577,higher,True,False
2023-08,NCut,12,AVU,ok,0.4833636298311445,lower,True,False
2023-08,NCut,12,MQ,ok,0.06551934519481403,higher,True,False
2023-08,NCut,16,SW,ok,0.1877261918737704,higher,True,False
2023-08,NCut,16,CH,ok,964.7693483764457,higher,True,False
2023-08,NCut,16,S_Dbw,undefined,,lower,True,False
2023-08,NCut,16,AVI,ok,0.13299354613184516,higher,True,False
2023-08,NCut,16,AVU,ok,0.45551544777948944,lower,True,False
2023-08,NCut,16,MQ,ok,0.05110748597775686,higher,True,False
2023-09,SSE,10,SW,ok,0.238554080518695,higher,True,False
2023-09,SSE,10,CH,ok,1350.3748549801085,higher,True,False
2023-09,SSE,10,S_Dbw,undefined,,lower,True,False
2023-09,SSE,10,AVI,ok,0.2141302994374878,higher,True,False
2023-09,SSE,10,AVU,ok,0.462990241802438,lower,True,False
2023-09,SSE,10,MQ,ok,0.0844362696428337,higher,True,False
2023-09,SSE,20,SW,ok,0.2258554505413875,higher,True,False
2023-09,SSE,20,CH,ok,991.5602797251137,higher,True,False
2023-09,SSE,20,S_Dbw,undefined,,lower,True,False
2023-09,SSE,20,AVI,ok,0.12182421363544917,higher,True,False
2023-09,SSE,20,AVU,ok,0.3999673187568881,lower,True,False
2023-09,SSE,20,MQ,ok,0.055987360422121935,higher,True,False
2023-09,SSE,4,SW,ok,0.38252256346633223,higher,True,True
2023-09,SSE,4,CH,ok,1900.3496136616263,higher,True,True
2023-09,SSE,4,S_Dbw,ok,0.5494515843440336,lower,True,True
2023-09,SSE,4,AVI,ok,0.4628388966778765,higher,True,True
2023-09,SSE,4,AVU,ok,0.5437849915334848,lower,True,True
2023-09,SSE,4,MQ,ok,0.17833421399105118,higher,True,True
2023-09,SSE,6,SW,ok,0.3065772645443386,higher,True,True
2023-09,SSE,6,CH,ok,1716.6352729206744,higher,True,True
2023-09,SSE,6,S_Dbw,ok,0.5682841143522737,lower,True,True
2023-09,SSE,6,AVI,ok,0.3341139167475142,higher,True,True
2023-09,SSE,6,AVU,ok,0.48960919261025226,lower,True,True
2023-09,SSE,6,MQ,ok,0.12980220672243134,higher,True,True
2023-09,SSE,8,SW,ok,0.27204561056551396,higher,True,True
2023-09,SSE,8,CH,ok,1496.2253669713546,higher,True,True
2023-09,SSE,8,S_Dbw,ok,0.28189469092256236,lower,True,True
2023-09,SSE,8,AVI,ok,0.263325483104832,higher,True,True
2023-09,SSE,8,AVU,ok,0.4678520351091329,lower,True,True
2023-09,SSE,8,MQ,ok,0.10641306969002258,higher,True,True
2023-09,SSE,12,SW,ok,0.24113030734288232,higher,True,False
2023-09,SSE,12,CH,ok,1264.1978283087228,higher,True,False
2023-09,SSE,12,S_Dbw,undefined,,lower,True,False
2023-09,SSE,12,AVI,ok,0.18966863844988824,higher,True,False
2023-09,SSE,12,AVU,ok,0.43594686556147655,lower,True,False
2023-09,SSE,12,MQ,ok,0.07742166748386668,higher,True,False
2023-09,SSE,16,SW,ok,0.22836384416516772,higher,True,False
2023-09,SSE,16,CH,ok,1091.4083847306304,higher,True,False
2023-09,SSE,16,S_Dbw,undefined,,lower,True,False
2023-09,SSE,16,AVI,ok,0.14640866556070561,higher,True,False
2023-09,SSE,16,AVU,ok,0.42238218098309177,lower,True,False
2023-09,SSE,16,MQ,ok,0.06481361702614633,higher,True,False
2023-09,Ward,10,SW,ok,0.19165168185266127,higher,True,False
2023-09,Ward,10,CH,ok,1135.298559284576,higher,True,False
2023-09,Ward,10,S_Dbw,undefined,,lower,True,False
2023-09,Ward,10,AVI,ok,0.21405424855950156,higher,True,False
2023-09,Ward,10,AVU,ok,0.4417552712950539,lower,True,False
2023-09,Ward,10,MQ,ok,0.0908568988050448,higher,True,False
2023-09,Ward,20,SW,ok,0.18342169591559368,higher,True,False
2023-09,Ward,20,CH,ok,862.9525747420162,higher,True,False
2023-09,Ward,20,S_Dbw,undefined,,lower,True,False
2023-09,Ward,20,AVI,ok,0.11944017392744953,higher,True,False
2023-09,Ward,20,AVU,ok,0.39295538443890043,lower,True,False
2023-09,Ward,20,MQ,ok,0.058689361007922915,higher,True,False
2023-09,Ward,4,SW,ok,0.2508513797802724,higher,True,True
2023-09,Ward,4,CH,ok,1590.4835489018985,higher,True,True
2023-09,Ward,4,S_Dbw,ok,0.8883478850617006,lower,True,True
2023-09,Ward,4,AVI,ok,0.45557938468717674,higher,True,True
2023-09,Ward,4,AVU,ok,0.5897874858352299,lower,True,True
2023-09,Ward,4,MQ,ok,0.14479185866498875,higher,True,True
2023-09,Ward,6,SW,ok,0.25476234097664363,higher,True,True
2023-09,Ward,6,CH,ok,1419.2572952186185,higher,True,True
2023-09,Ward,6,S_Dbw,ok,0.5634347778207036,lower,True,True
2023-09,Ward,6,AVI,ok,0.33781064092587576,higher,True,True
2023-09,Ward,6,AVU,ok,0.45426085237291147,lower,True,True
2023-09,Ward,6,MQ,ok,0.13174086646745242,higher,True,True
2023-09,Ward,8,SW,ok,0.21794081713750252,higher,True,True
2023-09,Ward,8,CH,ok,1277.129034111767,higher,True,True
2023-09,Ward,8,S_Dbw,ok,0.6467090834903739,lower,True,True
2023-09,Ward,8,AVI,ok,0.2626015444206803,higher,True,True
2023-09,Ward,8,AVU,ok,0.4759031076433115,lower,True,True
2023-09,Ward,8,MQ,ok,0.10968991034309751,higher,True,True
2023-09,Ward,12,SW,ok,0.1880154798146532,higher,True,False
2023-09,Ward,12,CH,ok,1052.4756761487454,higher,True,False
2023-09,Ward,12,S_Dbw,undefined,,lower,True,False
2023-09,Ward,12,AVI,ok,0.18177048418000472,higher,True,False
2023-09,Ward,12,AVU,ok,0.4010624504688094,lower,True,False
2023-09,Ward,12,MQ,ok,0.08539484362911534,higher,True,False
2023-09,Ward,16,SW,ok,0.19663811658203573,higher,True,False
2023-09,Ward,16,CH,ok,977.0773789376375,higher,True,False
2023-09,Ward,16,S_Dbw,undefined,,lower,True,False
2023-09,Ward,16,AVI,ok,0.14121855781898665,higher,True,False
2023-09,Ward,16,AVU,ok,0.3986964909502447,lower,True,False
2023-09,Ward,16,MQ,ok,0.06870034141061926,higher,True,False
2023-09,NCut,10,SW,ok,0.21867867417298698,higher,True,False
2023-09,NCut,10,CH,ok,1054.462271614812,higher,True,False
2023-09,NCut,10,S_Dbw,undefined,,lower,True,False
2023-09,NCut,10,AVI,ok,0.20628236773659925,higher,True,False
2023-09,NCut,10,AVU,ok,0.4686465846045413,lower,True,False
2023-09,NCut,10,MQ,ok,0.08314712841928898,higher,True,False
2023-09,NCut,20,SW,ok,0.17519486803598722,higher,True,False
2023-09,NCut,20,CH,ok,875.7718435530395,higher,True,False
2023-09,NCut,20,S_Dbw,undefined,,lower,True,False
2023-09,NCut,20,AVI,ok,0.11561677013641325,higher,True,False
2023-09,NCut,20,AVU,ok,0.4526798338232785,lower,True,False
2023-09,NCut,20,MQ,ok,0.04425402480087233,higher,True,False
2023-09,NCut,4,SW,ok,0.31160793121044555,higher,True,True
2023-09,NCut,4,CH,ok,1446.7546139128804,higher,True,True
2023-09,NCut,4,S_Dbw,ok,0.7172442267184084,lower,True,True
2023-09,NCut,4,AVI,ok,0.4567803099424128,higher,True,True
2023-09,NCut,4,AVU,ok,0.6076688748832817,lower,True,True
2023-09,NCut,4,MQ,ok,0.15886801536162742,higher,True,True
2023-09,NCut,6,SW,ok,0.2405201468987549,higher,True,True
2023-09,NCut,6,CH,ok,1297.61096518096,higher,True,True
2023-09,NCut,6,S_Dbw,ok,0.47855048917229637,lower,True,True
2023-09,NCut,6,AVI,ok,0.32280944748942464,higher,True,True
2023-09,NCut,6,AVU,ok,0.5326076968319703,lower,True,True
2023-09,NCut,6,MQ,ok,0.11613960255245981,higher,True,True
2023-09,NCut,8,SW,ok,0.24348661189430168,higher,True,True
2023-09,NCut,8,CH,ok,1222.132007059283,higher,True,True
2023-09,NCut,8,S_Dbw,ok,0.3510194567177739,lower,True,True
2023-09,NCut,8,AVI,ok,0.2533756879614255,higher,True,True
2023-09,NCut,8,AVU,ok,0.4718973386667459,lower,True,True
2023-09,NCut,8,MQ,ok,0.09867417510887684,higher,True,True
2023-09,NCut,12,SW,ok,0.15353103394694884,higher,True,False
2023-09,NCut,12,CH,ok,829.5368881488263,higher,True,False
2023-09,NCut,12,S_Dbw,undefined,,lower,True,False
2023-09,NCut,12,AVI,ok,0.17220448747844586,higher,True,False
2023-09,NCut,12,AVU,ok,0.4638433722678029,lower,True,False
2023-09,NCut,12,MQ,ok,0.06805979426349014,higher,True,False
2023-09,NCut,16,SW,ok,0.16831045674547074,higher,True,False
2023-09,NCut,16,CH,ok,879.6198290402294,higher,True,False
2023-09,NCut,16,S_Dbw,undefined,,lower,True,False
2023-09,NCut,16,AVI,ok,0.13473643605200514,higher,True,False
2023-09,NCut,16,AVU,ok,0.4674123818414384,lower,True,False
2023-09,NCut,16,MQ,ok,0.05261130964236339,higher,True,False
2023-10,SSE,10,SW,ok,0.25120090681474605,higher,True,False
2023-10,SSE,10,CH,ok,1363.229632473397,higher,True,False
2023-10,SSE,10,S_Dbw,undefined,,lower,True,False
2023-10,SSE,10,AVI,ok,0.22371110687852797,higher,True,False
2023-10,SSE,10,AVU,ok,0.457928775455707,lower,True,False
2023-10,SSE,10,MQ,ok,0.09220057970798007,higher,True,False
2023-10,SSE,20,SW,ok,0.21806221559287223,higher,True,False
2023-10,SSE,20,CH,ok,1017.8707666061538,higher,True,False
2023-10,SSE,20,S_Dbw,undefined,,lower,True,False
2023-10,SSE,20,AVI,ok,0.12569839707888386,higher,True,False
2023-10,SSE,20,AVU,ok,0.4032711942625474,lower,True,False
2023-10,SSE,20,MQ,ok,0.05367280880382456,higher,True,False
2023-10,SSE,4,SW,ok,0.3846511989273674,higher,True,True
2023-10,SSE,4,CH,ok,1897.1427196107543,higher,True,True
2023-10,SSE,4,S_Dbw,ok,0.5226386066032468,lower,True,True
2023-10,SSE,4,AVI,ok,0.4692912643055377,higher,True,True
2023-10,SSE,4,AVU,ok,0.5338111381006433,lower,True,True
2023-10,SSE,4,MQ,ok,0.18490125303378546,higher,True,True
2023-10,SSE,6,SW,ok,0.30833319433270073,higher,True,True
2023-10,SSE,6,CH,ok,1727.4584329938803,higher,True,True
2023-10,SSE,6,S_Dbw,ok,0.5005757873202337,lower,True,True
2023-10,SSE,6,AVI,ok,0.33832031762045256,higher,True,True
2023-10,SSE,6,AVU,ok,0.48594160680748943,lower,True,True
2023-10,SSE,6,MQ,ok,0.13480549648214135,higher,True,True
2023-10,SSE,8,SW,ok,0.27649182723037513,higher,True,True
2023-10,SSE,8,CH,ok,1507.7498618437912,higher,True,True
2023-10,SSE,8,S_Dbw,ok,0.4516198184161281,lower,True,True
2023-10,SSE,8,AVI,ok,0.2704877725467236,higher,True,True
2023-10,SSE,8,AVU,ok,0.4638644205734447,lower,True,True
2023-10,SSE,8,MQ,ok,0.11163671106373017,higher,True,True
2023-10,SSE,12,SW,ok,0.24292991030524777,higher,True,False
2023-10,SSE,12,CH,ok,1265.8325691911564,higher,True,False
2023-10,SSE,12,S_Dbw,undefined,,lower,True,False
2023-10,SSE,12,AVI,ok,0.19367973925531232,higher,True,False
2023-10,SSE,12,AVU,ok,0.4278978413748505,lower,True,False
2023-10,SSE,12,MQ,ok,0.0822109722698189,higher,True,False
2023-10,SSE,16,SW,ok,0.23073226628672638,higher,True,False
2023-10,SSE,16,CH,ok,1125.4156003587138,higher,True,False
2023-10,SSE,16,S_Dbw,undefined,,lower,True,False
2023-10,SSE,16,AVI,ok,0.1555675761584064,higher,True,False
2023-10,SSE,16,AVU,ok,0.4059769995317663,lower,True,False
2023-10,SSE,16,MQ,ok,0.0674807710975894,higher,True,False
2023-10,Ward,10,SW,ok,0.20393501766640248,higher,True,False
2023-10,Ward,10,CH,ok,1216.535013056126,higher,True,False
2023-10,Ward,10,S_Dbw,undefined,,lower,True,False
2023-10,Ward,10,AVI,ok,0.22182765954494316,higher,True,False
2023-10,Ward,10,AVU,ok,0.4608182668476018,lower,True,False
2023-10,Ward,10,MQ,ok,0.09801093105173307,higher,True,False
2023-10,Ward,20,SW,ok,0.16759957980300527,higher,True,False
2023-10,Ward,20,CH,ok,870.6833740341247,higher,True,False
2023-10,Ward,20,S_Dbw,undefined,,lower,True,False
2023-10,Ward,20,AVI,ok,0.12318611228433188,higher,True,False
2023-10,Ward,20,AVU,ok,0.37473053653863714,lower,True,False
2023-10,Ward,20,MQ,ok,0.058953058849763595,higher,True,False
2023-10,Ward,4,SW,ok,0.32798229330006246,higher,True,True
2023-10,Ward,4,CH,ok,1518.512306060263,higher,True,True
2023-10,Ward,4,S_Dbw,ok,0.5223669769489343,lower,True,True
2023-10,Ward,4,AVI,ok,0.47761567761085616,higher,True,True
2023-10,Ward,4,AVU,ok,0.5097614821150035,lower,True,True
2023-10,Ward,4,MQ,ok,0.17762878378707603,higher,True,True
2023-10,Ward,6,SW,ok,0.2728839174968858,higher,True,True
2023-10,Ward,6,CH,ok,1459.8999519065774,higher,True,True
2023-10,Ward,6,S_Dbw,ok,0.7630110449592654,lower,True,True
2023-10,Ward,6,AVI,ok,0.3410805516305725,higher,True,True
2023-10,Ward,6,AVU,ok,0.4684557528712116,lower,True,True
2023-10,Ward,6,MQ,ok,0.14060804646217215,higher,True,True
2023-10,Ward,8,SW,ok,0.22173192794924332,higher,True,False
2023-10,Ward,8,CH,ok,1352.0748130130667,higher,True,False
2023-10,Ward,8,S_Dbw,undefined,,lower,True,False
2023-10,Ward,8,AVI,ok,0.27290972581501916,higher,True,False
2023-10,Ward,8,AVU,ok,0.4502682309306723,lower,True,False
2023-10,Ward,8,MQ,ok,0.10993695997296202,higher,True,False
2023-10,Ward,12,SW,ok,0.19490858169025113,higher,True,False
2023-10,Ward,12,CH,ok,1123.0724119110475,higher,True,False
2023-10,Ward,12,S_Dbw,undefined,,lower,True,False
2023-10,Ward,12,AVI,ok,0.1879613408326607,higher,True,False
2023-10,Ward,12,AVU,ok,0.44877704868743074,lower,True,False
2023-10,Ward,12,MQ,ok,0.07790523829708247,higher,True,False
2023-10,Ward,16,SW,ok,0.18844255545385927,higher,True,False
2023-10,Ward,16,CH,ok,972.4114520259508,higher,True,False
2023-10,Ward,16,S_Dbw,undefined,,lower,True,False
2023-10,Ward,16,AVI,ok,0.15135255505693812,higher,True,False
2023-10,Ward,16,AVU,ok,0.38525215410741825,lower,True,False
2023-10,Ward,16,MQ,ok,0.07093170997444131,higher,True,False
2023-10,NCut,10,SW,ok,0.21357510509907043,higher,True,False
2023-10,NCut,10,CH,ok,1110.6587619831896,higher,True,False
2023-10,NCut,10,S_Dbw,undefined,,lower,True,False
2023-10,NCut,10,AVI,ok,0.21027308170276657,higher,True,False
2023-10,NCut,10,AVU,ok,0.46143689076236855,lower,True,False
2023-10,NCut,10,MQ,ok,0.08437746454306048,higher,True,False
2023-10,NCut,20,SW,ok,0.149969923476637,higher,True,False
2023-10,NCut,20,CH,ok,741.5608082630064,higher,True,False
2023-10,NCut,20,S_Dbw,undefined,,lower,True,False
2023-10,NCut,20,AVI,ok,0.11465490339505441,higher,True,False
2023-10,NCut,20,AVU,ok,0.4475954889034967,lower,True,False
2023-10,NCut,20,MQ,ok,0.04403208202293036,higher,True,False
2023-10,NCut,4,SW,ok,0.31430830750979916,higher,True,True
2023-10,NCut,4,CH,ok,1409.5683078101927,higher,True,True
2023-10,NCut,4,S_Dbw,ok,0.633742596774193,lower,True,True
2023-10,NCut,4,AVI,ok,0.4609814135211425,higher,True,True
2023-10,NCut,4,AVU,ok,0.6009511106840713,lower,True,True
2023-10,NCut,4,MQ,ok,0.16827903637585256,higher,True,True
2023-10,NCut,6,SW,ok,0.23792342527528929,higher,True,True
2023-10,NCut,6,CH,ok,1286.2397691833282,higher,True,True
2023-10,NCut,6,S_Dbw,ok,0.9036622147477201,lower,True,True
2023-10,NCut,6,AVI,ok,0.3279028157195243,higher,True,True
2023-10,NCut,6,AVU,ok,0.5355552614473917,lower,True,True
2023-10,NCut,6,MQ,ok,0.11820642705932366,higher,True,True
2023-10,NCut,8,SW,ok,0.24328169918202486,higher,True,False
2023-10,NCut,8,CH,ok,1236.0739784971265,higher,True,False
2023-10,NCut,8,S_Dbw,undefined,,lower,True,False
2023-10,NCut,8,AVI,ok,0.256631105624471,higher,True,False
2023-10,NCut,8,AVU,ok,0.4727188376080135,lower,True,False
2023-10,NCut,8,MQ,ok,0.1011443865088252,higher,True,False
2023-10,NCut,12,SW,ok,0.19573063854024406,higher,True,False
2023-10,NCut,12,CH,ok,1014.0140383650288,higher,True,False
2023-10,NCut,12,S_Dbw,undefined,,lower,True,False
2023-10,NCut,12,AVI,ok,0.17740317857802895,higher,True,False
2023-10,NCut,12,AVU,ok,0.46718820379346454,lower,True,False
2023-10,NCut,12,MQ,ok,0.07043771397108695,higher,True,False
2023-10,NCut,16,SW,ok,0.17883595680481554,higher,True,False
2023-10,NCut,16,CH,ok,920.3686922451616,higher,True,False
2023-10,NCut,16,S_Dbw,undefined,,lower,True,False
2023-10,NCut,16,AVI,ok,0.13797482137226114,higher,True,False
2023-10,NCut,16,AVU,ok,0.45127324153938636,lower,True,False
2023-10,NCut,16,MQ,ok,0.05516416896550741,higher,True,False
2023-11,SSE,10,SW,ok,0.24785875346764819,higher,True,False
2023-11,SSE,10,CH,ok,1423.6721031274524,higher,True,False
2023-11,SSE,10,S_Dbw,undefined,,lower,True,False
2023-11,SSE,10,AVI,ok,0.21434641115790262,higher,True,False
2023-11,SSE,10,AVU,ok,0.4649236648720455,lower,True,False
2023-11,SSE,10,MQ,ok,0.085099367781594,higher,True,False
2023-11,SSE,20,SW,ok,0.23079160107060426,higher,True,False
2023-11,SSE,20,CH,ok,1056.8322691660294,higher,True,False
2023-11,SSE,20,S_Dbw,undefined,,lower,True,False
2023-11,SSE,20,AVI,ok,0.11769638090104385,higher,True,False
2023-11,SSE,20,AVU,ok,0.40883244344732605,lower,True,False
2023-11,SSE,20,MQ,ok,0.05514133992082963,higher,True,False
2023-11,SSE,4,SW,ok,0.3948057278503567,higher,True,True
2023-11,SSE,4,CH,ok,1931.9330185334923,higher,True,True
2023-11,SSE,4,S_Dbw,ok,0.517466547182498,lower,True,True
2023-11,SSE,4,AVI,ok,0.4604044125194777,higher,True,True
2023-11,SSE,4,AVU,ok,0.5419645267813118,lower,True,True
2023-11,SSE,4,MQ,ok,0.18226393811648556,higher,True,True
2023-11,SSE,6,SW,ok,0.316282949166802,higher,True,True
2023-11,SSE,6,CH,ok,1783.818185411825,higher,True,True
2023-11,SSE,6,S_Dbw,ok,0.6549029789116458,lower,True,True
2023-11,SSE,6,AVI,ok,0.3327508433892761,higher,True,True
2023-11,SSE,6,AVU,ok,0.48779272798526624,lower,True,True
2023-11,SSE,6,MQ,ok,0.13465936623029381,higher,True,True
2023-11,SSE,8,SW,ok,0.2764383348896345,higher,True,False
2023-11,SSE,8,CH,ok,1572.6490564762355,higher,True,False
2023-11,SSE,8,S_Dbw,undefined,,lower,True,False
2023-11,SSE,8,AVI,ok,0.26172400200085355,higher,True,False
2023-11,SSE,8,AVU,ok,0.46502970434296964,lower,True,False
2023-11,SSE,8,MQ,ok,0.10774432528903029,higher,True,False
2023-11,SSE,12,SW,ok,0.24165482675463704,higher,True,False
2023-11,SSE,12,CH,ok,1317.6449377991391,higher,True,False
2023-11,SSE,12,S_Dbw,undefined,,lower,True,False
2023-11,SSE,12,AVI,ok,0.18271678888787643,higher,True,False
2023-11,SSE,12,AVU,ok,0.45265596222890153,lower,True,False
2023-11,SSE,12,MQ,ok,0.07552968759840836,higher,True,False
2023-11,SSE,16,SW,ok,0.23925547765830077,higher,True,False
2023-11,SSE,16,CH,ok,1168.9994953380904,higher,True,False
2023-11,SSE,16,S_Dbw,undefined,,lower,True,False
2023-11,SSE,16,AVI,ok,0.1439636171620118,higher,True,False
2023-11,SSE,16,AVU,ok,0.40886477804143695,lower,True,False
2023-11,SSE,16,MQ,ok,0.06680122901940991,higher,True,False
2023-11,Ward,10,SW,ok,0.22200761824631948,higher,True,False
2023-11,Ward,10,CH,ok,1246.9069919208341,higher,True,False
2023-11,Ward,10,S_Dbw,undefined,,lower,True,False
2023-11,Ward,10,AVI,ok,0.2113473285130707,higher,True,False
2023-11,Ward,10,AVU,ok,0.4569043520244452,lower,True,False
2023-11,Ward,10,MQ,ok,0.09140231788693721,higher,True,False
2023-11,Ward,20,SW,ok,0.19142518647748397,higher,True,False
2023-11,Ward,20,CH,ok,927.9416220311103,higher,True,False
2023-11,Ward,20,S_Dbw,undefined,,lower,True,False
2023-11,Ward,20,AVI,ok,0.11736763131006993,higher,True,False
2023-11,Ward,20,AVU,ok,0.3767413255113695,lower,True,False
2023-11,Ward,20,MQ,ok,0.06377692169028262,higher,True,False
2023-11,Ward,4,SW,ok,0.24187666252944154,higher,True,True
2023-11,Ward,4,CH,ok,1611.325898237467,higher,True,True
2023-11,Ward,4,S_Dbw,ok,0.6251495640721725,lower,True,True
2023-11,Ward,4,AVI,ok,0.45894339606543993,higher,True,True
2023-11,Ward,4,AVU,ok,0.5810583629359286,lower,True,True
2023-11,Ward,4,MQ,ok,0.14730859697695192,higher,True,True
2023-11,Ward,6,SW,ok,0.2542445120976279,higher,True,True
2023-11,Ward,6,CH,ok,1446.3152251687009,higher,True,True
2023-11,Ward,6,S_Dbw,ok,0.5014461125456534,lower,True,True
2023-11,Ward,6,AVI,ok,0.333113849942679,higher,True,True
2023-11,Ward,6,AVU,ok,0.42991880840261565,lower,True,True
2023-11,Ward,6,MQ,ok,0.1295790091558378,higher,True,True
2023-11,Ward,8,SW,ok,0.2141435833908659,higher,True,False
2023-11,Ward,8,CH,ok,1331.711902767724,higher,True,False
2023-11,Ward,8,S_Dbw,undefined,,lower,True,False
2023-11,Ward,8,AVI,ok,0.25919567487294726,higher,True,False
2023-11,Ward,8,AVU,ok,0.456658647259906,lower,True,False
2023-11,Ward,8,MQ,ok,0.10751502530955108,higher,True,False
2023-11,Ward,12,SW,ok,0.2137877414305338,higher,True,False
2023-11,Ward,12,CH,ok,1156.1661364237143,higher,True,False
2023-11,Ward,12,S_Dbw,undefined,,lower,True,False
2023-11,Ward,12,AVI,ok,0.17852915327634694,higher,True,False
2023-11,Ward,12,AVU,ok,0.44483661318694134,lower,True,False
2023-11,Ward,12,MQ,ok,0.08335977256694048,higher,True,False
2023-11,Ward,16,SW,ok,0.21284330695544604,higher,True,False
2023-11,Ward,16,CH,ok,1023.3233843796648,higher,True,False
2023-11,Ward,16,S_Dbw,undefined,,lower,True,False
2023-11,Ward,16,AVI,ok,0.1396276849103184,higher,True,False
2023-11,Ward,16,AVU,ok,0.38590115842794676,lower,True,False
2023-11,Ward,16,MQ,ok,0.070700995081787,higher,True,False
2023-11,NCut,10,SW,ok,0.2015294579880535,higher,True,False
2023-11,NCut,10,CH,ok,1121.5379923241767,higher,True,False
2023-11,NCut,10,S_Dbw,undefined,,lower,True,False
2023-11,NCut,10,AVI,ok,0.20670820446240928,higher,True,False
2023-11,NCut,10,AVU,ok,0.47007801431251134,lower,True,False
2023-11,NCut,10,MQ,ok,0.07862339751430825,higher,True,False
2023-11,NCut,20,SW,ok,0.1785210592280274,higher,True,False
2023-11,NCut,20,CH,ok,919.5163192624226,higher,True,False
2023-11,NCut,20,S_Dbw,undefined,,lower,True,False
2023-11,NCut,20,AVI,ok,0.11172035033739468,higher,True,False
2023-11,NCut,20,AVU,ok,0.45816965518627956,lower,True,False
2023-11,NCut,20,MQ,ok,0.04331651438018745,higher,True,False
2023-11,NCut,4,SW,ok,0.3234088566247637,higher,True,True
2023-11,NCut,4,CH,ok,1520.945550923248,higher,True,True
2023-11,NCut,4,S_Dbw,ok,0.6102062075073975,lower,True,True
2023-11,NCut,4,AVI,ok,0.45955774454455833,higher,True,True
2023-11,NCut,4,AVU,ok,0.6041080117496416,lower,True,True
2023-11,NCut,4,MQ,ok,0.16586289043772576,higher,True,True
2023-11,NCut,6,SW,ok,0.25381912204214807,higher,True,True
2023-11,NCut,6,CH,ok,1408.4190725192,higher,True,True
2023-11,NCut,6,S_Dbw,ok,0.40055715173549816,lower,True,True
2023-11,NCut,6,AVI,ok,0.327228911169138,higher,True,True
2023-11,NCut,6,AVU,ok,0.5327715087983522,lower,True,True
2023-11,NCut,6,MQ,ok,0.11763841612915173,higher,True,True
2023-11,NCut,8,SW,ok,0.2373046004408568,higher,True,True
2023-11,NCut,8,CH,ok,1243.37894795264,higher,True,True
2023-11,NCut,8,S_Dbw,ok,0.3990999082693326,lower,True,True
2023-11,NCut,8,AVI,ok,0.25281570717158286,higher,True,True
2023-11,NCut,8,AVU,ok,0.4772765979767283,lower,True,True
2023-11,NCut,8,MQ,ok,0.09838788264376255,higher,True,True
2023-11,NCut,12,SW,ok,0.19175987159447402,higher,True,False
2023-11,NCut,12,CH,ok,1097.150749766864,higher,True,False
2023-11,NCut,12,S_Dbw,undefined,,lower,True,False
2023-11,NCut,12,AVI,ok,0.17696775089789446,higher,True,False
2023-11,NCut,12,AVU,ok,0.4714024876892735,lower,True,False
2023-11,NCut,12,MQ,ok,0.0673888781871685,higher,True,False
2023-11,NCut,16,SW,ok,0.17129418734306784,higher,True,False
2023-11,NCut,16,CH,ok,871.199800144912,higher,True,False
2023-11,NCut,16,S_Dbw,undefined,,lower,True,False
2023-11,NCut,16,AVI,ok,0.13414295250449507,higher,True,False
2023-11,NCut,16,AVU,ok,0.4732923490198971,lower,True,False
2023-11,NCut,16,MQ,ok,0.05214363307718074,higher,True,False
2023-12,SSE,10,SW,ok,0.2540358495135021,higher,True,False
2023-12,SSE,10,CH,ok,1370.8857246803802,higher,True,False
2023-12,SSE,10,S_Dbw,undefined,,lower,True,False
2023-12,SSE,10,AVI,ok,0.2280216724142868,higher,True,False
2023-12,SSE,10,AVU,ok,0.4506589464201904,lower,True,False
2023-12,SSE,10,MQ,ok,0.09540787549819256,higher,True,False
2023-12,SSE,20,SW,ok,0.22556602493172836,higher,True,False
2023-12,SSE,20,CH,ok,1034.0706510321884,higher,True,False
2023-12,SSE,20,S_Dbw,undefined,,lower,True,False
2023-12,SSE,20,AVI,ok,0.13178036357666,higher,True,False
2023-12,SSE,20,AVU,ok,0.39398754545019615,lower,True,False
2023-12,SSE,20,MQ,ok,0.059405682772480164,higher,True,False
2023-12,SSE,4,SW,ok,0.37782154629491804,higher,True,True
2023-12,SSE,4,CH,ok,1815.9308319712914,higher,True,True
2023-12,SSE,4,S_Dbw,ok,0.634303047310175,lower,True,True
2023-12,SSE,4,AVI,ok,0.4679387502073521,higher,True,True
2023-12,SSE,4,AVU,ok,0.5310711769696844,lower,True,True
2023-12,SSE,4,MQ,ok,0.18789822133598694,higher,True,True
2023-12,SSE,6,SW,ok,0.3200559540021875,higher,True,True
2023-12,SSE,6,CH,ok,1733.3707972586326,higher,True,True
2023-12,SSE,6,S_Dbw,ok,0.5183185679392082,lower,True,True
2023-12,SSE,6,AVI,ok,0.34099604398821715,higher,True,True
2023-12,SSE,6,AVU,ok,0.48267479328597296,lower,True,True
2023-12,SSE,6,MQ,ok,0.14037634535805374,higher,True,True
2023-12,SSE,8,SW,ok,0.27828933273986073,higher,True,False
2023-12,SSE,8,CH,ok,1516.4478279928635,higher,True,False
2023-12,SSE,8,S_Dbw,undefined,,lower,True,False
2023-12,SSE,8,AVI,ok,0.27332593073265055,higher,True,False
2023-12,SSE,8,AVU,ok,0.45969175698680637,lower,True,False
2023-12,SSE,8,MQ,ok,0.11476894048956127,higher,True,False
2023-12,SSE,12,SW,ok,0.24527991696862167,higher,True,False
2023-12,SSE,12,CH,ok,1272.9754873015945,higher,True,False
2023-12,SSE,12,S_Dbw,undefined,,lower,True,False
2023-12,SSE,12,AVI,ok,0.20663025690234232,higher,True,False
2023-12,SSE,12,AVU,ok,0.42001761775469576,lower,True,False
2023-12,SSE,12,MQ,ok,0.08438584647793092,higher,True,False
2023-12,SSE,16,SW,ok,0.23258052349174743,higher,True,False
2023-12,SSE,16,CH,ok,1133.412941621496,higher,True,False
2023-12,SSE,16,S_Dbw,undefined,,lower,True,False
2023-12,SSE,16,AVI,ok,0.16127486418033665,higher,True,False
2023-12,SSE,16,AVU,ok,0.4043370378018785,lower,True,False
2023-12,SSE,16,MQ,ok,0.06881831996706007,higher,True,False
2023-12,Ward,10,SW,ok,0.18021566985656365,higher,True,False
2023-12,Ward,10,CH,ok,1184.1674580943754,higher,True,False
2023-12,Ward,10,S_Dbw,undefined,,lower,True,False
2023-12,Ward,10,AVI,ok,0.22314107058444935,higher,True,False
2023-12,Ward,10,AVU,ok,0.45081273276015077,lower,True,False
2023-12,Ward,10,MQ,ok,0.08841007531110691,higher,True,False
2023-12,Ward,20,SW,ok,0.17387880195936392,higher,True,False
2023-12,Ward,20,CH,ok,892.5847100989002,higher,True,False
2023-12,Ward,20,S_Dbw,undefined,,lower,True,False
2023-12,Ward,20,AVI,ok,0.1304411589280981,higher,True,False
2023-12,Ward,20,AVU,ok,0.3939654440314371,lower,True,False
2023-12,Ward,20,MQ,ok,0.05737874253516959,higher,True,False
2023-12,Ward,4,SW,ok,0.3654740750604446,higher,True,True
2023-12,Ward,4,CH,ok,1592.7630383903388,higher,True,True
2023-12,Ward,4,S_Dbw,ok,0.5547652563095655,lower,True,True
2023-12,Ward,4,AVI,ok,0.4588247190178054,higher,True,True
2023-12,Ward,4,AVU,ok,0.5478317762932291,lower,True,True
2023-12,Ward,4,MQ,ok,0.17837270512806633,higher,True,True
2023-12,Ward,6,SW,ok,0.28495934613931706,higher,True,True
2023-12,Ward,6,CH,ok,1395.9014086904017,higher,True,True
2023-12,Ward,6,S_Dbw,ok,0.43873792650818155,lower,True,True
2023-12,Ward,6,AVI,ok,0.3268521174768814,higher,True,True
2023-12,Ward,6,AVU,ok,0.46247658976554074,lower,True,True
2023-12,Ward,6,MQ,ok,0.13715781553610268,higher,True,True
2023-12,Ward,8,SW,ok,0.2482370267650373,higher,True,True
2023-12,Ward,8,CH,ok,1299.7882822145673,higher,True,True
2023-12,Ward,8,S_Dbw,ok,0.3657110979340271,lower,True,True
2023-12,Ward,8,AVI,ok,0.26966198410349124,higher,True,True
2023-12,Ward,8,AVU,ok,0.4278162443132241,lower,True,True
2023-12,Ward,8,MQ,ok,0.12431924917388099,higher,True,True
2023-12,Ward,12,SW,ok,0.19104101541206858,higher,True,False
2023-12,Ward,12,CH,ok,1106.8901347386743,higher,True,False
2023-12,Ward,12,S_Dbw,undefined,,lower,True,False
2023-12,Ward,12,AVI,ok,0.18855311388554633,higher,True,False
2023-12,Ward,12,AVU,ok,0.441415957132845,lower,True,False
2023-12,Ward,12,MQ,ok,0.07915211851047184,higher,True,False
2023-12,Ward,16,SW,ok,0.17232543140276974,higher,True,False
2023-12,Ward,16,CH,ok,973.5126443173189,higher,True,False
2023-12,Ward,16,S_Dbw,undefined,,lower,True,False
2023-12,Ward,16,AVI,ok,0.16016133836289095,higher,True,False
2023-12,Ward,16,AVU,ok,0.38888030204833013,lower,True,False
2023-12,Ward,16,MQ,ok,0.07279697370458843,higher,True,False
2023-12,NCut,10,SW,ok,0.2111445087216533,higher,True,False
2023-12,NCut,10,CH,ok,1105.1711887017423,higher,True,False
2023-12,NCut,10,S_Dbw,undefined,,lower,True,False
2023-12,NCut,10,AVI,ok,0.21140919916126616,higher,True,False
2023-12,NCut,10,AVU,ok,0.47151956763165964,lower,True,False
2023-12,NCut,10,MQ,ok,0.0885464994736684,higher,True,False
2023-12,NCut,20,SW,ok,0.1631301883102534,higher,True,False
2023-12,NCut,20,CH,ok,620.7596553147397,higher,True,False
2023-12,NCut,20,S_Dbw,undefined,,lower,True,False
2023-12,NCut,20,AVI,ok,0.11136887105067522,higher,True,False
2023-12,NCut,20,AVU,ok,0.47428379069308063,lower,True,False
2023-12,NCut,20,MQ,ok,0.04649854206256901,higher,True,False
2023-12,NCut,4,SW,ok,0.2785736811523154,higher,True,True
2023-12,NCut,4,CH,ok,1329.7797535770183,higher,True,True
2023-12,NCut,4,S_Dbw,ok,0.8543323288511007,lower,True,True
2023-12,NCut,4,AVI,ok,0.4624935959862377,higher,True,True
2023-12,NCut,4,AVU,ok,0.6130928877138919,lower,True,True
2023-12,NCut,4,MQ,ok,0.16137993980124477,higher,True,True
2023-12,NCut,6,SW,ok,0.25704564804064456,higher,True,True
2023-12,NCut,6,CH,ok,1270.30870014776,higher,True,True
2023-12,NCut,6,S_Dbw,ok,0.535426005282452,lower,True,True
2023-12,NCut,6,AVI,ok,0.3305096094620278,higher,True,True
2023-12,NCut,6,AVU,ok,0.5293315805396032,lower,True,True
2023-12,NCut,6,MQ,ok,0.1252039964820302,higher,True,True
2023-12,NCut,8,SW,ok,0.21562291915677748,higher,True,True
2023-12,NCut,8,CH,ok,1297.5673132931877,higher,True,True
2023-12,NCut,8,S_Dbw,ok,0.7083394711312351,lower,True,True
2023-12,NCut,8,AVI,ok,0.25875992738778625,higher,True,True
2023-12,NCut,8,AVU,ok,0.5095119976498402,lower,True,True
2023-12,NCut,8,MQ,ok,0.10428991714890971,higher,True,True
2023-12,NCut,12,SW,ok,0.19340379102407537,higher,True,False
2023-12,NCut,12,CH,ok,1073.4957052120858,higher,True,False
2023-12,NCut,12,S_Dbw,undefined,,lower,True,False
2023-12,NCut,12,AVI,ok,0.18120744181827647,higher,True,False
2023-12,NCut,12,AVU,ok,0.455212045294117,lower,True,False
2023-12,NCut,12,MQ,ok,0.07254317253558328,higher,True,False
2023-12,NCut,16,SW,ok,0.15131307858626744,higher,True,False
2023-12,NCut,16,CH,ok,775.1183141417997,higher,True,False
2023-12,NCut,16,S_Dbw,undefined,,lower,True,False
2023-12,NCut,16,AVI,ok,0.13651638260583226,higher,True,False
2023-12,NCut,16,AVU,ok,0.46752749478986233,lower,True,False
2023-12,NCut,16,MQ,ok,0.056600111621371636,higher,True,False
2024-01,SSE,10,SW,ok,0.2691142698701275,higher,True,False
2024-01,SSE,10,CH,ok,1470.059172254286,higher,True,False
2024-01,SSE,10,S_Dbw,undefined,,lower,True,False
2024-01,SSE,10,AVI,ok,0.21800452464216036,higher,True,False
2024-01,SSE,10,AVU,ok,0.456818083047589,lower,True,False
2024-01,SSE,10,MQ,ok,0.10244273799798705,higher,True,False
2024-01,SSE,20,SW,ok,0.22461700848769142,higher,True,False
2024-01,SSE,20,CH,ok,1090.6659852391786,higher,True,False
2024-01,SSE,20,S_Dbw,undefined,,lower,True,False
2024-01,SSE,20,AVI,ok,0.12297655249480041,higher,True,False
2024-01,SSE,20,AVU,ok,0.40063631047018433,lower,True,False
2024-01,SSE,20,MQ,ok,0.058327299688048055,higher,True,False
2024-01,SSE,4,SW,ok,0.314798294495553,higher,True,True
2024-01,SSE,4,CH,ok,1946.6097175919574,higher,True,True
2024-01,SSE,4,S_Dbw,ok,0.5544298756976984,lower,True,True
2024-01,SSE,4,AVI,ok,0.4760135528974694,higher,True,True
2024-01,SSE,4,AVU,ok,0.5896617041293863,lower,True,True
2024-01,SSE,4,MQ,ok,0.16837321699840932,higher,True,True
2024-01,SSE,6,SW,ok,0.3254408877316029,higher,True,True
2024-01,SSE,6,CH,ok,1830.2043796428006,higher,True,True
2024-01,SSE,6,S_Dbw,ok,0.5590117088244946,lower,True,True
2024-01,SSE,6,AVI,ok,0.34119532473197195,higher,True,True
2024-01,SSE,6,AVU,ok,0.4888550619349788,lower,True,True
2024-01,SSE,6,MQ,ok,0.14714972983013425,higher,True,True
2024-01,SSE,8,SW,ok,0.27553208817950053,higher,True,False
2024-01,SSE,8,CH,ok,1630.6365132953551,higher,True,False
2024-01,SSE,8,S_Dbw,undefined,,lower,True,False
2024-01,SSE,8,AVI,ok,0.26594265383844967,higher,True,False
2024-01,SSE,8,AVU,ok,0.4837695188234991,lower,True,False
2024-01,SSE,8,MQ,ok,0.1132658901141353,higher,True,False
2024-01,SSE,12,SW,ok,0.2647271272068509,higher,True,False
2024-01,SSE,12,CH,ok,1368.8754053703888,higher,True,False
2024-01,SSE,12,S_Dbw,undefined,,lower,True,False
2024-01,SSE,12,AVI,ok,0.1943491836733008,higher,True,False
2024-01,SSE,12,AVU,ok,0.4297254326435417,lower,True,False
2024-01,SSE,12,MQ,ok,0.09305277419830793,higher,True,False
2024-01,SSE,16,SW,ok,0.23740036449330898,higher,True,False
2024-01,SSE,16,CH,ok,1223.895992438367,higher,True,False
2024-01,SSE,16,S_Dbw,undefined,,lower,True,False
2024-01,SSE,16,AVI,ok,0.15156576601172456,higher,True,False
2024-01,SSE,16,AVU,ok,0.4170925609864204,lower,True,False
2024-01,SSE,16,MQ,ok,0.06877225390645726,higher,True,False
2024-01,Ward,10,SW,ok,0.2271209200309481,higher,True,False
2024-01,Ward,10,CH,ok,1333.450309069711,higher,True,False
2024-01,Ward,10,S_Dbw,undefined,,lower,True,False
2024-01,Ward,10,AVI,ok,0.21342186524100015,higher,True,False
2024-01,Ward,10,AVU,ok,0.46069330679717696,lower,True,False
2024-01,Ward,10,MQ,ok,0.09974655554926797,higher,True,False
2024-01,Ward,20,SW,ok,0.1865579221852262,higher,True,False
2024-01,Ward,20,CH,ok,975.0326640398625,higher,True,False
2024-01,Ward,20,S_Dbw,undefined,,lower,True,False
2024-01,Ward,20,AVI,ok,0.12084466616344759,higher,True,False
2024-01,Ward,20,AVU,ok,0.4208209681745693,lower,True,False
2024-01,Ward,20,MQ,ok,0.059547329159810106,higher,True,False
2024-01,Ward,4,SW,ok,0.2633555682777054,higher,True,True
2024-01,Ward,4,CH,ok,1616.7577857735896,higher,True,True
2024-01,Ward,4,S_Dbw,ok,0.6192293674389784,lower,True,True
2024-01,Ward,4,AVI,ok,0.46861808620220935,higher,True,True
2024-01,Ward,4,AVU,ok,0.5981597056856974,lower,True,True
2024-01,Ward,4,MQ,ok,0.14199889472449997,higher,True,True
2024-01,Ward,6,SW,ok,0.2554497041424838,higher,True,True
2024-01,Ward,6,CH,ok,1573.0648444100566,higher,True,True
2024-01,Ward,6,S_Dbw,ok,0.45972036653033765,lower,True,True
2024-01,Ward,6,AVI,ok,0.3353618886046778,higher,True,True
2024-01,Ward,6,AVU,ok,0.49872361743064797,lower,True,True
2024-01,Ward,6,MQ,ok,0.13514299321909362,higher,True,True
2024-01,Ward,8,SW,ok,0.2482570643821375,higher,True,False
2024-01,Ward,8,CH,ok,1456.1629884274832,higher,True,False
2024-01,Ward,8,S_Dbw,undefined,,lower,True,False
2024-01,Ward,8,AVI,ok,0.2610181226359911,higher,True,False
2024-01,Ward,8,AVU,ok,0.4722967449969046,lower,True,False
2024-01,Ward,8,MQ,ok,0.11465299077209246,higher,True,False
2024-01,Ward,12,SW,ok,0.20691356314116197,higher,True,False
2024-01,Ward,12,CH,ok,1237.3134418022457,higher,True,False
2024-01,Ward,12,S_Dbw,undefined,,lower,True,False
2024-01,Ward,12,AVI,ok,0.19326106813404473,higher,True,False
2024-01,Ward,12,AVU,ok,0.4380298111705006,lower,True,False
2024-01,Ward,12,MQ,ok,0.0890958258539024,higher,True,False
2024-01,Ward,16,SW,ok,0.19165991016607295,higher,True,False
2024-01,Ward,16,CH,ok,1078.3852705798465,higher,True,False
2024-01,Ward,16,S_Dbw,undefined,,lower,True,False
2024-01,Ward,16,AVI,ok,0.14900632098920535,higher,True,False
2024-01,Ward,16,AVU,ok,0.4141405706729921,lower,True,False
2024-01,Ward,16,MQ,ok,0.07377844136653344,higher,True,False
2024-01,NCut,10,SW,ok,0.22792962304526654,higher,True,False
2024-01,NCut,10,CH,ok,1244.7290630890097,higher,True,False
2024-01,NCut,10,S_Dbw,undefined,,lower,True,False
2024-01,NCut,10,AVI,ok,0.2148350918574868,higher,True,False
2024-01,NCut,10,AVU,ok,0.46606921605668317,lower,True,False
2024-01,NCut,10,MQ,ok,0.08902650887443131,higher,True,False
2024-01,NCut,20,SW,ok,0.16643358838665143,higher,True,False
2024-01,NCut,20,CH,ok,939.7009226078712,higher,True,False
2024-01,NCut,20,S_Dbw,undefined,,lower,True,False
2024-01,NCut,20,AVI,ok,0.1139750419893755,higher,True,False
2024-01,NCut,20,AVU,ok,0.4647019782775155,lower,True,False
2024-01,NCut,20,MQ,ok,0.04654210700579592,higher,True,False
2024-01,NCut,4,SW,ok,0.2931439168984974,higher,True,True
2024-01,NCut,4,CH,ok,1848.7850640175363,higher,True,True
2024-01,NCut,4,S_Dbw,ok,0.575268368304744,lower,True,True
2024-01,NCut,4,AVI,ok,0.4750916194063369,higher,True,True
2024-01,NCut,4,AVU,ok,0.5844775957599058,lower,True,True
2024-01,NCut,4,MQ,ok,0.1656847590835711,higher,True,True
2024-01,NCut,6,SW,ok,0.2702437076371457,higher,True,True
2024-01,NCut,6,CH,ok,1426.098602792307,higher,True,True
2024-01,NCut,6,S_Dbw,ok,0.6692452699651591,lower,True,True
2024-01,NCut,6,AVI,ok,0.33372048801023263,higher,True,True
2024-01,NCut,6,AVU,ok,0.5178631973594535,lower,True,True
2024-01,NCut,6,MQ,ok,0.13184883945843875,higher,True,True
2024-01,NCut,8,SW,ok,0.25850263615411145,higher,True,False
2024-01,NCut,8,CH,ok,1351.448497160591,higher,True,False
2024-01,NCut,8,S_Dbw,undefined,,lower,True,False
2024-01,NCut,8,AVI,ok,0.26155695044794325,higher,True,False
2024-01,NCut,8,AVU,ok,0.4693168427319471,lower,True,False
2024-01,NCut,8,MQ,ok,0.11034735903725364,higher,True,False
2024-01,NCut,12,SW,ok,0.21473321195704234,higher,True,False
2024-01,NCut,12,CH,ok,1144.5770963553173,higher,True,False
2024-01,NCut,12,S_Dbw,undefined,,lower,True,False
2024-01,NCut,12,AVI,ok,0.18239253463903016,higher,True,False
2024-01,NCut,12,AVU,ok,0.4678017763388593,lower,True,False
2024-01,NCut,12,MQ,ok,0.07575407614943297,higher,True,False
2024-01,NCut,16,SW,ok,0.1998333714664479,higher,True,False
2024-01,NCut,16,CH,ok,1060.6915961037143,higher,True,False
2024-01,NCut,16,S_Dbw,undefined,,lower,True,False
2024-01,NCut,16,AVI,ok,0.1403550526738481,higher,True,False
2024-01,NCut,16,AVU,ok,0.45823431429766326,lower,True,False
2024-01,NCut,16,MQ,ok,0.05858048604701708,higher,True,False
2024-02,SSE,10,SW,ok,0.24976613603343858,higher,True,False
2024-02,SSE,10,CH,ok,1436.7844267718126,higher,True,False
2024-02,SSE,10,S_Dbw,undefined,,lower,True,False
2024-02,SSE,10,AVI,ok,0.21490219672434774,higher,True,False
2024-02,SSE,10,AVU,ok,0.46161035043017506,lower,True,False
2024-02,SSE,10,MQ,ok,0.0876056010289547,higher,True,False
2024-02,SSE,20,SW,ok,0.22430701699410902,higher,True,False
2024-02,SSE,20,CH,ok,1088.872979726131,higher,True,False
2024-02,SSE,20,S_Dbw,undefined,,lower,True,False
2024-02,SSE,20,AVI,ok,0.12543265053067085,higher,True,False
2024-02,SSE,20,AVU,ok,0.4173666167050832,lower,True,False
2024-02,SSE,20,MQ,ok,0.051252579502871515,higher,True,False
2024-02,SSE,4,SW,ok,0.39818769910168217,higher,True,True
2024-02,SSE,4,CH,ok,1884.8571626125388,higher,True,True
2024-02,SSE,4,S_Dbw,ok,0.4837067873668117,lower,True,True
2024-02,SSE,4,AVI,ok,0.4629112150185377,higher,True,True
2024-02,SSE,4,AVU,ok,0.5353793278373098,lower,True,True
2024-02,SSE,4,MQ,ok,0.1864992610015762,higher,True,True
2024-02,SSE,6,SW,ok,0.3200717696372932,higher,True,True
2024-02,SSE,6,CH,ok,1782.9864217086438,higher,True,True
2024-02,SSE,6,S_Dbw,ok,0.5199441011510703,lower,True,True
2024-02,SSE,6,AVI,ok,0.3328399608033378,higher,True,True
2024-02,SSE,6,AVU,ok,0.48693958776261204,lower,True,True
2024-02,SSE,6,MQ,ok,0.1353251810905541,higher,True,True
2024-02,SSE,8,SW,ok,0.2854854879969488,higher,True,False
2024-02,SSE,8,CH,ok,1581.8311503062853,higher,True,False
2024-02,SSE,8,S_Dbw,undefined,,lower,True,False
2024-02,SSE,8,AVI,ok,0.26077819843142064,higher,True,False
2024-02,SSE,8,AVU,ok,0.4752050359762121,lower,True,False
2024-02,SSE,8,MQ,ok,0.1126086931081931,higher,True,False
2024-02,SSE,12,SW,ok,0.24413709742850806,higher,True,False
2024-02,SSE,12,CH,ok,1352.6920347978566,higher,True,False
2024-02,SSE,12,S_Dbw,undefined,,lower,True,False
2024-02,SSE,12,AVI,ok,0.18710019153464194,higher,True,False
2024-02,SSE,12,AVU,ok,0.4416162681159445,lower,True,False
2024-02,SSE,12,MQ,ok,0.07784218254134005,higher,True,False
2024-02,SSE,16,SW,ok,0.24353059548195002,higher,True,False
2024-02,SSE,16,CH,ok,1200.5089296574872,higher,True,False
2024-02,SSE,16,S_Dbw,undefined,,lower,True,False
2024-02,SSE,16,AVI,ok,0.1545311394654765,higher,True,False
2024-02,SSE,16,AVU,ok,0.40442014452741304,lower,True,False
2024-02,SSE,16,MQ,ok,0.06731610872935732,higher,True,False
2024-02,Ward,10,SW,ok,0.21305415623358945,higher,True,False
2024-02,Ward,10,CH,ok,1241.936895410345,higher,True,False
2024-02,Ward,10,S_Dbw,undefined,,lower,True,False
2024-02,Ward,10,AVI,ok,0.2179922943778495,higher,True,False
2024-02,Ward,10,AVU,ok,0.438173306995778,lower,True,False
2024-02,Ward,10,MQ,ok,0.09328100069258906,higher,True,False
2024-02,Ward,20,SW,ok,0.1605207451203543,higher,True,False
2024-02,Ward,20,CH,ok,916.9652276213725,higher,True,False
2024-02,Ward,20,S_Dbw,undefined,,lower,True,False
2024-02,Ward,20,AVI,ok,0.12463238241217293,higher,True,False
2024-02,Ward,20,AVU,ok,0.37660751880411153,lower,True,False
2024-02,Ward,20,MQ,ok,0.057204729813284644,higher,True,False
2024-02,Ward,4,SW,ok,0.27593706163389087,higher,True,True
2024-02,Ward,4,CH,ok,1509.930849853896,higher,True,True
2024-02,Ward,4,S_Dbw,ok,0.7745299507717174,lower,True,True
2024-02,Ward,4,AVI,ok,0.443844885018811,higher,True,True
2024-02,Ward,4,AVU,ok,0.5830531751116481,lower,True,True
2024-02,Ward,4,MQ,ok,0.15602885353962426,higher,True,True
2024-02,Ward,6,SW,ok,0.29415916154585015,higher,True,True
2024-02,Ward,6,CH,ok,1479.0418490305365,higher,True,True
2024-02,Ward,6,S_Dbw,ok,0.6804451033097239,lower,True,True
2024-02,Ward,6,AVI,ok,0.33755820225859323,higher,True,True
2024-02,Ward,6,AVU,ok,0.4456369108162669,lower,True,True
2024-02,Ward,6,MQ,ok,0.13754098749886381,higher,True,True
2024-02,Ward,8,SW,ok,0.22592499007942582,higher,True,False
2024-02,Ward,8,CH,ok,1303.8826991672602,higher,True,False
2024-02,Ward,8,S_Dbw,undefined,,lower,True,False
2024-02,Ward,8,AVI,ok,0.26641922655899414,higher,True,False
2024-02,Ward,8,AVU,ok,0.43874115752368387,lower,True,False
2024-02,Ward,8,MQ,ok,0.10836488651140799,higher,True,False
2024-02,Ward,12,SW,ok,0.22104091628554126,higher,True,False
2024-02,Ward,12,CH,ok,1168.696011996586,higher,True,False
2024-02,Ward,12,S_Dbw,undefined,,lower,True,False
2024-02,Ward,12,AVI,ok,0.18555772962429348,higher,True,False
2024-02,Ward,12,AVU,ok,0.4082602783266245,lower,True,False
2024-02,Ward,12,MQ,ok,0.08162229238303717,higher,True,False
2024-02,Ward,16,SW,ok,0.18381765858415047,higher,True,False
2024-02,Ward,16,CH,ok,1022.3240613828705,higher,True,False
2024-02,Ward,16,S_Dbw,undefined,,lower,True,False
2024-02,Ward,16,AVI,ok,0.15384686184515847,higher,True,False
2024-02,Ward,16,AVU,ok,0.3863026611388545,lower,True,False
2024-02,Ward,16,MQ,ok,0.06828627454188305,higher,True,False
2024-02,NCut,10,SW,ok,0.23526038909449035,higher,True,False
2024-02,NCut,10,CH,ok,1222.9930331509058,higher,True,False
2024-02,NCut,10,S_Dbw,undefined,,lower,True,False
2024-02,NCut,10,AVI,ok,0.21043541655409279,higher,True,False
2024-02,NCut,10,AVU,ok,0.4540465277788575,lower,True,False
2024-02,NCut,10,MQ,ok,0.08314435666471834,higher,True,False
2024-02,NCut,20,SW,ok,0.1899328098266106,higher,True,False
2024-02,NCut,20,CH,ok,951.218197706947,higher,True,False
2024-02,NCut,20,S_Dbw,undefined,,lower,True,False
2024-02,NCut,20,AVI,ok,0.11228160711540129,higher,True,False
2024-02,NCut,20,AVU,ok,0.4464438721845171,lower,True,False
2024-02,NCut,20,MQ,ok,0.046059089214779136,higher,True,False
2024-02,NCut,4,SW,ok,0.30535824010261886,higher,True,True
2024-02,NCut,4,CH,ok,1460.151612227817,higher,True,True
2024-02,NCut,4,S_Dbw,ok,0.6578584187459775,lower,True,True
2024-02,NCut,4,AVI,ok,0.4587130452190679,higher,True,True
2024-02,NCut,4,AVU,ok,0.6140437412494933,lower,True,True
2024-02,NCut,4,MQ,ok,0.16266430202133036,higher,True,True
2024-02,NCut,6,SW,ok,0.26867860851840525,higher,True,True
2024-02,NCut,6,CH,ok,1405.8999672539944,higher,True,True
2024-02,NCut,6,S_Dbw,ok,0.7163118290145871,lower,True,True
2024-02,NCut,6,AVI,ok,0.3266139906287985,higher,True,True
2024-02,NCut,6,AVU,ok,0.5179627226184483,lower,True,True
2024-02,NCut,6,MQ,ok,0.12478682094288,higher,True,True
2024-02,NCut,8,SW,ok,0.262833606618977,higher,True,False
2024-02,NCut,8,CH,ok,1320.9597200278276,higher,True,False
2024-02,NCut,8,S_Dbw,undefined,,lower,True,False
2024-02,NCut,8,AVI,ok,0.2563584902454989,higher,True,False
2024-02,NCut,8,AVU,ok,0.45981923164015026,lower,True,False
2024-02,NCut,8,MQ,ok,0.10366558899187299,higher,True,False
2024-02,NCut,12,SW,ok,0.14817878960492248,higher,True,False
2024-02,NCut,12,CH,ok,711.9359520667624,higher,True,False
2024-02,NCut,12,S_Dbw,undefined,,lower,True,False
2024-02,NCut,12,AVI,ok,0.17138673994901046,higher,True,False
2024-02,NCut,12,AVU,ok,0.4591498413844796,lower,True,False
2024-02,NCut,12,MQ,ok,0.06916974657254257,higher,True,False
2024-02,NCut,16,SW,ok,0.19492214705292527,higher,True,False
2024-02,NCut,16,CH,ok,1035.2236648790908,higher,True,False
2024-02,NCut,16,S_Dbw,undefined,,lower,True,False
2024-02,NCut,16,AVI,ok,0.13816224651435194,higher,True,False
2024-02,NCut,16,AVU,ok,0.4443029642375612,lower,True,False
2024-02,NCut,16,MQ,ok,0.056254990655594764,higher,True,False
2024-03,SSE,10,SW,ok,0.26066403411083783,higher,True,False
2024-03,SSE,10,CH,ok,1453.7264936255951,higher,True,False
2024-03,SSE,10,S_Dbw,undefined,,lower,True,False
2024-03,SSE,10,AVI,ok,0.21456058246635326,higher,True,False
2024-03,SSE,10,AVU,ok,0.4664885323137978,lower,True,False
2024-03,SSE,10,MQ,ok,0.09086566707914408,higher,True,False
2024-03,SSE,20,SW,ok,0.22761067617097008,higher,True,False
2024-03,SSE,20,CH,ok,1090.5801602288134,higher,True,False
2024-03,SSE,20,S_Dbw,undefined,,lower,True,False
2024-03,SSE,20,AVI,ok,0.12555885706279374,higher,True,False
2024-03,SSE,20,AVU,ok,0.4144224006523355,lower,True,False
2024-03,SSE,20,MQ,ok,0.05408452690334693,higher,True,False
2024-03,SSE,4,SW,ok,0.3945492335798651,higher,True,True
2024-03,SSE,4,CH,ok,1921.5686190311394,higher,True,True
2024-03,SSE,4,S_Dbw,ok,0.5687463888212612,lower,True,True
2024-03,SSE,4,AVI,ok,0.4597352824318074,higher,True,True
2024-03,SSE,4,AVU,ok,0.5389033054506482,lower,True,True
2024-03,SSE,4,MQ,ok,0.18289626211910148,higher,True,True
2024-03,SSE,6,SW,ok,0.3234653058994973,higher,True,True
2024-03,SSE,6,CH,ok,1815.2679911055807,higher,True,True
2024-03,SSE,6,S_Dbw,ok,0.4492941605194917,lower,True,True
2024-03,SSE,6,AVI,ok,0.33218796901943276,higher,True,True
2024-03,SSE,6,AVU,ok,0.48245047634342664,lower,True,True
2024-03,SSE,6,MQ,ok,0.13318368955086451,higher,True,True
2024-03,SSE,8,SW,ok,0.27993381637418874,higher,True,False
2024-03,SSE,8,CH,ok,1607.902589919215,higher,True,False
2024-03,SSE,8,S_Dbw,undefined,,lower,True,False
2024-03,SSE,8,AVI,ok,0.258239303359049,higher,True,False
2024-03,SSE,8,AVU,ok,0.4749759243328733,lower,True,False
2024-03,SSE,8,MQ,ok,0.10594801626927543,higher,True,False
2024-03,SSE,12,SW,ok,0.250910514080356,higher,True,False
2024-03,SSE,12,CH,ok,1362.3217512918554,higher,True,False
2024-03,SSE,12,S_Dbw,undefined,,lower,True,False
2024-03,SSE,12,AVI,ok,0.19156864653442093,higher,True,False
2024-03,SSE,12,AVU,ok,0.43389254879762623,lower,True,False
2024-03,SSE,12,MQ,ok,0.0793652602946164,higher,True,False
2024-03,SSE,16,SW,ok,0.2338609219589646,higher,True,False
2024-03,SSE,16,CH,ok,1214.3721814511666,higher,True,False
2024-03,SSE,16,S_Dbw,undefined,,lower,True,False
2024-03,SSE,16,AVI,ok,0.1554199575289198,higher,True,False
2024-03,SSE,16,AVU,ok,0.40695484124938586,lower,True,False
2024-03,SSE,16,MQ,ok,0.06416519709203304,higher,True,False
2024-03,Ward,10,SW,ok,0.20072445108146378,higher,True,False
2024-03,Ward,10,CH,ok,1253.280109440275,higher,True,False
2024-03,Ward,10,S_Dbw,undefined,,lower,True,False
2024-03,Ward,10,AVI,ok,0.20615012090369164,higher,True,False
2024-03,Ward,10,AVU,ok,0.47690303044511356,lower,True,False
2024-03,Ward,10,MQ,ok,0.08981834049573514,higher,True,False
2024-03,Ward,20,SW,ok,0.19528194868752832,higher,True,False
2024-03,Ward,20,CH,ok,986.3771627977702,higher,True,False
2024-03,Ward,20,S_Dbw,undefined,,lower,True,False
2024-03,Ward,20,AVI,ok,0.1264611878283077,higher,True,False
2024-03,Ward,20,AVU,ok,0.3926439733491376,lower,True,False
2024-03,Ward,20,MQ,ok,0.05299490261367074,higher,True,False
2024-03,Ward,4,SW,ok,0.26194689995954074,higher,True,True
2024-03,Ward,4,CH,ok,1577.2011123216664,higher,True,True
2024-03,Ward,4,S_Dbw,ok,0.9109129972701695,lower,True,True
2024-03,Ward,4,AVI,ok,0.44780538342913906,higher,True,True
2024-03,Ward,4,AVU,ok,0.55162752819917,lower,True,True
2024-03,Ward,4,MQ,ok,0.13937089859702687,higher,True,True
2024-03,Ward,6,SW,ok,0.2661896511612451,higher,True,True
2024-03,Ward,6,CH,ok,1540.9783730333227,higher,True,True
2024-03,Ward,6,S_Dbw,ok,0.6441652221117674,lower,True,True
2024-03,Ward,6,AVI,ok,0.3218748002123084,higher,True,True
2024-03,Ward,6,AVU,ok,0.48724995190878745,lower,True,True
2024-03,Ward,6,MQ,ok,0.13079370335565227,higher,True,True
2024-03,Ward,8,SW,ok,0.22818007951662606,higher,True,False
2024-03,Ward,8,CH,ok,1370.7466387494862,higher,True,False
2024-03,Ward,8,S_Dbw,undefined,,lower,True,False
2024-03,Ward,8,AVI,ok,0.24758012385507175,higher,True,False
2024-03,Ward,8,AVU,ok,0.49105002473194803,lower,True,False
2024-03,Ward,8,MQ,ok,0.1147026494587931,higher,True,False
2024-03,Ward,12,SW,ok,0.20628520116316656,higher,True,False
2024-03,Ward,12,CH,ok,1175.7274533360348,higher,True,False
2024-03,Ward,12,S_Dbw,undefined,,lower,True,False
2024-03,Ward,12,AVI,ok,0.20039673497335997,higher,True,False
2024-03,Ward,12,AVU,ok,0.40265818387485086,lower,True,False
2024-03,Ward,12,MQ,ok,0.086831833672574,higher,True,False
2024-03,Ward,16,SW,ok,0.20181507404473598,higher,True,False
2024-03,Ward,16,CH,ok,1074.656402540833,higher,True,False
2024-03,Ward,16,S_Dbw,undefined,,lower,True,False
2024-03,Ward,16,AVI,ok,0.1538626465435985,higher,True,False
2024-03,Ward,16,AVU,ok,0.39598018953515357,lower,True,False
2024-03,Ward,16,MQ,ok,0.0645319982783902,higher,True,False
2024-03,NCut,10,SW,ok,0.23957008926072682,higher,True,False
2024-03,NCut,10,CH,ok,1217.0563227900216,higher,True,False
2024-03,NCut,10,S_Dbw,undefined,,lower,True,False
2024-03,NCut,10,AVI,ok,0.20878719083990935,higher,True,False
2024-03,NCut,10,AVU,ok,0.46998428160590133,lower,True,False
2024-03,NCut,10,MQ,ok,0.08376046822535395,higher,True,False
2024-03,NCut,20,SW,ok,0.18660065298467515,higher,True,False
2024-03,NCut,20,CH,ok,961.092283414509,higher,True,False
2024-03,NCut,20,S_Dbw,undefined,,lower,True,False
2024-03,NCut,20,AVI,ok,0.11077638093460568,higher,True,False
2024-03,NCut,20,AVU,ok,0.45998488977150864,lower,True,False
2024-03,NCut,20,MQ,ok,0.04464249536189628,higher,True,False
2024-03,NCut,4,SW,ok,0.31601955580333185,higher,True,True
2024-03,NCut,4,CH,ok,1514.7400741357394,higher,True,True
2024-03,NCut,4,S_Dbw,ok,0.6882401205318937,lower,True,True
2024-03,NCut,4,AVI,ok,0.4591748716027545,higher,True,True
2024-03,NCut,4,AVU,ok,0.612573266715767,lower,True,True
2024-03,NCut,4,MQ,ok,0.16264251222958423,higher,True,True
2024-03,NCut,6,SW,ok,0.26207415208067125,higher,True,True
2024-03,NCut,6,CH,ok,1380.3865929166197,higher,True,True
2024-03,NCut,6,S_Dbw,ok,0.6370113471184473,lower,True,True
2024-03,NCut,6,AVI,ok,0.3242673192376749,higher,True,True
2024-03,NCut,6,AVU,ok,0.516175809942151,lower,True,True
2024-03,NCut,6,MQ,ok,0.12267810342686172,higher,True,True
2024-03,NCut,8,SW,ok,0.2667757154895078,higher,True,False
2024-03,NCut,8,CH,ok,1330.1574839054415,higher,True,False
2024-03,NCut,8,S_Dbw,undefined,,lower,True,False
2024-03,NCut,8,AVI,ok,0.2550178543127812,higher,True,False
2024-03,NCut,8,AVU,ok,0.4620815446182915,lower,True,False
2024-03,NCut,8,MQ,ok,0.10252835023945277,higher,True,False
2024-03,NCut,12,SW,ok,0.22070317106781512,higher,True,False
2024-03,NCut,12,CH,ok,1220.8144716009372,higher,True,False
2024-03,NCut,12,S_Dbw,undefined,,lower,True,False
2024-03,NCut,12,AVI,ok,0.1788532601876876,higher,True,False
2024-03,NCut,12,AVU,ok,0.45640658490477953,lower,True,False
2024-03,NCut,12,MQ,ok,0.07171297341171275,higher,True,False
2024-03,NCut,16,SW,ok,0.1580061336209573,higher,True,False
2024-03,NCut,16,CH,ok,849.3693937491408,higher,True,False
2024-03,NCut,16,S_Dbw,undefined,,lower,True,False
2024-03,NCut,16,AVI,ok,0.13232625592944422,higher,True,False
2024-03,NCut,16,AVU,ok,0.46633580544294506,lower,True,False
2024-03,NCut,16,MQ,ok,0.055999041263254064,higher,True,False
2024-04,SSE,10,SW,ok,0.2616732358106123,higher,True,False
2024-04,SSE,10,CH,ok,1499.8913758117362,higher,True,False
2024-04,SSE,10,S_Dbw,undefined,,lower,True,False
2024-04,SSE,10,AVI,ok,0.23917736747651885,higher,True,False
2024-04,SSE,10,AVU,ok,0.429673812865239,lower,True,False
2024-04,SSE,10,MQ,ok,0.09132110761443155,higher,True,False
2024-04,SSE,20,SW,ok,0.23304652254570457,higher,True,False
2024-04,SSE,20,CH,ok,1146.5677178959609,higher,True,False
2024-04,SSE,20,S_Dbw,undefined,,lower,True,False
2024-04,SSE,20,AVI,ok,0.1255729961389985,higher,True,False
2024-04,SSE,20,AVU,ok,0.4156439321260735,lower,True,False
2024-04,SSE,20,MQ,ok,0.053398289449962895,higher,True,False
2024-04,SSE,4,SW,ok,0.3940578366618618,higher,True,True
2024-04,SSE,4,CH,ok,1978.0636799756548,higher,True,True
2024-04,SSE,4,S_Dbw,ok,0.5225552125301431,lower,True,True
2024-04,SSE,4,AVI,ok,0.46192028981437927,higher,True,True
2024-04,SSE,4,AVU,ok,0.5308642203065607,lower,True,True
2024-04,SSE,4,MQ,ok,0.18178423921919204,higher,True,True
2024-04,SSE,6,SW,ok,0.3234152345988216,higher,True,True
2024-04,SSE,6,CH,ok,1866.15676645847,higher,True,True
2024-04,SSE,6,S_Dbw,ok,0.5936493435245972,lower,True,True
2024-04,SSE,6,AVI,ok,0.33752551442819795,higher,True,True
2024-04,SSE,6,AVU,ok,0.4781759626002538,lower,True,True
2024-04,SSE,6,MQ,ok,0.13602586966965705,higher,True,True
2024-04,SSE,8,SW,ok,0.28456419824785434,higher,True,False
2024-04,SSE,8,CH,ok,1657.4715516367553,higher,True,False
2024-04,SSE,8,S_Dbw,undefined,,lower,True,False
2024-04,SSE,8,AVI,ok,0.26125819850067833,higher,True,False
2024-04,SSE,8,AVU,ok,0.47558876861308497,lower,True,False
2024-04,SSE,8,MQ,ok,0.10803173416834128,higher,True,False
2024-04,SSE,12,SW,ok,0.25017539180500364,higher,True,False
2024-04,SSE,12,CH,ok,1406.1433352176914,higher,True,False
2024-04,SSE,12,S_Dbw,undefined,,lower,True,False
2024-04,SSE,12,AVI,ok,0.20246794866697715,higher,True,False
2024-04,SSE,12,AVU,ok,0.4249719607598824,lower,True,False
2024-04,SSE,12,MQ,ok,0.07959229200663817,higher,True,False
2024-04,SSE,16,SW,ok,0.24316819093623993,higher,True,False
2024-04,SSE,16,CH,ok,1273.0947472349992,higher,True,False
2024-04,SSE,16,S_Dbw,undefined,,lower,True,False
2024-04,SSE,16,AVI,ok,0.15512795147378045,higher,True,False
2024-04,SSE,16,AVU,ok,0.4243590587433021,lower,True,False
2024-04,SSE,16,MQ,ok,0.06222580668613816,higher,True,False
2024-04,Ward,10,SW,ok,0.2253885122582159,higher,True,False
2024-04,Ward,10,CH,ok,1291.4435298671099,higher,True,False
2024-04,Ward,10,S_Dbw,undefined,,lower,True,False
2024-04,Ward,10,AVI,ok,0.20985725192511967,higher,True,False
2024-04,Ward,10,AVU,ok,0.4167155972775611,lower,True,False
2024-04,Ward,10,MQ,ok,0.09509662204162617,higher,True,False
2024-04,Ward,20,SW,ok,0.17836521712394265,higher,True,False
2024-04,Ward,20,CH,ok,995.1740020328873,higher,True,False
2024-04,Ward,20,S_Dbw,undefined,,lower,True,False
2024-04,Ward,20,AVI,ok,0.12410000974543993,higher,True,False
2024-04,Ward,20,AVU,ok,0.40772542489504243,lower,True,False
2024-04,Ward,20,MQ,ok,0.05745973511668911,higher,True,False
2024-04,Ward,4,SW,ok,0.40188379573893157,higher,True,True
2024-04,Ward,4,CH,ok,1611.1276814707433,higher,True,True
2024-04,Ward,4,S_Dbw,ok,0.472016758163481,lower,True,True
2024-04,Ward,4,AVI,ok,0.4628377575953313,higher,True,True
2024-04,Ward,4,AVU,ok,0.513602901680043,lower,True,True
2024-04,Ward,4,MQ,ok,0.1672087701061304,higher,True,True
2024-04,Ward,6,SW,ok,0.2656984840261245,higher,True,True
2024-04,Ward,6,CH,ok,1536.0475722419478,higher,True,True
2024-04,Ward,6,S_Dbw,ok,0.5743543839461595,lower,True,True
2024-04,Ward,6,AVI,ok,0.3300084507540181,higher,True,True
2024-04,Ward,6,AVU,ok,0.45434025811939116,lower,True,True
2024-04,Ward,6,MQ,ok,0.12659755474336182,higher,True,True
2024-04,Ward,8,SW,ok,0.2190995987818217,higher,True,True
2024-04,Ward,8,CH,ok,1431.336774040788,higher,True,True
2024-04,Ward,8,S_Dbw,ok,0.4506738258654612,lower,True,True
2024-04,Ward,8,AVI,ok,0.2565574146558322,higher,True,True
2024-04,Ward,8,AVU,ok,0.4810239458223856,lower,True,True
2024-04,Ward,8,MQ,ok,0.10489729948384316,higher,True,True
2024-04,Ward,12,SW,ok,0.21577521141612865,higher,True,False
2024-04,Ward,12,CH,ok,1201.247333471228,higher,True,False
2024-04,Ward,12,S_Dbw,undefined,,lower,True,False
2024-04,Ward,12,AVI,ok,0.19834152981025224,higher,True,False
2024-04,Ward,12,AVU,ok,0.3976112659792401,lower,True,False
2024-04,Ward,12,MQ,ok,0.08892862508634995,higher,True,False
2024-04,Ward,16,SW,ok,0.19008545757055959,higher,True,False
2024-04,Ward,16,CH,ok,1084.9550452896456,higher,True,False
2024-04,Ward,16,S_Dbw,undefined,,lower,True,False
2024-04,Ward,16,AVI,ok,0.15333931374713147,higher,True,False
2024-04,Ward,16,AVU,ok,0.39403900568197553,lower,True,False
2024-04,Ward,16,MQ,ok,0.07070724985439043,higher,True,False
2024-04,NCut,10,SW,ok,0.23606237933940535,higher,True,False
2024-04,NCut,10,CH,ok,1258.974274590855,higher,True,False
2024-04,NCut,10,S_Dbw,undefined,,lower,True,False
2024-04,NCut,10,AVI,ok,0.21040048409204543,higher,True,False
2024-04,NCut,10,AVU,ok,0.4502469565870946,lower,True,False
2024-04,NCut,10,MQ,ok,0.08477846381349972,higher,True,False
2024-04,NCut,20,SW,ok,0.19510920770594214,higher,True,False
2024-04,NCut,20,CH,ok,1067.3631143510863,higher,True,False
2024-04,NCut,20,S_Dbw,undefined,,lower,True,False
2024-04,NCut,20,AVI,ok,0.1251650272095284,higher,True,False
2024-04,NCut,20,AVU,ok,0.4308421497446317,lower,True,False
2024-04,NCut,20,MQ,ok,0.04673642660225279,higher,True,False
2024-04,NCut,4,SW,ok,0.31432009504754,higher,True,True
2024-04,NCut,4,CH,ok,1545.2456828936213,higher,True,True
2024-04,NCut,4,S_Dbw,ok,0.6549300831117573,lower,True,True
2024-04,NCut,4,AVI,ok,0.4629010921845166,higher,True,True
2024-04,NCut,4,AVU,ok,0.6133609820318143,lower,True,True
2024-04,NCut,4,MQ,ok,0.16058801836830128,higher,True,True
2024-04,NCut,6,SW,ok,0.27337334534122104,higher,True,True
2024-04,NCut,6,CH,ok,1444.9609591306657,higher,True,True
2024-04,NCut,6,S_Dbw,ok,0.511639648424723,lower,True,True
2024-04,NCut,6,AVI,ok,0.3279225368872168,higher,True,True
2024-04,NCut,6,AVU,ok,0.5163977531173762,lower,True,True
2024-04,NCut,6,MQ,ok,0.12664609338527016,higher,True,True
2024-04,NCut,8,SW,ok,0.26728250881430077,higher,True,True
2024-04,NCut,8,CH,ok,1383.1312691633877,higher,True,True
2024-04,NCut,8,S_Dbw,ok,0.43735414936545447,lower,True,True
2024-04,NCut,8,AVI,ok,0.25825958315025405,higher,True,True
2024-04,NCut,8,AVU,ok,0.4570816953493507,lower,True,True
2024-04,NCut,8,MQ,ok,0.10380881769286307,higher,True,True
2024-04,NCut,12,SW,ok,0.2118487548017715,higher,True,False
2024-04,NCut,12,CH,ok,1275.9746429626964,higher,True,False
2024-04,NCut,12,S_Dbw,undefined,,lower,True,False
2024-04,NCut,12,AVI,ok,0.18100712376759273,higher,True,False
2024-04,NCut,12,AVU,ok,0.45785532704300386,lower,True,False
2024-04,NCut,12,MQ,ok,0.07355759777189703,higher,True,False
2024-04,NCut,16,SW,ok,0.21467262451091143,higher,True,False
2024-04,NCut,16,CH,ok,1150.5411199380774,higher,True,False
2024-04,NCut,16,S_Dbw,undefined,,lower,True,False
2024-04,NCut,16,AVI,ok,0.1394793228318241,higher,True,False
2024-04,NCut,16,AVU,ok,0.45896250914245396,lower,True,False
2024-04,NCut,16,MQ,ok,0.05514292643489603,higher,True,False
2024-05,SSE,10,SW,ok,0.26992112172652616,higher,True,False
2024-05,SSE,10,CH,ok,1458.1726535553207,higher,True,False
2024-05,SSE,10,S_Dbw,undefined,,lower,True,False
2024-05,SSE,10,AVI,ok,0.23650275199339665,higher,True,False
2024-05,SSE,10,AVU,ok,0.436441689264874,lower,True,False
2024-05,SSE,10,MQ,ok,0.097397352301022,higher,True,False
2024-05,SSE,20,SW,ok,0.23007120269307743,higher,True,False
2024-05,SSE,20,CH,ok,1112.2215780832316,higher,True,False
2024-05,SSE,20,S_Dbw,undefined,,lower,True,False
2024-05,SSE,20,AVI,ok,0.12470464472353746,higher,True,False
2024-05,SSE,20,AVU,ok,0.41098482911707857,lower,True,False
2024-05,SSE,20,MQ,ok,0.05628693817945965,higher,True,False
2024-05,SSE,4,SW,ok,0.3862930195595932,higher,True,True
2024-05,SSE,4,CH,ok,1898.1460584767713,higher,True,True
2024-05,SSE,4,S_Dbw,ok,0.545716281117736,lower,True,True
2024-05,SSE,4,AVI,ok,0.4626476183725866,higher,True,True
2024-05,SSE,4,AVU,ok,0.5406366313368972,lower,True,True
2024-05,SSE,4,MQ,ok,0.18372346856645436,higher,True,True
2024-05,SSE,6,SW,ok,0.32711137720421724,higher,True,True
2024-05,SSE,6,CH,ok,1812.7565853913347,higher,True,True
2024-05,SSE,6,S_Dbw,ok,0.6122390419437803,lower,True,True
2024-05,SSE,6,AVI,ok,0.3410337401015676,higher,True,True
2024-05,SSE,6,AVU,ok,0.4770332910317348,lower,True,True
2024-05,SSE,6,MQ,ok,0.14059367674431728,higher,True,True
2024-05,SSE,8,SW,ok,0.2891426050418918,higher,True,False
2024-05,SSE,8,CH,ok,1601.6229385196273,higher,True,False
2024-05,SSE,8,S_Dbw,undefined,,lower,True,False
2024-05,SSE,8,AVI,ok,0.26689884291806315,higher,True,False
2024-05,SSE,8,AVU,ok,0.47123071127434496,lower,True,False
2024-05,SSE,8,MQ,ok,0.11341138208135247,higher,True,False
2024-05,SSE,12,SW,ok,0.25740608509450835,higher,True,False
2024-05,SSE,12,CH,ok,1369.9494844514768,higher,True,False
2024-05,SSE,12,S_Dbw,undefined,,lower,True,False
2024-05,SSE,12,AVI,ok,0.18821293280051044,higher,True,False
2024-05,SSE,12,AVU,ok,0.4265143440683583,lower,True,False
2024-05,SSE,12,MQ,ok,0.08348441990213101,higher,True,False
2024-05,SSE,16,SW,ok,0.23805782006465842,higher,True,False
2024-05,SSE,16,CH,ok,1231.7450883801112,higher,True,False
2024-05,SSE,16,S_Dbw,undefined,,lower,True,False
2024-05,SSE,16,AVI,ok,0.15379687813353304,higher,True,False
2024-05,SSE,16,AVU,ok,0.4190687853010933,lower,True,False
2024-05,SSE,16,MQ,ok,0.06421639868227555,higher,True,False
2024-05,Ward,10,SW,ok,0.22885078322372496,higher,True,False
2024-05,Ward,10,CH,ok,1285.5955689474367,higher,True,False
2024-05,Ward,10,S_Dbw,undefined,,lower,True,False
2024-05,Ward,10,AVI,ok,0.21805317492828122,higher,True,False
2024-05,Ward,10,AVU,ok,0.45876879532306175,lower,True,False
2024-05,Ward,10,MQ,ok,0.09771913221157053,higher,True,False
2024-05,Ward,20,SW,ok,0.19510801326637786,higher,True,False
2024-05,Ward,20,CH,ok,962.5129623986595,higher,True,False
2024-05,Ward,20,S_Dbw,undefined,,lower,True,False
2024-05,Ward,20,AVI,ok,0.12411852091809314,higher,True,False
2024-05,Ward,20,AVU,ok,0.372530739574459,lower,True,False
2024-05,Ward,20,MQ,ok,0.06546609314490735,higher,True,False
2024-05,Ward,4,SW,ok,0.3822477284271512,higher,True,True
2024-05,Ward,4,CH,ok,1645.6800741892105,higher,True,True
2024-05,Ward,4,S_Dbw,ok,0.5114080768838769,lower,True,True
2024-05,Ward,4,AVI,ok,0.4844573958911349,higher,True,True
2024-05,Ward,4,AVU,ok,0.5052719508722303,lower,True,True
2024-05,Ward,4,MQ,ok,0.18074664523129977,higher,True,True
2024-05,Ward,6,SW,ok,0.2616129629168438,higher,True,True
2024-05,Ward,6,CH,ok,1479.7526074846337,higher,True,True
2024-05,Ward,6,S_Dbw,ok,0.6728461954327827,lower,True,True
2024-05,Ward,6,AVI,ok,0.3427041499526224,higher,True,True
2024-05,Ward,6,AVU,ok,0.46589755332865723,lower,True,True
2024-05,Ward,6,MQ,ok,0.15033221834722174,higher,True,True
2024-05,Ward,8,SW,ok,0.23111143107053939,higher,True,True
2024-05,Ward,8,CH,ok,1372.2152018487106,higher,True,True
2024-05,Ward,8,S_Dbw,ok,0.5826503601007854,lower,True,True
2024-05,Ward,8,AVI,ok,0.26712357202752834,higher,True,True
2024-05,Ward,8,AVU,ok,0.4435134822372012,lower,True,True
2024-05,Ward,8,MQ,ok,0.11700367796835177,higher,True,True
2024-05,Ward,12,SW,ok,0.21347097386643057,higher,True,False
2024-05,Ward,12,CH,ok,1180.8655436781519,higher,True,False
2024-05,Ward,12,S_Dbw,undefined,,lower,True,False
2024-05,Ward,12,AVI,ok,0.18519004849000437,higher,True,False
2024-05,Ward,12,AVU,ok,0.44879873142435767,lower,True,False
2024-05,Ward,12,MQ,ok,0.08557195851824892,higher,True,False
2024-05,Ward,16,SW,ok,0.21716703498609968,higher,True,False
2024-05,Ward,16,CH,ok,1044.029995562669,higher,True,False
2024-05,Ward,16,S_Dbw,undefined,,lower,True,False
2024-05,Ward,16,AVI,ok,0.1526431525868513,higher,True,False
2024-05,Ward,16,AVU,ok,0.3649074627643643,lower,True,False
2024-05,Ward,16,MQ,ok,0.0789577534631558,higher,True,False
2024-05,NCut,10,SW,ok,0.23054353919171736,higher,True,False
2024-05,NCut,10,CH,ok,1192.179415495766,higher,True,False
2024-05,NCut,10,S_Dbw,undefined,,lower,True,False
2024-05,NCut,10,AVI,ok,0.2108403749718784,higher,True,False
2024-05,NCut,10,AVU,ok,0.4613898862861655,lower,True,False
2024-05,NCut,10,MQ,ok,0.08490410175424322,higher,True,False
2024-05,NCut,20,SW,ok,0.1920076998629655,higher,True,False
2024-05,NCut,20,CH,ok,977.9472005773383,higher,True,False
2024-05,NCut,20,S_Dbw,undefined,,lower,True,False
2024-05,NCut,20,AVI,ok,0.1141524397219481,higher,True,False
2024-05,NCut,20,AVU,ok,0.4477265637346105,lower,True,False
2024-05,NCut,20,MQ,ok,0.0477973411125232,higher,True,False
2024-05,NCut,4,SW,ok,0.2964386637486344,higher,True,True
2024-05,NCut,4,CH,ok,1440.6299930919083,higher,True,True
2024-05,NCut,4,S_Dbw,ok,0.7114197881748346,lower,True,True
2024-05,NCut,4,AVI,ok,0.4639470292292457,higher,True,True
2024-05,NCut,4,AVU,ok,0.6198369322536923,lower,True,True
2024-05,NCut,4,MQ,ok,0.16088210939436928,higher,True,True
2024-05,NCut,6,SW,ok,0.26971033221404556,higher,True,True
2024-05,NCut,6,CH,ok,1372.5486291459995,higher,True,True
2024-05,NCut,6,S_Dbw,ok,0.6168517694371203,lower,True,True
2024-05,NCut,6,AVI,ok,0.33068563167654924,higher,True,True
2024-05,NCut,6,AVU,ok,0.5166873907387175,lower,True,True
2024-05,NCut,6,MQ,ok,0.12713570691425666,higher,True,True
2024-05,NCut,8,SW,ok,0.2542097461869756,higher,True,True
2024-05,NCut,8,CH,ok,1256.5818433987654,higher,True,True
2024-05,NCut,8,S_Dbw,ok,0.35059519490186997,lower,True,True
2024-05,NCut,8,AVI,ok,0.2573977067221834,higher,True,True
2024-05,NCut,8,AVU,ok,0.46923528567912753,lower,True,True
2024-05,NCut,8,MQ,ok,0.10379556286631075,higher,True,True
2024-05,NCut,12,SW,ok,0.17772523078795405,higher,True,False
2024-05,NCut,12,CH,ok,886.5255434814078,higher,True,False
2024-05,NCut,12,S_Dbw,undefined,,lower,True,False
2024-05,NCut,12,AVI,ok,0.1756498872018446,higher,True,False
2024-05,NCut,12,AVU,ok,0.4596349086932754,lower,True,False
2024-05,NCut,12,MQ,ok,0.07320657000108982,higher,True,False
2024-05,NCut,16,SW,ok,0.154635595650809,higher,True,False
2024-05,NCut,16,CH,ok,874.7880116338989,higher,True,False
2024-05,NCut,16,S_Dbw,undefined,,lower,True,False
2024-05,NCut,16,AVI,ok,0.1349957137381417,higher,True,False
2024-05,NCut,16,AVU,ok,0.4715806740734188,lower,True,False
2024-05,NCut,16,MQ,ok,0.05648298590334457,higher,True,False
2024-06,SSE,10,SW,ok,0.26779366389431764,higher,True,False
2024-06,SSE,10,CH,ok,1540.4961254375785,higher,True,False
2024-06,SSE,10,S_Dbw,undefined,,lower,True,False
2024-06,SSE,10,AVI,ok,0.21465058187647135,higher,True,False
2024-06,SSE,10,AVU,ok,0.45686957874240636,lower,True,False
2024-06,SSE,10,MQ,ok,0.08864655389481566,higher,True,False
2024-06,SSE,20,SW,ok,0.2406773938546766,higher,True,False
2024-06,SSE,20,CH,ok,1162.6395409385727,higher,True,False
2024-06,SSE,20,S_Dbw,undefined,,lower,True,False
2024-06,SSE,20,AVI,ok,0.12069690913368974,higher,True,False
2024-06,SSE,20,AVU,ok,0.39976741518928494,lower,True,False
2024-06,SSE,20,MQ,ok,0.05582630768543698,higher,True,False
2024-06,SSE,4,SW,ok,0.3905713549728082,higher,True,True
2024-06,SSE,4,CH,ok,1981.677284402478,higher,True,True
2024-06,SSE,4,S_Dbw,ok,0.5128538616333589,lower,True,True
2024-06,SSE,4,AVI,ok,0.4573012138776194,higher,True,True
2024-06,SSE,4,AVU,ok,0.5456953823259472,lower,True,True
2024-06,SSE,4,MQ,ok,0.18108908503670762,higher,True,True
2024-06,SSE,6,SW,ok,0.3265943969541007,higher,True,True
2024-06,SSE,6,CH,ok,1894.9713672849257,higher,True,True
2024-06,SSE,6,S_Dbw,ok,0.45873954976890774,lower,True,True
2024-06,SSE,6,AVI,ok,0.33219533191767026,higher,True,True
2024-06,SSE,6,AVU,ok,0.48601668729008823,lower,True,True
2024-06,SSE,6,MQ,ok,0.13235625105787288,higher,True,True
2024-06,SSE,8,SW,ok,0.2909753370258978,higher,True,False
2024-06,SSE,8,CH,ok,1686.6657413997661,higher,True,False
2024-06,SSE,8,S_Dbw,undefined,,lower,True,False
2024-06,SSE,8,AVI,ok,0.2592242422234259,higher,True,False
2024-06,SSE,8,AVU,ok,0.4806088678608787,lower,True,False
2024-06,SSE,8,MQ,ok,0.11005472744339259,higher,True,False
2024-06,SSE,12,SW,ok,0.24775144611452765,higher,True,False
2024-06,SSE,12,CH,ok,1412.208700997677,higher,True,False
2024-06,SSE,12,S_Dbw,undefined,,lower,True,False
2024-06,SSE,12,AVI,ok,0.18427932448243403,higher,True,False
2024-06,SSE,12,AVU,ok,0.4403817429950806,lower,True,False
2024-06,SSE,12,MQ,ok,0.07596483155094838,higher,True,False
2024-06,SSE,16,SW,ok,0.24437346465367696,higher,True,False
2024-06,SSE,16,CH,ok,1278.2567779469437,higher,True,False
2024-06,SSE,16,S_Dbw,undefined,,lower,True,False
2024-06,SSE,16,AVI,ok,0.14868172045614494,higher,True,False
2024-06,SSE,16,AVU,ok,0.40731626026783374,lower,True,False
2024-06,SSE,16,MQ,ok,0.06483956062941901,higher,True,False
2024-06,Ward,10,SW,ok,0.2264903951082168,higher,True,False
2024-06,Ward,10,CH,ok,1316.2374545834757,higher,True,False
2024-06,Ward,10,S_Dbw,undefined,,lower,True,False
2024-06,Ward,10,AVI,ok,0.20645545905028043,higher,True,False
2024-06,Ward,10,AVU,ok,0.44119302873725946,lower,True,False
2024-06,Ward,10,MQ,ok,0.09960238353044046,higher,True,False
2024-06,Ward,20,SW,ok,0.17333299073385744,higher,True,False
2024-06,Ward,20,CH,ok,993.3865370019289,higher,True,False
2024-06,Ward,20,S_Dbw,undefined,,lower,True,False
2024-06,Ward,20,AVI,ok,0.124372657988788,higher,True,False
2024-06,Ward,20,AVU,ok,0.38757941687330666,lower,True,False
2024-06,Ward,20,MQ,ok,0.05267903460829282,higher,True,False
2024-06,Ward,4,SW,ok,0.28658325216911223,higher,True,True
2024-06,Ward,4,CH,ok,1787.555108463113,higher,True,True
2024-06,Ward,4,S_Dbw,ok,0.7690442235921863,lower,True,True
2024-06,Ward,4,AVI,ok,0.45658856730760444,higher,True,True
2024-06,Ward,4,AVU,ok,0.5591998071836047,lower,True,True
2024-06,Ward,4,MQ,ok,0.15514334247798214,higher,True,True
2024-06,Ward,6,SW,ok,0.2813045107053574,higher,True,True
2024-06,Ward,6,CH,ok,1650.2884311794091,higher,True,True
2024-06,Ward,6,S_Dbw,ok,0.4881298342675928,lower,True,True
2024-06,Ward,6,AVI,ok,0.3278229346183338,higher,True,True
2024-06,Ward,6,AVU,ok,0.48954465540590864,lower,True,True
2024-06,Ward,6,MQ,ok,0.13917735790185765,higher,True,True
2024-06,Ward,8,SW,ok,0.2504288559252375,higher,True,False
2024-06,Ward,8,CH,ok,1480.4778838937198,higher,True,False
2024-06,Ward,8,S_Dbw,undefined,,lower,True,False
2024-06,Ward,8,AVI,ok,0.25337571837970874,higher,True,False
2024-06,Ward,8,AVU,ok,0.45412785319170274,lower,True,False
2024-06,Ward,8,MQ,ok,0.11030876851439672,higher,True,False
2024-06,Ward,12,SW,ok,0.18653071095370957,higher,True,False
2024-06,Ward,12,CH,ok,1219.3432986093692,higher,True,False
2024-06,Ward,12,S_Dbw,undefined,,lower,True,False
2024-06,Ward,12,AVI,ok,0.17615420565714712,higher,True,False
2024-06,Ward,12,AVU,ok,0.4571174690781924,lower,True,False
2024-06,Ward,12,MQ,ok,0.07450266499624372,higher,True,False
2024-06,Ward,16,SW,ok,0.18156850293022908,higher,True,False
2024-06,Ward,16,CH,ok,1083.4247638392715,higher,True,False
2024-06,Ward,16,S_Dbw,undefined,,lower,True,False
2024-06,Ward,16,AVI,ok,0.15273083855271785,higher,True,False
2024-06,Ward,16,AVU,ok,0.3947229486143277,lower,True,False
2024-06,Ward,16,MQ,ok,0.06242829929824467,higher,True,False
2024-06,NCut,10,SW,ok,0.24000115403013128,higher,True,False
2024-06,NCut,10,CH,ok,1287.3835172025904,higher,True,False
2024-06,NCut,10,S_Dbw,undefined,,lower,True,False
2024-06,NCut,10,AVI,ok,0.20791250326751548,higher,True,False
2024-06,NCut,10,AVU,ok,0.4709108817233228,lower,True,False
2024-06,NCut,10,MQ,ok,0.08351820174271628,higher,True,False
2024-06,NCut,20,SW,ok,0.1565907948234329,higher,True,False
2024-06,NCut,20,CH,ok,867.3610536531065,higher,True,False
2024-06,NCut,20,S_Dbw,undefined,,lower,True,False
2024-06,NCut,20,AVI,ok,0.10814782785834536,higher,True,False
2024-06,NCut,20,AVU,ok,0.46785303701482794,lower,True,False
2024-06,NCut,20,MQ,ok,0.04321776633191099,higher,True,False
2024-06,NCut,4,SW,ok,0.32746729678497183,higher,True,True
2024-06,NCut,4,CH,ok,1484.1606304645616,higher,True,True
2024-06,NCut,4,S_Dbw,ok,0.5760609705118294,lower,True,True
2024-06,NCut,4,AVI,ok,0.45221263064776046,higher,True,True
2024-06,NCut,4,AVU,ok,0.5930718644980268,lower,True,True
2024-06,NCut,4,MQ,ok,0.16639639153462968,higher,True,True
2024-06,NCut,6,SW,ok,0.2531489441426424,higher,True,True
2024-06,NCut,6,CH,ok,1310.7829565223053,higher,True,True
2024-06,NCut,6,S_Dbw,ok,0.5688707906163369,lower,True,True
2024-06,NCut,6,AVI,ok,0.31905330672027743,higher,True,True
2024-06,NCut,6,AVU,ok,0.5076006546111193,lower,True,True
2024-06,NCut,6,MQ,ok,0.11823391932402368,higher,True,True
2024-06,NCut,8,SW,ok,0.26743742709015456,higher,True,False
2024-06,NCut,8,CH,ok,1387.4956761031165,higher,True,False
2024-06,NCut,8,S_Dbw,undefined,,lower,True,False
2024-06,NCut,8,AVI,ok,0.2540872402141121,higher,True,False
2024-06,NCut,8,AVU,ok,0.46444085696177684,lower,True,False
2024-06,NCut,8,MQ,ok,0.10135259308710994,higher,True,False
2024-06,NCut,12,SW,ok,0.2045967348106389,higher,True,False
2024-06,NCut,12,CH,ok,1190.4130837924536,higher,True,False
2024-06,NCut,12,S_Dbw,undefined,,lower,True,False
2024-06,NCut,12,AVI,ok,0.1766424075920872,higher,True,False
2024-06,NCut,12,AVU,ok,0.47357941149800076,lower,True,False
2024-06,NCut,12,MQ,ok,0.07195397378677752,higher,True,False
2024-06,NCut,16,SW,ok,0.1992062330058727,higher,True,False
2024-06,NCut,16,CH,ok,1067.341253309209,higher,True,False
2024-06,NCut,16,S_Dbw,undefined,,lower,True,False
2024-06,NCut,16,AVI,ok,0.13586096535485284,higher,True,False
2024-06,NCut,16,AVU,ok,0.447084137968429,lower,True,False
2024-06,NCut,16,MQ,ok,0.05811473357015001,higher,True,False
2024-07,SSE,10,SW,ok,0.2678980648306299,higher,True,False
2024-07,SSE,10,CH,ok,1579.7283325946128,higher,True,False
2024-07,SSE,10,S_Dbw,undefined,,lower,True,False
2024-07,SSE,10,AVI,ok,0.20624219097038587,higher,True,False
2024-07,SSE,10,AVU,ok,0.46313158274588323,lower,True,False
2024-07,SSE,10,MQ,ok,0.08445027228509981,higher,True,False
2024-07,SSE,20,SW,ok,0.2315161205718224,higher,True,False
2024-07,SSE,20,CH,ok,1167.1642580668993,higher,True,False
2024-07,SSE,20,S_Dbw,undefined,,lower,True,False
2024-07,SSE,20,AVI,ok,0.11428712262841352,higher,True,False
2024-07,SSE,20,AVU,ok,0.4059502048247118,lower,True,False
2024-07,SSE,20,MQ,ok,0.050926490046554626,higher,True,False
2024-07,SSE,4,SW,ok,0.3166184000222175,higher,True,True
2024-07,SSE,4,CH,ok,2140.1785576572734,higher,True,True
2024-07,SSE,4,S_Dbw,ok,0.6425330658218587,lower,True,True
2024-07,SSE,4,AVI,ok,0.4520584852085209,higher,True,True
2024-07,SSE,4,AVU,ok,0.5756627412084995,lower,True,True
2024-07,SSE,4,MQ,ok,0.15341489753559223,higher,True,True
2024-07,SSE,6,SW,ok,0.3256568934655207,higher,True,True
2024-07,SSE,6,CH,ok,1931.323155027421,higher,True,True
2024-07,SSE,6,S_Dbw,ok,0.49254258871799705,lower,True,True
2024-07,SSE,6,AVI,ok,0.3230816408089278,higher,True,True
2024-07,SSE,6,AVU,ok,0.49295063717585036,lower,True,True
2024-07,SSE,6,MQ,ok,0.12729985773880753,higher,True,True
2024-07,SSE,8,SW,ok,0.287007887500789,higher,True,False
2024-07,SSE,8,CH,ok,1710.2239264579682,higher,True,False
2024-07,SSE,8,S_Dbw,undefined,,lower,True,False
2024-07,SSE,8,AVI,ok,0.2496167639521633,higher,True,False
2024-07,SSE,8,AVU,ok,0.48445774227630967,lower,True,False
2024-07,SSE,8,MQ,ok,0.10382337282626142,higher,True,False
2024-07,SSE,12,SW,ok,0.2469137615884362,higher,True,False
2024-07,SSE,12,CH,ok,1451.4870259877773,higher,True,False
2024-07,SSE,12,S_Dbw,undefined,,lower,True,False
2024-07,SSE,12,AVI,ok,0.17470237666538893,higher,True,False
2024-07,SSE,12,AVU,ok,0.4461059501680365,lower,True,False
2024-07,SSE,12,MQ,ok,0.07346090335390543,higher,True,False
2024-07,SSE,16,SW,ok,0.23124212925562895,higher,True,False
2024-07,SSE,16,CH,ok,1266.9278868411627,higher,True,False
2024-07,SSE,16,S_Dbw,undefined,,lower,True,False
2024-07,SSE,16,AVI,ok,0.1364293949089949,higher,True,False
2024-07,SSE,16,AVU,ok,0.41265943309509234,lower,True,False
2024-07,SSE,16,MQ,ok,0.05995708580546593,higher,True,False
2024-07,Ward,10,SW,ok,0.23123532470159253,higher,True,False
2024-07,Ward,10,CH,ok,1369.253319375304,higher,True,False
2024-07,Ward,10,S_Dbw,undefined,,lower,True,False
2024-07,Ward,10,AVI,ok,0.20174904346733186,higher,True,False
2024-07,Ward,10,AVU,ok,0.4608086695605738,lower,True,False
2024-07,Ward,10,MQ,ok,0.08582088571311679,higher,True,False
2024-07,Ward,20,SW,ok,0.18155702973734178,higher,True,False
2024-07,Ward,20,CH,ok,994.544437004975,higher,True,False
2024-07,Ward,20,S_Dbw,undefined,,lower,True,False
2024-07,Ward,20,AVI,ok,0.11147587039423591,higher,True,False
2024-07,Ward,20,AVU,ok,0.38681218692527486,lower,True,False
2024-07,Ward,20,MQ,ok,0.05549693521715163,higher,True,False
2024-07,Ward,4,SW,ok,0.2810516062911917,higher,True,True
2024-07,Ward,4,CH,ok,1899.0555151216308,higher,True,True
2024-07,Ward,4,S_Dbw,ok,0.6258866930719575,lower,True,True
2024-07,Ward,4,AVI,ok,0.43912427819060407,higher,True,True
2024-07,Ward,4,AVU,ok,0.5663284202420643,lower,True,True
2024-07,Ward,4,MQ,ok,0.148317908445918,higher,True,True
2024-07,Ward,6,SW,ok,0.24220560212872738,higher,True,True
2024-07,Ward,6,CH,ok,1536.6577522065338,higher,True,True
2024-07,Ward,6,S_Dbw,ok,0.4796737567523777,lower,True,True
2024-07,Ward,6,AVI,ok,0.30988460100865806,higher,True,True
2024-07,Ward,6,AVU,ok,0.48675498808921036,lower,True,True
2024-07,Ward,6,MQ,ok,0.12197889185565376,higher,True,True
2024-07,Ward,8,SW,ok,0.22970459062450826,higher,True,False
2024-07,Ward,8,CH,ok,1436.5954071862823,higher,True,False
2024-07,Ward,8,S_Dbw,undefined,,lower,True,False
2024-07,Ward,8,AVI,ok,0.24682981289594202,higher,True,False
2024-07,Ward,8,AVU,ok,0.4813603709877822,lower,True,False
2024-07,Ward,8,MQ,ok,0.09476019683710243,higher,True,False
2024-07,Ward,12,SW,ok,0.19480680661220254,higher,True,False
2024-07,Ward,12,CH,ok,1241.509694868369,higher,True,False
2024-07,Ward,12,S_Dbw,undefined,,lower,True,False
2024-07,Ward,12,AVI,ok,0.1709025754737194,higher,True,False
2024-07,Ward,12,AVU,ok,0.431188733649535,lower,True,False
2024-07,Ward,12,MQ,ok,0.07713787445989094,higher,True,False
2024-07,Ward,16,SW,ok,0.17226796373442535,higher,True,False
2024-07,Ward,16,CH,ok,1087.60166321737,higher,True,False
2024-07,Ward,16,S_Dbw,undefined,,lower,True,False
2024-07,Ward,16,AVI,ok,0.13168463296404717,higher,True,False
2024-07,Ward,16,AVU,ok,0.41955409745777744,lower,True,False
2024-07,Ward,16,MQ,ok,0.058808558248629975,higher,True,False
2024-07,NCut,10,SW,ok,0.2402497692061954,higher,True,False
2024-07,NCut,10,CH,ok,1377.1165663952402,higher,True,False
2024-07,NCut,10,S_Dbw,undefined,,lower,True,False
2024-07,NCut,10,AVI,ok,0.20346326027663536,higher,True,False
2024-07,NCut,10,AVU,ok,0.46814792143911577,lower,True,False
2024-07,NCut,10,MQ,ok,0.0808343549305088,higher,True,False
2024-07,NCut,20,SW,ok,0.16154046554468612,higher,True,False
2024-07,NCut,20,CH,ok,912.3823048857023,higher,True,False
2024-07,NCut,20,S_Dbw,undefined,,lower,True,False
2024-07,NCut,20,AVI,ok,0.10581499439275169,higher,True,False
2024-07,NCut,20,AVU,ok,0.4672559216932263,lower,True,False
2024-07,NCut,20,MQ,ok,0.040395859142123285,higher,True,False
2024-07,NCut,4,SW,ok,0.3122086630350274,higher,True,True
2024-07,NCut,4,CH,ok,1841.1451368637363,higher,True,True
2024-07,NCut,4,S_Dbw,ok,0.5508290917998218,lower,True,True
2024-07,NCut,4,AVI,ok,0.45141203933699475,higher,True,True
2024-07,NCut,4,AVU,ok,0.6126543967341406,lower,True,True
2024-07,NCut,4,MQ,ok,0.15555841306692253,higher,True,True
2024-07,NCut,6,SW,ok,0.27824611940476185,higher,True,True
2024-07,NCut,6,CH,ok,1688.399419636114,higher,True,True
2024-07,NCut,6,S_Dbw,ok,0.5613477383384395,lower,True,True
2024-07,NCut,6,AVI,ok,0.31789178863729955,higher,True,True
2024-07,NCut,6,AVU,ok,0.5185396510852404,lower,True,True
2024-07,NCut,6,MQ,ok,0.11175492253837499,higher,True,True
2024-07,NCut,8,SW,ok,0.2686238163163067,higher,True,False
2024-07,NCut,8,CH,ok,1475.4976206245967,higher,True,False
2024-07,NCut,8,S_Dbw,undefined,,lower,True,False
2024-07,NCut,8,AVI,ok,0.24773460275708575,higher,True,False
2024-07,NCut,8,AVU,ok,0.4738677443935047,lower,True,False
2024-07,NCut,8,MQ,ok,0.09642464951639644,higher,True,False
2024-07,NCut,12,SW,ok,0.2107326826152253,higher,True,False
2024-07,NCut,12,CH,ok,1285.899011018182,higher,True,False
2024-07,NCut,12,S_Dbw,undefined,,lower,True,False
2024-07,NCut,12,AVI,ok,0.17144987042360227,higher,True,False
2024-07,NCut,12,AVU,ok,0.4826816699694488,lower,True,False
2024-07,NCut,12,MQ,ok,0.07143259722366355,higher,True,False
2024-07,NCut,16,SW,ok,0.18082611112008443,higher,True,False
2024-07,NCut,16,CH,ok,1108.540626917506,higher,True,False
2024-07,NCut,16,S_Dbw,undefined,,lower,True,False
2024-07,NCut,16,AVI,ok,0.13095840018908605,higher,True,False
2024-07,NCut,16,AVU,ok,0.4540734231703349,lower,True,False
2024-07,NCut,16,MQ,ok,0.05129693398498318,higher,True,False
2024-08,SSE,10,SW,ok,0.2548594727283206,higher,True,False
2024-08,SSE,10,CH,ok,1591.3751019281249,higher,True,False
2024-08,SSE,10,S_Dbw,undefined,,lower,True,False
2024-08,SSE,10,AVI,ok,0.20040143010470501,higher,True,False
2024-08,SSE,10,AVU,ok,0.4741988710056678,lower,True,False
2024-08,SSE,10,MQ,ok,0.07864317405153415,higher,True,False
2024-08,SSE,20,SW,ok,0.22894168583756624,higher,True,False
2024-08,SSE,20,CH,ok,1183.030575082165,higher,True,False
2024-08,SSE,20,S_Dbw,undefined,,lower,True,False
2024-08,SSE,20,AVI,ok,0.10550289918455263,higher,True,False
2024-08,SSE,20,AVU,ok,0.41630970774178516,lower,True,False
2024-08,SSE,20,MQ,ok,0.04745699607913771,higher,True,False
2024-08,SSE,4,SW,ok,0.30311004133279673,higher,True,True
2024-08,SSE,4,CH,ok,2269.809945670528,higher,True,True
2024-08,SSE,4,S_Dbw,ok,0.7184650825836126,lower,True,True
2024-08,SSE,4,AVI,ok,0.45017490120855447,higher,True,True
2024-08,SSE,4,AVU,ok,0.5941943454128913,lower,True,True
2024-08,SSE,4,MQ,ok,0.1442880260128604,higher,True,True
2024-08,SSE,6,SW,ok,0.316294830905826,higher,True,True
2024-08,SSE,6,CH,ok,1954.2910982513454,higher,True,True
2024-08,SSE,6,S_Dbw,ok,0.6601716186609811,lower,True,True
2024-08,SSE,6,AVI,ok,0.3156886640487017,higher,True,True
2024-08,SSE,6,AVU,ok,0.5030145972612494,lower,True,True
2024-08,SSE,6,MQ,ok,0.12231162795559117,higher,True,True
2024-08,SSE,8,SW,ok,0.28567033443321155,higher,True,False
2024-08,SSE,8,CH,ok,1728.6237017034925,higher,True,False
2024-08,SSE,8,S_Dbw,undefined,,lower,True,False
2024-08,SSE,8,AVI,ok,0.24390444684754606,higher,True,False
2024-08,SSE,8,AVU,ok,0.4940442912549819,lower,True,False
2024-08,SSE,8,MQ,ok,0.10128107215713669,higher,True,False
2024-08,SSE,12,SW,ok,0.24980338216755452,higher,True,False
2024-08,SSE,12,CH,ok,1477.7763691537739,higher,True,False
2024-08,SSE,12,S_Dbw,undefined,,lower,True,False
2024-08,SSE,12,AVI,ok,0.1694204373695919,higher,True,False
2024-08,SSE,12,AVU,ok,0.45508323732749084,lower,True,False
2024-08,SSE,12,MQ,ok,0.07002831617104806,higher,True,False
2024-08,SSE,16,SW,ok,0.23908340818162607,higher,True,False
2024-08,SSE,16,CH,ok,1321.6352491533405,higher,True,False
2024-08,SSE,16,S_Dbw,undefined,,lower,True,False
2024-08,SSE,16,AVI,ok,0.12997635667276772,higher,True,False
2024-08,SSE,16,AVU,ok,0.43712989730179413,lower,True,False
2024-08,SSE,16,MQ,ok,0.05736398377326452,higher,True,False
2024-08,Ward,10,SW,ok,0.19461643386578123,higher,True,False
2024-08,Ward,10,CH,ok,1344.7401418537224,higher,True,False
2024-08,Ward,10,S_Dbw,undefined,,lower,True,False
2024-08,Ward,10,AVI,ok,0.19696833857168186,higher,True,False
2024-08,Ward,10,AVU,ok,0.46669347085294915,lower,True,False
2024-08,Ward,10,MQ,ok,0.07646270758847502,higher,True,False
2024-08,Ward,20,SW,ok,0.17456719621846908,higher,True,False
2024-08,Ward,20,CH,ok,1022.2282847494135,higher,True,False
2024-08,Ward,20,S_Dbw,undefined,,lower,True,False
2024-08,Ward,20,AVI,ok,0.10589474104345144,higher,True,False
2024-08,Ward,20,AVU,ok,0.3994522313350362,lower,True,False
2024-08,Ward,20,MQ,ok,0.05124521224287131,higher,True,False
2024-08,Ward,4,SW,ok,0.26497449312912125,higher,True,True
2024-08,Ward,4,CH,ok,1976.3771781622863,higher,True,True
2024-08,Ward,4,S_Dbw,ok,0.6873435343321513,lower,True,True
2024-08,Ward,4,AVI,ok,0.4370238806022203,higher,True,True
2024-08,Ward,4,AVU,ok,0.5777146886322426,lower,True,True
2024-08,Ward,4,MQ,ok,0.14839143894421594,higher,True,True
2024-08,Ward,6,SW,ok,0.2520639648668548,higher,True,True
2024-08,Ward,6,CH,ok,1554.134902844177,higher,True,True
2024-08,Ward,6,S_Dbw,ok,0.45920745529707374,lower,True,True
2024-08,Ward,6,AVI,ok,0.3066379813152469,higher,True,True
2024-08,Ward,6,AVU,ok,0.47184391472357073,lower,True,True
2024-08,Ward,6,MQ,ok,0.11889148853818679,higher,True,True
2024-08,Ward,8,SW,ok,0.2093069150584112,higher,True,True
2024-08,Ward,8,CH,ok,1411.3381162108121,higher,True,True
2024-08,Ward,8,S_Dbw,ok,0.3330495439893959,lower,True,True
2024-08,Ward,8,AVI,ok,0.2412643868065544,higher,True,True
2024-08,Ward,8,AVU,ok,0.4527014537606555,lower,True,True
2024-08,Ward,8,MQ,ok,0.09694934872840132,higher,True,True
2024-08,Ward,12,SW,ok,0.199841070105238,higher,True,False
2024-08,Ward,12,CH,ok,1259.7293523211636,higher,True,False
2024-08,Ward,12,S_Dbw,undefined,,lower,True,False
2024-08,Ward,12,AVI,ok,0.16647561381874018,higher,True,False
2024-08,Ward,12,AVU,ok,0.4500193631910751,lower,True,False
2024-08,Ward,12,MQ,ok,0.06921929379379131,higher,True,False
2024-08,Ward,16,SW,ok,0.18001466655249396,higher,True,False
2024-08,Ward,16,CH,ok,1111.6496937572497,higher,True,False
2024-08,Ward,16,S_Dbw,undefined,,lower,True,False
2024-08,Ward,16,AVI,ok,0.12739117784344395,higher,True,False
2024-08,Ward,16,AVU,ok,0.42852860024961004,lower,True,False
2024-08,Ward,16,MQ,ok,0.057522911402648154,higher,True,False
2024-08,NCut,10,SW,ok,0.1962407672127881,higher,True,False
2024-08,NCut,10,CH,ok,1212.134743058908,higher,True,False
2024-08,NCut,10,S_Dbw,undefined,,lower,True,False
2024-08,NCut,10,AVI,ok,0.19506252264997512,higher,True,False
2024-08,NCut,10,AVU,ok,0.47262064809622145,lower,True,False
2024-08,NCut,10,MQ,ok,0.07357337533525385,higher,True,False
2024-08,NCut,20,SW,ok,0.1741466568419263,higher,True,False
2024-08,NCut,20,CH,ok,1057.0507410985854,higher,True,False
2024-08,NCut,20,S_Dbw,undefined,,lower,True,False
2024-08,NCut,20,AVI,ok,0.10404660125533285,higher,True,False
2024-08,NCut,20,AVU,ok,0.4679037252908453,lower,True,False
2024-08,NCut,20,MQ,ok,0.03987756856848437,higher,True,False
2024-08,NCut,4,SW,ok,0.3121201729155754,higher,True,True
2024-08,NCut,4,CH,ok,1971.0318715610329,higher,True,True
2024-08,NCut,4,S_Dbw,ok,0.47720213708061165,lower,True,True
2024-08,NCut,4,AVI,ok,0.4463211102887881,higher,True,True
2024-08,NCut,4,AVU,ok,0.6093599692571894,lower,True,True
2024-08,NCut,4,MQ,ok,0.15190054212998308,higher,True,True
2024-08,NCut,6,SW,ok,0.2778724016694613,higher,True,True
2024-08,NCut,6,CH,ok,1772.6613487419556,higher,True,True
2024-08,NCut,6,S_Dbw,ok,0.5769221794242376,lower,True,True
2024-08,NCut,6,AVI,ok,0.3131062405260047,higher,True,True
2024-08,NCut,6,AVU,ok,0.5206479828031203,lower,True,True
2024-08,NCut,6,MQ,ok,0.11093532294328644,higher,True,True
2024-08,NCut,8,SW,ok,0.2570842300840262,higher,True,False
2024-08,NCut,8,CH,ok,1496.1979594673878,higher,True,False
2024-08,NCut,8,S_Dbw,undefined,,lower,True,False
2024-08,NCut,8,AVI,ok,0.2421871215541031,higher,True,False
2024-08,NCut,8,AVU,ok,0.47823939952572136,lower,True,False
2024-08,NCut,8,MQ,ok,0.09338647004475611,higher,True,False
2024-08,NCut,12,SW,ok,0.19761308295725744,higher,True,False
2024-08,NCut,12,CH,ok,1274.7023393202276,higher,True,False
2024-08,NCut,12,S_Dbw,undefined,,lower,True,False
2024-08,NCut,12,AVI,ok,0.16807123831084578,higher,True,False
2024-08,NCut,12,AVU,ok,0.4694680279622126,lower,True,False
2024-08,NCut,12,MQ,ok,0.06354247886254275,higher,True,False
2024-08,NCut,16,SW,ok,0.173244172219107,higher,True,False
2024-08,NCut,16,CH,ok,1125.383992133822,higher,True,False
2024-08,NCut,16,S_Dbw,undefined,,lower,True,False
2024-08,NCut,16,AVI,ok,0.12823800720771011,higher,True,False
2024-08,NCut,16,AVU,ok,0.45198483302976605,lower,True,False
2024-08,NCut,16,MQ,ok,0.05068825570001076,higher,True,False
2024-09,SSE,10,SW,ok,0.2552245093086425,higher,True,False
2024-09,SSE,10,CH,ok,1569.4495804407197,higher,True,False
2024-09,SSE,10,S_Dbw,undefined,,lower,True,False
2024-09,SSE,10,AVI,ok,0.20419803482656793,higher,True,False
2024-09,SSE,10,AVU,ok,0.4789304742933508,lower,True,False
2024-09,SSE,10,MQ,ok,0.08029984797885005,higher,True,False
2024-09,SSE,20,SW,ok,0.22848746906155323,higher,True,False
2024-09,SSE,20,CH,ok,1171.3888457602523,higher,True,False
2024-09,SSE,20,S_Dbw,undefined,,lower,True,False
2024-09,SSE,20,AVI,ok,0.11307740022254566,higher,True,False
2024-09,SSE,20,AVU,ok,0.42182406137336914,lower,True,False
2024-09,SSE,20,MQ,ok,0.05281949292021366,higher,True,False
2024-09,SSE,4,SW,ok,0.3037062828423101,higher,True,True
2024-09,SSE,4,CH,ok,2101.384406964994,higher,True,True
2024-09,SSE,4,S_Dbw,ok,0.615434361059263,lower,True,True
2024-09,SSE,4,AVI,ok,0.45433597230090644,higher,True,True
2024-09,SSE,4,AVU,ok,0.5874876126122411,lower,True,True
2024-09,SSE,4,MQ,ok,0.14672114078770904,higher,True,True
2024-09,SSE,6,SW,ok,0.328753353495409,higher,True,True
2024-09,SSE,6,CH,ok,1964.327293572783,higher,True,True
2024-09,SSE,6,S_Dbw,ok,0.44461399673815655,lower,True,True
2024-09,SSE,6,AVI,ok,0.3224830947213645,higher,True,True
2024-09,SSE,6,AVU,ok,0.4935595298887032,lower,True,True
2024-09,SSE,6,MQ,ok,0.12825030227141737,higher,True,True
2024-09,SSE,8,SW,ok,0.28666084634225775,higher,True,True
2024-09,SSE,8,CH,ok,1711.622770026429,higher,True,True
2024-09,SSE,8,S_Dbw,ok,0.5910322930469395,lower,True,True
2024-09,SSE,8,AVI,ok,0.24926533742013715,higher,True,True
2024-09,SSE,8,AVU,ok,0.4870751809166185,lower,True,True
2024-09,SSE,8,MQ,ok,0.1034421340936672,higher,True,True
2024-09,SSE,12,SW,ok,0.25240246769005936,higher,True,False
2024-09,SSE,12,CH,ok,1448.0591614678056,higher,True,False
2024-09,SSE,12,S_Dbw,undefined,,lower,True,False
2024-09,SSE,12,AVI,ok,0.1791582848194061,higher,True,False
2024-09,SSE,12,AVU,ok,0.43691388662812486,lower,True,False
2024-09,SSE,12,MQ,ok,0.07362892961527516,higher,True,False
2024-09,SSE,16,SW,ok,0.22817177329125113,higher,True,False
2024-09,SSE,16,CH,ok,1280.6066973380393,higher,True,False
2024-09,SSE,16,S_Dbw,undefined,,lower,True,False
2024-09,SSE,16,AVI,ok,0.13844333995863475,higher,True,False
2024-09,SSE,16,AVU,ok,0.42895351670051574,lower,True,False
2024-09,SSE,16,MQ,ok,0.06007811472043249,higher,True,False
2024-09,Ward,10,SW,ok,0.1953271615722943,higher,True,False
2024-09,Ward,10,CH,ok,1350.3972834092724,higher,True,False
2024-09,Ward,10,S_Dbw,undefined,,lower,True,False
2024-09,Ward,10,AVI,ok,0.19976870592511287,higher,True,False
2024-09,Ward,10,AVU,ok,0.4956238106272916,lower,True,False
2024-09,Ward,10,MQ,ok,0.08255530519205798,higher,True,False
2024-09,Ward,20,SW,ok,0.18502598193019754,higher,True,False
2024-09,Ward,20,CH,ok,1024.8677868316104,higher,True,False
2024-09,Ward,20,S_Dbw,undefined,,lower,True,False
2024-09,Ward,20,AVI,ok,0.11380156897446382,higher,True,False
2024-09,Ward,20,AVU,ok,0.3848006574608116,lower,True,False
2024-09,Ward,20,MQ,ok,0.052252421645883,higher,True,False
2024-09,Ward,4,SW,ok,0.39851841887766687,higher,True,True
2024-09,Ward,4,CH,ok,1969.724647991204,higher,True,True
2024-09,Ward,4,S_Dbw,ok,0.48764753851618936,lower,True,True
2024-09,Ward,4,AVI,ok,0.44626875939758076,higher,True,True
2024-09,Ward,4,AVU,ok,0.5366001736333627,lower,True,True
2024-09,Ward,4,MQ,ok,0.1778115638054424,higher,True,True
2024-09,Ward,6,SW,ok,0.2851108200673076,higher,True,True
2024-09,Ward,6,CH,ok,1662.2713382414122,higher,True,True
2024-09,Ward,6,S_Dbw,ok,0.49785985200008287,lower,True,True
2024-09,Ward,6,AVI,ok,0.3122394338743164,higher,True,True
2024-09,Ward,6,AVU,ok,0.47411934535701494,lower,True,True
2024-09,Ward,6,MQ,ok,0.12434119559069616,higher,True,True
2024-09,Ward,8,SW,ok,0.21912754137092363,higher,True,True
2024-09,Ward,8,CH,ok,1473.2306272592841,higher,True,True
2024-09,Ward,8,S_Dbw,ok,0.3944472028338526,lower,True,True
2024-09,Ward,8,AVI,ok,0.246082426617911,higher,True,True
2024-09,Ward,8,AVU,ok,0.48225332032253515,lower,True,True
2024-09,Ward,8,MQ,ok,0.09162740613081899,higher,True,True
2024-09,Ward,12,SW,ok,0.19691877695492302,higher,True,False
2024-09,Ward,12,CH,ok,1251.008545026553,higher,True,False
2024-09,Ward,12,S_Dbw,undefined,,lower,True,False
2024-09,Ward,12,AVI,ok,0.17407537096355577,higher,True,False
2024-09,Ward,12,AVU,ok,0.43391274192838386,lower,True,False
2024-09,Ward,12,MQ,ok,0.07692519329763994,higher,True,False
2024-09,Ward,16,SW,ok,0.18869962782866664,higher,True,False
2024-09,Ward,16,CH,ok,1110.4014409295023,higher,True,False
2024-09,Ward,16,S_Dbw,undefined,,lower,True,False
2024-09,Ward,16,AVI,ok,0.13281988279203694,higher,True,False
2024-09,Ward,16,AVU,ok,0.4267240366386034,lower,True,False
2024-09,Ward,16,MQ,ok,0.060418353320856565,higher,True,False
2024-09,NCut,10,SW,ok,0.2407960985300281,higher,True,False
2024-09,NCut,10,CH,ok,1367.3364766595723,higher,True,False
2024-09,NCut,10,S_Dbw,undefined,,lower,True,False
2024-09,NCut,10,AVI,ok,0.20320000989244008,higher,True,False
2024-09,NCut,10,AVU,ok,0.4702384072431771,lower,True,False
2024-09,NCut,10,MQ,ok,0.08031919215213668,higher,True,False
2024-09,NCut,20,SW,ok,0.14700434743716667,higher,True,False
2024-09,NCut,20,CH,ok,935.7911146976135,higher,True,False
2024-09,NCut,20,S_Dbw,undefined,,lower,True,False
2024-09,NCut,20,AVI,ok,0.10440286386171337,higher,True,False
2024-09,NCut,20,AVU,ok,0.48378024427399563,lower,True,False
2024-09,NCut,20,MQ,ok,0.04298978163666904,higher,True,False
2024-09,NCut,4,SW,ok,0.33330572899869554,higher,True,True
2024-09,NCut,4,CH,ok,1747.2855088519061,higher,True,True
2024-09,NCut,4,S_Dbw,ok,0.6356992012882265,lower,True,True
2024-09,NCut,4,AVI,ok,0.4517995622838228,higher,True,True
2024-09,NCut,4,AVU,ok,0.5897029406577547,lower,True,True
2024-09,NCut,4,MQ,ok,0.16153471588183757,higher,True,True
2024-09,NCut,6,SW,ok,0.2875603454106833,higher,True,True
2024-09,NCut,6,CH,ok,1644.3881419931959,higher,True,True
2024-09,NCut,6,S_Dbw,ok,0.6344631535363723,lower,True,True
2024-09,NCut,6,AVI,ok,0.314951894421171,higher,True,True
2024-09,NCut,6,AVU,ok,0.5196437286677766,lower,True,True
2024-09,NCut,6,MQ,ok,0.11429418471433433,higher,True,True
2024-09,NCut,8,SW,ok,0.2670710349742783,higher,True,True
2024-09,NCut,8,CH,ok,1491.8751127988075,higher,True,True
2024-09,NCut,8,S_Dbw,ok,0.3135117049838114,lower,True,True
2024-09,NCut,8,AVI,ok,0.24784062484292332,higher,True,True
2024-09,NCut,8,AVU,ok,0.48180836811509814,lower,True,True
2024-09,NCut,8,MQ,ok,0.0971914486899788,higher,True,True
2024-09,NCut,12,SW,ok,0.20834335779799873,higher,True,False
2024-09,NCut,12,CH,ok,1282.9608541945554,higher,True,False
2024-09,NCut,12,S_Dbw,undefined,,lower,True,False
2024-09,NCut,12,AVI,ok,0.17191812521645847,higher,True,False
2024-09,NCut,12,AVU,ok,0.4695703591702581,lower,True,False
2024-09,NCut,12,MQ,ok,0.0647841169721843,higher,True,False
2024-09,NCut,16,SW,ok,0.17199255650214337,higher,True,False
2024-09,NCut,16,CH,ok,1048.580541841152,higher,True,False
2024-09,NCut,16,S_Dbw,undefined,,lower,True,False
2024-09,NCut,16,AVI,ok,0.13044855150741053,higher,True,False
2024-09,NCut,16,AVU,ok,0.44449898174934643,lower,True,False
2024-09,NCut,16,MQ,ok,0.05177289018185627,higher,True,False
2024-10,SSE,10,SW,ok,0.24337374110112356,higher,True,False
2024-10,SSE,10,CH,ok,1532.0405472247405,higher,True,False
2024-10,SSE,10,S_Dbw,undefined,,lower,True,False
2024-10,SSE,10,AVI,ok,0.206568528441278,higher,True,False
2024-10,SSE,10,AVU,ok,0.48348876293923126,lower,True,False
2024-10,SSE,10,MQ,ok,0.0813304536242705,higher,True,False
2024-10,SSE,20,SW,ok,0.2393284036005211,higher,True,False
2024-10,SSE,20,CH,ok,1162.6064527070534,higher,True,False
2024-10,SSE,20,S_Dbw,undefined,,lower,True,False
2024-10,SSE,20,AVI,ok,0.11470442257932763,higher,True,False
2024-10,SSE,20,AVU,ok,0.39578369775417627,lower,True,False
2024-10,SSE,20,MQ,ok,0.05457237224205919,higher,True,False
2024-10,SSE,4,SW,ok,0.31487120587721956,higher,True,True
2024-10,SSE,4,CH,ok,2071.6455040816445,higher,True,True
2024-10,SSE,4,S_Dbw,ok,0.7486767109608559,lower,True,True
2024-10,SSE,4,AVI,ok,0.45426583043177826,higher,True,True
2024-10,SSE,4,AVU,ok,0.5787231244768634,lower,True,True
2024-10,SSE,4,MQ,ok,0.15423248194436018,higher,True,True
2024-10,SSE,6,SW,ok,0.32745212695769016,higher,True,True
2024-10,SSE,6,CH,ok,1933.7995640520764,higher,True,True
2024-10,SSE,6,S_Dbw,ok,0.5177649870513344,lower,True,True
2024-10,SSE,6,AVI,ok,0.3233937092752375,higher,True,True
2024-10,SSE,6,AVU,ok,0.4929258760455843,lower,True,True
2024-10,SSE,6,MQ,ok,0.1276453627633555,higher,True,True
2024-10,SSE,8,SW,ok,0.2845332971361179,higher,True,False
2024-10,SSE,8,CH,ok,1697.2550612734578,higher,True,False
2024-10,SSE,8,S_Dbw,undefined,,lower,True,False
2024-10,SSE,8,AVI,ok,0.25116708524036724,higher,True,False
2024-10,SSE,8,AVU,ok,0.4823380242606273,lower,True,False
2024-10,SSE,8,MQ,ok,0.10424380232153835,higher,True,False
2024-10,SSE,12,SW,ok,0.24633833356133114,higher,True,False
2024-10,SSE,12,CH,ok,1438.766440404404,higher,True,False
2024-10,SSE,12,S_Dbw,undefined,,lower,True,False
2024-10,SSE,12,AVI,ok,0.1769990223298697,higher,True,False
2024-10,SSE,12,AVU,ok,0.4562506461894738,lower,True,False
2024-10,SSE,12,MQ,ok,0.0720860092077693,higher,True,False
2024-10,SSE,16,SW,ok,0.24221181391352997,higher,True,False
2024-10,SSE,16,CH,ok,1290.2377743044979,higher,True,False
2024-10,SSE,16,S_Dbw,undefined,,lower,True,False
2024-10,SSE,16,AVI,ok,0.14172123507059434,higher,True,False
2024-10,SSE,16,AVU,ok,0.4303113860276232,lower,True,False
2024-10,SSE,16,MQ,ok,0.05983854573466114,higher,True,False
2024-10,Ward,10,SW,ok,0.19790910378746143,higher,True,False
2024-10,Ward,10,CH,ok,1300.7659209601093,higher,True,False
2024-10,Ward,10,S_Dbw,undefined,,lower,True,False
2024-10,Ward,10,AVI,ok,0.20010901434332998,higher,True,False
2024-10,Ward,10,AVU,ok,0.4661438926042769,lower,True,False
2024-10,Ward,10,MQ,ok,0.08653295079640759,higher,True,False
2024-10,Ward,20,SW,ok,0.1753821399058437,higher,True,False
2024-10,Ward,20,CH,ok,1018.9356337638725,higher,True,False
2024-10,Ward,20,S_Dbw,undefined,,lower,True,False
2024-10,Ward,20,AVI,ok,0.1153585834810313,higher,True,False
2024-10,Ward,20,AVU,ok,0.4178747522944628,lower,True,False
2024-10,Ward,20,MQ,ok,0.047924423861069036,higher,True,False
2024-10,Ward,4,SW,ok,0.39111859760487105,higher,True,True
2024-10,Ward,4,CH,ok,1829.5161273664357,higher,True,True
2024-10,Ward,4,S_Dbw,ok,0.48266893814919143,lower,True,True
2024-10,Ward,4,AVI,ok,0.4445254693453822,higher,True,True
2024-10,Ward,4,AVU,ok,0.5533126190775887,lower,True,True
2024-10,Ward,4,MQ,ok,0.17112009436355993,higher,True,True
2024-10,Ward,6,SW,ok,0.2932058213199398,higher,True,True
2024-10,Ward,6,CH,ok,1655.0314667068867,higher,True,True
2024-10,Ward,6,S_Dbw,ok,0.5551287802497057,lower,True,True
2024-10,Ward,6,AVI,ok,0.3137886510398708,higher,True,True
2024-10,Ward,6,AVU,ok,0.4896906616413983,lower,True,True
2024-10,Ward,6,MQ,ok,0.13001910859683286,higher,True,True
2024-10,Ward,8,SW,ok,0.23589300580531428,higher,True,False
2024-10,Ward,8,CH,ok,1419.159120399302,higher,True,False
2024-10,Ward,8,S_Dbw,undefined,,lower,True,False
2024-10,Ward,8,AVI,ok,0.24589070005647612,higher,True,False
2024-10,Ward,8,AVU,ok,0.4585019511218309,lower,True,False
2024-10,Ward,8,MQ,ok,0.10609704249451916,higher,True,False
2024-10,Ward,12,SW,ok,0.18047037495499102,higher,True,False
2024-10,Ward,12,CH,ok,1213.0557560050584,higher,True,False
2024-10,Ward,12,S_Dbw,undefined,,lower,True,False
2024-10,Ward,12,AVI,ok,0.17349438396218803,higher,True,False
2024-10,Ward,12,AVU,ok,0.4426319823314923,lower,True,False
2024-10,Ward,12,MQ,ok,0.08170084487090414,higher,True,False
2024-10,Ward,16,SW,ok,0.1825536734219704,higher,True,False
2024-10,Ward,16,CH,ok,1093.5330403892312,higher,True,False
2024-10,Ward,16,S_Dbw,undefined,,lower,True,False
2024-10,Ward,16,AVI,ok,0.1426247915883874,higher,True,False
2024-10,Ward,16,AVU,ok,0.3979729987506309,lower,True,False
2024-10,Ward,16,MQ,ok,0.060512336286555626,higher,True,False
2024-10,NCut,10,SW,ok,0.22123055940130434,higher,True,False
2024-10,NCut,10,CH,ok,1326.7198154299176,higher,True,False
2024-10,NCut,10,S_Dbw,undefined,,lower,True,False
2024-10,NCut,10,AVI,ok,0.20258992321551506,higher,True,False
2024-10,NCut,10,AVU,ok,0.4745009240027642,lower,True,False
2024-10,NCut,10,MQ,ok,0.08150405145042672,higher,True,False
2024-10,NCut,20,SW,ok,0.1834747883166391,higher,True,False
2024-10,NCut,20,CH,ok,945.3216900220502,higher,True,False
2024-10,NCut,20,S_Dbw,undefined,,lower,True,False
2024-10,NCut,20,AVI,ok,0.10600153606101968,higher,True,False
2024-10,NCut,20,AVU,ok,0.45346288891502445,lower,True,False
2024-10,NCut,20,MQ,ok,0.041884468527838295,higher,True,False
2024-10,NCut,4,SW,ok,0.3204700543724137,higher,True,True
2024-10,NCut,4,CH,ok,1672.790929812443,higher,True,True
2024-10,NCut,4,S_Dbw,ok,0.7059861896265973,lower,True,True
2024-10,NCut,4,AVI,ok,0.45257079539388867,higher,True,True
2024-10,NCut,4,AVU,ok,0.6049482423637091,lower,True,True
2024-10,NCut,4,MQ,ok,0.15644691458768875,higher,True,True
2024-10,NCut,6,SW,ok,0.2698335665359008,higher,True,True
2024-10,NCut,6,CH,ok,1459.0135626371023,higher,True,True
2024-10,NCut,6,S_Dbw,ok,0.586817172197422,lower,True,True
2024-10,NCut,6,AVI,ok,0.3197264405574234,higher,True,True
2024-10,NCut,6,AVU,ok,0.4984731471206015,lower,True,True
2024-10,NCut,6,MQ,ok,0.11739897817022839,higher,True,True
2024-10,NCut,8,SW,ok,0.2597258193256537,higher,True,False
2024-10,NCut,8,CH,ok,1443.5596977982048,higher,True,False
2024-10,NCut,8,S_Dbw,undefined,,lower,True,False
2024-10,NCut,8,AVI,ok,0.24836239402047994,higher,True,False
2024-10,NCut,8,AVU,ok,0.4752551423439026,lower,True,False
2024-10,NCut,8,MQ,ok,0.09609952398408185,higher,True,False
2024-10,NCut,12,SW,ok,0.1937277033031028,higher,True,False
2024-10,NCut,12,CH,ok,1203.8883896364905,higher,True,False
2024-10,NCut,12,S_Dbw,undefined,,lower,True,False
2024-10,NCut,12,AVI,ok,0.1688514889866312,higher,True,False
2024-10,NCut,12,AVU,ok,0.48544795759809306,lower,True,False
2024-10,NCut,12,MQ,ok,0.06866485704645882,higher,True,False
2024-10,NCut,16,SW,ok,0.17759499924954888,higher,True,False
2024-10,NCut,16,CH,ok,1063.6786997798692,higher,True,False
2024-10,NCut,16,S_Dbw,undefined,,lower,True,False
2024-10,NCut,16,AVI,ok,0.1310297070270265,higher,True,False
2024-10,NCut,16,AVU,ok,0.4586780894226216,lower,True,False
2024-10,NCut,16,MQ,ok,0.05067060829193221,higher,True,False
2024-11,SSE,10,SW,ok,0.2677824659718218,higher,True,False
2024-11,SSE,10,CH,ok,1576.1812517689991,higher,True,False
2024-11,SSE,10,S_Dbw,undefined,,lower,True,False
2024-11,SSE,10,AVI,ok,0.21090684869918852,higher,True,False
2024-11,SSE,10,AVU,ok,0.4670389065080435,lower,True,False
2024-11,SSE,10,MQ,ok,0.09116330739652222,higher,True,False
2024-11,SSE,20,SW,ok,0.23527778941910368,higher,True,False
2024-11,SSE,20,CH,ok,1192.4708624409222,higher,True,False
2024-11,SSE,20,S_Dbw,undefined,,lower,True,False
2024-11,SSE,20,AVI,ok,0.11765783958203466,higher,True,False
2024-11,SSE,20,AVU,ok,0.40622163147050755,lower,True,False
2024-11,SSE,20,MQ,ok,0.05521257407358713,higher,True,False
2024-11,SSE,4,SW,ok,0.31958402588099255,higher,True,True
2024-11,SSE,4,CH,ok,2099.42456626573,higher,True,True
2024-11,SSE,4,S_Dbw,ok,0.6730793857061557,lower,True,True
2024-11,SSE,4,AVI,ok,0.4624240772972282,higher,True,True
2024-11,SSE,4,AVU,ok,0.5812243188861351,lower,True,True
2024-11,SSE,4,MQ,ok,0.16362199670195585,higher,True,True
2024-11,SSE,6,SW,ok,0.3309396643255271,higher,True,True
2024-11,SSE,6,CH,ok,1962.1179268300725,higher,True,True
2024-11,SSE,6,S_Dbw,ok,0.6298275610834083,lower,True,True
2024-11,SSE,6,AVI,ok,0.331159047632983,higher,True,True
2024-11,SSE,6,AVU,ok,0.4896970228555292,lower,True,True
2024-11,SSE,6,MQ,ok,0.13620475660298192,higher,True,True
2024-11,SSE,8,SW,ok,0.2819896064224599,higher,True,False
2024-11,SSE,8,CH,ok,1739.48325655346,higher,True,False
2024-11,SSE,8,S_Dbw,undefined,,lower,True,False
2024-11,SSE,8,AVI,ok,0.2562580429214449,higher,True,False
2024-11,SSE,8,AVU,ok,0.48539539927585834,lower,True,False
2024-11,SSE,8,MQ,ok,0.10521774400273,higher,True,False
2024-11,SSE,12,SW,ok,0.24907672961101207,higher,True,False
2024-11,SSE,12,CH,ok,1466.7188184402596,higher,True,False
2024-11,SSE,12,S_Dbw,undefined,,lower,True,False
2024-11,SSE,12,AVI,ok,0.1889567096758017,higher,True,False
2024-11,SSE,12,AVU,ok,0.4448167175809495,lower,True,False
2024-11,SSE,12,MQ,ok,0.07712395083142512,higher,True,False
2024-11,SSE,16,SW,ok,0.2523254081486456,higher,True,False
2024-11,SSE,16,CH,ok,1316.214778782445,higher,True,False
2024-11,SSE,16,S_Dbw,undefined,,lower,True,False
2024-11,SSE,16,AVI,ok,0.14514444074285052,higher,True,False
2024-11,SSE,16,AVU,ok,0.4068469471909111,lower,True,False
2024-11,SSE,16,MQ,ok,0.0659121083818267,higher,True,False
2024-11,Ward,10,SW,ok,0.2245253186364753,higher,True,True
2024-11,Ward,10,CH,ok,1356.0584815626062,higher,True,True
2024-11,Ward,10,S_Dbw,ok,0.2788227227314882,lower,True,True
2024-11,Ward,10,AVI,ok,0.21280630323163915,higher,True,True
2024-11,Ward,10,AVU,ok,0.44090500856840475,lower,True,True
2024-11,Ward,10,MQ,ok,0.0933298472645421,higher,True,True
2024-11,Ward,20,SW,ok,0.18833847580716861,higher,True,False
2024-11,Ward,20,CH,ok,1022.9169148675714,higher,True,False
2024-11,Ward,20,S_Dbw,undefined,,lower,True,False
2024-11,Ward,20,AVI,ok,0.11235136670949497,higher,True,False
2024-11,Ward,20,AVU,ok,0.42595241631673386,lower,True,False
2024-11,Ward,20,MQ,ok,0.05690885097990976,higher,True,False
2024-11,Ward,4,SW,ok,0.3551961529352612,higher,True,True
2024-11,Ward,4,CH,ok,1868.009784424826,higher,True,True
2024-11,Ward,4,S_Dbw,ok,0.5878097157424823,lower,True,True
2024-11,Ward,4,AVI,ok,0.4499051529814248,higher,True,True
2024-11,Ward,4,AVU,ok,0.5335064067866335,lower,True,True
2024-11,Ward,4,MQ,ok,0.16788554827502422,higher,True,True
2024-11,Ward,6,SW,ok,0.24575560181989306,higher,True,True
2024-11,Ward,6,CH,ok,1607.6170222124672,higher,True,True
2024-11,Ward,6,S_Dbw,ok,0.5555880445325964,lower,True,True
2024-11,Ward,6,AVI,ok,0.31623257624092954,higher,True,True
2024-11,Ward,6,AVU,ok,0.4962703998912673,lower,True,True
2024-11,Ward,6,MQ,ok,0.13177315311887694,higher,True,True
2024-11,Ward,8,SW,ok,0.2197727268998864,higher,True,True
2024-11,Ward,8,CH,ok,1464.3825368098624,higher,True,True
2024-11,Ward,8,S_Dbw,ok,0.44651498569288317,lower,True,True
2024-11,Ward,8,AVI,ok,0.2493490769717025,higher,True,True
2024-11,Ward,8,AVU,ok,0.5009955571733046,lower,True,True
2024-11,Ward,8,MQ,ok,0.1086312496786,higher,True,True
2024-11,Ward,12,SW,ok,0.22595409667699065,higher,True,False
2024-11,Ward,12,CH,ok,1260.6755819905927,higher,True,False
2024-11,Ward,12,S_Dbw,undefined,,lower,True,False
2024-11,Ward,12,AVI,ok,0.1823970209138351,higher,True,False
2024-11,Ward,12,AVU,ok,0.3963877726614425,lower,True,False
2024-11,Ward,12,MQ,ok,0.0847808658024968,higher,True,False
2024-11,Ward,16,SW,ok,0.187946337362698,higher,True,False
2024-11,Ward,16,CH,ok,1110.9546268188742,higher,True,False
2024-11,Ward,16,S_Dbw,undefined,,lower,True,False
2024-11,Ward,16,AVI,ok,0.13867731754561802,higher,True,False
2024-11,Ward,16,AVU,ok,0.43169698721535915,lower,True,False
2024-11,Ward,16,MQ,ok,0.06506970923178632,higher,True,False
2024-11,NCut,10,SW,ok,0.2334549313039885,higher,True,False
2024-11,NCut,10,CH,ok,1338.178324496857,higher,True,False
2024-11,NCut,10,S_Dbw,undefined,,lower,True,False
2024-11,NCut,10,AVI,ok,0.20751930948670042,higher,True,False
2024-11,NCut,10,AVU,ok,0.46929301168700793,lower,True,False
2024-11,NCut,10,MQ,ok,0.08300754731272761,higher,True,False
2024-11,NCut,20,SW,ok,0.17969077760797514,higher,True,False
2024-11,NCut,20,CH,ok,983.3825579533808,higher,True,False
2024-11,NCut,20,S_Dbw,undefined,,lower,True,False
2024-11,NCut,20,AVI,ok,0.10902307111875273,higher,True,False
2024-11,NCut,20,AVU,ok,0.4698534142379805,lower,True,False
2024-11,NCut,20,MQ,ok,0.04544466025948122,higher,True,False
2024-11,NCut,4,SW,ok,0.3157077671090008,higher,True,True
2024-11,NCut,4,CH,ok,1685.5921368522836,higher,True,True
2024-11,NCut,4,S_Dbw,ok,0.7042295030788996,lower,True,True
2024-11,NCut,4,AVI,ok,0.460278781378638,higher,True,True
2024-11,NCut,4,AVU,ok,0.6090289449522166,lower,True,True
2024-11,NCut,4,MQ,ok,0.16228757542852745,higher,True,True
2024-11,NCut,6,SW,ok,0.28312493026728597,higher,True,True
2024-11,NCut,6,CH,ok,1513.713395622846,higher,True,True
2024-11,NCut,6,S_Dbw,ok,0.5366447775425972,lower,True,True
2024-11,NCut,6,AVI,ok,0.3263755501910276,higher,True,True
2024-11,NCut,6,AVU,ok,0.5040216745392975,lower,True,True
2024-11,NCut,6,MQ,ok,0.12754976138420385,higher,True,True
2024-11,NCut,8,SW,ok,0.27019096159923733,higher,True,True
2024-11,NCut,8,CH,ok,1503.654368420669,higher,True,True
2024-11,NCut,8,S_Dbw,ok,0.6153847617397012,lower,True,True
2024-11,NCut,8,AVI,ok,0.25508181887835585,higher,True,True
2024-11,NCut,8,AVU,ok,0.46747258359789956,lower,True,True
2024-11,NCut,8,MQ,ok,0.10384750869168437,higher,True,True
2024-11,NCut,12,SW,ok,0.1971944700613387,higher,True,False
2024-11,NCut,12,CH,ok,1282.6780202777297,higher,True,False
2024-11,NCut,12,S_Dbw,undefined,,lower,True,False
2024-11,NCut,12,AVI,ok,0.17662406466065672,higher,True,False
2024-11,NCut,12,AVU,ok,0.4732578032074871,lower,True,False
2024-11,NCut,12,MQ,ok,0.07012239283521066,higher,True,False
2024-11,NCut,16,SW,ok,0.20285334804451757,higher,True,False
2024-11,NCut,16,CH,ok,1133.3202321181036,higher,True,False
2024-11,NCut,16,S_Dbw,undefined,,lower,True,False
2024-11,NCut,16,AVI,ok,0.134861145116568,higher,True,False
2024-11,NCut,16,AVU,ok,0.4653733855812615,lower,True,False
2024-11,NCut,16,MQ,ok,0.055664848198178046,higher,True,False
2024-12,SSE,10,SW,ok,0.2641810961195063,higher,True,False
2024-12,SSE,10,CH,ok,1506.1036975411732,higher,True,False
2024-12,SSE,10,S_Dbw,undefined,,lower,True,False
2024-12,SSE,10,AVI,ok,0.24061433467717183,higher,True,False
2024-12,SSE,10,AVU,ok,0.44420122466364215,lower,True,False
2024-12,SSE,10,MQ,ok,0.09377887116341516,higher,True,False
2024-12,SSE,20,SW,ok,0.24610296066708065,higher,True,False
2024-12,SSE,20,CH,ok,1171.3007144991993,higher,True,False
2024-12,SSE,20,S_Dbw,undefined,,lower,True,False
2024-12,SSE,20,AVI,ok,0.127163678342496,higher,True,False
2024-12,SSE,20,AVU,ok,0.3986004083825977,lower,True,False
2024-12,SSE,20,MQ,ok,0.058380515319219006,higher,True,False
2024-12,SSE,4,SW,ok,0.3190369237614045,higher,True,True
2024-12,SSE,4,CH,ok,1962.5518032234882,higher,True,True
2024-12,SSE,4,S_Dbw,ok,0.7880189184926816,lower,True,True
2024-12,SSE,4,AVI,ok,0.4668692600881939,higher,True,True
2024-12,SSE,4,AVU,ok,0.5768809552825355,lower,True,True
2024-12,SSE,4,MQ,ok,0.16976383109697205,higher,True,True
2024-12,SSE,6,SW,ok,0.3316248238405165,higher,True,True
2024-12,SSE,6,CH,ok,1831.483102162838,higher,True,True
2024-12,SSE,6,S_Dbw,ok,0.5398257809890024,lower,True,True
2024-12,SSE,6,AVI,ok,0.33362450994952325,higher,True,True
2024-12,SSE,6,AVU,ok,0.48963821785769807,lower,True,True
2024-12,SSE,6,MQ,ok,0.1415510042231292,higher,True,True
2024-12,SSE,8,SW,ok,0.2817236575370916,higher,True,False
2024-12,SSE,8,CH,ok,1627.1443734261125,higher,True,False
2024-12,SSE,8,S_Dbw,undefined,,lower,True,False
2024-12,SSE,8,AVI,ok,0.25940849396754445,higher,True,False
2024-12,SSE,8,AVU,ok,0.48199024496320475,lower,True,False
2024-12,SSE,8,MQ,ok,0.10936655722860772,higher,True,False
2024-12,SSE,12,SW,ok,0.24911481374197508,higher,True,False
2024-12,SSE,12,CH,ok,1411.850737857296,higher,True,False
2024-12,SSE,12,S_Dbw,undefined,,lower,True,False
2024-12,SSE,12,AVI,ok,0.20383273974991065,higher,True,False
2024-12,SSE,12,AVU,ok,0.4397540278470995,lower,True,False
2024-12,SSE,12,MQ,ok,0.08020403947212647,higher,True,False
2024-12,SSE,16,SW,ok,0.2515355168636205,higher,True,False
2024-12,SSE,16,CH,ok,1291.1717610399328,higher,True,False
2024-12,SSE,16,S_Dbw,undefined,,lower,True,False
2024-12,SSE,16,AVI,ok,0.15721342270896677,higher,True,False
2024-12,SSE,16,AVU,ok,0.40967569277252197,lower,True,False
2024-12,SSE,16,MQ,ok,0.0683267881029381,higher,True,False
2024-12,Ward,10,SW,ok,0.24945935307783362,higher,True,False
2024-12,Ward,10,CH,ok,1302.8525055058547,higher,True,False
2024-12,Ward,10,S_Dbw,undefined,,lower,True,False
2024-12,Ward,10,AVI,ok,0.23916429629277777,higher,True,False
2024-12,Ward,10,AVU,ok,0.4115847047666303,lower,True,False
2024-12,Ward,10,MQ,ok,0.10370950178826363,higher,True,False
2024-12,Ward,20,SW,ok,0.1860499035943818,higher,True,False
2024-12,Ward,20,CH,ok,1031.2673862640231,higher,True,False
2024-12,Ward,20,S_Dbw,undefined,,lower,True,False
2024-12,Ward,20,AVI,ok,0.12734736049489395,higher,True,False
2024-12,Ward,20,AVU,ok,0.39876880336586845,lower,True,False
2024-12,Ward,20,MQ,ok,0.05953228717516688,higher,True,False
2024-12,Ward,4,SW,ok,0.2586979043494812,higher,True,True
2024-12,Ward,4,CH,ok,1621.679181679791,higher,True,True
2024-12,Ward,4,S_Dbw,ok,0.6526050201471871,lower,True,True
2024-12,Ward,4,AVI,ok,0.4630614694813867,higher,True,True
2024-12,Ward,4,AVU,ok,0.5951340124543096,lower,True,True
2024-12,Ward,4,MQ,ok,0.1342005878090638,higher,True,True
2024-12,Ward,6,SW,ok,0.26201545977659974,higher,True,True
2024-12,Ward,6,CH,ok,1493.636739474428,higher,True,True
2024-12,Ward,6,S_Dbw,ok,0.5095795084481228,lower,True,True
2024-12,Ward,6,AVI,ok,0.32762850275590216,higher,True,True
2024-12,Ward,6,AVU,ok,0.5056824487936361,lower,True,True
2024-12,Ward,6,MQ,ok,0.12300117681816052,higher,True,True
2024-12,Ward,8,SW,ok,0.24870737259250145,higher,True,True
2024-12,Ward,8,CH,ok,1399.6974628829964,higher,True,True
2024-12,Ward,8,S_Dbw,ok,0.4507615236537533,lower,True,True
2024-12,Ward,8,AVI,ok,0.2542668163926193,higher,True,True
2024-12,Ward,8,AVU,ok,0.4796252287749492,lower,True,True
2024-12,Ward,8,MQ,ok,0.11227782471292577,higher,True,True
2024-12,Ward,12,SW,ok,0.25451062438471067,higher,True,False
2024-12,Ward,12,CH,ok,1209.6017294339085,higher,True,False
2024-12,Ward,12,S_Dbw,undefined,,lower,True,False
2024-12,Ward,12,AVI,ok,0.20323477664498354,higher,True,False
2024-12,Ward,12,AVU,ok,0.3676762488350773,lower,True,False
2024-12,Ward,12,MQ,ok,0.09730384854265124,higher,True,False
2024-12,Ward,16,SW,ok,0.20740144910507954,higher,True,False
2024-12,Ward,16,CH,ok,1107.585930299252,higher,True,False
2024-12,Ward,16,S_Dbw,undefined,,lower,True,False
2024-12,Ward,16,AVI,ok,0.1574797113872002,higher,True,False
2024-12,Ward,16,AVU,ok,0.37618252855599965,lower,True,False
2024-12,Ward,16,MQ,ok,0.07115404263567054,higher,True,False
2024-12,NCut,10,SW,ok,0.22220455359962482,higher,True,False
2024-12,NCut,10,CH,ok,1211.5272383413262,higher,True,False
2024-12,NCut,10,S_Dbw,undefined,,lower,True,False
2024-12,NCut,10,AVI,ok,0.20997616974449038,higher,True,False
2024-12,NCut,10,AVU,ok,0.47678022869440895,lower,True,False
2024-12,NCut,10,MQ,ok,0.08491763813315158,higher,True,False
2024-12,NCut,20,SW,ok,0.16169544876943115,higher,True,False
2024-12,NCut,20,CH,ok,854.665900629422,higher,True,False
2024-12,NCut,20,S_Dbw,undefined,,lower,True,False
2024-12,NCut,20,AVI,ok,0.10898526571827019,higher,True,False
2024-12,NCut,20,AVU,ok,0.46895472570710184,lower,True,False
2024-12,NCut,20,MQ,ok,0.04513626337976838,higher,True,False
2024-12,NCut,4,SW,ok,0.2945813893683566,higher,True,True
2024-12,NCut,4,CH,ok,1866.9093046116636,higher,True,True
2024-12,NCut,4,S_Dbw,ok,0.661694619588765,lower,True,True
2024-12,NCut,4,AVI,ok,0.46920700804394794,higher,True,True
2024-12,NCut,4,AVU,ok,0.5869115855194885,lower,True,True
2024-12,NCut,4,MQ,ok,0.16791338235715195,higher,True,True
2024-12,NCut,6,SW,ok,0.27686609161867154,higher,True,True
2024-12,NCut,6,CH,ok,1404.262945816925,higher,True,True
2024-12,NCut,6,S_Dbw,ok,0.6034551699009493,lower,True,True
2024-12,NCut,6,AVI,ok,0.33011094145704895,higher,True,True
2024-12,NCut,6,AVU,ok,0.5051691711846512,lower,True,True
2024-12,NCut,6,MQ,ok,0.13019690609235127,higher,True,True
2024-12,NCut,8,SW,ok,0.23880609733658217,higher,True,True
2024-12,NCut,8,CH,ok,1389.7710912609823,higher,True,True
2024-12,NCut,8,S_Dbw,ok,0.5380990242317388,lower,True,True
2024-12,NCut,8,AVI,ok,0.25660410689898056,higher,True,True
2024-12,NCut,8,AVU,ok,0.5168422385883849,lower,True,True
2024-12,NCut,8,MQ,ok,0.10273876032887423,higher,True,True
2024-12,NCut,12,SW,ok,0.22070353536861842,higher,True,False
2024-12,NCut,12,CH,ok,1247.732258939777,higher,True,False
2024-12,NCut,12,S_Dbw,undefined,,lower,True,False
2024-12,NCut,12,AVI,ok,0.17949548062049955,higher,True,False
2024-12,NCut,12,AVU,ok,0.46443384394491416,lower,True,False
2024-12,NCut,12,MQ,ok,0.07609380781770411,higher,True,False
2024-12,NCut,16,SW,ok,0.19222395785407373,higher,True,False
2024-12,NCut,16,CH,ok,1071.8026469006297,higher,True,False
2024-12,NCut,16,S_Dbw,undefined,,lower,True,False
2024-12,NCut,16,AVI,ok,0.13744679181115915,higher,True,False
2024-12,NCut,16,AVU,ok,0.4649766554532232,lower,True,False
2024-12,NCut,16,MQ,ok,0.05608617172310867,higher,True,False
