month,K,left,right,metric,left_value,right_value,left_minus_right,left_cell_eligible,right_cell_eligible,both_cells_eligible
2023-01,4,SSE,Ward,SW,0.351103949877352,0.33718669774938115,0.013917252127970847,True,True,True
2023-01,4,SSE,Ward,CH,1643.969912127847,1362.4006335635925,281.56927856425455,True,True,True
2023-01,4,SSE,Ward,S_Dbw,0.64513522021164,0.692768128517558,-0.04763290830591793,True,True,True
2023-01,4,SSE,Ward,AVI,0.41957534812037367,0.40735777539622153,0.012217572724152137,True,True,True
2023-01,4,SSE,Ward,AVU,0.5268841705488748,0.5380559931984806,-0.011171822649605812,True,True,True
2023-01,4,SSE,Ward,MQ,0.12804892135776458,0.12667290224611555,0.0013760191116490295,True,True,True
2023-01,4,SSE,NCut,SW,0.351103949877352,0.29027411467478476,0.06082983520256724,True,True,True
2023-01,4,SSE,NCut,CH,1643.969912127847,1142.9005520947749,501.06936003307214,True,True,True
2023-01,4,SSE,NCut,S_Dbw,0.64513522021164,0.6569551651231473,-0.011819944911507285,True,True,True
2023-01,4,SSE,NCut,AVI,0.41957534812037367,0.4174860900670667,0.0020892580533069527,True,True,True
2023-01,4,SSE,NCut,AVU,0.5268841705488748,0.5824056560435602,-0.055521485494685385,True,True,True
2023-01,4,SSE,NCut,MQ,0.12804892135776458,0.11653746554124696,0.011511455816517621,True,True,True
2023-01,4,Ward,NCut,SW,0.33718669774938115,0.29027411467478476,0.04691258307459639,True,True,True
2023-01,4,Ward,NCut,CH,1362.4006335635925,1142.9005520947749,219.5000814688176,True,True,True
2023-01,4,Ward,NCut,S_Dbw,0.692768128517558,0.6569551651231473,0.035812963394410646,True,True,True
2023-01,4,Ward,NCut,AVI,0.40735777539622153,0.4174860900670667,-0.010128314670845184,True,True,True
2023-01,4,Ward,NCut,AVU,0.5380559931984806,0.5824056560435602,-0.044349662845079574,True,True,True
2023-01,4,Ward,NCut,MQ,0.12667290224611555,0.11653746554124696,0.010135436704868592,True,True,True
2023-01,6,SSE,Ward,SW,0.2932651717709107,0.24957734037343424,0.04368783139747648,True,True,True
2023-01,6,SSE,Ward,CH,1439.7134973771367,1142.328762108377,297.38473526875964,True,True,True
2023-01,6,SSE,Ward,S_Dbw,0.7206726631724104,0.5880019886820136,0.13267067449039682,True,True,True
2023-01,6,SSE,Ward,AVI,0.29906635843795104,0.32129413456638367,-0.02222777612843263,True,True,True
2023-01,6,SSE,Ward,AVU,0.46678744133220396,0.41421905068696807,0.052568390645235885,True,True,True
2023-01,6,SSE,Ward,MQ,0.09674468002608513,0.09876021471046667,-0.002015534684381537,True,True,True
2023-01,6,SSE,NCut,SW,0.2932651717709107,0.22506014047407144,0.06820503129683927,True,True,True
2023-01,6,SSE,NCut,CH,1439.7134973771367,1155.122439907027,284.5910574701097,True,True,True
2023-01,6,SSE,NCut,S_Dbw,0.7206726631724104,0.5415650312247243,0.17910763194768609,True,True,True
2023-01,6,SSE,NCut,AVI,0.29906635843795104,0.29292150618313756,0.006144852254813482,True,True,True
2023-01,6,SSE,NCut,AVU,0.46678744133220396,0.5140301845774086,-0.04724274324520461,True,True,True
2023-01,6,SSE,NCut,MQ,0.09674468002608513,0.0872608475198226,0.00948383250626253,True,True,True
2023-01,6,Ward,NCut,SW,0.24957734037343424,0.22506014047407144,0.024517199899362796,True,True,True
2023-01,6,Ward,NCut,CH,1142.328762108377,1155.122439907027,-12.793677798649924,True,True,True
2023-01,6,Ward,NCut,S_Dbw,0.5880019886820136,0.5415650312247243,0.04643695745728926,True,True,True
2023-01,6,Ward,NCut,AVI,0.32129413456638367,0.29292150618313756,0.028372628383246112,True,True,True
2023-01,6,Ward,NCut,AVU,0.41421905068696807,0.5140301845774086,-0.0998111338904405,True,True,True
2023-01,6,Ward,NCut,MQ,0.09876021471046667,0.0872608475198226,0.011499367190644066,True,True,True
2023-01,8,SSE,Ward,SW,0.26035788348733196,0.2297884068145305,0.030569476672801466,False,False,False
2023-01,8,SSE,Ward,CH,1291.3118716900228,1074.2980179937772,217.01385369624563,False,False,False
2023-01,8,SSE,Ward,S_Dbw,,,,False,False,False
2023-01,8,SSE,Ward,AVI,0.24889197436384505,0.2522356305756836,-0.003343656211838547,False,False,False
2023-01,8,SSE,Ward,AVU,0.4404053692741947,0.3949124006433113,0.045492968630883424,False,False,False
2023-01,8,SSE,Ward,MQ,0.08125290684413282,0.08387838897969545,-0.002625482135562629,False,False,False
2023-01,8,SSE,NCut,SW,0.26035788348733196,0.2170126447066737,0.04334523878065827,False,True,False
2023-01,8,SSE,NCut,CH,1291.3118716900228,960.1028444999517,331.2090271900711,False,True,False
2023-01,8,SSE,NCut,S_Dbw,,0.5391752384867328,,False,True,False
2023-01,8,SSE,NCut,AVI,0.24889197436384505,0.2266866690022301,0.02220530536161494,False,True,False
2023-01,8,SSE,NCut,AVU,0.4404053692741947,0.45560502228845035,-0.015199653014255632,False,True,False
2023-01,8,SSE,NCut,MQ,0.08125290684413282,0.07092594233564316,0.010326964508489661,False,True,False
2023-01,8,Ward,NCut,SW,0.2297884068145305,0.2170126447066737,0.012775762107856803,False,True,False
2023-01,8,Ward,NCut,CH,1074.2980179937772,960.1028444999517,114.19517349382545,False,True,False
2023-01,8,Ward,NCut,S_Dbw,,0.5391752384867328,,False,True,False
2023-01,8,Ward,NCut,AVI,0.2522356305756836,0.2266866690022301,0.025548961573453488,False,True,False
2023-01,8,Ward,NCut,AVU,0.3949124006433113,0.45560502228845035,-0.060692621645139055,False,True,False
2023-01,8,Ward,NCut,MQ,0.08387838897969545,0.07092594233564316,0.01295244664405229,False,True,False
2023-01,10,SSE,Ward,SW,0.24859312147329446,0.19759133819540578,0.05100178327788868,False,False,False
2023-01,10,SSE,Ward,CH,1173.184439426391,995.6289895071266,177.55544991926445,False,False,False
2023-01,10,SSE,Ward,S_Dbw,,,,False,False,False
2023-01,10,SSE,Ward,AVI,0.20585214309223954,0.20532946901695567,0.0005226740752838632,False,False,False
2023-01,10,SSE,Ward,AVU,0.42170811516880136,0.4231425663102804,-0.001434451141479054,False,False,False
2023-01,10,SSE,Ward,MQ,0.07056840139294043,0.066345871796644,0.0042225295962964315,False,False,False
2023-01,10,SSE,NCut,SW,0.24859312147329446,0.1948894442140609,0.053703677259233557,False,False,False
2023-01,10,SSE,NCut,CH,1173.184439426391,846.8446059763688,326.3398334500222,False,False,False
2023-01,10,SSE,NCut,S_Dbw,,,,False,False,False
2023-01,10,SSE,NCut,AVI,0.20585214309223954,0.18345893941415967,0.02239320367807987,False,False,False
2023-01,10,SSE,NCut,AVU,0.42170811516880136,0.44665653515654546,-0.024948419987744108,False,False,False
2023-01,10,SSE,NCut,MQ,0.07056840139294043,0.06082790326117281,0.009740498131767625,False,False,False
2023-01,10,Ward,NCut,SW,0.19759133819540578,0.1948894442140609,0.0027018939813448772,False,False,False
2023-01,10,Ward,NCut,CH,995.6289895071266,846.8446059763688,148.78438353075774,False,False,False
2023-01,10,Ward,NCut,S_Dbw,,,,False,False,False
2023-01,10,Ward,NCut,AVI,0.20532946901695567,0.18345893941415967,0.021870529602796007,False,False,False
2023-01,10,Ward,NCut,AVU,0.4231425663102804,0.44665653515654546,-0.023513968846265054,False,False,False
2023-01,10,Ward,NCut,MQ,0.066345871796644,0.06082790326117281,0.005517968535471193,False,False,False
2023-01,12,SSE,Ward,SW,0.2412241560770455,0.19186991584996418,0.04935424022708132,False,False,False
2023-01,12,SSE,Ward,CH,1082.4498519543858,913.8376780277513,168.61217392663457,False,False,False
2023-01,12,SSE,Ward,S_Dbw,,,,False,False,False
2023-01,12,SSE,Ward,AVI,0.1834242353196421,0.17422982942703455,0.00919440589260756,False,False,False
2023-01,12,SSE,Ward,AVU,0.40309533821207727,0.37093172757115317,0.0321636106409241,False,False,False
2023-01,12,SSE,Ward,MQ,0.06266273700571619,0.06494065489562718,-0.0022779178899109964,False,False,False
2023-01,12,SSE,NCut,SW,0.2412241560770455,0.16478823603208703,0.07643592004495847,False,False,False
2023-01,12,SSE,NCut,CH,1082.4498519543858,812.021734363381,270.4281175910048,False,False,False
2023-01,12,SSE,NCut,S_Dbw,,,,False,False,False
2023-01,12,SSE,NCut,AVI,0.1834242353196421,0.1558488424236941,0.027575392895948014,False,False,False
2023-01,12,SSE,NCut,AVU,0.40309533821207727,0.4708158998609867,-0.06772056164890944,False,False,False
2023-01,12,SSE,NCut,MQ,0.06266273700571619,0.05100232438037849,0.0116604126253377,False,False,False
2023-01,12,Ward,NCut,SW,0.19186991584996418,0.16478823603208703,0.027081679817877152,False,False,False
2023-01,12,Ward,NCut,CH,913.8376780277513,812.021734363381,101.81594366437025,False,False,False
2023-01,12,Ward,NCut,S_Dbw,,,,False,False,False
2023-01,12,Ward,NCut,AVI,0.17422982942703455,0.1558488424236941,0.018380987003340454,False,False,False
2023-01,12,Ward,NCut,AVU,0.37093172757115317,0.4708158998609867,-0.09988417228983354,False,False,False
2023-01,12,Ward,NCut,MQ,0.06494065489562718,0.05100232438037849,0.013938330515248697,False,False,False
2023-01,16,SSE,Ward,SW,0.22073494998274015,0.18888109209461548,0.03185385788812467,False,False,False
2023-01,16,SSE,Ward,CH,965.083609316885,815.2188895309508,149.8647197859342,False,False,False
2023-01,16,SSE,Ward,S_Dbw,,,,False,False,False
2023-01,16,SSE,Ward,AVI,0.15036367143975654,0.1345935579094525,0.015770113530304053,False,False,False
2023-01,16,SSE,Ward,AVU,0.3920164176650267,0.36956113695760706,0.022455280707419645,False,False,False
2023-01,16,SSE,Ward,MQ,0.04717463443195741,0.048401323860695754,-0.0012266894287383465,False,False,False
2023-01,16,SSE,NCut,SW,0.22073494998274015,0.174143189539133,0.04659176044360716,False,False,False
2023-01,16,SSE,NCut,CH,965.083609316885,731.3373072685715,233.7463020483135,False,False,False
2023-01,16,SSE,NCut,S_Dbw,,,,False,False,False
2023-01,16,SSE,NCut,AVI,0.15036367143975654,0.1204351885811831,0.02992848285857344,False,False,False
2023-01,16,SSE,NCut,AVU,0.3920164176650267,0.4382107931086963,-0.04619437544366961,False,False,False
2023-01,16,SSE,NCut,MQ,0.04717463443195741,0.03749526578848965,0.009679368643467759,False,False,False
2023-01,16,Ward,NCut,SW,0.18888109209461548,0.174143189539133,0.01473790255548249,False,False,False
2023-01,16,Ward,NCut,CH,815.2188895309508,731.3373072685715,83.88158226237931,False,False,False
2023-01,16,Ward,NCut,S_Dbw,,,,False,False,False
2023-01,16,Ward,NCut,AVI,0.1345935579094525,0.1204351885811831,0.014158369328269388,False,False,False
2023-01,16,Ward,NCut,AVU,0.36956113695760706,0.4382107931086963,-0.06864965615108926,False,False,False
2023-01,16,Ward,NCut,MQ,0.048401323860695754,0.03749526578848965,0.010906058072206105,False,False,False
2023-01,20,SSE,Ward,SW,0.21821865573408847,0.15671894257288482,0.061499713161203645,False,False,False
2023-01,20,SSE,Ward,CH,864.0221185073656,738.5293375554021,125.49278095196348,False,False,False
2023-01,20,SSE,Ward,S_Dbw,,,,False,False,False
2023-01,20,SSE,Ward,AVI,0.1216525911581874,0.12352952898477294,-0.0018769378265855452,False,False,False
2023-01,20,SSE,Ward,AVU,0.3878164796648947,0.3860135262280797,0.0018029534368149691,False,False,False
2023-01,20,SSE,Ward,MQ,0.039602637102302427,0.04219482369317049,-0.002592186590868066,False,False,False
2023-01,20,SSE,NCut,SW,0.21821865573408847,0.16518009191343175,0.05303856382065672,False,False,False
2023-01,20,SSE,NCut,CH,864.0221185073656,659.279042831191,204.7430756761746,False,False,False
2023-01,20,SSE,NCut,S_Dbw,,,,False,False,False
2023-01,20,SSE,NCut,AVI,0.1216525911581874,0.09761468341991736,0.02403790773827004,False,False,False
2023-01,20,SSE,NCut,AVU,0.3878164796648947,0.454940197343106,-0.06712371767821129,False,False,False
2023-01,20,SSE,NCut,MQ,0.039602637102302427,0.030319558781774517,0.00928307832052791,False,False,False
2023-01,20,Ward,NCut,SW,0.15671894257288482,0.16518009191343175,-0.008461149340546925,False,False,False
2023-01,20,Ward,NCut,CH,738.5293375554021,659.279042831191,79.25029472421113,False,False,False
2023-01,20,Ward,NCut,S_Dbw,,,,False,False,False
2023-01,20,Ward,NCut,AVI,0.12352952898477294,0.09761468341991736,0.025914845564855585,False,False,False
2023-01,20,Ward,NCut,AVU,0.3860135262280797,0.454940197343106,-0.06892667111502626,False,False,False
2023-01,20,Ward,NCut,MQ,0.04219482369317049,0.030319558781774517,0.011875264911395976,False,False,False
2023-02,4,SSE,Ward,SW,0.3482123945970606,0.3284259130629392,0.01978648153412138,True,True,True
2023-02,4,SSE,Ward,CH,1616.0659238335652,1381.6763877636743,234.38953606989094,True,True,True
2023-02,4,SSE,Ward,S_Dbw,0.6908788453165426,0.6387918768094469,0.05208696850709571,True,True,True
2023-02,4,SSE,Ward,AVI,0.4203378172527622,0.4599784621096768,-0.0396406448569146,True,True,True
2023-02,4,SSE,Ward,AVU,0.5178323500154156,0.5001753419664838,0.017657008048931777,True,True,True
2023-02,4,SSE,Ward,MQ,0.1212349708987882,0.12000900345197993,0.0012259674468082654,True,True,True
2023-02,4,SSE,NCut,SW,0.3482123945970606,0.28503702485598614,0.06317536974107446,True,True,True
2023-02,4,SSE,NCut,CH,1616.0659238335652,1020.8324888920833,595.2334349414818,True,True,True
2023-02,4,SSE,NCut,S_Dbw,0.6908788453165426,0.6948129063206122,-0.003934061004069567,True,True,True
2023-02,4,SSE,NCut,AVI,0.4203378172527622,0.4067568919815711,0.013580925271191091,True,True,True
2023-02,4,SSE,NCut,AVU,0.5178323500154156,0.579057609146131,-0.061225259130715415,True,True,True
2023-02,4,SSE,NCut,MQ,0.1212349708987882,0.10862282424696468,0.012612146651823516,True,True,True
2023-02,4,Ward,NCut,SW,0.3284259130629392,0.28503702485598614,0.04338888820695308,True,True,True
2023-02,4,Ward,NCut,CH,1381.6763877636743,1020.8324888920833,360.8438988715909,True,True,True
2023-02,4,Ward,NCut,S_Dbw,0.6387918768094469,0.6948129063206122,-0.05602102951116528,True,True,True
2023-02,4,Ward,NCut,AVI,0.4599784621096768,0.4067568919815711,0.05322157012810569,True,True,True
2023-02,4,Ward,NCut,AVU,0.5001753419664838,0.579057609146131,-0.07888226717964719,True,True,True
2023-02,4,Ward,NCut,MQ,0.12000900345197993,0.10862282424696468,0.011386179205015251,True,True,True
2023-02,6,SSE,Ward,SW,0.29687676829267745,0.2695020254174694,0.027374742875208025,True,True,True
2023-02,6,SSE,Ward,CH,1420.7895151402895,1296.8253596115758,123.96415552871372,True,True,True
2023-02,6,SSE,Ward,S_Dbw,0.5595391636805391,0.6151560894085742,-0.055616925728035116,True,True,True
2023-02,6,SSE,Ward,AVI,0.3391795248687431,0.3227173383556578,0.016462186513085286,True,True,True
2023-02,6,SSE,Ward,AVU,0.42435821339095603,0.4321344490637258,-0.007776235672769749,True,True,True
2023-02,6,SSE,Ward,MQ,0.10132732450580566,0.09867123098833959,0.0026560935174660683,True,True,True
2023-02,6,SSE,NCut,SW,0.29687676829267745,0.23117249784882887,0.06570427044384858,True,True,True
2023-02,6,SSE,NCut,CH,1420.7895151402895,1058.4721475156923,362.3173676245972,True,True,True
2023-02,6,SSE,NCut,S_Dbw,0.5595391636805391,0.5276407028681332,0.03189846081240588,True,True,True
2023-02,6,SSE,NCut,AVI,0.3391795248687431,0.28844930191673707,0.05073022295200602,True,True,True
2023-02,6,SSE,NCut,AVU,0.42435821339095603,0.47341659466072095,-0.04905838126976492,True,True,True
2023-02,6,SSE,NCut,MQ,0.10132732450580566,0.08766842483694257,0.013658899668863092,True,True,True
2023-02,6,Ward,NCut,SW,0.2695020254174694,0.23117249784882887,0.03832952756864055,True,True,True
2023-02,6,Ward,NCut,CH,1296.8253596115758,1058.4721475156923,238.35321209588346,True,True,True
2023-02,6,Ward,NCut,S_Dbw,0.6151560894085742,0.5276407028681332,0.087515386540441,True,True,True
2023-02,6,Ward,NCut,AVI,0.3227173383556578,0.28844930191673707,0.034268036438920735,True,True,True
2023-02,6,Ward,NCut,AVU,0.4321344490637258,0.47341659466072095,-0.04128214559699517,True,True,True
2023-02,6,Ward,NCut,MQ,0.09867123098833959,0.08766842483694257,0.011002806151397024,True,True,True
2023-02,8,SSE,Ward,SW,0.2598684914074132,0.22310135997864391,0.03676713142876928,True,False,False
2023-02,8,SSE,Ward,CH,1295.4699768178064,1107.583416196124,187.8865606216823,True,False,False
2023-02,8,SSE,Ward,S_Dbw,0.5029269823658515,,,True,False,False
2023-02,8,SSE,Ward,AVI,0.2637751308766798,0.2487985220277351,0.014976608848944722,True,False,False
2023-02,8,SSE,Ward,AVU,0.4348593073341032,0.4162073543063493,0.01865195302775391,True,False,False
2023-02,8,SSE,Ward,MQ,0.07869993197114933,0.09245253907111312,-0.013752607099963787,True,False,False
2023-02,8,SSE,NCut,SW,0.2598684914074132,0.2218201687179269,0.0380483226894863,True,True,True
2023-02,8,SSE,NCut,CH,1295.4699768178064,911.2376160321539,384.2323607856524,True,True,True
2023-02,8,SSE,NCut,S_Dbw,0.5029269823658515,0.46140593670529545,0.04152104566055609,True,True,True
2023-02,8,SSE,NCut,AVI,0.2637751308766798,0.22416998795122,0.0396051429254598,True,True,True
2023-02,8,SSE,NCut,AVU,0.4348593073341032,0.45263033194905294,-0.017771024614949726,True,True,True
2023-02,8,SSE,NCut,MQ,0.07869993197114933,0.06707754751514286,0.011622384456006468,True,True,True
2023-02,8,Ward,NCut,SW,0.22310135997864391,0.2218201687179269,0.0012811912607170184,False,True,False
2023-02,8,Ward,NCut,CH,1107.583416196124,911.2376160321539,196.34580016397013,False,True,False
2023-02,8,Ward,NCut,S_Dbw,,0.46140593670529545,,False,True,False
2023-02,8,Ward,NCut,AVI,0.2487985220277351,0.22416998795122,0.02462853407651508,False,True,False
2023-02,8,Ward,NCut,AVU,0.4162073543063493,0.45263033194905294,-0.036422977642703636,False,True,False
2023-02,8,Ward,NCut,MQ,0.09245253907111312,0.06707754751514286,0.025374991555970255,False,True,False
2023-02,10,SSE,Ward,SW,0.24933626683359048,0.1641094031278617,0.08522686370572877,False,False,False
2023-02,10,SSE,Ward,CH,1181.7172214816142,994.8169515311782,186.90026995043593,False,False,False
2023-02,10,SSE,Ward,S_Dbw,,,,False,False,False
2023-02,10,SSE,Ward,AVI,0.22739325299050445,0.20605844239455534,0.021334810595949105,False,False,False
2023-02,10,SSE,Ward,AVU,0.39804501286208127,0.41894075821371646,-0.020895745351635187,False,False,False
2023-02,10,SSE,Ward,MQ,0.06756621817340186,0.06972370495576737,-0.002157486782365506,False,False,False
2023-02,10,SSE,NCut,SW,0.24933626683359048,0.19807873031975265,0.051257536513837826,False,True,False
2023-02,10,SSE,NCut,CH,1181.7172214816142,919.0339185492995,262.68330293231463,False,True,False
2023-02,10,SSE,NCut,S_Dbw,,0.4246132524770515,,False,True,False
2023-02,10,SSE,NCut,AVI,0.22739325299050445,0.1854452038355801,0.04194804915492434,False,True,False
2023-02,10,SSE,NCut,AVU,0.39804501286208127,0.44537026713015626,-0.04732525426807499,False,True,False
2023-02,10,SSE,NCut,MQ,0.06756621817340186,0.057136403550088685,0.010429814623313174,False,True,False
2023-02,10,Ward,NCut,SW,0.1641094031278617,0.19807873031975265,-0.03396932719189094,False,True,False
2023-02,10,Ward,NCut,CH,994.8169515311782,919.0339185492995,75.7830329818787,False,True,False
2023-02,10,Ward,NCut,S_Dbw,,0.4246132524770515,,False,True,False
2023-02,10,Ward,NCut,AVI,0.20605844239455534,0.1854452038355801,0.020613238558975233,False,True,False
2023-02,10,Ward,NCut,AVU,0.41894075821371646,0.44537026713015626,-0.026429508916439803,False,True,False
2023-02,10,Ward,NCut,MQ,0.06972370495576737,0.057136403550088685,0.01258730140567868,False,True,False
2023-02,12,SSE,Ward,SW,0.2304849570074374,0.1709889582489873,0.0594959987584501,False,False,False
2023-02,12,SSE,Ward,CH,1105.532028249142,930.7497341888574,174.7822940602847,False,False,False
2023-02,12,SSE,Ward,S_Dbw,,,,False,False,False
2023-02,12,SSE,Ward,AVI,0.19206395445147809,0.17411807314231253,0.01794588130916555,False,False,False
2023-02,12,SSE,Ward,AVU,0.3992609697782305,0.40995263600471615,-0.010691666226485652,False,False,False
2023-02,12,SSE,Ward,MQ,0.055095070199435825,0.05334610645511468,0.0017489637443211456,False,False,False
2023-02,12,SSE,NCut,SW,0.2304849570074374,0.1897546802199656,0.04073027678747179,False,True,False
2023-02,12,SSE,NCut,CH,1105.532028249142,829.9339753530704,275.59805289607164,False,True,False
2023-02,12,SSE,NCut,S_Dbw,,0.40296360264718944,,False,True,False
2023-02,12,SSE,NCut,AVI,0.19206395445147809,0.15761456109789002,0.03444939335358807,False,True,False
2023-02,12,SSE,NCut,AVU,0.3992609697782305,0.43090081782676015,-0.03163984804852965,False,True,False
2023-02,12,SSE,NCut,MQ,0.055095070199435825,0.049190813587856486,0.005904256611579339,False,True,False
2023-02,12,Ward,NCut,SW,0.1709889582489873,0.1897546802199656,-0.01876572197097831,False,True,False
2023-02,12,Ward,NCut,CH,930.7497341888574,829.9339753530704,100.81575883578694,False,True,False
2023-02,12,Ward,NCut,S_Dbw,,0.40296360264718944,,False,True,False
2023-02,12,Ward,NCut,AVI,0.17411807314231253,0.15761456109789002,0.01650351204442252,False,True,False
2023-02,12,Ward,NCut,AVU,0.40995263600471615,0.43090081782676015,-0.020948181822044,False,True,False
2023-02,12,Ward,NCut,MQ,0.05334610645511468,0.049190813587856486,0.004155292867258194,False,True,False
2023-02,16,SSE,Ward,SW,0.2210805072163364,0.18601147533167842,0.035069031884657986,False,False,False
2023-02,16,SSE,Ward,CH,977.6367180039105,842.6075978825388,135.02912012137165,False,False,False
2023-02,16,SSE,Ward,S_Dbw,,,,False,False,False
2023-02,16,SSE,Ward,AVI,0.15652889396283548,0.16135552437203082,-0.004826630409195343,False,False,False
2023-02,16,SSE,Ward,AVU,0.3882351522264148,0.3555014332888594,0.03273371893755539,False,False,False
2023-02,16,SSE,Ward,MQ,0.04395876716951225,0.048265624999845436,-0.004306857830333188,False,False,False
2023-02,16,SSE,NCut,SW,0.2210805072163364,0.16232878130172046,0.05875172591461594,False,False,False
2023-02,16,SSE,NCut,CH,977.6367180039105,762.3756151334408,215.2611028704697,False,False,False
2023-02,16,SSE,NCut,S_Dbw,,,,False,False,False
2023-02,16,SSE,NCut,AVI,0.15652889396283548,0.12171425087207606,0.03481464309075942,False,False,False
2023-02,16,SSE,NCut,AVU,0.3882351522264148,0.45053319751652343,-0.06229804529010863,False,False,False
2023-02,16,SSE,NCut,MQ,0.04395876716951225,0.03608399620205731,0.007874770967454939,False,False,False
2023-02,16,Ward,NCut,SW,0.18601147533167842,0.16232878130172046,0.023682694029957957,False,False,False
2023-02,16,Ward,NCut,CH,842.6075978825388,762.3756151334408,80.23198274909805,False,False,False
2023-02,16,Ward,NCut,S_Dbw,,,,False,False,False
2023-02,16,Ward,NCut,AVI,0.16135552437203082,0.12171425087207606,0.03964127349995476,False,False,False
2023-02,16,Ward,NCut,AVU,0.3555014332888594,0.45053319751652343,-0.09503176422766402,False,False,False
2023-02,16,Ward,NCut,MQ,0.048265624999845436,0.03608399620205731,0.012181628797788127,False,False,False
2023-02,20,SSE,Ward,SW,0.21731370602230266,0.16699819139155872,0.050315514630743935,False,False,False
2023-02,20,SSE,Ward,CH,876.974214702417,767.1744773352873,109.79973736712975,False,False,False
2023-02,20,SSE,Ward,S_Dbw,,,,False,False,False
2023-02,20,SSE,Ward,AVI,0.13177880413176746,0.1300295095131393,0.001749294618628161,False,False,False
2023-02,20,SSE,Ward,AVU,0.379233744616279,0.391377943048121,-0.012144198431842002,False,False,False
2023-02,20,SSE,Ward,MQ,0.03915525923553255,0.03839319915764138,0.0007620600778911676,False,False,False
2023-02,20,SSE,NCut,SW,0.21731370602230266,0.14575010268728725,0.07156360333501541,False,False,False
2023-02,20,SSE,NCut,CH,876.974214702417,668.6926771551981,208.28153754721893,False,False,False
2023-02,20,SSE,NCut,S_Dbw,,,,False,False,False
2023-02,20,SSE,NCut,AVI,0.13177880413176746,0.09781045903035446,0.033968345101413,False,False,False
2023-02,20,SSE,NCut,AVU,0.379233744616279,0.45451878481630403,-0.07528504020002502,False,False,False
2023-02,20,SSE,NCut,MQ,0.03915525923553255,0.03034631645027184,0.00880894278526071,False,False,False
2023-02,20,Ward,NCut,SW,0.16699819139155872,0.14575010268728725,0.021248088704271473,False,False,False
2023-02,20,Ward,NCut,CH,767.1744773352873,668.6926771551981,98.48180018008918,False,False,False
2023-02,20,Ward,NCut,S_Dbw,,,,False,False,False
2023-02,20,Ward,NCut,AVI,0.1300295095131393,0.09781045903035446,0.03221905048278484,False,False,False
2023-02,20,Ward,NCut,AVU,0.391377943048121,0.45451878481630403,-0.06314084176818302,False,False,False
2023-02,20,Ward,NCut,MQ,0.03839319915764138,0.03034631645027184,0.008046882707369543,False,False,False
2023-03,4,SSE,Ward,SW,0.3502996112744595,0.3450712171787708,0.005228394095688704,True,True,True
2023-03,4,SSE,Ward,CH,1708.0799587940903,1558.2576570293063,149.82230176478402,True,True,True
2023-03,4,SSE,Ward,S_Dbw,0.6286480940911325,0.5811526460057568,0.04749544808537576,True,True,True
2023-03,4,SSE,Ward,AVI,0.428596652931021,0.4216001590986768,0.006996493832344186,True,True,True
2023-03,4,SSE,Ward,AVU,0.5187852451630391,0.5323725275961458,-0.013587282433106695,True,True,True
2023-03,4,SSE,Ward,MQ,0.1290353788943644,0.12625109163602505,0.0027842872583393463,True,True,True
2023-03,4,SSE,NCut,SW,0.3502996112744595,0.34274789467330136,0.007551716601158165,True,True,True
2023-03,4,SSE,NCut,CH,1708.0799587940903,1420.9982011318216,287.0817576622687,True,True,True
2023-03,4,SSE,NCut,S_Dbw,0.6286480940911325,0.5778944280008831,0.05075366609024945,True,True,True
2023-03,4,SSE,NCut,AVI,0.428596652931021,0.41787349533600165,0.01072315759501935,True,True,True
2023-03,4,SSE,NCut,AVU,0.5187852451630391,0.5529120887330652,-0.034126843570026044,True,True,True
2023-03,4,SSE,NCut,MQ,0.1290353788943644,0.1238894165681178,0.005145962326246589,True,True,True
2023-03,4,Ward,NCut,SW,0.3450712171787708,0.34274789467330136,0.0023233225054694606,True,True,True
2023-03,4,Ward,NCut,CH,1558.2576570293063,1420.9982011318216,137.2594558974847,True,True,True
2023-03,4,Ward,NCut,S_Dbw,0.5811526460057568,0.5778944280008831,0.003258218004873692,True,True,True
2023-03,4,Ward,NCut,AVI,0.4216001590986768,0.41787349533600165,0.003726663762675164,True,True,True
2023-03,4,Ward,NCut,AVU,0.5323725275961458,0.5529120887330652,-0.02053956113691935,True,True,True
2023-03,4,Ward,NCut,MQ,0.12625109163602505,0.1238894165681178,0.002361675067907243,True,True,True
2023-03,6,SSE,Ward,SW,0.29137767638212336,0.28652418619090403,0.004853490191219334,True,False,False
2023-03,6,SSE,Ward,CH,1491.945869724137,1331.374192744213,160.57167697992418,True,False,False
2023-03,6,SSE,Ward,S_Dbw,0.6016931869831748,,,True,False,False
2023-03,6,SSE,Ward,AVI,0.3079382157990595,0.32284387027174205,-0.01490565447268255,True,False,False
2023-03,6,SSE,Ward,AVU,0.46357093009787526,0.4118047035662829,0.05176622653159235,True,False,False
2023-03,6,SSE,Ward,MQ,0.09657034768363212,0.10805643236681872,-0.011486084683186598,True,False,False
2023-03,6,SSE,NCut,SW,0.29137767638212336,0.23016586937916447,0.06121180700295889,True,True,True
2023-03,6,SSE,NCut,CH,1491.945869724137,1107.6327410361737,384.3131286879634,True,True,True
2023-03,6,SSE,NCut,S_Dbw,0.6016931869831748,0.4722308128483886,0.12946237413478617,True,True,True
2023-03,6,SSE,NCut,AVI,0.3079382157990595,0.29436253515790733,0.013575680641152166,True,True,True
2023-03,6,SSE,NCut,AVU,0.46357093009787526,0.47494120470746337,-0.011370274609588116,True,True,True
2023-03,6,SSE,NCut,MQ,0.09657034768363212,0.09152784060423262,0.0050425070793995025,True,True,True
2023-03,6,Ward,NCut,SW,0.28652418619090403,0.23016586937916447,0.056358316811739556,False,True,False
2023-03,6,Ward,NCut,CH,1331.374192744213,1107.6327410361737,223.74145170803922,False,True,False
2023-03,6,Ward,NCut,S_Dbw,,0.4722308128483886,,False,True,False
2023-03,6,Ward,NCut,AVI,0.32284387027174205,0.29436253515790733,0.028481335113834716,False,True,False
2023-03,6,Ward,NCut,AVU,0.4118047035662829,0.47494120470746337,-0.06313650114118047,False,True,False
2023-03,6,Ward,NCut,MQ,0.10805643236681872,0.09152784060423262,0.0165285917625861,False,True,False
2023-03,8,SSE,Ward,SW,0.2619242632056131,0.20828417767830296,0.053640085527310116,False,False,False
2023-03,8,SSE,Ward,CH,1344.3781457787388,1141.1397356023904,203.23841017634845,False,False,False
2023-03,8,SSE,Ward,S_Dbw,,,,False,False,False
2023-03,8,SSE,Ward,AVI,0.2743573397721,0.24746036713860975,0.026896972633490224,False,False,False
2023-03,8,SSE,Ward,AVU,0.4364466694149526,0.422666477712485,0.013780191702467581,False,False,False
2023-03,8,SSE,Ward,MQ,0.08153847168161013,0.08230246020271122,-0.0007639885211010861,False,False,False
2023-03,8,SSE,NCut,SW,0.2619242632056131,0.2166729143303748,0.04525134887523827,False,True,False
2023-03,8,SSE,NCut,CH,1344.3781457787388,1021.2411562137711,323.13698956496773,False,True,False
2023-03,8,SSE,NCut,S_Dbw,,0.481014968879779,,False,True,False
2023-03,8,SSE,NCut,AVI,0.2743573397721,0.22903296592603817,0.045324373846061805,False,True,False
2023-03,8,SSE,NCut,AVU,0.4364466694149526,0.4755954141541841,-0.03914874473923152,False,True,False
2023-03,8,SSE,NCut,MQ,0.08153847168161013,0.07389933876216466,0.007639132919445471,False,True,False
2023-03,8,Ward,NCut,SW,0.20828417767830296,0.2166729143303748,-0.008388736652071849,False,True,False
2023-03,8,Ward,NCut,CH,1141.1397356023904,1021.2411562137711,119.89857938861928,False,True,False
2023-03,8,Ward,NCut,S_Dbw,,0.481014968879779,,False,True,False
2023-03,8,Ward,NCut,AVI,0.24746036713860975,0.22903296592603817,0.01842740121257158,False,True,False
2023-03,8,Ward,NCut,AVU,0.422666477712485,0.4755954141541841,-0.052928936441699104,False,True,False
2023-03,8,Ward,NCut,MQ,0.08230246020271122,0.07389933876216466,0.008403121440546557,False,True,False
2023-03,10,SSE,Ward,SW,0.2548322910220324,0.20909436759558653,0.04573792342644589,False,False,False
2023-03,10,SSE,Ward,CH,1210.9025598672183,1031.2928946650982,179.60966520212014,False,False,False
2023-03,10,SSE,Ward,S_Dbw,,,,False,False,False
2023-03,10,SSE,Ward,AVI,0.23086000080196456,0.20210550380004316,0.028754497001921397,False,False,False
2023-03,10,SSE,Ward,AVU,0.4074542947532112,0.3926314443446976,0.01482285040851361,False,False,False
2023-03,10,SSE,Ward,MQ,0.07234979581096995,0.07582552352902082,-0.0034757277180508667,False,False,False
2023-03,10,SSE,NCut,SW,0.2548322910220324,0.2029807087897583,0.051851582232274124,False,False,False
2023-03,10,SSE,NCut,CH,1210.9025598672183,1048.2029991738507,162.69956069336763,False,False,False
2023-03,10,SSE,NCut,S_Dbw,,,,False,False,False
2023-03,10,SSE,NCut,AVI,0.23086000080196456,0.19258951672874314,0.03827048407322142,False,False,False
2023-03,10,SSE,NCut,AVU,0.4074542947532112,0.46217140055655326,-0.05471710580334205,False,False,False
2023-03,10,SSE,NCut,MQ,0.07234979581096995,0.06094263117074362,0.011407164640226335,False,False,False
2023-03,10,Ward,NCut,SW,0.20909436759558653,0.2029807087897583,0.0061136588058282315,False,False,False
2023-03,10,Ward,NCut,CH,1031.2928946650982,1048.2029991738507,-16.91010450875251,False,False,False
2023-03,10,Ward,NCut,S_Dbw,,,,False,False,False
2023-03,10,Ward,NCut,AVI,0.20210550380004316,0.19258951672874314,0.009515987071300025,False,False,False
2023-03,10,Ward,NCut,AVU,0.3926314443446976,0.46217140055655326,-0.06953995621185566,False,False,False
2023-03,10,Ward,NCut,MQ,0.07582552352902082,0.06094263117074362,0.014882892358277201,False,False,False
2023-03,12,SSE,Ward,SW,0.22610264487737275,0.17329899364287177,0.05280365123450098,False,False,False
2023-03,12,SSE,Ward,CH,1118.1241861461797,969.1839814184784,148.94020472770126,False,False,False
2023-03,12,SSE,Ward,S_Dbw,,,,False,False,False
2023-03,12,SSE,Ward,AVI,0.19711225340172855,0.1737150234359922,0.023397229965736344,False,False,False
2023-03,12,SSE,Ward,AVU,0.3999510011646286,0.41273025798086754,-0.012779256816238926,False,False,False
2023-03,12,SSE,Ward,MQ,0.058846877194868454,0.05491871490209519,0.003928162292773263,False,False,False
2023-03,12,SSE,NCut,SW,0.22610264487737275,0.15630038751448336,0.06980225736288939,False,False,False
2023-03,12,SSE,NCut,CH,1118.1241861461797,816.19192656204,301.93225958413973,False,False,False
2023-03,12,SSE,NCut,S_Dbw,,,,False,False,False
2023-03,12,SSE,NCut,AVI,0.19711225340172855,0.15626135162679305,0.0408509017749355,False,False,False
2023-03,12,SSE,NCut,AVU,0.3999510011646286,0.46585383112537654,-0.06590282996074792,False,False,False
2023-03,12,SSE,NCut,MQ,0.058846877194868454,0.0481074234209568,0.010739453773911653,False,False,False
2023-03,12,Ward,NCut,SW,0.17329899364287177,0.15630038751448336,0.01699860612838841,False,False,False
2023-03,12,Ward,NCut,CH,969.1839814184784,816.19192656204,152.99205485643847,False,False,False
2023-03,12,Ward,NCut,S_Dbw,,,,False,False,False
2023-03,12,Ward,NCut,AVI,0.1737150234359922,0.15626135162679305,0.017453671809199156,False,False,False
2023-03,12,Ward,NCut,AVU,0.41273025798086754,0.46585383112537654,-0.053123573144508995,False,False,False
2023-03,12,Ward,NCut,MQ,0.05491871490209519,0.0481074234209568,0.00681129148113839,False,False,False
2023-03,16,SSE,Ward,SW,0.2166357656648678,0.17829963752505937,0.03833612813980844,False,False,False
2023-03,16,SSE,Ward,CH,983.0866058542073,849.384569677035,133.70203617717232,False,False,False
2023-03,16,SSE,Ward,S_Dbw,,,,False,False,False
2023-03,16,SSE,Ward,AVI,0.15331384506594112,0.14445732719112703,0.00885651787481409,False,False,False
2023-03,16,SSE,Ward,AVU,0.4057997847662698,0.38275428260282085,0.023045502163448972,False,False,False
2023-03,16,SSE,Ward,MQ,0.04459765448246803,0.04842652715408524,-0.0038288726716172103,False,False,False
2023-03,16,SSE,NCut,SW,0.2166357656648678,0.15659065174979525,0.06004511391507256,False,False,False
2023-03,16,SSE,NCut,CH,983.0866058542073,859.7180096128437,123.36859624136355,False,False,False
2023-03,16,SSE,NCut,S_Dbw,,,,False,False,False
2023-03,16,SSE,NCut,AVI,0.15331384506594112,0.13142742762792603,0.021886417438015088,False,False,False
2023-03,16,SSE,NCut,AVU,0.4057997847662698,0.45802878429420935,-0.052228999527939524,False,False,False
2023-03,16,SSE,NCut,MQ,0.04459765448246803,0.040258529498561124,0.004339124983906907,False,False,False
2023-03,16,Ward,NCut,SW,0.17829963752505937,0.15659065174979525,0.021708985775264117,False,False,False
2023-03,16,Ward,NCut,CH,849.384569677035,859.7180096128437,-10.33343993580877,False,False,False
2023-03,16,Ward,NCut,S_Dbw,,,,False,False,False
2023-03,16,Ward,NCut,AVI,0.14445732719112703,0.13142742762792603,0.013029899563200997,False,False,False
2023-03,16,Ward,NCut,AVU,0.38275428260282085,0.45802878429420935,-0.0752745016913885,False,False,False
2023-03,16,Ward,NCut,MQ,0.04842652715408524,0.040258529498561124,0.008167997655524117,False,False,False
2023-03,20,SSE,Ward,SW,0.2234679640075421,0.1630022218115735,0.06046574219596859,False,False,False
2023-03,20,SSE,Ward,CH,889.0135535221026,765.3278465474214,123.68570697468124,False,False,False
2023-03,20,SSE,Ward,S_Dbw,,,,False,False,False
2023-03,20,SSE,Ward,AVI,0.12092071326992483,0.11707089020819918,0.0038498230617256546,False,False,False
2023-03,20,SSE,Ward,AVU,0.41373915254028304,0.3809576748771125,0.03278147766317052,False,False,False
2023-03,20,SSE,Ward,MQ,0.03889257781343108,0.04092640433497034,-0.0020338265215392656,False,False,False
2023-03,20,SSE,NCut,SW,0.2234679640075421,0.16609060699549877,0.05737735701204333,False,False,False
2023-03,20,SSE,NCut,CH,889.0135535221026,751.0142883161586,137.99926520594397,False,False,False
2023-03,20,SSE,NCut,S_Dbw,,,,False,False,False
2023-03,20,SSE,NCut,AVI,0.12092071326992483,0.1065633612603694,0.01435735200955543,False,False,False
2023-03,20,SSE,NCut,AVU,0.41373915254028304,0.4445319092614598,-0.03079275672117676,False,False,False
2023-03,20,SSE,NCut,MQ,0.03889257781343108,0.03261014480205683,0.006282433011374246,False,False,False
2023-03,20,Ward,NCut,SW,0.1630022218115735,0.16609060699549877,-0.003088385183925263,False,False,False
2023-03,20,Ward,NCut,CH,765.3278465474214,751.0142883161586,14.313558231262732,False,False,False
2023-03,20,Ward,NCut,S_Dbw,,,,False,False,False
2023-03,20,Ward,NCut,AVI,0.11707089020819918,0.1065633612603694,0.010507528947829775,False,False,False
2023-03,20,Ward,NCut,AVU,0.3809576748771125,0.4445319092614598,-0.06357423438434728,False,False,False
2023-03,20,Ward,NCut,MQ,0.04092640433497034,0.03261014480205683,0.008316259532913511,False,False,False
2023-04,4,SSE,Ward,SW,0.36571558152604144,0.3813767817933319,-0.015661200267290454,True,True,True
2023-04,4,SSE,Ward,CH,1791.0512504888454,1362.834001332621,428.2172491562244,True,True,True
2023-04,4,SSE,Ward,S_Dbw,0.6755100152090292,0.587244163986022,0.08826585122300723,True,True,True
2023-04,4,SSE,Ward,AVI,0.4711862487339834,0.4990526157982938,-0.027866367064310393,True,True,True
2023-04,4,SSE,Ward,AVU,0.5171952480192474,0.5022842809765108,0.014910967042736645,True,True,True
2023-04,4,SSE,Ward,MQ,0.1678957002252037,0.13777950267222713,0.030116197552976565,True,True,True
2023-04,4,SSE,NCut,SW,0.36571558152604144,0.2791468923057645,0.08656868922027694,True,True,True
2023-04,4,SSE,NCut,CH,1791.0512504888454,1192.014632293213,599.0366181956324,True,True,True
2023-04,4,SSE,NCut,S_Dbw,0.6755100152090292,0.7282965904956442,-0.05278657528661501,True,True,True
2023-04,4,SSE,NCut,AVI,0.4711862487339834,0.4587816439275366,0.012404604806446784,True,True,True
2023-04,4,SSE,NCut,AVU,0.5171952480192474,0.6172788762751479,-0.10008362825590045,True,True,True
2023-04,4,SSE,NCut,MQ,0.1678957002252037,0.1461968200842113,0.021698880140992388,True,True,True
2023-04,4,Ward,NCut,SW,0.3813767817933319,0.2791468923057645,0.1022298894875674,True,True,True
2023-04,4,Ward,NCut,CH,1362.834001332621,1192.014632293213,170.819369039408,True,True,True
2023-04,4,Ward,NCut,S_Dbw,0.587244163986022,0.7282965904956442,-0.14105242650962224,True,True,True
2023-04,4,Ward,NCut,AVI,0.4990526157982938,0.4587816439275366,0.04027097187075718,True,True,True
2023-04,4,Ward,NCut,AVU,0.5022842809765108,0.6172788762751479,-0.11499459529863709,True,True,True
2023-04,4,Ward,NCut,MQ,0.13777950267222713,0.1461968200842113,-0.008417317411984176,True,True,True
2023-04,6,SSE,Ward,SW,0.2985918780618839,0.2523896066522787,0.0462022714096052,True,True,True
2023-04,6,SSE,Ward,CH,1595.7505843080457,1342.5608184828604,253.1897658251853,True,True,True
2023-04,6,SSE,Ward,S_Dbw,0.5675483353709272,0.6322895714164425,-0.0647412360455153,True,True,True
2023-04,6,SSE,Ward,AVI,0.3444213871945801,0.3579465457339683,-0.013525158539388182,True,True,True
2023-04,6,SSE,Ward,AVU,0.46147468668700375,0.4439243420809404,0.01755034460606336,True,True,True
2023-04,6,SSE,Ward,MQ,0.1259731514827995,0.11289366865546778,0.01307948282733172,True,True,True
2023-04,6,SSE,NCut,SW,0.2985918780618839,0.24866315167541622,0.0499287263864677,True,True,True
2023-04,6,SSE,NCut,CH,1595.7505843080457,1148.7029837283135,447.04760057973226,True,True,True
2023-04,6,SSE,NCut,S_Dbw,0.5675483353709272,0.4476076181966201,0.1199407171743071,True,True,True
2023-04,6,SSE,NCut,AVI,0.3444213871945801,0.3238434113304286,0.0205779758641515,True,True,True
2023-04,6,SSE,NCut,AVU,0.46147468668700375,0.4929248100657855,-0.031450123378781725,True,True,True
2023-04,6,SSE,NCut,MQ,0.1259731514827995,0.11953026038071506,0.006442891102084444,True,True,True
2023-04,6,Ward,NCut,SW,0.2523896066522787,0.24866315167541622,0.0037264549768624977,True,True,True
2023-04,6,Ward,NCut,CH,1342.5608184828604,1148.7029837283135,193.85783475454696,True,True,True
2023-04,6,Ward,NCut,S_Dbw,0.6322895714164425,0.4476076181966201,0.1846819532198224,True,True,True
2023-04,6,Ward,NCut,AVI,0.3579465457339683,0.3238434113304286,0.03410313440353968,True,True,True
2023-04,6,Ward,NCut,AVU,0.4439243420809404,0.4929248100657855,-0.049000467984845086,True,True,True
2023-04,6,Ward,NCut,MQ,0.11289366865546778,0.11953026038071506,-0.006636591725247276,True,True,True
2023-04,8,SSE,Ward,SW,0.27656792338727715,0.23092870659882878,0.04563921678844837,False,False,False
2023-04,8,SSE,Ward,CH,1410.6598099372386,1205.0464797621403,205.61333017509833,False,False,False
2023-04,8,SSE,Ward,S_Dbw,,,,False,False,False
2023-04,8,SSE,Ward,AVI,0.28696705463669814,0.2773160981228142,0.009650956513883924,False,False,False
2023-04,8,SSE,Ward,AVU,0.4398970942739598,0.43737187298952024,0.0025252212844395494,False,False,False
2023-04,8,SSE,Ward,MQ,0.10466685422646138,0.1038516229677779,0.000815231258683477,False,False,False
2023-04,8,SSE,NCut,SW,0.27656792338727715,0.23272816576628844,0.04383975762098871,False,True,False
2023-04,8,SSE,NCut,CH,1410.6598099372386,1080.5560379200774,330.1037720171612,False,True,False
2023-04,8,SSE,NCut,S_Dbw,,0.40580542456319413,,False,True,False
2023-04,8,SSE,NCut,AVI,0.28696705463669814,0.25523588638278927,0.03173116825390887,False,True,False
2023-04,8,SSE,NCut,AVU,0.4398970942739598,0.46387224735271754,-0.02397515307875775,False,True,False
2023-04,8,SSE,NCut,MQ,0.10466685422646138,0.09609763412748704,0.008569220098974345,False,True,False
2023-04,8,Ward,NCut,SW,0.23092870659882878,0.23272816576628844,-0.0017994591674596605,False,True,False
2023-04,8,Ward,NCut,CH,1205.0464797621403,1080.5560379200774,124.49044184206286,False,True,False
2023-04,8,Ward,NCut,S_Dbw,,0.40580542456319413,,False,True,False
2023-04,8,Ward,NCut,AVI,0.2773160981228142,0.25523588638278927,0.022080211740024946,False,True,False
2023-04,8,Ward,NCut,AVU,0.43737187298952024,0.46387224735271754,-0.0265003743631973,False,True,False
2023-04,8,Ward,NCut,MQ,0.1038516229677779,0.09609763412748704,0.007753988840290868,False,True,False
2023-04,10,SSE,Ward,SW,0.2739234906598217,0.2224680639404,0.05145542671942169,False,False,False
2023-04,10,SSE,Ward,CH,1295.99341097725,1111.3754548222166,184.61795615503343,False,False,False
2023-04,10,SSE,Ward,S_Dbw,,,,False,False,False
2023-04,10,SSE,Ward,AVI,0.24582541600636226,0.226757187263026,0.019068228743336274,False,False,False
2023-04,10,SSE,Ward,AVU,0.4084817378960336,0.43572433742135414,-0.027242599525320543,False,False,False
2023-04,10,SSE,Ward,MQ,0.09557707904396576,0.0877431693885974,0.007833909655368357,False,False,False
2023-04,10,SSE,NCut,SW,0.2739234906598217,0.21811385856911106,0.05580963209071063,False,True,False
2023-04,10,SSE,NCut,CH,1295.99341097725,1059.8744837961149,236.11892718113518,False,True,False
2023-04,10,SSE,NCut,S_Dbw,,0.33945132097890474,,False,True,False
2023-04,10,SSE,NCut,AVI,0.24582541600636226,0.21095653130090977,0.03486888470545249,False,True,False
2023-04,10,SSE,NCut,AVU,0.4084817378960336,0.46029202779160033,-0.05181028989556674,False,True,False
2023-04,10,SSE,NCut,MQ,0.09557707904396576,0.07952782722743071,0.01604925181653505,False,True,False
2023-04,10,Ward,NCut,SW,0.2224680639404,0.21811385856911106,0.004354205371288944,False,True,False
2023-04,10,Ward,NCut,CH,1111.3754548222166,1059.8744837961149,51.50097102610175,False,True,False
2023-04,10,Ward,NCut,S_Dbw,,0.33945132097890474,,False,True,False
2023-04,10,Ward,NCut,AVI,0.226757187263026,0.21095653130090977,0.015800655962116217,False,True,False
2023-04,10,Ward,NCut,AVU,0.43572433742135414,0.46029202779160033,-0.024567690370246198,False,True,False
2023-04,10,Ward,NCut,MQ,0.0877431693885974,0.07952782722743071,0.008215342161166692,False,True,False
2023-04,12,SSE,Ward,SW,0.24194642015657497,0.21393515860813786,0.02801126154843711,False,False,False
2023-04,12,SSE,Ward,CH,1208.2494657729294,1040.028978674934,168.22048709799537,False,False,False
2023-04,12,SSE,Ward,S_Dbw,,,,False,False,False
2023-04,12,SSE,Ward,AVI,0.23347795899957727,0.22745289232996418,0.006025066669613083,False,False,False
2023-04,12,SSE,Ward,AVU,0.3998191644838417,0.395118038069731,0.00470112641411069,False,False,False
2023-04,12,SSE,Ward,MQ,0.07891844656782544,0.08621889232708607,-0.007300445759260629,False,False,False
2023-04,12,SSE,NCut,SW,0.24194642015657497,0.18110972511963983,0.060836695036935146,False,False,False
2023-04,12,SSE,NCut,CH,1208.2494657729294,966.8827573896739,241.3667083832555,False,False,False
2023-04,12,SSE,NCut,S_Dbw,,,,False,False,False
2023-04,12,SSE,NCut,AVI,0.23347795899957727,0.18058543500843702,0.05289252399114025,False,False,False
2023-04,12,SSE,NCut,AVU,0.3998191644838417,0.4649170864870809,-0.06509792200323922,False,False,False
2023-04,12,SSE,NCut,MQ,0.07891844656782544,0.06844381202729255,0.010474634540532893,False,False,False
2023-04,12,Ward,NCut,SW,0.21393515860813786,0.18110972511963983,0.032825433488498035,False,False,False
2023-04,12,Ward,NCut,CH,1040.028978674934,966.8827573896739,73.14622128526014,False,False,False
2023-04,12,Ward,NCut,S_Dbw,,,,False,False,False
2023-04,12,Ward,NCut,AVI,0.22745289232996418,0.18058543500843702,0.04686745732152717,False,False,False
2023-04,12,Ward,NCut,AVU,0.395118038069731,0.4649170864870809,-0.06979904841734991,False,False,False
2023-04,12,Ward,NCut,MQ,0.08621889232708607,0.06844381202729255,0.017775080299793522,False,False,False
2023-04,16,SSE,Ward,SW,0.22818569464644523,0.1860871156001669,0.04209857904627831,False,False,False
2023-04,16,SSE,Ward,CH,1062.8294352455414,936.943720748458,125.88571449708343,False,False,False
2023-04,16,SSE,Ward,S_Dbw,,,,False,False,False
2023-04,16,SSE,Ward,AVI,0.17948171772008628,0.17530221480588043,0.0041795029142058515,False,False,False
2023-04,16,SSE,Ward,AVU,0.39626340426079537,0.3986947693002609,-0.002431365039465505,False,False,False
2023-04,16,SSE,Ward,MQ,0.06335613644187557,0.059576351006393795,0.0037797854354817764,False,False,False
2023-04,16,SSE,NCut,SW,0.22818569464644523,0.14222325264451058,0.08596244200193465,False,False,False
2023-04,16,SSE,NCut,CH,1062.8294352455414,840.5913700652925,222.2380651802489,False,False,False
2023-04,16,SSE,NCut,S_Dbw,,,,False,False,False
2023-04,16,SSE,NCut,AVI,0.17948171772008628,0.14545742147841748,0.034024296241668806,False,False,False
2023-04,16,SSE,NCut,AVU,0.39626340426079537,0.45710739333280814,-0.06084398907201277,False,False,False
2023-04,16,SSE,NCut,MQ,0.06335613644187557,0.05294568593818133,0.01041045050369424,False,False,False
2023-04,16,Ward,NCut,SW,0.1860871156001669,0.14222325264451058,0.043863862955656335,False,False,False
2023-04,16,Ward,NCut,CH,936.943720748458,840.5913700652925,96.35235068316547,False,False,False
2023-04,16,Ward,NCut,S_Dbw,,,,False,False,False
2023-04,16,Ward,NCut,AVI,0.17530221480588043,0.14545742147841748,0.029844793327462954,False,False,False
2023-04,16,Ward,NCut,AVU,0.3986947693002609,0.45710739333280814,-0.05841262403254727,False,False,False
2023-04,16,Ward,NCut,MQ,0.059576351006393795,0.05294568593818133,0.006630665068212464,False,False,False
2023-04,20,SSE,Ward,SW,0.22361218049207385,0.17583846834541159,0.04777371214666226,False,False,False
2023-04,20,SSE,Ward,CH,967.5530181119386,855.6523520935667,111.90066601837191,False,False,False
2023-04,20,SSE,Ward,S_Dbw,,,,False,False,False
2023-04,20,SSE,Ward,AVI,0.14655794310727355,0.14179448583337892,0.004763457273894628,False,False,False
2023-04,20,SSE,Ward,AVU,0.38534055813225215,0.4058313274829126,-0.020490769350660465,False,False,False
2023-04,20,SSE,Ward,MQ,0.05376426244629442,0.05145355482572675,0.002310707620567669,False,False,False
2023-04,20,SSE,NCut,SW,0.22361218049207385,0.16032087948425308,0.06329130100782077,False,False,False
2023-04,20,SSE,NCut,CH,967.5530181119386,756.6237293042088,210.9292888077298,False,False,False
2023-04,20,SSE,NCut,S_Dbw,,,,False,False,False
2023-04,20,SSE,NCut,AVI,0.14655794310727355,0.12236020623972639,0.024197736867547157,False,False,False
2023-04,20,SSE,NCut,AVU,0.38534055813225215,0.4383747175347606,-0.05303415940250844,False,False,False
2023-04,20,SSE,NCut,MQ,0.05376426244629442,0.04399255973144911,0.009771702714845308,False,False,False
2023-04,20,Ward,NCut,SW,0.17583846834541159,0.16032087948425308,0.015517588861158504,False,False,False
2023-04,20,Ward,NCut,CH,855.6523520935667,756.6237293042088,99.02862278935788,False,False,False
2023-04,20,Ward,NCut,S_Dbw,,,,False,False,False
2023-04,20,Ward,NCut,AVI,0.14179448583337892,0.12236020623972639,0.01943427959365253,False,False,False
2023-04,20,Ward,NCut,AVU,0.4058313274829126,0.4383747175347606,-0.032543390051847976,False,False,False
2023-04,20,Ward,NCut,MQ,0.05145355482572675,0.04399255973144911,0.007460995094277639,False,False,False
2023-05,4,SSE,Ward,SW,0.3638688379790891,0.3461180706124697,0.017750767366619402,True,True,True
2023-05,4,SSE,Ward,CH,1751.402081239749,1354.5037252857242,396.89835595402474,True,True,True
2023-05,4,SSE,Ward,S_Dbw,0.6655168001067543,0.6299254871764901,0.035591312930264185,True,True,True
2023-05,4,SSE,Ward,AVI,0.47198882895891275,0.4580148581673354,0.013973970791577361,True,True,True
2023-05,4,SSE,Ward,AVU,0.5191558701330008,0.5506705962026874,-0.03151472606968664,True,True,True
2023-05,4,SSE,Ward,MQ,0.17727027822868674,0.14967886373251696,0.02759141449616978,True,True,True
2023-05,4,SSE,NCut,SW,0.3638688379790891,0.27714961772347213,0.08671922025561696,True,True,True
2023-05,4,SSE,NCut,CH,1751.402081239749,1241.5759207256838,509.8261605140651,True,True,True
2023-05,4,SSE,NCut,S_Dbw,0.6655168001067543,0.6668386182636818,-0.0013218181569275567,True,True,True
2023-05,4,SSE,NCut,AVI,0.47198882895891275,0.46253666065713755,0.009452168301775199,True,True,True
2023-05,4,SSE,NCut,AVU,0.5191558701330008,0.6157080276559416,-0.09655215752294077,True,True,True
2023-05,4,SSE,NCut,MQ,0.17727027822868674,0.15447224896790396,0.02279802926078278,True,True,True
2023-05,4,Ward,NCut,SW,0.3461180706124697,0.27714961772347213,0.06896845288899756,True,True,True
2023-05,4,Ward,NCut,CH,1354.5037252857242,1241.5759207256838,112.92780456004039,True,True,True
2023-05,4,Ward,NCut,S_Dbw,0.6299254871764901,0.6668386182636818,-0.03691313108719174,True,True,True
2023-05,4,Ward,NCut,AVI,0.4580148581673354,0.46253666065713755,-0.0045218024898021625,True,True,True
2023-05,4,Ward,NCut,AVU,0.5506705962026874,0.6157080276559416,-0.06503743145325414,True,True,True
2023-05,4,Ward,NCut,MQ,0.14967886373251696,0.15447224896790396,-0.004793385235386999,True,True,True
2023-05,6,SSE,Ward,SW,0.30307431439575233,0.2655399400722994,0.03753437432345291,True,True,True
2023-05,6,SSE,Ward,CH,1581.7236068572495,1341.2852178124876,240.43838904476183,True,True,True
2023-05,6,SSE,Ward,S_Dbw,0.5513185672827257,0.6502418620997591,-0.09892329481703344,True,True,True
2023-05,6,SSE,Ward,AVI,0.34831037114202484,0.3320492056280898,0.016261165513935028,True,True,True
2023-05,6,SSE,Ward,AVU,0.46375573551840255,0.48442965193720894,-0.020673916418806393,True,True,True
2023-05,6,SSE,Ward,MQ,0.13423981234572074,0.12344104771567337,0.010798764630047378,True,True,True
2023-05,6,SSE,NCut,SW,0.30307431439575233,0.24285487639548506,0.06021943800026727,True,True,True
2023-05,6,SSE,NCut,CH,1581.7236068572495,1134.5085136737919,447.2150931834576,True,True,True
2023-05,6,SSE,NCut,S_Dbw,0.5513185672827257,0.44517448407147964,0.10614408321124602,True,True,True
2023-05,6,SSE,NCut,AVI,0.34831037114202484,0.32537898110226826,0.022931390039756583,True,True,True
2023-05,6,SSE,NCut,AVU,0.46375573551840255,0.504828284432708,-0.04107254891430545,True,True,True
2023-05,6,SSE,NCut,MQ,0.13423981234572074,0.12323343870454029,0.011006373641180456,True,True,True
2023-05,6,Ward,NCut,SW,0.2655399400722994,0.24285487639548506,0.02268506367681436,True,True,True
2023-05,6,Ward,NCut,CH,1341.2852178124876,1134.5085136737919,206.77670413869578,True,True,True
2023-05,6,Ward,NCut,S_Dbw,0.6502418620997591,0.44517448407147964,0.20506737802827946,True,True,True
2023-05,6,Ward,NCut,AVI,0.3320492056280898,0.32537898110226826,0.006670224525821555,True,True,True
2023-05,6,Ward,NCut,AVU,0.48442965193720894,0.504828284432708,-0.02039863249549906,True,True,True
2023-05,6,Ward,NCut,MQ,0.12344104771567337,0.12323343870454029,0.00020760901113307806,True,True,True
2023-05,8,SSE,Ward,SW,0.2900128721311933,0.2747204028233888,0.015292469307804535,False,False,False
2023-05,8,SSE,Ward,CH,1406.470525910231,1209.3597639851012,197.11076192512974,False,False,False
2023-05,8,SSE,Ward,S_Dbw,,,,False,False,False
2023-05,8,SSE,Ward,AVI,0.2717650405866243,0.27955394466908606,-0.007788904082461745,False,False,False
2023-05,8,SSE,Ward,AVU,0.43688666596410947,0.37628599546823926,0.0606006704958702,False,False,False
2023-05,8,SSE,Ward,MQ,0.11355531390106292,0.12273785369190536,-0.009182539790842437,False,False,False
2023-05,8,SSE,NCut,SW,0.2900128721311933,0.23854352729527487,0.051469344835918446,False,False,False
2023-05,8,SSE,NCut,CH,1406.470525910231,1031.4456742516895,375.02485165854137,False,False,False
2023-05,8,SSE,NCut,S_Dbw,,,,False,False,False
2023-05,8,SSE,NCut,AVI,0.2717650405866243,0.2567187988429612,0.015046241743663091,False,False,False
2023-05,8,SSE,NCut,AVU,0.43688666596410947,0.46310192442465425,-0.026215258460544788,False,False,False
2023-05,8,SSE,NCut,MQ,0.11355531390106292,0.10082916817018656,0.012726145730876368,False,False,False
2023-05,8,Ward,NCut,SW,0.2747204028233888,0.23854352729527487,0.03617687552811391,False,False,False
2023-05,8,Ward,NCut,CH,1209.3597639851012,1031.4456742516895,177.91408973341163,False,False,False
2023-05,8,Ward,NCut,S_Dbw,,,,False,False,False
2023-05,8,Ward,NCut,AVI,0.27955394466908606,0.2567187988429612,0.022835145826124836,False,False,False
2023-05,8,Ward,NCut,AVU,0.37628599546823926,0.46310192442465425,-0.08681592895641499,False,False,False
2023-05,8,Ward,NCut,MQ,0.12273785369190536,0.10082916817018656,0.021908685521718804,False,False,False
2023-05,10,SSE,Ward,SW,0.27259955287946086,0.24916630275288368,0.023433250126577182,False,False,False
2023-05,10,SSE,Ward,CH,1292.9342089160816,1085.4833077840035,207.45090113207812,False,False,False
2023-05,10,SSE,Ward,S_Dbw,,,,False,False,False
2023-05,10,SSE,Ward,AVI,0.25270753489341713,0.22731066953422593,0.025396865359191195,False,False,False
2023-05,10,SSE,Ward,AVU,0.40318724765153147,0.3684772980337132,0.03470994961781826,False,False,False
2023-05,10,SSE,Ward,MQ,0.10134828937773564,0.11297055656928501,-0.011622267191549365,False,False,False
2023-05,10,SSE,NCut,SW,0.27259955287946086,0.21307872378529336,0.059520829094167504,False,False,False
2023-05,10,SSE,NCut,CH,1292.9342089160816,1021.3579780593648,271.57623085671685,False,False,False
2023-05,10,SSE,NCut,S_Dbw,,,,False,False,False
2023-05,10,SSE,NCut,AVI,0.25270753489341713,0.21431131047552404,0.03839622441789309,False,False,False
2023-05,10,SSE,NCut,AVU,0.40318724765153147,0.43831083811767546,-0.035123590466143995,False,False,False
2023-05,10,SSE,NCut,MQ,0.10134828937773564,0.0861602332028829,0.015188056174852749,False,False,False
2023-05,10,Ward,NCut,SW,0.24916630275288368,0.21307872378529336,0.03608757896759032,False,False,False
2023-05,10,Ward,NCut,CH,1085.4833077840035,1021.3579780593648,64.12532972463873,False,False,False
2023-05,10,Ward,NCut,S_Dbw,,,,False,False,False
2023-05,10,Ward,NCut,AVI,0.22731066953422593,0.21431131047552404,0.012999359058701893,False,False,False
2023-05,10,Ward,NCut,AVU,0.3684772980337132,0.43831083811767546,-0.06983354008396225,False,False,False
2023-05,10,Ward,NCut,MQ,0.11297055656928501,0.0861602332028829,0.026810323366402114,False,False,False
2023-05,12,SSE,Ward,SW,0.2532965101665951,0.21158353617312126,0.041712973993473845,False,False,False
2023-05,12,SSE,Ward,CH,1202.30103846579,995.7496337497586,206.55140471603147,False,False,False
2023-05,12,SSE,Ward,S_Dbw,,,,False,False,False
2023-05,12,SSE,Ward,AVI,0.21421193165088948,0.1916573432358648,0.022554588415024668,False,False,False
2023-05,12,SSE,Ward,AVU,0.41635667108647295,0.40069849135585683,0.015658179730616117,False,False,False
2023-05,12,SSE,Ward,MQ,0.08892197693883598,0.10123906446895505,-0.012317087530119064,False,False,False
2023-05,12,SSE,NCut,SW,0.2532965101665951,0.1958201679452284,0.05747634222136669,False,False,False
2023-05,12,SSE,NCut,CH,1202.30103846579,971.1295802445071,231.17145822128293,False,False,False
2023-05,12,SSE,NCut,S_Dbw,,,,False,False,False
2023-05,12,SSE,NCut,AVI,0.21421193165088948,0.18303404053686642,0.031177891114023054,False,False,False
2023-05,12,SSE,NCut,AVU,0.41635667108647295,0.45329239756734885,-0.0369357264808759,False,False,False
2023-05,12,SSE,NCut,MQ,0.08892197693883598,0.07241261721375644,0.01650935972507954,False,False,False
2023-05,12,Ward,NCut,SW,0.21158353617312126,0.1958201679452284,0.015763368227892843,False,False,False
2023-05,12,Ward,NCut,CH,995.7496337497586,971.1295802445071,24.620053505251462,False,False,False
2023-05,12,Ward,NCut,S_Dbw,,,,False,False,False
2023-05,12,Ward,NCut,AVI,0.1916573432358648,0.18303404053686642,0.008623302698998386,False,False,False
2023-05,12,Ward,NCut,AVU,0.40069849135585683,0.45329239756734885,-0.052593906211492014,False,False,False
2023-05,12,Ward,NCut,MQ,0.10123906446895505,0.07241261721375644,0.028826447255198603,False,False,False
2023-05,16,SSE,Ward,SW,0.22902648814291943,0.16552545129471688,0.06350103684820255,False,False,False
2023-05,16,SSE,Ward,CH,1054.228339898331,890.0248050898426,164.20353480848826,False,False,False
2023-05,16,SSE,Ward,S_Dbw,,,,False,False,False
2023-05,16,SSE,Ward,AVI,0.16964139535299788,0.14922283019116672,0.02041856516183116,False,False,False
2023-05,16,SSE,Ward,AVU,0.39159638648795553,0.40425069039519884,-0.012654303907243314,False,False,False
2023-05,16,SSE,Ward,MQ,0.06848075355624524,0.06411453149553552,0.004366222060709718,False,False,False
2023-05,16,SSE,NCut,SW,0.22902648814291943,0.1947078651680558,0.03431862297486363,False,False,False
2023-05,16,SSE,NCut,CH,1054.228339898331,857.4137055169524,196.81463438137848,False,False,False
2023-05,16,SSE,NCut,S_Dbw,,,,False,False,False
2023-05,16,SSE,NCut,AVI,0.16964139535299788,0.14133303788328175,0.028308357469716133,False,False,False
2023-05,16,SSE,NCut,AVU,0.39159638648795553,0.4420922975801655,-0.050495911092209966,False,False,False
2023-05,16,SSE,NCut,MQ,0.06848075355624524,0.05605940079935045,0.012421352756894787,False,False,False
2023-05,16,Ward,NCut,SW,0.16552545129471688,0.1947078651680558,-0.02918241387333892,False,False,False
2023-05,16,Ward,NCut,CH,890.0248050898426,857.4137055169524,32.611099572890225,False,False,False
2023-05,16,Ward,NCut,S_Dbw,,,,False,False,False
2023-05,16,Ward,NCut,AVI,0.14922283019116672,0.14133303788328175,0.007889792307884974,False,False,False
2023-05,16,Ward,NCut,AVU,0.40425069039519884,0.4420922975801655,-0.03784160718496665,False,False,False
2023-05,16,Ward,NCut,MQ,0.06411453149553552,0.05605940079935045,0.008055130696185069,False,False,False
2023-05,20,SSE,Ward,SW,0.22360461938782183,0.16896192266051396,0.05464269672730787,False,False,False
2023-05,20,SSE,Ward,CH,960.0589948430887,819.7081961679735,140.35079867511524,False,False,False
2023-05,20,SSE,Ward,S_Dbw,,,,False,False,False
2023-05,20,SSE,Ward,AVI,0.13902860086823124,0.13892298067735864,0.00010562019087259622,False,False,False
2023-05,20,SSE,Ward,AVU,0.3968098444614413,0.3858241075528189,0.010985736908622423,False,False,False
2023-05,20,SSE,Ward,MQ,0.053766868225300024,0.058939615447181605,-0.005172747221881581,False,False,False
2023-05,20,SSE,NCut,SW,0.22360461938782183,0.1288342076595966,0.09477041172822523,False,False,False
2023-05,20,SSE,NCut,CH,960.0589948430887,569.2250144919683,390.83398035112043,False,False,False
2023-05,20,SSE,NCut,S_Dbw,,,,False,False,False
2023-05,20,SSE,NCut,AVI,0.13902860086823124,0.1095858231739108,0.029442777694320438,False,False,False
2023-05,20,SSE,NCut,AVU,0.3968098444614413,0.4715919493031494,-0.07478210484170811,False,False,False
2023-05,20,SSE,NCut,MQ,0.053766868225300024,0.04362197624510264,0.010144891980197385,False,False,False
2023-05,20,Ward,NCut,SW,0.16896192266051396,0.1288342076595966,0.04012771500091736,False,False,False
2023-05,20,Ward,NCut,CH,819.7081961679735,569.2250144919683,250.4831816760052,False,False,False
2023-05,20,Ward,NCut,S_Dbw,,,,False,False,False
2023-05,20,Ward,NCut,AVI,0.13892298067735864,0.1095858231739108,0.02933715750344784,False,False,False
2023-05,20,Ward,NCut,AVU,0.3858241075528189,0.4715919493031494,-0.08576784175033053,False,False,False
2023-05,20,Ward,NCut,MQ,0.058939615447181605,0.04362197624510264,0.015317639202078966,False,False,False
2023-06,4,SSE,Ward,SW,0.36572368948167294,0.3040633686363306,0.06166032084534234,True,True,True
2023-06,4,SSE,Ward,CH,1776.3051211896825,1444.0738126935562,332.2313084961263,True,True,True
2023-06,4,SSE,Ward,S_Dbw,0.5519004301921002,0.6326980580915951,-0.08079762789949485,True,True,True
2023-06,4,SSE,Ward,AVI,0.472284856737035,0.4629341488093097,0.009350707927725299,True,True,True
2023-06,4,SSE,Ward,AVU,0.5336486207258944,0.5333894741452376,0.0002591465806567328,True,True,True
2023-06,4,SSE,Ward,MQ,0.17661798532972336,0.14094778324127027,0.03567020208845309,True,True,True
2023-06,4,SSE,NCut,SW,0.36572368948167294,0.28027449305784585,0.08544919642382709,True,True,True
2023-06,4,SSE,NCut,CH,1776.3051211896825,1192.0354530141137,584.2696681755688,True,True,True
2023-06,4,SSE,NCut,S_Dbw,0.5519004301921002,0.7039237254042217,-0.15202329521212143,True,True,True
2023-06,4,SSE,NCut,AVI,0.472284856737035,0.44983626836450186,0.022448588372533163,True,True,True
2023-06,4,SSE,NCut,AVU,0.5336486207258944,0.6058375332159458,-0.07218891249005144,True,True,True
2023-06,4,SSE,NCut,MQ,0.17661798532972336,0.15329534152239324,0.023322643807330123,True,True,True
2023-06,4,Ward,NCut,SW,0.3040633686363306,0.28027449305784585,0.023788875578484747,True,True,True
2023-06,4,Ward,NCut,CH,1444.0738126935562,1192.0354530141137,252.03835967944246,True,True,True
2023-06,4,Ward,NCut,S_Dbw,0.6326980580915951,0.7039237254042217,-0.07122566731262658,True,True,True
2023-06,4,Ward,NCut,AVI,0.4629341488093097,0.44983626836450186,0.013097880444807863,True,True,True
2023-06,4,Ward,NCut,AVU,0.5333894741452376,0.6058375332159458,-0.07244805907070817,True,True,True
2023-06,4,Ward,NCut,MQ,0.14094778324127027,0.15329534152239324,-0.012347558281122967,True,True,True
2023-06,6,SSE,Ward,SW,0.3104538010463928,0.26267034886084867,0.04778345218554414,True,True,True
2023-06,6,SSE,Ward,CH,1636.0784065870587,1364.2465004503376,271.83190613672105,True,True,True
2023-06,6,SSE,Ward,S_Dbw,0.49104974938977114,0.525171966291669,-0.03412221690189782,True,True,True
2023-06,6,SSE,Ward,AVI,0.3413063562842291,0.3307072879194734,0.010599068364755715,True,True,True
2023-06,6,SSE,Ward,AVU,0.47940497669803744,0.4734427539157414,0.005962222782296023,True,True,True
2023-06,6,SSE,Ward,MQ,0.13107229865963166,0.1252335407671882,0.0058387578924434524,True,True,True
2023-06,6,SSE,NCut,SW,0.3104538010463928,0.2367614830179966,0.07369231802839621,True,True,True
2023-06,6,SSE,NCut,CH,1636.0784065870587,1218.1947641922106,417.88364239484804,True,True,True
2023-06,6,SSE,NCut,S_Dbw,0.49104974938977114,0.4882080440400748,0.002841705349696355,True,True,True
2023-06,6,SSE,NCut,AVI,0.3413063562842291,0.3220258751120538,0.01928048117217529,True,True,True
2023-06,6,SSE,NCut,AVU,0.47940497669803744,0.5218567312270612,-0.04245175452902378,True,True,True
2023-06,6,SSE,NCut,MQ,0.13107229865963166,0.11869653123661371,0.01237576742301795,True,True,True
2023-06,6,Ward,NCut,SW,0.26267034886084867,0.2367614830179966,0.02590886584285207,True,True,True
2023-06,6,Ward,NCut,CH,1364.2465004503376,1218.1947641922106,146.051736258127,True,True,True
2023-06,6,Ward,NCut,S_Dbw,0.525171966291669,0.4882080440400748,0.03696392225159417,True,True,True
2023-06,6,Ward,NCut,AVI,0.3307072879194734,0.3220258751120538,0.008681412807419575,True,True,True
2023-06,6,Ward,NCut,AVU,0.4734427539157414,0.5218567312270612,-0.0484139773113198,True,True,True
2023-06,6,Ward,NCut,MQ,0.1252335407671882,0.11869653123661371,0.006537009530574497,True,True,True
2023-06,8,SSE,Ward,SW,0.26602589737505145,0.24002902989218589,0.02599686748286556,False,True,False
2023-06,8,SSE,Ward,CH,1415.2487199931152,1161.1876585854682,254.061061407647,False,True,False
2023-06,8,SSE,Ward,S_Dbw,,0.4324281593766752,,False,True,False
2023-06,8,SSE,Ward,AVI,0.26621174655634966,0.2617024318133575,0.004509314742992154,False,True,False
2023-06,8,SSE,Ward,AVU,0.4700356110343323,0.4020949583267494,0.06794065270758287,False,True,False
2023-06,8,SSE,Ward,MQ,0.10515516400108858,0.11033992709629152,-0.005184763095202938,False,True,False
2023-06,8,SSE,NCut,SW,0.26602589737505145,0.24628068278598533,0.019745214589066112,False,True,False
2023-06,8,SSE,NCut,CH,1415.2487199931152,1142.7246696452728,272.5240503478424,False,True,False
2023-06,8,SSE,NCut,S_Dbw,,0.5345125252931158,,False,True,False
2023-06,8,SSE,NCut,AVI,0.26621174655634966,0.257604358799879,0.008607387756470686,False,True,False
2023-06,8,SSE,NCut,AVU,0.4700356110343323,0.4678102470169115,0.0022253640174207945,False,True,False
2023-06,8,SSE,NCut,MQ,0.10515516400108858,0.10124247685122643,0.0039126871498621485,False,True,False
2023-06,8,Ward,NCut,SW,0.24002902989218589,0.24628068278598533,-0.0062516528937994476,True,True,True
2023-06,8,Ward,NCut,CH,1161.1876585854682,1142.7246696452728,18.462988940195373,True,True,True
2023-06,8,Ward,NCut,S_Dbw,0.4324281593766752,0.5345125252931158,-0.10208436591644054,True,True,True
2023-06,8,Ward,NCut,AVI,0.2617024318133575,0.257604358799879,0.0040980730134785315,True,True,True
2023-06,8,Ward,NCut,AVU,0.4020949583267494,0.4678102470169115,-0.06571528869016208,True,True,True
2023-06,8,Ward,NCut,MQ,0.11033992709629152,0.10124247685122643,0.009097450245065086,True,True,True
2023-06,10,SSE,Ward,SW,0.26636215600750995,0.20832511670320142,0.058037039304308535,False,False,False
2023-06,10,SSE,Ward,CH,1289.8460110560866,1072.1658985949243,217.68011246116225,False,False,False
2023-06,10,SSE,Ward,S_Dbw,,,,False,False,False
2023-06,10,SSE,Ward,AVI,0.22950596427361708,0.21375075507126357,0.015755209202353515,False,False,False
2023-06,10,SSE,Ward,AVU,0.43333550104468443,0.4342597638973767,-0.0009242628526922592,False,False,False
2023-06,10,SSE,Ward,MQ,0.09682389658813689,0.09884249683832785,-0.0020186002501909606,False,False,False
2023-06,10,SSE,NCut,SW,0.26636215600750995,0.20455690224726328,0.061805253760246676,False,False,False
2023-06,10,SSE,NCut,CH,1289.8460110560866,1015.8883175345132,273.95769352157333,False,False,False
2023-06,10,SSE,NCut,S_Dbw,,,,False,False,False
2023-06,10,SSE,NCut,AVI,0.22950596427361708,0.211400614463677,0.01810534980994008,False,False,False
2023-06,10,SSE,NCut,AVU,0.43333550104468443,0.46461399577659246,-0.031278494731908024,False,False,False
2023-06,10,SSE,NCut,MQ,0.09682389658813689,0.08276309718954443,0.014060799398592463,False,False,False
2023-06,10,Ward,NCut,SW,0.20832511670320142,0.20455690224726328,0.0037682144559381403,False,False,False
2023-06,10,Ward,NCut,CH,1072.1658985949243,1015.8883175345132,56.27758106041108,False,False,False
2023-06,10,Ward,NCut,S_Dbw,,,,False,False,False
2023-06,10,Ward,NCut,AVI,0.21375075507126357,0.211400614463677,0.002350140607586565,False,False,False
2023-06,10,Ward,NCut,AVU,0.4342597638973767,0.46461399577659246,-0.030354231879215765,False,False,False
2023-06,10,Ward,NCut,MQ,0.09884249683832785,0.08276309718954443,0.016079399648783424,False,False,False
2023-06,12,SSE,Ward,SW,0.2604379078241003,0.1923552245596867,0.06808268326441361,False,False,False
2023-06,12,SSE,Ward,CH,1203.565485794936,1015.722996828653,187.84248896628299,False,False,False
2023-06,12,SSE,Ward,S_Dbw,,,,False,False,False
2023-06,12,SSE,Ward,AVI,0.2028790041591941,0.18534518808181297,0.017533816077381137,False,False,False
2023-06,12,SSE,Ward,AVU,0.41567251103293884,0.4079465328831352,0.007725978149803636,False,False,False
2023-06,12,SSE,Ward,MQ,0.0891684582044781,0.07709263391210298,0.012075824292375109,False,False,False
2023-06,12,SSE,NCut,SW,0.2604379078241003,0.18917141716305574,0.07126649066104457,False,False,False
2023-06,12,SSE,NCut,CH,1203.565485794936,957.4028749563627,246.1626108385733,False,False,False
2023-06,12,SSE,NCut,S_Dbw,,,,False,False,False
2023-06,12,SSE,NCut,AVI,0.2028790041591941,0.1787798910363285,0.024099113122865612,False,False,False
2023-06,12,SSE,NCut,AVU,0.41567251103293884,0.47767023818524756,-0.061997727152308724,False,False,False
2023-06,12,SSE,NCut,MQ,0.0891684582044781,0.06962766167050888,0.019540796533969215,False,False,False
2023-06,12,Ward,NCut,SW,0.1923552245596867,0.18917141716305574,0.003183807396630961,False,False,False
2023-06,12,Ward,NCut,CH,1015.722996828653,957.4028749563627,58.320121872290315,False,False,False
2023-06,12,Ward,NCut,S_Dbw,,,,False,False,False
2023-06,12,Ward,NCut,AVI,0.18534518808181297,0.1787798910363285,0.006565297045484475,False,False,False
2023-06,12,Ward,NCut,AVU,0.4079465328831352,0.47767023818524756,-0.06972370530211236,False,False,False
2023-06,12,Ward,NCut,MQ,0.07709263391210298,0.06962766167050888,0.007464972241594106,False,False,False
2023-06,16,SSE,Ward,SW,0.23738628448346163,0.18313090733347107,0.05425537714999057,False,False,False
2023-06,16,SSE,Ward,CH,1054.6560919154888,919.8912005000446,134.76489141544414,False,False,False
2023-06,16,SSE,Ward,S_Dbw,,,,False,False,False
2023-06,16,SSE,Ward,AVI,0.1577935958429499,0.1576500924938667,0.00014350334908322382,False,False,False
2023-06,16,SSE,Ward,AVU,0.4194316151018595,0.40540257777164596,0.014029037330213545,False,False,False
2023-06,16,SSE,Ward,MQ,0.06464118783947069,0.06384291241175807,0.0007982754277126164,False,False,False
2023-06,16,SSE,NCut,SW,0.23738628448346163,0.16006734130081515,0.07731894318264648,False,False,False
2023-06,16,SSE,NCut,CH,1054.6560919154888,766.6628939793242,287.9931979361646,False,False,False
2023-06,16,SSE,NCut,S_Dbw,,,,False,False,False
2023-06,16,SSE,NCut,AVI,0.1577935958429499,0.1356476752885494,0.02214592055440051,False,False,False
2023-06,16,SSE,NCut,AVU,0.4194316151018595,0.4722977099469288,-0.05286609484506932,False,False,False
2023-06,16,SSE,NCut,MQ,0.06464118783947069,0.05323366914179855,0.01140751869767214,False,False,False
2023-06,16,Ward,NCut,SW,0.18313090733347107,0.16006734130081515,0.023063566032655913,False,False,False
2023-06,16,Ward,NCut,CH,919.8912005000446,766.6628939793242,153.22830652072048,False,False,False
2023-06,16,Ward,NCut,S_Dbw,,,,False,False,False
2023-06,16,Ward,NCut,AVI,0.1576500924938667,0.1356476752885494,0.022002417205317287,False,False,False
2023-06,16,Ward,NCut,AVU,0.40540257777164596,0.4722977099469288,-0.06689513217528287,False,False,False
2023-06,16,Ward,NCut,MQ,0.06384291241175807,0.05323366914179855,0.010609243269959524,False,False,False
2023-06,20,SSE,Ward,SW,0.22361084051049854,0.18455299379529388,0.03905784671520465,False,False,False
2023-06,20,SSE,Ward,CH,952.5137614990886,834.289733044077,118.22402845501153,False,False,False
2023-06,20,SSE,Ward,S_Dbw,,,,False,False,False
2023-06,20,SSE,Ward,AVI,0.12875157843691526,0.1282724847301796,0.000479093706735656,False,False,False
2023-06,20,SSE,Ward,AVU,0.39593001007807094,0.36770851442154,0.028221495656530926,False,False,False
2023-06,20,SSE,Ward,MQ,0.05774414638073057,0.06022374862355548,-0.0024796022428249104,False,False,False
2023-06,20,SSE,NCut,SW,0.22361084051049854,0.14715615899596005,0.07645468151453849,False,False,False
2023-06,20,SSE,NCut,CH,952.5137614990886,678.7524601141619,273.7613013849267,False,False,False
2023-06,20,SSE,NCut,S_Dbw,,,,False,False,False
2023-06,20,SSE,NCut,AVI,0.12875157843691526,0.10979787984984171,0.018953698587073547,False,False,False
2023-06,20,SSE,NCut,AVU,0.39593001007807094,0.4750813133825407,-0.07915130330446979,False,False,False
2023-06,20,SSE,NCut,MQ,0.05774414638073057,0.043961275910175214,0.013782870470555354,False,False,False
2023-06,20,Ward,NCut,SW,0.18455299379529388,0.14715615899596005,0.03739683479933384,False,False,False
2023-06,20,Ward,NCut,CH,834.289733044077,678.7524601141619,155.53727292991516,False,False,False
2023-06,20,Ward,NCut,S_Dbw,,,,False,False,False
2023-06,20,Ward,NCut,AVI,0.1282724847301796,0.10979787984984171,0.01847460488033789,False,False,False
2023-06,20,Ward,NCut,AVU,0.36770851442154,0.4750813133825407,-0.10737279896100071,False,False,False
2023-06,20,Ward,NCut,MQ,0.06022374862355548,0.043961275910175214,0.016262472713380265,False,False,False
2023-07,4,SSE,Ward,SW,0.36758313424317035,0.24627803394998396,0.12130510029318639,True,True,True
2023-07,4,SSE,Ward,CH,1829.8736898259933,1498.40620407156,331.46748575443326,True,True,True
2023-07,4,SSE,Ward,S_Dbw,0.5546018330803775,0.6193644513864779,-0.06476261830610042,True,True,True
2023-07,4,SSE,Ward,AVI,0.458741359049535,0.43869690003231065,0.020044459017224348,True,True,True
2023-07,4,SSE,Ward,AVU,0.545640700715021,0.5625794729908237,-0.01693877227580265,True,True,True
2023-07,4,SSE,Ward,MQ,0.16830326492942513,0.13607248928254037,0.03223077564688476,True,True,True
2023-07,4,SSE,NCut,SW,0.36758313424317035,0.31663621447545054,0.05094691976771981,True,True,True
2023-07,4,SSE,NCut,CH,1829.8736898259933,1513.6571935527597,316.2164962732336,True,True,True
2023-07,4,SSE,NCut,S_Dbw,0.5546018330803775,0.5939998817435255,-0.039398048663148,True,True,True
2023-07,4,SSE,NCut,AVI,0.458741359049535,0.4448463643749071,0.013894994674627903,True,True,True
2023-07,4,SSE,NCut,AVU,0.545640700715021,0.5917720573598726,-0.04613135664485157,True,True,True
2023-07,4,SSE,NCut,MQ,0.16830326492942513,0.15226181177916603,0.016041453150259094,True,True,True
2023-07,4,Ward,NCut,SW,0.24627803394998396,0.31663621447545054,-0.07035818052546658,True,True,True
2023-07,4,Ward,NCut,CH,1498.40620407156,1513.6571935527597,-15.250989481199667,True,True,True
2023-07,4,Ward,NCut,S_Dbw,0.6193644513864779,0.5939998817435255,0.025364569642952417,True,True,True
2023-07,4,Ward,NCut,AVI,0.43869690003231065,0.4448463643749071,-0.006149464342596445,True,True,True
2023-07,4,Ward,NCut,AVU,0.5625794729908237,0.5917720573598726,-0.029192584369048924,True,True,True
2023-07,4,Ward,NCut,MQ,0.13607248928254037,0.15226181177916603,-0.016189322496625663,True,True,True
2023-07,6,SSE,Ward,SW,0.3046013383129071,0.265340274967189,0.039261063345718106,True,True,True
2023-07,6,SSE,Ward,CH,1673.6149654312737,1340.5435610529166,333.0714043783571,True,True,True
2023-07,6,SSE,Ward,S_Dbw,0.5068905769157189,0.3833496705688864,0.12354090634683251,True,True,True
2023-07,6,SSE,Ward,AVI,0.32895524952057914,0.32537181997975373,0.0035834295408254113,True,True,True
2023-07,6,SSE,Ward,AVU,0.48993825023863835,0.4495208755431796,0.04041737469545875,True,True,True
2023-07,6,SSE,Ward,MQ,0.12261231320629633,0.129924042873196,-0.007311729666899677,True,True,True
2023-07,6,SSE,NCut,SW,0.3046013383129071,0.26837464245826914,0.03622669585463795,True,True,True
2023-07,6,SSE,NCut,CH,1673.6149654312737,1386.6109942085047,287.003971222769,True,True,True
2023-07,6,SSE,NCut,S_Dbw,0.5068905769157189,0.584214883464664,-0.07732430654894507,True,True,True
2023-07,6,SSE,NCut,AVI,0.32895524952057914,0.31790632734738594,0.011048922173193199,True,True,True
2023-07,6,SSE,NCut,AVU,0.48993825023863835,0.5151341816870675,-0.025195931448429132,True,True,True
2023-07,6,SSE,NCut,MQ,0.12261231320629633,0.10874007008864904,0.013872243117647287,True,True,True
2023-07,6,Ward,NCut,SW,0.265340274967189,0.26837464245826914,-0.003034367491080159,True,True,True
2023-07,6,Ward,NCut,CH,1340.5435610529166,1386.6109942085047,-46.067433155588105,True,True,True
2023-07,6,Ward,NCut,S_Dbw,0.3833496705688864,0.584214883464664,-0.20086521289577758,True,True,True
2023-07,6,Ward,NCut,AVI,0.32537181997975373,0.31790632734738594,0.007465492632367787,True,True,True
2023-07,6,Ward,NCut,AVU,0.4495208755431796,0.5151341816870675,-0.06561330614388788,True,True,True
2023-07,6,Ward,NCut,MQ,0.129924042873196,0.10874007008864904,0.021183972784546964,True,True,True
2023-07,8,SSE,Ward,SW,0.2782407402392405,0.25172288988765906,0.02651785035158144,False,True,False
2023-07,8,SSE,Ward,CH,1452.9058021432056,1218.395541978657,234.51026016454853,False,True,False
2023-07,8,SSE,Ward,S_Dbw,,0.35867304637180764,,False,True,False
2023-07,8,SSE,Ward,AVI,0.25742642573430113,0.2558307732700913,0.0015956524642098402,False,True,False
2023-07,8,SSE,Ward,AVU,0.4557731499218418,0.4256648718723517,0.030108278049490123,False,True,False
2023-07,8,SSE,Ward,MQ,0.1044404376340805,0.10224879023563502,0.002191647398445476,False,True,False
2023-07,8,SSE,NCut,SW,0.2782407402392405,0.2482974976774022,0.029943242561838307,False,False,False
2023-07,8,SSE,NCut,CH,1452.9058021432056,1214.4522535425458,238.45354860065981,False,False,False
2023-07,8,SSE,NCut,S_Dbw,,,,False,False,False
2023-07,8,SSE,NCut,AVI,0.25742642573430113,0.2493155296171075,0.008110896117193622,False,False,False
2023-07,8,SSE,NCut,AVU,0.4557731499218418,0.4652540504535955,-0.009480900531753711,False,False,False
2023-07,8,SSE,NCut,MQ,0.1044404376340805,0.09451307901824592,0.009927358615834575,False,False,False
2023-07,8,Ward,NCut,SW,0.25172288988765906,0.2482974976774022,0.003425392210256867,True,False,False
2023-07,8,Ward,NCut,CH,1218.395541978657,1214.4522535425458,3.9432884361112883,True,False,False
2023-07,8,Ward,NCut,S_Dbw,0.35867304637180764,,,True,False,False
2023-07,8,Ward,NCut,AVI,0.2558307732700913,0.2493155296171075,0.006515243652983782,True,False,False
2023-07,8,Ward,NCut,AVU,0.4256648718723517,0.4652540504535955,-0.039589178581243833,True,False,False
2023-07,8,Ward,NCut,MQ,0.10224879023563502,0.09451307901824592,0.007735711217389099,True,False,False
2023-07,10,SSE,Ward,SW,0.25696957263536563,0.20671652801057105,0.050253044624794574,False,False,False
2023-07,10,SSE,Ward,CH,1312.9679634605445,1126.9460543623977,186.0219090981468,False,False,False
2023-07,10,SSE,Ward,S_Dbw,,,,False,False,False
2023-07,10,SSE,Ward,AVI,0.20959427567103125,0.20927028310651927,0.0003239925645119879,False,False,False
2023-07,10,SSE,Ward,AVU,0.45274745506833064,0.4511905638760013,0.0015568911923293238,False,False,False
2023-07,10,SSE,Ward,MQ,0.08899646731145358,0.0816161890548628,0.00738027825659078,False,False,False
2023-07,10,SSE,NCut,SW,0.25696957263536563,0.1720019638838499,0.08496760875151574,False,False,False
2023-07,10,SSE,NCut,CH,1312.9679634605445,1034.5041589604725,278.463804500072,False,False,False
2023-07,10,SSE,NCut,S_Dbw,,,,False,False,False
2023-07,10,SSE,NCut,AVI,0.20959427567103125,0.20050142614524935,0.009092849525781904,False,False,False
2023-07,10,SSE,NCut,AVU,0.45274745506833064,0.49236364930430077,-0.039616194235970126,False,False,False
2023-07,10,SSE,NCut,MQ,0.08899646731145358,0.07345567155334828,0.015540795758105297,False,False,False
2023-07,10,Ward,NCut,SW,0.20671652801057105,0.1720019638838499,0.034714564126721165,False,False,False
2023-07,10,Ward,NCut,CH,1126.9460543623977,1034.5041589604725,92.4418954019252,False,False,False
2023-07,10,Ward,NCut,S_Dbw,,,,False,False,False
2023-07,10,Ward,NCut,AVI,0.20927028310651927,0.20050142614524935,0.008768856961269916,False,False,False
2023-07,10,Ward,NCut,AVU,0.4511905638760013,0.49236364930430077,-0.04117308542829945,False,False,False
2023-07,10,Ward,NCut,MQ,0.0816161890548628,0.07345567155334828,0.008160517501514516,False,False,False
2023-07,12,SSE,Ward,SW,0.23326842358956687,0.21296072532364405,0.020307698265922824,False,False,False
2023-07,12,SSE,Ward,CH,1214.631960777704,1043.2341216396978,171.39783913800625,False,False,False
2023-07,12,SSE,Ward,S_Dbw,,,,False,False,False
2023-07,12,SSE,Ward,AVI,0.1825250209590307,0.1781789520063838,0.0043460689526468865,False,False,False
2023-07,12,SSE,Ward,AVU,0.44048538704652557,0.41179363075585185,0.02869175629067372,False,False,False
2023-07,12,SSE,Ward,MQ,0.07250305527668553,0.07732069694206817,-0.004817641665382635,False,False,False
2023-07,12,SSE,NCut,SW,0.23326842358956687,0.19550372648481137,0.037764697104755496,False,False,False
2023-07,12,SSE,NCut,CH,1214.631960777704,1038.0753513288353,176.5566094488688,False,False,False
2023-07,12,SSE,NCut,S_Dbw,,,,False,False,False
2023-07,12,SSE,NCut,AVI,0.1825250209590307,0.17344330684978038,0.009081714109250322,False,False,False
2023-07,12,SSE,NCut,AVU,0.44048538704652557,0.4664777224039893,-0.02599233535746376,False,False,False
2023-07,12,SSE,NCut,MQ,0.07250305527668553,0.0662741597929475,0.006228895483738034,False,False,False
2023-07,12,Ward,NCut,SW,0.21296072532364405,0.19550372648481137,0.01745699883883267,False,False,False
2023-07,12,Ward,NCut,CH,1043.2341216396978,1038.0753513288353,5.158770310862565,False,False,False
2023-07,12,Ward,NCut,S_Dbw,,,,False,False,False
2023-07,12,Ward,NCut,AVI,0.1781789520063838,0.17344330684978038,0.004735645156603435,False,False,False
2023-07,12,Ward,NCut,AVU,0.41179363075585185,0.4664777224039893,-0.05468409164813748,False,False,False
2023-07,12,Ward,NCut,MQ,0.07732069694206817,0.0662741597929475,0.01104653714912067,False,False,False
2023-07,16,SSE,Ward,SW,0.2274486732295679,0.20613404313243494,0.02131463009713297,False,False,False
2023-07,16,SSE,Ward,CH,1084.2467572462435,949.6846928448842,134.5620644013593,False,False,False
2023-07,16,SSE,Ward,S_Dbw,,,,False,False,False
2023-07,16,SSE,Ward,AVI,0.14609660104673433,0.14431115260778035,0.0017854484389539793,False,False,False
2023-07,16,SSE,Ward,AVU,0.4123816971816862,0.4152766232304907,-0.0028949260488044803,False,False,False
2023-07,16,SSE,Ward,MQ,0.06173864918793005,0.06575901593660793,-0.004020366748677881,False,False,False
2023-07,16,SSE,NCut,SW,0.2274486732295679,0.1844625018164748,0.042986171413093105,False,False,False
2023-07,16,SSE,NCut,CH,1084.2467572462435,915.5714701896768,168.67528705656673,False,False,False
2023-07,16,SSE,NCut,S_Dbw,,,,False,False,False
2023-07,16,SSE,NCut,AVI,0.14609660104673433,0.13767054675413637,0.008426054292597962,False,False,False
2023-07,16,SSE,NCut,AVU,0.4123816971816862,0.4412396818337994,-0.0288579846521132,False,False,False
2023-07,16,SSE,NCut,MQ,0.06173864918793005,0.05353296350945842,0.00820568567847163,False,False,False
2023-07,16,Ward,NCut,SW,0.20613404313243494,0.1844625018164748,0.021671541315960136,False,False,False
2023-07,16,Ward,NCut,CH,949.6846928448842,915.5714701896768,34.11322265520744,False,False,False
2023-07,16,Ward,NCut,S_Dbw,,,,False,False,False
2023-07,16,Ward,NCut,AVI,0.14431115260778035,0.13767054675413637,0.006640605853643983,False,False,False
2023-07,16,Ward,NCut,AVU,0.4152766232304907,0.4412396818337994,-0.02596305860330872,False,False,False
2023-07,16,Ward,NCut,MQ,0.06575901593660793,0.05353296350945842,0.012226052427149511,False,False,False
2023-07,20,SSE,Ward,SW,0.23408987227052577,0.18522352457169433,0.04886634769883144,False,False,False
2023-07,20,SSE,Ward,CH,989.1707437317001,873.0335009445994,116.13724278710072,False,False,False
2023-07,20,SSE,Ward,S_Dbw,,,,False,False,False
2023-07,20,SSE,Ward,AVI,0.1190409475408248,0.11798212507272099,0.0010588224681038066,False,False,False
2023-07,20,SSE,Ward,AVU,0.39828719347554914,0.40810210067328,-0.009814907197730871,False,False,False
2023-07,20,SSE,Ward,MQ,0.05290763913980979,0.05413667562423116,-0.0012290364844213739,False,False,False
2023-07,20,SSE,NCut,SW,0.23408987227052577,0.18448455535173833,0.049605316918787445,False,False,False
2023-07,20,SSE,NCut,CH,989.1707437317001,870.518359602483,118.65238412921713,False,False,False
2023-07,20,SSE,NCut,S_Dbw,,,,False,False,False
2023-07,20,SSE,NCut,AVI,0.1190409475408248,0.11201553725231228,0.007025410288512515,False,False,False
2023-07,20,SSE,NCut,AVU,0.39828719347554914,0.46001950531027874,-0.0617323118347296,False,False,False
2023-07,20,SSE,NCut,MQ,0.05290763913980979,0.041587482549610234,0.011320156590199554,False,False,False
2023-07,20,Ward,NCut,SW,0.18522352457169433,0.18448455535173833,0.0007389692199560038,False,False,False
2023-07,20,Ward,NCut,CH,873.0335009445994,870.518359602483,2.515141342116408,False,False,False
2023-07,20,Ward,NCut,S_Dbw,,,,False,False,False
2023-07,20,Ward,NCut,AVI,0.11798212507272099,0.11201553725231228,0.005966587820408709,False,False,False
2023-07,20,Ward,NCut,AVU,0.40810210067328,0.46001950531027874,-0.05191740463699873,False,False,False
2023-07,20,Ward,NCut,MQ,0.05413667562423116,0.041587482549610234,0.012549193074620928,False,False,False
2023-08,4,SSE,Ward,SW,0.3714875093561634,0.24451132163938852,0.1269761877167749,True,True,True
2023-08,4,SSE,Ward,CH,1882.9378939456683,1598.0045567425593,284.933337203109,True,True,True
2023-08,4,SSE,Ward,S_Dbw,0.5090739269921326,0.6989921339127215,-0.18991820692058892,True,True,True
2023-08,4,SSE,Ward,AVI,0.4577213966728123,0.4437127703108779,0.014008626361934395,True,True,True
2023-08,4,SSE,Ward,AVU,0.5512135752677589,0.5849860302883747,-0.033772455020615766,True,True,True
2023-08,4,SSE,Ward,MQ,0.17013818643258102,0.140340093048722,0.029798093383859026,True,True,True
2023-08,4,SSE,NCut,SW,0.3714875093561634,0.324088653096354,0.04739885625980944,True,True,True
2023-08,4,SSE,NCut,CH,1882.9378939456683,1557.2494052006393,325.68848874502896,True,True,True
2023-08,4,SSE,NCut,S_Dbw,0.5090739269921326,0.5638185858294456,-0.05474465883731294,True,True,True
2023-08,4,SSE,NCut,AVI,0.4577213966728123,0.4436951315015802,0.014026265171232122,True,True,True
2023-08,4,SSE,NCut,AVU,0.5512135752677589,0.5924870370880857,-0.04127346182032676,True,True,True
2023-08,4,SSE,NCut,MQ,0.17013818643258102,0.1544166948733203,0.015721491559260725,True,True,True
2023-08,4,Ward,NCut,SW,0.24451132163938852,0.324088653096354,-0.07957733145696547,True,True,True
2023-08,4,Ward,NCut,CH,1598.0045567425593,1557.2494052006393,40.755151541919986,True,True,True
2023-08,4,Ward,NCut,S_Dbw,0.6989921339127215,0.5638185858294456,0.13517354808327597,True,True,True
2023-08,4,Ward,NCut,AVI,0.4437127703108779,0.4436951315015802,1.7638809297726432e-05,True,True,True
2023-08,4,Ward,NCut,AVU,0.5849860302883747,0.5924870370880857,-0.007501006799710996,True,True,True
2023-08,4,Ward,NCut,MQ,0.140340093048722,0.1544166948733203,-0.0140766018245983,True,True,True
2023-08,6,SSE,Ward,SW,0.3051668714336019,0.2321844679038882,0.07298240352971369,True,True,True
2023-08,6,SSE,Ward,CH,1705.0064292399672,1386.4440745138286,318.56235472613866,True,True,True
2023-08,6,SSE,Ward,S_Dbw,0.47664164456592545,0.38247973484286873,0.09416190972305671,True,True,True
2023-08,6,SSE,Ward,AVI,0.3264315974707844,0.3161256761684993,0.010305921302285082,True,True,True
2023-08,6,SSE,Ward,AVU,0.4966019755957395,0.5108838277518583,-0.014281852156118768,True,True,True
2023-08,6,SSE,Ward,MQ,0.12331060208096324,0.1222969818069586,0.0010136202740046452,True,True,True
2023-08,6,SSE,NCut,SW,0.3051668714336019,0.25143117078128235,0.05373570065231953,True,True,True
2023-08,6,SSE,NCut,CH,1705.0064292399672,1321.8664516105464,383.13997762942086,True,True,True
2023-08,6,SSE,NCut,S_Dbw,0.47664164456592545,0.4801500447758439,-0.0035084002099184386,True,True,True
2023-08,6,SSE,NCut,AVI,0.3264315974707844,0.30921222941800536,0.017219368052779016,True,True,True
2023-08,6,SSE,NCut,AVU,0.4966019755957395,0.5353080769066201,-0.03870610131088059,True,True,True
2023-08,6,SSE,NCut,MQ,0.12331060208096324,0.11233095026710913,0.010979651813854116,True,True,True
2023-08,6,Ward,NCut,SW,0.2321844679038882,0.25143117078128235,-0.019246702877394162,True,True,True
2023-08,6,Ward,NCut,CH,1386.4440745138286,1321.8664516105464,64.57762290328219,True,True,True
2023-08,6,Ward,NCut,S_Dbw,0.38247973484286873,0.4801500447758439,-0.09767030993297515,True,True,True
2023-08,6,Ward,NCut,AVI,0.3161256761684993,0.30921222941800536,0.0069134467504939345,True,True,True
2023-08,6,Ward,NCut,AVU,0.5108838277518583,0.5353080769066201,-0.024424249154761823,True,True,True
2023-08,6,Ward,NCut,MQ,0.1222969818069586,0.11233095026710913,0.009966031539849471,True,True,True
2023-08,8,SSE,Ward,SW,0.2683588529549647,0.22141836814251123,0.04694048481245347,False,True,False
2023-08,8,SSE,Ward,CH,1492.253877785302,1236.301656443339,255.95222134196297,False,True,False
2023-08,8,SSE,Ward,S_Dbw,,0.3632932745874585,,False,True,False
2023-08,8,SSE,Ward,AVI,0.25455808800801194,0.2492331374233101,0.0053249505847018375,False,True,False
2023-08,8,SSE,Ward,AVU,0.4752405527867317,0.4538169979355285,0.02142355485120323,False,True,False
2023-08,8,SSE,Ward,MQ,0.10238765531502665,0.09808818307132842,0.004299472243698227,False,True,False
2023-08,8,SSE,NCut,SW,0.2683588529549647,0.2423026836005359,0.02605616935442881,False,False,False
2023-08,8,SSE,NCut,CH,1492.253877785302,1246.859543473953,245.39433431134898,False,False,False
2023-08,8,SSE,NCut,S_Dbw,,,,False,False,False
2023-08,8,SSE,NCut,AVI,0.25455808800801194,0.24759536570717006,0.006962722300841884,False,False,False
2023-08,8,SSE,NCut,AVU,0.4752405527867317,0.47470181047010046,0.0005387423166312577,False,False,False
2023-08,8,SSE,NCut,MQ,0.10238765531502665,0.09368020266785955,0.008707452647167102,False,False,False
2023-08,8,Ward,NCut,SW,0.22141836814251123,0.2423026836005359,-0.02088431545802466,True,False,False
2023-08,8,Ward,NCut,CH,1236.301656443339,1246.859543473953,-10.557887030613983,True,False,False
2023-08,8,Ward,NCut,S_Dbw,0.3632932745874585,,,True,False,False
2023-08,8,Ward,NCut,AVI,0.2492331374233101,0.24759536570717006,0.0016377717161400462,True,False,False
2023-08,8,Ward,NCut,AVU,0.4538169979355285,0.47470181047010046,-0.020884812534571973,True,False,False
2023-08,8,Ward,NCut,MQ,0.09808818307132842,0.09368020266785955,0.004407980403468875,True,False,False
2023-08,10,SSE,Ward,SW,0.2499966913000905,0.19177173195999073,0.058224959340099774,False,False,False
2023-08,10,SSE,Ward,CH,1336.2113313632735,1131.572437632496,204.63889373077745,False,False,False
2023-08,10,SSE,Ward,S_Dbw,,,,False,False,False
2023-08,10,SSE,Ward,AVI,0.21077031940860033,0.20421953904993873,0.0065507803586616065,False,False,False
2023-08,10,SSE,Ward,AVU,0.44142261151797335,0.4410045278063121,0.0004180837116612435,False,False,False
2023-08,10,SSE,Ward,MQ,0.08434123137927058,0.08168942864312513,0.002651802736145445,False,False,False
2023-08,10,SSE,NCut,SW,0.2499966913000905,0.2164936498662778,0.03350304143381269,False,False,False
2023-08,10,SSE,NCut,CH,1336.2113313632735,1159.2443870379393,176.96694432533423,False,False,False
2023-08,10,SSE,NCut,S_Dbw,,,,False,False,False
2023-08,10,SSE,NCut,AVI,0.21077031940860033,0.20446812359602104,0.006302195812579292,False,False,False
2023-08,10,SSE,NCut,AVU,0.44142261151797335,0.471521752738855,-0.030099141220881642,False,False,False
2023-08,10,SSE,NCut,MQ,0.08434123137927058,0.07833251292339223,0.006008718455878345,False,False,False
2023-08,10,Ward,NCut,SW,0.19177173195999073,0.2164936498662778,-0.024721917906287083,False,False,False
2023-08,10,Ward,NCut,CH,1131.572437632496,1159.2443870379393,-27.67194940544323,False,False,False
2023-08,10,Ward,NCut,S_Dbw,,,,False,False,False
2023-08,10,Ward,NCut,AVI,0.20421953904993873,0.20446812359602104,-0.0002485845460823144,False,False,False
2023-08,10,Ward,NCut,AVU,0.4410045278063121,0.471521752738855,-0.030517224932542886,False,False,False
2023-08,10,Ward,NCut,MQ,0.08168942864312513,0.07833251292339223,0.0033569157197329003,False,False,False
2023-08,12,SSE,Ward,SW,0.24036450593619785,0.1974464288119453,0.04291807712425255,False,False,False
2023-08,12,SSE,Ward,CH,1239.991895803644,1053.8465426808646,186.1453531227794,False,False,False
2023-08,12,SSE,Ward,S_Dbw,,,,False,False,False
2023-08,12,SSE,Ward,AVI,0.17925415460032032,0.18323368184618524,-0.003979527245864922,False,False,False
2023-08,12,SSE,Ward,AVU,0.4342506527665032,0.38521539300938845,0.04903525975711476,False,False,False
2023-08,12,SSE,Ward,MQ,0.07366466703146717,0.07690211657701575,-0.003237449545548582,False,False,False
2023-08,12,SSE,NCut,SW,0.24036450593619785,0.18236058355677262,0.05800392237942523,False,False,False
2023-08,12,SSE,NCut,CH,1239.991895803644,1057.130100626659,182.86179517698497,False,False,False
2023-08,12,SSE,NCut,S_Dbw,,,,False,False,False
2023-08,12,SSE,NCut,AVI,0.17925415460032032,0.17086798719600577,0.008386167404314554,False,False,False
2023-08,12,SSE,NCut,AVU,0.4342506527665032,0.4833636298311445,-0.049112977064641294,False,False,False
2023-08,12,SSE,NCut,MQ,0.07366466703146717,0.06551934519481403,0.008145321836653133,False,False,False
2023-08,12,Ward,NCut,SW,0.1974464288119453,0.18236058355677262,0.015085845255172675,False,False,False
2023-08,12,Ward,NCut,CH,1053.8465426808646,1057.130100626659,-3.2835579457944277,False,False,False
2023-08,12,Ward,NCut,S_Dbw,,,,False,False,False
2023-08,12,Ward,NCut,AVI,0.18323368184618524,0.17086798719600577,0.012365694650179476,False,False,False
2023-08,12,Ward,NCut,AVU,0.38521539300938845,0.4833636298311445,-0.09814823682175605,False,False,False
2023-08,12,Ward,NCut,MQ,0.07690211657701575,0.06551934519481403,0.011382771382201715,False,False,False
2023-08,16,SSE,Ward,SW,0.23059245700441988,0.1911271840824169,0.03946527292200297,False,False,False
2023-08,16,SSE,Ward,CH,1088.729766732506,973.5221730168231,115.20759371568295,False,False,False
2023-08,16,SSE,Ward,S_Dbw,,,,False,False,False
2023-08,16,SSE,Ward,AVI,0.1378473140475697,0.1399633750792057,-0.002116061031636002,False,False,False
2023-08,16,SSE,Ward,AVU,0.4131981844043677,0.40740311750157954,0.005795066902788137,False,False,False
2023-08,16,SSE,Ward,MQ,0.06022118407692569,0.06455482588397467,-0.0043336418070489754,False,False,False
2023-08,16,SSE,NCut,SW,0.23059245700441988,0.1877261918737704,0.04286626513064948,False,False,False
2023-08,16,SSE,NCut,CH,1088.729766732506,964.7693483764457,123.96041835606036,False,False,False
2023-08,16,SSE,NCut,S_Dbw,,,,False,False,False
2023-08,16,SSE,NCut,AVI,0.1378473140475697,0.13299354613184516,0.004853767915724533,False,False,False
2023-08,16,SSE,NCut,AVU,0.4131981844043677,0.45551544777948944,-0.04231726337512176,False,False,False
2023-08,16,SSE,NCut,MQ,0.06022118407692569,0.05110748597775686,0.00911369809916883,False,False,False
2023-08,16,Ward,NCut,SW,0.1911271840824169,0.1877261918737704,0.0034009922086465083,False,False,False
2023-08,16,Ward,NCut,CH,973.5221730168231,964.7693483764457,8.752824640377412,False,False,False
2023-08,16,Ward,NCut,S_Dbw,,,,False,False,False
2023-08,16,Ward,NCut,AVI,0.1399633750792057,0.13299354613184516,0.006969828947360535,False,False,False
2023-08,16,Ward,NCut,AVU,0.40740311750157954,0.45551544777948944,-0.0481123302779099,False,False,False
2023-08,16,Ward,NCut,MQ,0.06455482588397467,0.05110748597775686,0.013447339906217805,False,False,False
2023-08,20,SSE,Ward,SW,0.22884731915963613,0.1920422702385199,0.03680504892111622,False,False,False
2023-08,20,SSE,Ward,CH,992.0541930533155,876.8106607688001,115.24353228451548,False,False,False
2023-08,20,SSE,Ward,S_Dbw,,,,False,False,False
2023-08,20,SSE,Ward,AVI,0.11387877767687248,0.11383533901276863,4.343866410384811e-05,False,False,False
2023-08,20,SSE,Ward,AVU,0.394270943385859,0.3939508748344359,0.00032006855142308055,False,False,False
2023-08,20,SSE,Ward,MQ,0.05417695628702433,0.058834010343191384,-0.004657054056167051,False,False,False
2023-08,20,SSE,NCut,SW,0.22884731915963613,0.15925549239058037,0.06959182676905576,False,False,False
2023-08,20,SSE,NCut,CH,992.0541930533155,834.8988723817503,157.15532067156528,False,False,False
2023-08,20,SSE,NCut,S_Dbw,,,,False,False,False
2023-08,20,SSE,NCut,AVI,0.11387877767687248,0.10786109811480225,0.006017679562070222,False,False,False
2023-08,20,SSE,NCut,AVU,0.394270943385859,0.4710935006705365,-0.07682255728467752,False,False,False
2023-08,20,SSE,NCut,MQ,0.05417695628702433,0.0413458616988501,0.012831094588174233,False,False,False
2023-08,20,Ward,NCut,SW,0.1920422702385199,0.15925549239058037,0.03278677784793954,False,False,False
2023-08,20,Ward,NCut,CH,876.8106607688001,834.8988723817503,41.911788387049796,False,False,False
2023-08,20,Ward,NCut,S_Dbw,,,,False,False,False
2023-08,20,Ward,NCut,AVI,0.11383533901276863,0.10786109811480225,0.005974240897966374,False,False,False
2023-08,20,Ward,NCut,AVU,0.3939508748344359,0.4710935006705365,-0.0771426258361006,False,False,False
2023-08,20,Ward,NCut,MQ,0.058834010343191384,0.0413458616988501,0.017488148644341284,False,False,False
2023-09,4,SSE,Ward,SW,0.38252256346633223,0.2508513797802724,0.13167118368605985,True,True,True
2023-09,4,SSE,Ward,CH,1900.3496136616263,1590.4835489018985,309.8660647597278,True,True,True
2023-09,4,SSE,Ward,S_Dbw,0.5494515843440336,0.8883478850617006,-0.33889630071766697,True,True,True
2023-09,4,SSE,Ward,AVI,0.4628388966778765,0.45557938468717674,0.007259511990699741,True,True,True
2023-09,4,SSE,Ward,AVU,0.5437849915334848,0.5897874858352299,-0.04600249430174508,True,True,True
2023-09,4,SSE,Ward,MQ,0.17833421399105118,0.14479185866498875,0.03354235532606242,True,True,True
2023-09,4,SSE,NCut,SW,0.38252256346633223,0.31160793121044555,0.07091463225588668,True,True,True
2023-09,4,SSE,NCut,CH,1900.3496136616263,1446.7546139128804,453.594999748746,True,True,True
2023-09,4,SSE,NCut,S_Dbw,0.5494515843440336,0.7172442267184084,-0.16779264237437475,True,True,True
2023-09,4,SSE,NCut,AVI,0.4628388966778765,0.4567803099424128,0.006058586735463667,True,True,True
2023-09,4,SSE,NCut,AVU,0.5437849915334848,0.6076688748832817,-0.06388388334979689,True,True,True
2023-09,4,SSE,NCut,MQ,0.17833421399105118,0.15886801536162742,0.019466198629423753,True,True,True
2023-09,4,Ward,NCut,SW,0.2508513797802724,0.31160793121044555,-0.06075655143017317,True,True,True
2023-09,4,Ward,NCut,CH,1590.4835489018985,1446.7546139128804,143.72893498901817,True,True,True
2023-09,4,Ward,NCut,S_Dbw,0.8883478850617006,0.7172442267184084,0.17110365834329222,True,True,True
2023-09,4,Ward,NCut,AVI,0.45557938468717674,0.4567803099424128,-0.0012009252552360739,True,True,True
2023-09,4,Ward,NCut,AVU,0.5897874858352299,0.6076688748832817,-0.01788138904805181,True,True,True
2023-09,4,Ward,NCut,MQ,0.14479185866498875,0.15886801536162742,-0.01407615669663867,True,True,True
2023-09,6,SSE,Ward,SW,0.3065772645443386,0.25476234097664363,0.05181492356769496,True,True,True
2023-09,6,SSE,Ward,CH,1716.6352729206744,1419.2572952186185,297.3779777020559,True,True,True
2023-09,6,SSE,Ward,S_Dbw,0.5682841143522737,0.5634347778207036,0.004849336531570048,True,True,True
2023-09,6,SSE,Ward,AVI,0.3341139167475142,0.33781064092587576,-0.003696724178361588,True,True,True
2023-09,6,SSE,Ward,AVU,0.48960919261025226,0.45426085237291147,0.03534834023734079,True,True,True
2023-09,6,SSE,Ward,MQ,0.12980220672243134,0.13174086646745242,-0.0019386597450210818,True,True,True
2023-09,6,SSE,NCut,SW,0.3065772645443386,0.2405201468987549,0.0660571176455837,True,True,True
2023-09,6,SSE,NCut,CH,1716.6352729206744,1297.61096518096,419.02430773971446,True,True,True
2023-09,6,SSE,NCut,S_Dbw,0.5682841143522737,0.47855048917229637,0.0897336251799773,True,True,True
2023-09,6,SSE,NCut,AVI,0.3341139167475142,0.32280944748942464,0.011304469258089533,True,True,True
2023-09,6,SSE,NCut,AVU,0.48960919261025226,0.5326076968319703,-0.042998504221718026,True,True,True
2023-09,6,SSE,NCut,MQ,0.12980220672243134,0.11613960255245981,0.013662604169971532,True,True,True
2023-09,6,Ward,NCut,SW,0.25476234097664363,0.2405201468987549,0.014242194077888737,True,True,True
2023-09,6,Ward,NCut,CH,1419.2572952186185,1297.61096518096,121.64633003765857,True,True,True
2023-09,6,Ward,NCut,S_Dbw,0.5634347778207036,0.47855048917229637,0.08488428864840725,True,True,True
2023-09,6,Ward,NCut,AVI,0.33781064092587576,0.32280944748942464,0.015001193436451121,True,True,True
2023-09,6,Ward,NCut,AVU,0.45426085237291147,0.5326076968319703,-0.07834684445905882,True,True,True
2023-09,6,Ward,NCut,MQ,0.13174086646745242,0.11613960255245981,0.015601263914992614,True,True,True
2023-09,8,SSE,Ward,SW,0.27204561056551396,0.21794081713750252,0.054104793428011444,True,True,True
2023-09,8,SSE,Ward,CH,1496.2253669713546,1277.129034111767,219.09633285958762,True,True,True
2023-09,8,SSE,Ward,S_Dbw,0.28189469092256236,0.6467090834903739,-0.36481439256781156,True,True,True
2023-09,8,SSE,Ward,AVI,0.263325483104832,0.2626015444206803,0.0007239386841517148,True,True,True
2023-09,8,SSE,Ward,AVU,0.4678520351091329,0.4759031076433115,-0.008051072534178583,True,True,True
2023-09,8,SSE,Ward,MQ,0.10641306969002258,0.10968991034309751,-0.0032768406530749306,True,True,True
2023-09,8,SSE,NCut,SW,0.27204561056551396,0.24348661189430168,0.028558998671212282,True,True,True
2023-09,8,SSE,NCut,CH,1496.2253669713546,1222.132007059283,274.0933599120715,True,True,True
2023-09,8,SSE,NCut,S_Dbw,0.28189469092256236,0.3510194567177739,-0.06912476579521154,True,True,True
2023-09,8,SSE,NCut,AVI,0.263325483104832,0.2533756879614255,0.009949795143406492,True,True,True
2023-09,8,SSE,NCut,AVU,0.4678520351091329,0.4718973386667459,-0.004045303557612956,True,True,True
2023-09,8,SSE,NCut,MQ,0.10641306969002258,0.09867417510887684,0.007738894581145739,True,True,True
2023-09,8,Ward,NCut,SW,0.21794081713750252,0.24348661189430168,-0.02554579475679916,True,True,True
2023-09,8,Ward,NCut,CH,1277.129034111767,1222.132007059283,54.99702705248387,True,True,True
2023-09,8,Ward,NCut,S_Dbw,0.6467090834903739,0.3510194567177739,0.2956896267726,True,True,True
2023-09,8,Ward,NCut,AVI,0.2626015444206803,0.2533756879614255,0.009225856459254778,True,True,True
2023-09,8,Ward,NCut,AVU,0.4759031076433115,0.4718973386667459,0.004005768976565627,True,True,True
2023-09,8,Ward,NCut,MQ,0.10968991034309751,0.09867417510887684,0.01101573523422067,True,True,True
2023-09,10,SSE,Ward,SW,0.238554080518695,0.19165168185266127,0.04690239866603374,False,False,False
2023-09,10,SSE,Ward,CH,1350.3748549801085,1135.298559284576,215.0762956955325,False,False,False
2023-09,10,SSE,Ward,S_Dbw,,,,False,False,False
2023-09,10,SSE,Ward,AVI,0.2141302994374878,0.21405424855950156,7.605087798623344e-05,False,False,False
2023-09,10,SSE,Ward,AVU,0.462990241802438,0.4417552712950539,0.0212349705073841,False,False,False
2023-09,10,SSE,Ward,MQ,0.0844362696428337,0.0908568988050448,-0.006420629162211103,False,False,False
2023-09,10,SSE,NCut,SW,0.238554080518695,0.21867867417298698,0.01987540634570803,False,False,False
2023-09,10,SSE,NCut,CH,1350.3748549801085,1054.462271614812,295.91258336529654,False,False,False
2023-09,10,SSE,NCut,S_Dbw,,,,False,False,False
2023-09,10,SSE,NCut,AVI,0.2141302994374878,0.20628236773659925,0.007847931700888544,False,False,False
2023-09,10,SSE,NCut,AVU,0.462990241802438,0.4686465846045413,-0.005656342802103309,False,False,False
2023-09,10,SSE,NCut,MQ,0.0844362696428337,0.08314712841928898,0.001289141223544718,False,False,False
2023-09,10,Ward,NCut,SW,0.19165168185266127,0.21867867417298698,-0.02702699232032571,False,False,False
2023-09,10,Ward,NCut,CH,1135.298559284576,1054.462271614812,80.83628766976403,False,False,False
2023-09,10,Ward,NCut,S_Dbw,,,,False,False,False
2023-09,10,Ward,NCut,AVI,0.21405424855950156,0.20628236773659925,0.007771880822902311,False,False,False
2023-09,10,Ward,NCut,AVU,0.4417552712950539,0.4686465846045413,-0.026891313309487408,False,False,False
2023-09,10,Ward,NCut,MQ,0.0908568988050448,0.08314712841928898,0.007709770385755821,False,False,False
2023-09,12,SSE,Ward,SW,0.24113030734288232,0.1880154798146532,0.05311482752822913,False,False,False
2023-09,12,SSE,Ward,CH,1264.1978283087228,1052.4756761487454,211.72215215997744,False,False,False
2023-09,12,SSE,Ward,S_Dbw,,,,False,False,False
2023-09,12,SSE,Ward,AVI,0.18966863844988824,0.18177048418000472,0.007898154269883523,False,False,False
2023-09,12,SSE,Ward,AVU,0.43594686556147655,0.4010624504688094,0.034884415092667154,False,False,False
2023-09,12,SSE,Ward,MQ,0.07742166748386668,0.08539484362911534,-0.007973176145248659,False,False,False
2023-09,12,SSE,NCut,SW,0.24113030734288232,0.15353103394694884,0.08759927339593349,False,False,False
2023-09,12,SSE,NCut,CH,1264.1978283087228,829.5368881488263,434.66094015989654,False,False,False
2023-09,12,SSE,NCut,S_Dbw,,,,False,False,False
2023-09,12,SSE,NCut,AVI,0.18966863844988824,0.17220448747844586,0.017464150971442383,False,False,False
2023-09,12,SSE,NCut,AVU,0.43594686556147655,0.4638433722678029,-0.027896506706326374,False,False,False
2023-09,12,SSE,NCut,MQ,0.07742166748386668,0.06805979426349014,0.009361873220376543,False,False,False
2023-09,12,Ward,NCut,SW,0.1880154798146532,0.15353103394694884,0.034484445867704355,False,False,False
2023-09,12,Ward,NCut,CH,1052.4756761487454,829.5368881488263,222.9387879999191,False,False,False
2023-09,12,Ward,NCut,S_Dbw,,,,False,False,False
2023-09,12,Ward,NCut,AVI,0.18177048418000472,0.17220448747844586,0.00956599670155886,False,False,False
2023-09,12,Ward,NCut,AVU,0.4010624504688094,0.4638433722678029,-0.06278092179899353,False,False,False
2023-09,12,Ward,NCut,MQ,0.08539484362911534,0.06805979426349014,0.017335049365625202,False,False,False
2023-09,16,SSE,Ward,SW,0.22836384416516772,0.19663811658203573,0.031725727583131996,False,False,False
2023-09,16,SSE,Ward,CH,1091.4083847306304,977.0773789376375,114.33100579299287,False,False,False
2023-09,16,SSE,Ward,S_Dbw,,,,False,False,False
2023-09,16,SSE,Ward,AVI,0.14640866556070561,0.14121855781898665,0.005190107741718963,False,False,False
2023-09,16,SSE,Ward,AVU,0.42238218098309177,0.3986964909502447,0.023685690032847095,False,False,False
2023-09,16,SSE,Ward,MQ,0.06481361702614633,0.06870034141061926,-0.0038867243844729338,False,False,False
2023-09,16,SSE,NCut,SW,0.22836384416516772,0.16831045674547074,0.060053387419696985,False,False,False
2023-09,16,SSE,NCut,CH,1091.4083847306304,879.6198290402294,211.78855569040093,False,False,False
2023-09,16,SSE,NCut,S_Dbw,,,,False,False,False
2023-09,16,SSE,NCut,AVI,0.14640866556070561,0.13473643605200514,0.011672229508700477,False,False,False
2023-09,16,SSE,NCut,AVU,0.42238218098309177,0.4674123818414384,-0.045030200858346636,False,False,False
2023-09,16,SSE,NCut,MQ,0.06481361702614633,0.05261130964236339,0.012202307383782938,False,False,False
2023-09,16,Ward,NCut,SW,0.19663811658203573,0.16831045674547074,0.02832765983656499,False,False,False
2023-09,16,Ward,NCut,CH,977.0773789376375,879.6198290402294,97.45754989740806,False,False,False
2023-09,16,Ward,NCut,S_Dbw,,,,False,False,False
2023-09,16,Ward,NCut,AVI,0.14121855781898665,0.13473643605200514,0.006482121766981513,False,False,False
2023-09,16,Ward,NCut,AVU,0.3986964909502447,0.4674123818414384,-0.06871589089119373,False,False,False
2023-09,16,Ward,NCut,MQ,0.06870034141061926,0.05261130964236339,0.016089031768255872,False,False,False
2023-09,20,SSE,Ward,SW,0.2258554505413875,0.18342169591559368,0.042433754625793824,False,False,False
2023-09,20,SSE,Ward,CH,991.5602797251137,862.9525747420162,128.6077049830975,False,False,False
2023-09,20,SSE,Ward,S_Dbw,,,,False,False,False
2023-09,20,SSE,Ward,AVI,0.12182421363544917,0.11944017392744953,0.0023840397079996356,False,False,False
2023-09,20,SSE,Ward,AVU,0.3999673187568881,0.39295538443890043,0.007011934317987689,False,False,False
2023-09,20,SSE,Ward,MQ,0.055987360422121935,0.058689361007922915,-0.00270200058580098,False,False,False
2023-09,20,SSE,NCut,SW,0.2258554505413875,0.17519486803598722,0.05066058250540029,False,False,False
2023-09,20,SSE,NCut,CH,991.5602797251137,875.7718435530395,115.78843617207417,False,False,False
2023-09,20,SSE,NCut,S_Dbw,,,,False,False,False
2023-09,20,SSE,NCut,AVI,0.12182421363544917,0.11561677013641325,0.006207443499035917,False,False,False
2023-09,20,SSE,NCut,AVU,0.3999673187568881,0.4526798338232785,-0.05271251506639035,False,False,False
2023-09,20,SSE,NCut,MQ,0.055987360422121935,0.04425402480087233,0.011733335621249605,False,False,False
2023-09,20,Ward,NCut,SW,0.18342169591559368,0.17519486803598722,0.008226827879606463,False,False,False
2023-09,20,Ward,NCut,CH,862.9525747420162,875.7718435530395,-12.819268811023335,False,False,False
2023-09,20,Ward,NCut,S_Dbw,,,,False,False,False
2023-09,20,Ward,NCut,AVI,0.11944017392744953,0.11561677013641325,0.003823403791036281,False,False,False
2023-09,20,Ward,NCut,AVU,0.39295538443890043,0.4526798338232785,-0.05972444938437804,False,False,False
2023-09,20,Ward,NCut,MQ,0.058689361007922915,0.04425402480087233,0.014435336207050585,False,False,False
2023-10,4,SSE,Ward,SW,0.3846511989273674,0.32798229330006246,0.05666890562730492,True,True,True
2023-10,4,SSE,Ward,CH,1897.1427196107543,1518.512306060263,378.6304135504913,True,True,True
2023-10,4,SSE,Ward,S_Dbw,0.5226386066032468,0.5223669769489343,0.00027162965431248853,True,True,True
2023-10,4,SSE,Ward,AVI,0.4692912643055377,0.47761567761085616,-0.008324413305318468,True,True,True
2023-10,4,SSE,Ward,AVU,0.5338111381006433,0.5097614821150035,0.024049655985639795,True,True,True
2023-10,4,SSE,Ward,MQ,0.18490125303378546,0.17762878378707603,0.007272469246709434,True,True,True
2023-10,4,SSE,NCut,SW,0.3846511989273674,0.31430830750979916,0.07034289141756822,True,True,True
2023-10,4,SSE,NCut,CH,1897.1427196107543,1409.5683078101927,487.5744118005616,True,True,True
2023-10,4,SSE,NCut,S_Dbw,0.5226386066032468,0.633742596774193,-0.11110399017094619,True,True,True
2023-10,4,SSE,NCut,AVI,0.4692912643055377,0.4609814135211425,0.008309850784395167,True,True,True
2023-10,4,SSE,NCut,AVU,0.5338111381006433,0.6009511106840713,-0.06713997258342796,True,True,True
2023-10,4,SSE,NCut,MQ,0.18490125303378546,0.16827903637585256,0.016622216657932898,True,True,True
2023-10,4,Ward,NCut,SW,0.32798229330006246,0.31430830750979916,0.013673985790263299,True,True,True
2023-10,4,Ward,NCut,CH,1518.512306060263,1409.5683078101927,108.94399825007031,True,True,True
2023-10,4,Ward,NCut,S_Dbw,0.5223669769489343,0.633742596774193,-0.11137561982525868,True,True,True
2023-10,4,Ward,NCut,AVI,0.47761567761085616,0.4609814135211425,0.016634264089713635,True,True,True
2023-10,4,Ward,NCut,AVU,0.5097614821150035,0.6009511106840713,-0.09118962856906776,True,True,True
2023-10,4,Ward,NCut,MQ,0.17762878378707603,0.16827903637585256,0.009349747411223464,True,True,True
2023-10,6,SSE,Ward,SW,0.30833319433270073,0.2728839174968858,0.03544927683581495,True,True,True
2023-10,6,SSE,Ward,CH,1727.4584329938803,1459.8999519065774,267.5584810873029,True,True,True
2023-10,6,SSE,Ward,S_Dbw,0.5005757873202337,0.7630110449592654,-0.26243525763903175,True,True,True
2023-10,6,SSE,Ward,AVI,0.33832031762045256,0.3410805516305725,-0.002760234010119933,True,True,True
2023-10,6,SSE,Ward,AVU,0.48594160680748943,0.4684557528712116,0.01748585393627783,True,True,True
2023-10,6,SSE,Ward,MQ,0.13480549648214135,0.14060804646217215,-0.005802549980030797,True,True,True
2023-10,6,SSE,NCut,SW,0.30833319433270073,0.23792342527528929,0.07040976905741145,True,True,True
2023-10,6,SSE,NCut,CH,1727.4584329938803,1286.2397691833282,441.218663810552,True,True,True
2023-10,6,SSE,NCut,S_Dbw,0.5005757873202337,0.9036622147477201,-0.40308642742748646,True,True,True
2023-10,6,SSE,NCut,AVI,0.33832031762045256,0.3279028157195243,0.010417501900928272,True,True,True
2023-10,6,SSE,NCut,AVU,0.48594160680748943,0.5355552614473917,-0.049613654639902305,True,True,True
2023-10,6,SSE,NCut,MQ,0.13480549648214135,0.11820642705932366,0.01659906942281769,True,True,True
2023-10,6,Ward,NCut,SW,0.2728839174968858,0.23792342527528929,0.0349604922215965,True,True,True
2023-10,6,Ward,NCut,CH,1459.8999519065774,1286.2397691833282,173.66018272324914,True,True,True
2023-10,6,Ward,NCut,S_Dbw,0.7630110449592654,0.9036622147477201,-0.1406511697884547,True,True,True
2023-10,6,Ward,NCut,AVI,0.3410805516305725,0.3279028157195243,0.013177735911048205,True,True,True
2023-10,6,Ward,NCut,AVU,0.4684557528712116,0.5355552614473917,-0.06709950857618013,True,True,True
2023-10,6,Ward,NCut,MQ,0.14060804646217215,0.11820642705932366,0.02240161940284849,True,True,True
2023-10,8,SSE,Ward,SW,0.27649182723037513,0.22173192794924332,0.05475989928113181,True,False,False
2023-10,8,SSE,Ward,CH,1507.7498618437912,1352.0748130130667,155.67504883072456,True,False,False
2023-10,8,SSE,Ward,S_Dbw,0.4516198184161281,,,True,False,False
2023-10,8,SSE,Ward,AVI,0.2704877725467236,0.27290972581501916,-0.002421953268295529,True,False,False
2023-10,8,SSE,Ward,AVU,0.4638644205734447,0.4502682309306723,0.013596189642772372,True,False,False
2023-10,8,SSE,Ward,MQ,0.11163671106373017,0.10993695997296202,0.0016997510907681562,True,False,False
2023-10,8,SSE,NCut,SW,0.27649182723037513,0.24328169918202486,0.033210128048350274,True,False,False
2023-10,8,SSE,NCut,CH,1507.7498618437912,1236.0739784971265,271.6758833466647,True,False,False
2023-10,8,SSE,NCut,S_Dbw,0.4516198184161281,,,True,False,False
2023-10,8,SSE,NCut,AVI,0.2704877725467236,0.256631105624471,0.013856666922252625,True,False,False
2023-10,8,SSE,NCut,AVU,0.4638644205734447,0.4727188376080135,-0.008854417034568796,True,False,False
2023-10,8,SSE,NCut,MQ,0.11163671106373017,0.1011443865088252,0.01049232455490498,True,False,False
2023-10,8,Ward,NCut,SW,0.22173192794924332,0.24328169918202486,-0.02154977123278154,False,False,False
2023-10,8,Ward,NCut,CH,1352.0748130130667,1236.0739784971265,116.00083451594014,False,False,False
2023-10,8,Ward,NCut,S_Dbw,,,,False,False,False
2023-10,8,Ward,NCut,AVI,0.27290972581501916,0.256631105624471,0.016278620190548154,False,False,False
2023-10,8,Ward,NCut,AVU,0.4502682309306723,0.4727188376080135,-0.022450606677341167,False,False,False
2023-10,8,Ward,NCut,MQ,0.10993695997296202,0.1011443865088252,0.008792573464136824,False,False,False
2023-10,10,SSE,Ward,SW,0.25120090681474605,0.20393501766640248,0.047265889148343565,False,False,False
2023-10,10,SSE,Ward,CH,1363.229632473397,1216.535013056126,146.69461941727104,False,False,False
2023-10,10,SSE,Ward,S_Dbw,,,,False,False,False
2023-10,10,SSE,Ward,AVI,0.22371110687852797,0.22182765954494316,0.001883447333584809,False,False,False
2023-10,10,SSE,Ward,AVU,0.457928775455707,0.4608182668476018,-0.002889491391894816,False,False,False
2023-10,10,SSE,Ward,MQ,0.09220057970798007,0.09801093105173307,-0.0058103513437530036,False,False,False
2023-10,10,SSE,NCut,SW,0.25120090681474605,0.21357510509907043,0.037625801715675616,False,False,False
2023-10,10,SSE,NCut,CH,1363.229632473397,1110.6587619831896,252.57087049020743,False,False,False
2023-10,10,SSE,NCut,S_Dbw,,,,False,False,False
2023-10,10,SSE,NCut,AVI,0.22371110687852797,0.21027308170276657,0.013438025175761398,False,False,False
2023-10,10,SSE,NCut,AVU,0.457928775455707,0.46143689076236855,-0.0035081153066615633,False,False,False
2023-10,10,SSE,NCut,MQ,0.09220057970798007,0.08437746454306048,0.007823115164919583,False,False,False
2023-10,10,Ward,NCut,SW,0.20393501766640248,0.21357510509907043,-0.009640087432667949,False,False,False
2023-10,10,Ward,NCut,CH,1216.535013056126,1110.6587619831896,105.87625107293638,False,False,False
2023-10,10,Ward,NCut,S_Dbw,,,,False,False,False
2023-10,10,Ward,NCut,AVI,0.22182765954494316,0.21027308170276657,0.011554577842176589,False,False,False
2023-10,10,Ward,NCut,AVU,0.4608182668476018,0.46143689076236855,-0.0006186239147667472,False,False,False
2023-10,10,Ward,NCut,MQ,0.09801093105173307,0.08437746454306048,0.013633466508672587,False,False,False
2023-10,12,SSE,Ward,SW,0.24292991030524777,0.19490858169025113,0.04802132861499664,False,False,False
2023-10,12,SSE,Ward,CH,1265.8325691911564,1123.0724119110475,142.76015728010884,False,False,False
2023-10,12,SSE,Ward,S_Dbw,,,,False,False,False
2023-10,12,SSE,Ward,AVI,0.19367973925531232,0.1879613408326607,0.005718398422651622,False,False,False
2023-10,12,SSE,Ward,AVU,0.4278978413748505,0.44877704868743074,-0.02087920731258025,False,False,False
2023-10,12,SSE,Ward,MQ,0.0822109722698189,0.07790523829708247,0.004305733972736425,False,False,False
2023-10,12,SSE,NCut,SW,0.24292991030524777,0.19573063854024406,0.047199271765003714,False,False,False
2023-10,12,SSE,NCut,CH,1265.8325691911564,1014.0140383650288,251.81853082612758,False,False,False
2023-10,12,SSE,NCut,S_Dbw,,,,False,False,False
2023-10,12,SSE,NCut,AVI,0.19367973925531232,0.17740317857802895,0.016276560677283364,False,False,False
2023-10,12,SSE,NCut,AVU,0.4278978413748505,0.46718820379346454,-0.039290362418614055,False,False,False
2023-10,12,SSE,NCut,MQ,0.0822109722698189,0.07043771397108695,0.01177325829873195,False,False,False
2023-10,12,Ward,NCut,SW,0.19490858169025113,0.19573063854024406,-0.0008220568499929248,False,False,False
2023-10,12,Ward,NCut,CH,1123.0724119110475,1014.0140383650288,109.05837354601874,False,False,False
2023-10,12,Ward,NCut,S_Dbw,,,,False,False,False
2023-10,12,Ward,NCut,AVI,0.1879613408326607,0.17740317857802895,0.010558162254631742,False,False,False
2023-10,12,Ward,NCut,AVU,0.44877704868743074,0.46718820379346454,-0.018411155106033805,False,False,False
2023-10,12,Ward,NCut,MQ,0.07790523829708247,0.07043771397108695,0.007467524325995525,False,False,False
2023-10,16,SSE,Ward,SW,0.23073226628672638,0.18844255545385927,0.04228971083286712,False,False,False
2023-10,16,SSE,Ward,CH,1125.4156003587138,972.4114520259508,153.00414833276307,False,False,False
2023-10,16,SSE,Ward,S_Dbw,,,,False,False,False
2023-10,16,SSE,Ward,AVI,0.1555675761584064,0.15135255505693812,0.0042150211014682915,False,False,False
2023-10,16,SSE,Ward,AVU,0.4059769995317663,0.38525215410741825,0.02072484542434805,False,False,False
2023-10,16,SSE,Ward,MQ,0.0674807710975894,0.07093170997444131,-0.003450938876851911,False,False,False
2023-10,16,SSE,NCut,SW,0.23073226628672638,0.17883595680481554,0.051896309481910846,False,False,False
2023-10,16,SSE,NCut,CH,1125.4156003587138,920.3686922451616,205.04690811355226,False,False,False
2023-10,16,SSE,NCut,S_Dbw,,,,False,False,False
2023-10,16,SSE,NCut,AVI,0.1555675761584064,0.13797482137226114,0.017592754786145276,False,False,False
2023-10,16,SSE,NCut,AVU,0.4059769995317663,0.45127324153938636,-0.04529624200762006,False,False,False
2023-10,16,SSE,NCut,MQ,0.0674807710975894,0.05516416896550741,0.012316602132081994,False,False,False
2023-10,16,Ward,NCut,SW,0.18844255545385927,0.17883595680481554,0.00960659864904373,False,False,False
2023-10,16,Ward,NCut,CH,972.4114520259508,920.3686922451616,52.0427597807892,False,False,False
2023-10,16,Ward,NCut,S_Dbw,,,,False,False,False
2023-10,16,Ward,NCut,AVI,0.15135255505693812,0.13797482137226114,0.013377733684676985,False,False,False
2023-10,16,Ward,NCut,AVU,0.38525215410741825,0.45127324153938636,-0.0660210874319681,False,False,False
2023-10,16,Ward,NCut,MQ,0.07093170997444131,0.05516416896550741,0.015767541008933905,False,False,False
2023-10,20,SSE,Ward,SW,0.21806221559287223,0.16759957980300527,0.050462635789866955,False,False,False
2023-10,20,SSE,Ward,CH,1017.8707666061538,870.6833740341247,147.18739257202913,False,False,False
2023-10,20,SSE,Ward,S_Dbw,,,,False,False,False
2023-10,20,SSE,Ward,AVI,0.12569839707888386,0.12318611228433188,0.0025122847945519833,False,False,False
2023-10,20,SSE,Ward,AVU,0.4032711942625474,0.37473053653863714,0.02854065772391029,False,False,False
2023-10,20,SSE,Ward,MQ,0.05367280880382456,0.058953058849763595,-0.0052802500459390375,False,False,False
2023-10,20,SSE,NCut,SW,0.21806221559287223,0.149969923476637,0.06809229211623521,False,False,False
2023-10,20,SSE,NCut,CH,1017.8707666061538,741.5608082630064,276.3099583431474,False,False,False
2023-10,20,SSE,NCut,S_Dbw,,,,False,False,False
2023-10,20,SSE,NCut,AVI,0.12569839707888386,0.11465490339505441,0.011043493683829453,False,False,False
2023-10,20,SSE,NCut,AVU,0.4032711942625474,0.4475954889034967,-0.04432429464094928,False,False,False
2023-10,20,SSE,NCut,MQ,0.05367280880382456,0.04403208202293036,0.009640726780894199,False,False,False
2023-10,20,Ward,NCut,SW,0.16759957980300527,0.149969923476637,0.01762965632636826,False,False,False
2023-10,20,Ward,NCut,CH,870.6833740341247,741.5608082630064,129.12256577111827,False,False,False
2023-10,20,Ward,NCut,S_Dbw,,,,False,False,False
2023-10,20,Ward,NCut,AVI,0.12318611228433188,0.11465490339505441,0.00853120888927747,False,False,False
2023-10,20,Ward,NCut,AVU,0.37473053653863714,0.4475954889034967,-0.07286495236485957,False,False,False
2023-10,20,Ward,NCut,MQ,0.058953058849763595,0.04403208202293036,0.014920976826833236,False,False,False
2023-11,4,SSE,Ward,SW,0.3948057278503567,0.24187666252944154,0.1529290653209152,True,True,True
2023-11,4,SSE,Ward,CH,1931.9330185334923,1611.325898237467,320.6071202960252,True,True,True
2023-11,4,SSE,Ward,S_Dbw,0.517466547182498,0.6251495640721725,-0.10768301688967452,True,True,True
2023-11,4,SSE,Ward,AVI,0.4604044125194777,0.45894339606543993,0.001461016454037789,True,True,True
2023-11,4,SSE,Ward,AVU,0.5419645267813118,0.5810583629359286,-0.03909383615461681,True,True,True
2023-11,4,SSE,Ward,MQ,0.18226393811648556,0.14730859697695192,0.034955341139533636,True,True,True
2023-11,4,SSE,NCut,SW,0.3948057278503567,0.3234088566247637,0.07139687122559302,True,True,True
2023-11,4,SSE,NCut,CH,1931.9330185334923,1520.945550923248,410.98746761024427,True,True,True
2023-11,4,SSE,NCut,S_Dbw,0.517466547182498,0.6102062075073975,-0.09273966032489955,True,True,True
2023-11,4,SSE,NCut,AVI,0.4604044125194777,0.45955774454455833,0.0008466679749193906,True,True,True
2023-11,4,SSE,NCut,AVU,0.5419645267813118,0.6041080117496416,-0.062143484968329776,True,True,True
2023-11,4,SSE,NCut,MQ,0.18226393811648556,0.16586289043772576,0.0164010476787598,True,True,True
2023-11,4,Ward,NCut,SW,0.24187666252944154,0.3234088566247637,-0.08153219409532217,True,True,True
2023-11,4,Ward,NCut,CH,1611.325898237467,1520.945550923248,90.38034731421908,True,True,True
2023-11,4,Ward,NCut,S_Dbw,0.6251495640721725,0.6102062075073975,0.014943356564774968,True,True,True
2023-11,4,Ward,NCut,AVI,0.45894339606543993,0.45955774454455833,-0.0006143484791183984,True,True,True
2023-11,4,Ward,NCut,AVU,0.5810583629359286,0.6041080117496416,-0.023049648813712964,True,True,True
2023-11,4,Ward,NCut,MQ,0.14730859697695192,0.16586289043772576,-0.018554293460773835,True,True,True
2023-11,6,SSE,Ward,SW,0.316282949166802,0.2542445120976279,0.06203843706917411,True,True,True
2023-11,6,SSE,Ward,CH,1783.818185411825,1446.3152251687009,337.5029602431241,True,True,True
2023-11,6,SSE,Ward,S_Dbw,0.6549029789116458,0.5014461125456534,0.15345686636599243,True,True,True
2023-11,6,SSE,Ward,AVI,0.3327508433892761,0.333113849942679,-0.00036300655340293364,True,True,True
2023-11,6,SSE,Ward,AVU,0.48779272798526624,0.42991880840261565,0.05787391958265059,True,True,True
2023-11,6,SSE,Ward,MQ,0.13465936623029381,0.1295790091558378,0.0050803570744560045,True,True,True
2023-11,6,SSE,NCut,SW,0.316282949166802,0.25381912204214807,0.062463827124653926,True,True,True
2023-11,6,SSE,NCut,CH,1783.818185411825,1408.4190725192,375.399112892625,True,True,True
2023-11,6,SSE,NCut,S_Dbw,0.6549029789116458,0.40055715173549816,0.2543458271761477,True,True,True
2023-11,6,SSE,NCut,AVI,0.3327508433892761,0.327228911169138,0.005521932220138082,True,True,True
2023-11,6,SSE,NCut,AVU,0.48779272798526624,0.5327715087983522,-0.04497878081308598,True,True,True
2023-11,6,SSE,NCut,MQ,0.13465936623029381,0.11763841612915173,0.017020950101142088,True,True,True
2023-11,6,Ward,NCut,SW,0.2542445120976279,0.25381912204214807,0.0004253900554798129,True,True,True
2023-11,6,Ward,NCut,CH,1446.3152251687009,1408.4190725192,37.89615264950089,True,True,True
2023-11,6,Ward,NCut,S_Dbw,0.5014461125456534,0.40055715173549816,0.10088896081015525,True,True,True
2023-11,6,Ward,NCut,AVI,0.333113849942679,0.327228911169138,0.005884938773541015,True,True,True
2023-11,6,Ward,NCut,AVU,0.42991880840261565,0.5327715087983522,-0.10285270039573657,True,True,True
2023-11,6,Ward,NCut,MQ,0.1295790091558378,0.11763841612915173,0.011940593026686083,True,True,True
2023-11,8,SSE,Ward,SW,0.2764383348896345,0.2141435833908659,0.06229475149876859,False,False,False
2023-11,8,SSE,Ward,CH,1572.6490564762355,1331.711902767724,240.93715370851146,False,False,False
2023-11,8,SSE,Ward,S_Dbw,,,,False,False,False
2023-11,8,SSE,Ward,AVI,0.26172400200085355,0.25919567487294726,0.0025283271279062935,False,False,False
2023-11,8,SSE,Ward,AVU,0.46502970434296964,0.456658647259906,0.008371057083063627,False,False,False
2023-11,8,SSE,Ward,MQ,0.10774432528903029,0.10751502530955108,0.00022929997947920833,False,False,False
2023-11,8,SSE,NCut,SW,0.2764383348896345,0.2373046004408568,0.039133734448777685,False,True,False
2023-11,8,SSE,NCut,CH,1572.6490564762355,1243.37894795264,329.2701085235956,False,True,False
2023-11,8,SSE,NCut,S_Dbw,,0.3990999082693326,,False,True,False
2023-11,8,SSE,NCut,AVI,0.26172400200085355,0.25281570717158286,0.008908294829270691,False,True,False
2023-11,8,SSE,NCut,AVU,0.46502970434296964,0.4772765979767283,-0.012246893633758638,False,True,False
2023-11,8,SSE,NCut,MQ,0.10774432528903029,0.09838788264376255,0.009356442645267735,False,True,False
2023-11,8,Ward,NCut,SW,0.2141435833908659,0.2373046004408568,-0.023161017049990906,False,True,False
2023-11,8,Ward,NCut,CH,1331.711902767724,1243.37894795264,88.33295481508412,False,True,False
2023-11,8,Ward,NCut,S_Dbw,,0.3990999082693326,,False,True,False
2023-11,8,Ward,NCut,AVI,0.25919567487294726,0.25281570717158286,0.006379967701364397,False,True,False
2023-11,8,Ward,NCut,AVU,0.456658647259906,0.4772765979767283,-0.020617950716822264,False,True,False
2023-11,8,Ward,NCut,MQ,0.10751502530955108,0.09838788264376255,0.009127142665788526,False,True,False
2023-11,10,SSE,Ward,SW,0.24785875346764819,0.22200761824631948,0.025851135221328703,False,False,False
2023-11,10,SSE,Ward,CH,1423.6721031274524,1246.9069919208341,176.76511120661826,False,False,False
2023-11,10,SSE,Ward,S_Dbw,,,,False,False,False
2023-11,10,SSE,Ward,AVI,0.21434641115790262,0.2113473285130707,0.002999082644831924,False,False,False
2023-11,10,SSE,Ward,AVU,0.4649236648720455,0.4569043520244452,0.008019312847600324,False,False,False
2023-11,10,SSE,Ward,MQ,0.085099367781594,0.09140231788693721,-0.006302950105343222,False,False,False
2023-11,10,SSE,NCut,SW,0.24785875346764819,0.2015294579880535,0.04632929547959469,False,False,False
2023-11,10,SSE,NCut,CH,1423.6721031274524,1121.5379923241767,302.1341108032757,False,False,False
2023-11,10,SSE,NCut,S_Dbw,,,,False,False,False
2023-11,10,SSE,NCut,AVI,0.21434641115790262,0.20670820446240928,0.007638206695493338,False,False,False
2023-11,10,SSE,NCut,AVU,0.4649236648720455,0.47007801431251134,-0.005154349440465833,False,False,False
2023-11,10,SSE,NCut,MQ,0.085099367781594,0.07862339751430825,0.006475970267285747,False,False,False
2023-11,10,Ward,NCut,SW,0.22200761824631948,0.2015294579880535,0.020478160258265987,False,False,False
2023-11,10,Ward,NCut,CH,1246.9069919208341,1121.5379923241767,125.36899959665743,False,False,False
2023-11,10,Ward,NCut,S_Dbw,,,,False,False,False
2023-11,10,Ward,NCut,AVI,0.2113473285130707,0.20670820446240928,0.004639124050661414,False,False,False
2023-11,10,Ward,NCut,AVU,0.4569043520244452,0.47007801431251134,-0.013173662288066157,False,False,False
2023-11,10,Ward,NCut,MQ,0.09140231788693721,0.07862339751430825,0.012778920372628969,False,False,False
2023-11,12,SSE,Ward,SW,0.24165482675463704,0.2137877414305338,0.02786708532410323,False,False,False
2023-11,12,SSE,Ward,CH,1317.6449377991391,1156.1661364237143,161.47880137542484,False,False,False
2023-11,12,SSE,Ward,S_Dbw,,,,False,False,False
2023-11,12,SSE,Ward,AVI,0.18271678888787643,0.17852915327634694,0.004187635611529489,False,False,False
2023-11,12,SSE,Ward,AVU,0.45265596222890153,0.44483661318694134,0.007819349041960189,False,False,False
2023-11,12,SSE,Ward,MQ,0.07552968759840836,0.08335977256694048,-0.007830084968532117,False,False,False
2023-11,12,SSE,NCut,SW,0.24165482675463704,0.19175987159447402,0.04989495516016301,False,False,False
2023-11,12,SSE,NCut,CH,1317.6449377991391,1097.150749766864,220.49418803227513,False,False,False
2023-11,12,SSE,NCut,S_Dbw,,,,False,False,False
2023-11,12,SSE,NCut,AVI,0.18271678888787643,0.17696775089789446,0.00574903798998197,False,False,False
2023-11,12,SSE,NCut,AVU,0.45265596222890153,0.4714024876892735,-0.018746525460371977,False,False,False
2023-11,12,SSE,NCut,MQ,0.07552968759840836,0.0673888781871685,0.00814080941123986,False,False,False
2023-11,12,Ward,NCut,SW,0.2137877414305338,0.19175987159447402,0.022027869836059782,False,False,False
2023-11,12,Ward,NCut,CH,1156.1661364237143,1097.150749766864,59.015386656850296,False,False,False
2023-11,12,Ward,NCut,S_Dbw,,,,False,False,False
2023-11,12,Ward,NCut,AVI,0.17852915327634694,0.17696775089789446,0.001561402378452481,False,False,False
2023-11,12,Ward,NCut,AVU,0.44483661318694134,0.4714024876892735,-0.026565874502332165,False,False,False
2023-11,12,Ward,NCut,MQ,0.08335977256694048,0.0673888781871685,0.015970894379771977,False,False,False
2023-11,16,SSE,Ward,SW,0.23925547765830077,0.21284330695544604,0.02641217070285473,False,False,False
2023-11,16,SSE,Ward,CH,1168.9994953380904,1023.3233843796648,145.6761109584255,False,False,False
2023-11,16,SSE,Ward,S_Dbw,,,,False,False,False
2023-11,16,SSE,Ward,AVI,0.1439636171620118,0.1396276849103184,0.004335932251693403,False,False,False
2023-11,16,SSE,Ward,AVU,0.40886477804143695,0.38590115842794676,0.022963619613490194,False,False,False
2023-11,16,SSE,Ward,MQ,0.06680122901940991,0.070700995081787,-0.0038997660623770886,False,False,False
2023-11,16,SSE,NCut,SW,0.23925547765830077,0.17129418734306784,0.06796129031523293,False,False,False
2023-11,16,SSE,NCut,CH,1168.9994953380904,871.199800144912,297.7996951931783,False,False,False
2023-11,16,SSE,NCut,S_Dbw,,,,False,False,False
2023-11,16,SSE,NCut,AVI,0.1439636171620118,0.13414295250449507,0.009820664657516742,False,False,False
2023-11,16,SSE,NCut,AVU,0.40886477804143695,0.4732923490198971,-0.06442757097846014,False,False,False
2023-11,16,SSE,NCut,MQ,0.06680122901940991,0.05214363307718074,0.014657595942229165,False,False,False
2023-11,16,Ward,NCut,SW,0.21284330695544604,0.17129418734306784,0.0415491196123782,False,False,False
2023-11,16,Ward,NCut,CH,1023.3233843796648,871.199800144912,152.1235842347528,False,False,False
2023-11,16,Ward,NCut,S_Dbw,,,,False,False,False
2023-11,16,Ward,NCut,AVI,0.1396276849103184,0.13414295250449507,0.005484732405823339,False,False,False
2023-11,16,Ward,NCut,AVU,0.38590115842794676,0.4732923490198971,-0.08739119059195033,False,False,False
2023-11,16,Ward,NCut,MQ,0.070700995081787,0.05214363307718074,0.018557362004606254,False,False,False
2023-11,20,SSE,Ward,SW,0.23079160107060426,0.19142518647748397,0.03936641459312029,False,False,False
2023-11,20,SSE,Ward,CH,1056.8322691660294,927.9416220311103,128.89064713491905,False,False,False
2023-11,20,SSE,Ward,S_Dbw,,,,False,False,False
2023-11,20,SSE,Ward,AVI,0.11769638090104385,0.11736763131006993,0.00032874959097392575,False,False,False
2023-11,20,SSE,Ward,AVU,0.40883244344732605,0.3767413255113695,0.03209111793595654,False,False,False
2023-11,20,SSE,Ward,MQ,0.05514133992082963,0.06377692169028262,-0.00863558176945299,False,False,False
2023-11,20,SSE,NCut,SW,0.23079160107060426,0.1785210592280274,0.052270541842576845,False,False,False
2023-11,20,SSE,NCut,CH,1056.8322691660294,919.5163192624226,137.3159499036068,False,False,False
2023-11,20,SSE,NCut,S_Dbw,,,,False,False,False
2023-11,20,SSE,NCut,AVI,0.11769638090104385,0.11172035033739468,0.005976030563649176,False,False,False
2023-11,20,SSE,NCut,AVU,0.40883244344732605,0.45816965518627956,-0.0493372117389535,False,False,False
2023-11,20,SSE,NCut,MQ,0.05514133992082963,0.04331651438018745,0.011824825540642181,False,False,False
2023-11,20,Ward,NCut,SW,0.19142518647748397,0.1785210592280274,0.012904127249456554,False,False,False
2023-11,20,Ward,NCut,CH,927.9416220311103,919.5163192624226,8.425302768687743,False,False,False
2023-11,20,Ward,NCut,S_Dbw,,,,False,False,False
2023-11,20,Ward,NCut,AVI,0.11736763131006993,0.11172035033739468,0.00564728097267525,False,False,False
2023-11,20,Ward,NCut,AVU,0.3767413255113695,0.45816965518627956,-0.08142832967491004,False,False,False
2023-11,20,Ward,NCut,MQ,0.06377692169028262,0.04331651438018745,0.02046040731009517,False,False,False
2023-12,4,SSE,Ward,SW,0.37782154629491804,0.3654740750604446,0.01234747123447344,True,True,True
2023-12,4,SSE,Ward,CH,1815.9308319712914,1592.7630383903388,223.16779358095255,True,True,True
2023-12,4,SSE,Ward,S_Dbw,0.634303047310175,0.5547652563095655,0.07953779100060943,True,True,True
2023-12,4,SSE,Ward,AVI,0.4679387502073521,0.4588247190178054,0.009114031189546679,True,True,True
2023-12,4,SSE,Ward,AVU,0.5310711769696844,0.5478317762932291,-0.016760599323544678,True,True,True
2023-12,4,SSE,Ward,MQ,0.18789822133598694,0.17837270512806633,0.009525516207920609,True,True,True
2023-12,4,SSE,NCut,SW,0.37782154629491804,0.2785736811523154,0.09924786514260264,True,True,True
2023-12,4,SSE,NCut,CH,1815.9308319712914,1329.7797535770183,486.1510783942731,True,True,True
2023-12,4,SSE,NCut,S_Dbw,0.634303047310175,0.8543323288511007,-0.22002928154092571,True,True,True
2023-12,4,SSE,NCut,AVI,0.4679387502073521,0.4624935959862377,0.005445154221114412,True,True,True
2023-12,4,SSE,NCut,AVU,0.5310711769696844,0.6130928877138919,-0.0820217107442075,True,True,True
2023-12,4,SSE,NCut,MQ,0.18789822133598694,0.16137993980124477,0.026518281534742172,True,True,True
2023-12,4,Ward,NCut,SW,0.3654740750604446,0.2785736811523154,0.0869003939081292,True,True,True
2023-12,4,Ward,NCut,CH,1592.7630383903388,1329.7797535770183,262.98328481332055,True,True,True
2023-12,4,Ward,NCut,S_Dbw,0.5547652563095655,0.8543323288511007,-0.29956707254153514,True,True,True
2023-12,4,Ward,NCut,AVI,0.4588247190178054,0.4624935959862377,-0.0036688769684322664,True,True,True
2023-12,4,Ward,NCut,AVU,0.5478317762932291,0.6130928877138919,-0.06526111142066282,True,True,True
2023-12,4,Ward,NCut,MQ,0.17837270512806633,0.16137993980124477,0.016992765326821563,True,True,True
2023-12,6,SSE,Ward,SW,0.3200559540021875,0.28495934613931706,0.035096607862870444,True,True,True
2023-12,6,SSE,Ward,CH,1733.3707972586326,1395.9014086904017,337.4693885682309,True,True,True
2023-12,6,SSE,Ward,S_Dbw,0.5183185679392082,0.43873792650818155,0.07958064143102661,True,True,True
2023-12,6,SSE,Ward,AVI,0.34099604398821715,0.3268521174768814,0.014143926511335725,True,True,True
2023-12,6,SSE,Ward,AVU,0.48267479328597296,0.46247658976554074,0.020198203520432223,True,True,True
2023-12,6,SSE,Ward,MQ,0.14037634535805374,0.13715781553610268,0.0032185298219510605,True,True,True
2023-12,6,SSE,NCut,SW,0.3200559540021875,0.25704564804064456,0.06301030596154295,True,True,True
2023-12,6,SSE,NCut,CH,1733.3707972586326,1270.30870014776,463.0620971108726,True,True,True
2023-12,6,SSE,NCut,S_Dbw,0.5183185679392082,0.535426005282452,-0.017107437343243825,True,True,True
2023-12,6,SSE,NCut,AVI,0.34099604398821715,0.3305096094620278,0.010486434526189359,True,True,True
2023-12,6,SSE,NCut,AVU,0.48267479328597296,0.5293315805396032,-0.046656787253630205,True,True,True
2023-12,6,SSE,NCut,MQ,0.14037634535805374,0.1252039964820302,0.015172348876023534,True,True,True
2023-12,6,Ward,NCut,SW,0.28495934613931706,0.25704564804064456,0.0279136980986725,True,True,True
2023-12,6,Ward,NCut,CH,1395.9014086904017,1270.30870014776,125.59270854264173,True,True,True
2023-12,6,Ward,NCut,S_Dbw,0.43873792650818155,0.535426005282452,-0.09668807877427044,True,True,True
2023-12,6,Ward,NCut,AVI,0.3268521174768814,0.3305096094620278,-0.003657491985146366,True,True,True
2023-12,6,Ward,NCut,AVU,0.46247658976554074,0.5293315805396032,-0.06685499077406243,True,True,True
2023-12,6,Ward,NCut,MQ,0.13715781553610268,0.1252039964820302,0.011953819054072473,True,True,True
2023-12,8,SSE,Ward,SW,0.27828933273986073,0.2482370267650373,0.030052305974823418,False,True,False
2023-12,8,SSE,Ward,CH,1516.4478279928635,1299.7882822145673,216.6595457782962,False,True,False
2023-12,8,SSE,Ward,S_Dbw,,0.3657110979340271,,False,True,False
2023-12,8,SSE,Ward,AVI,0.27332593073265055,0.26966198410349124,0.0036639466291593092,False,True,False
2023-12,8,SSE,Ward,AVU,0.45969175698680637,0.4278162443132241,0.03187551267358224,False,True,False
2023-12,8,SSE,Ward,MQ,0.11476894048956127,0.12431924917388099,-0.00955030868431972,False,True,False
2023-12,8,SSE,NCut,SW,0.27828933273986073,0.21562291915677748,0.06266641358308325,False,True,False
2023-12,8,SSE,NCut,CH,1516.4478279928635,1297.5673132931877,218.8805146996758,False,True,False
2023-12,8,SSE,NCut,S_Dbw,,0.7083394711312351,,False,True,False
2023-12,8,SSE,NCut,AVI,0.27332593073265055,0.25875992738778625,0.014566003344864298,False,True,False
2023-12,8,SSE,NCut,AVU,0.45969175698680637,0.5095119976498402,-0.049820240663033866,False,True,False
2023-12,8,SSE,NCut,MQ,0.11476894048956127,0.10428991714890971,0.010479023340651553,False,True,False
2023-12,8,Ward,NCut,SW,0.2482370267650373,0.21562291915677748,0.032614107608259835,True,True,True
2023-12,8,Ward,NCut,CH,1299.7882822145673,1297.5673132931877,2.220968921379608,True,True,True
2023-12,8,Ward,NCut,S_Dbw,0.3657110979340271,0.7083394711312351,-0.34262837319720796,True,True,True
2023-12,8,Ward,NCut,AVI,0.26966198410349124,0.25875992738778625,0.010902056715704989,True,True,True
2023-12,8,Ward,NCut,AVU,0.4278162443132241,0.5095119976498402,-0.0816957533366161,True,True,True
2023-12,8,Ward,NCut,MQ,0.12431924917388099,0.10428991714890971,0.020029332024971272,True,True,True
2023-12,10,SSE,Ward,SW,0.2540358495135021,0.18021566985656365,0.07382017965693846,False,False,False
2023-12,10,SSE,Ward,CH,1370.8857246803802,1184.1674580943754,186.7182665860048,False,False,False
2023-12,10,SSE,Ward,S_Dbw,,,,False,False,False
2023-12,10,SSE,Ward,AVI,0.2280216724142868,0.22314107058444935,0.004880601829837461,False,False,False
2023-12,10,SSE,Ward,AVU,0.4506589464201904,0.45081273276015077,-0.00015378633996038227,False,False,False
2023-12,10,SSE,Ward,MQ,0.09540787549819256,0.08841007531110691,0.006997800187085651,False,False,False
2023-12,10,SSE,NCut,SW,0.2540358495135021,0.2111445087216533,0.04289134079184881,False,False,False
2023-12,10,SSE,NCut,CH,1370.8857246803802,1105.1711887017423,265.71453597863797,False,False,False
2023-12,10,SSE,NCut,S_Dbw,,,,False,False,False
2023-12,10,SSE,NCut,AVI,0.2280216724142868,0.21140919916126616,0.01661247325302065,False,False,False
2023-12,10,SSE,NCut,AVU,0.4506589464201904,0.47151956763165964,-0.020860621211469255,False,False,False
2023-12,10,SSE,NCut,MQ,0.09540787549819256,0.0885464994736684,0.006861376024524163,False,False,False
2023-12,10,Ward,NCut,SW,0.18021566985656365,0.2111445087216533,-0.030928838865089653,False,False,False
2023-12,10,Ward,NCut,CH,1184.1674580943754,1105.1711887017423,78.99626939263317,False,False,False
2023-12,10,Ward,NCut,S_Dbw,,,,False,False,False
2023-12,10,Ward,NCut,AVI,0.22314107058444935,0.21140919916126616,0.011731871423183188,False,False,False
2023-12,10,Ward,NCut,AVU,0.45081273276015077,0.47151956763165964,-0.020706834871508872,False,False,False
2023-12,10,Ward,NCut,MQ,0.08841007531110691,0.0885464994736684,-0.00013642416256148815,False,False,False
2023-12,12,SSE,Ward,SW,0.24527991696862167,0.19104101541206858,0.05423890155655309,False,False,False
2023-12,12,SSE,Ward,CH,1272.9754873015945,1106.8901347386743,166.0853525629202,False,False,False
2023-12,12,SSE,Ward,S_Dbw,,,,False,False,False
2023-12,12,SSE,Ward,AVI,0.20663025690234232,0.18855311388554633,0.018077143016796,False,False,False
2023-12,12,SSE,Ward,AVU,0.42001761775469576,0.441415957132845,-0.021398339378149223,False,False,False
2023-12,12,SSE,Ward,MQ,0.08438584647793092,0.07915211851047184,0.005233727967459079,False,False,False
2023-12,12,SSE,NCut,SW,0.24527991696862167,0.19340379102407537,0.0518761259445463,False,False,False
2023-12,12,SSE,NCut,CH,1272.9754873015945,1073.4957052120858,199.47978208950872,False,False,False
2023-12,12,SSE,NCut,S_Dbw,,,,False,False,False
2023-12,12,SSE,NCut,AVI,0.20663025690234232,0.18120744181827647,0.025422815084065853,False,False,False
2023-12,12,SSE,NCut,AVU,0.42001761775469576,0.455212045294117,-0.03519442753942126,False,False,False
2023-12,12,SSE,NCut,MQ,0.08438584647793092,0.07254317253558328,0.011842673942347642,False,False,False
2023-12,12,Ward,NCut,SW,0.19104101541206858,0.19340379102407537,-0.00236277561200679,False,False,False
2023-12,12,Ward,NCut,CH,1106.8901347386743,1073.4957052120858,33.39442952658851,False,False,False
2023-12,12,Ward,NCut,S_Dbw,,,,False,False,False
2023-12,12,Ward,NCut,AVI,0.18855311388554633,0.18120744181827647,0.007345672067269854,False,False,False
2023-12,12,Ward,NCut,AVU,0.441415957132845,0.455212045294117,-0.013796088161272035,False,False,False
2023-12,12,Ward,NCut,MQ,0.07915211851047184,0.07254317253558328,0.006608945974888564,False,False,False
2023-12,16,SSE,Ward,SW,0.23258052349174743,0.17232543140276974,0.060255092088977696,False,False,False
2023-12,16,SSE,Ward,CH,1133.412941621496,973.5126443173189,159.90029730417712,False,False,False
2023-12,16,SSE,Ward,S_Dbw,,,,False,False,False
2023-12,16,SSE,Ward,AVI,0.16127486418033665,0.16016133836289095,0.0011135258174456986,False,False,False
2023-12,16,SSE,Ward,AVU,0.4043370378018785,0.38888030204833013,0.01545673575354839,False,False,False
2023-12,16,SSE,Ward,MQ,0.06881831996706007,0.07279697370458843,-0.0039786537375283565,False,False,False
2023-12,16,SSE,NCut,SW,0.23258052349174743,0.15131307858626744,0.08126744490547999,False,False,False
2023-12,16,SSE,NCut,CH,1133.412941621496,775.1183141417997,358.29462747969626,False,False,False
2023-12,16,SSE,NCut,S_Dbw,,,,False,False,False
2023-12,16,SSE,NCut,AVI,0.16127486418033665,0.13651638260583226,0.024758481574504387,False,False,False
2023-12,16,SSE,NCut,AVU,0.4043370378018785,0.46752749478986233,-0.06319045698798381,False,False,False
2023-12,16,SSE,NCut,MQ,0.06881831996706007,0.056600111621371636,0.012218208345688437,False,False,False
2023-12,16,Ward,NCut,SW,0.17232543140276974,0.15131307858626744,0.021012352816502294,False,False,False
2023-12,16,Ward,NCut,CH,973.5126443173189,775.1183141417997,198.39433017551914,False,False,False
2023-12,16,Ward,NCut,S_Dbw,,,,False,False,False
2023-12,16,Ward,NCut,AVI,0.16016133836289095,0.13651638260583226,0.02364495575705869,False,False,False
2023-12,16,Ward,NCut,AVU,0.38888030204833013,0.46752749478986233,-0.0786471927415322,False,False,False
2023-12,16,Ward,NCut,MQ,0.07279697370458843,0.056600111621371636,0.016196862083216794,False,False,False
2023-12,20,SSE,Ward,SW,0.22556602493172836,0.17387880195936392,0.051687222972364444,False,False,False
2023-12,20,SSE,Ward,CH,1034.0706510321884,892.5847100989002,141.48594093328813,False,False,False
2023-12,20,SSE,Ward,S_Dbw,,,,False,False,False
2023-12,20,SSE,Ward,AVI,0.13178036357666,0.1304411589280981,0.0013392046485619091,False,False,False
2023-12,20,SSE,Ward,AVU,0.39398754545019615,0.3939654440314371,2.210141875907956e-05,False,False,False
2023-12,20,SSE,Ward,MQ,0.059405682772480164,0.05737874253516959,0.002026940237310572,False,False,False
2023-12,20,SSE,NCut,SW,0.22556602493172836,0.1631301883102534,0.06243583662147498,False,False,False
2023-12,20,SSE,NCut,CH,1034.0706510321884,620.7596553147397,413.3109957174487,False,False,False
2023-12,20,SSE,NCut,S_Dbw,,,,False,False,False
2023-12,20,SSE,NCut,AVI,0.13178036357666,0.11136887105067522,0.020411492525984787,False,False,False
2023-12,20,SSE,NCut,AVU,0.39398754545019615,0.47428379069308063,-0.08029624524288448,False,False,False
2023-12,20,SSE,NCut,MQ,0.059405682772480164,0.04649854206256901,0.012907140709911155,False,False,False
2023-12,20,Ward,NCut,SW,0.17387880195936392,0.1631301883102534,0.010748613649110533,False,False,False
2023-12,20,Ward,NCut,CH,892.5847100989002,620.7596553147397,271.82505478416056,False,False,False
2023-12,20,Ward,NCut,S_Dbw,,,,False,False,False
2023-12,20,Ward,NCut,AVI,0.1304411589280981,0.11136887105067522,0.019072287877422878,False,False,False
2023-12,20,Ward,NCut,AVU,0.3939654440314371,0.47428379069308063,-0.08031834666164356,False,False,False
2023-12,20,Ward,NCut,MQ,0.05737874253516959,0.04649854206256901,0.010880200472600583,False,False,False
2024-01,4,SSE,Ward,SW,0.314798294495553,0.2633555682777054,0.05144272621784762,True,True,True
2024-01,4,SSE,Ward,CH,1946.6097175919574,1616.7577857735896,329.8519318183678,True,True,True
2024-01,4,SSE,Ward,S_Dbw,0.5544298756976984,0.6192293674389784,-0.06479949174127997,True,True,True
2024-01,4,SSE,Ward,AVI,0.4760135528974694,0.46861808620220935,0.007395466695260033,True,True,True
2024-01,4,SSE,Ward,AVU,0.5896617041293863,0.5981597056856974,-0.008498001556311086,True,True,True
2024-01,4,SSE,Ward,MQ,0.16837321699840932,0.14199889472449997,0.026374322273909345,True,True,True
2024-01,4,SSE,NCut,SW,0.314798294495553,0.2931439168984974,0.02165437759705563,True,True,True
2024-01,4,SSE,NCut,CH,1946.6097175919574,1848.7850640175363,97.82465357442106,True,True,True
2024-01,4,SSE,NCut,S_Dbw,0.5544298756976984,0.575268368304744,-0.020838492607045622,True,True,True
2024-01,4,SSE,NCut,AVI,0.4760135528974694,0.4750916194063369,0.0009219334911325094,True,True,True
2024-01,4,SSE,NCut,AVU,0.5896617041293863,0.5844775957599058,0.005184108369480578,True,True,True
2024-01,4,SSE,NCut,MQ,0.16837321699840932,0.1656847590835711,0.0026884579148382104,True,True,True
2024-01,4,Ward,NCut,SW,0.2633555682777054,0.2931439168984974,-0.029788348620791993,True,True,True
2024-01,4,Ward,NCut,CH,1616.7577857735896,1848.7850640175363,-232.02727824394674,True,True,True
2024-01,4,Ward,NCut,S_Dbw,0.6192293674389784,0.575268368304744,0.043960999134234346,True,True,True
2024-01,4,Ward,NCut,AVI,0.46861808620220935,0.4750916194063369,-0.006473533204127524,True,True,True
2024-01,4,Ward,NCut,AVU,0.5981597056856974,0.5844775957599058,0.013682109925791663,True,True,True
2024-01,4,Ward,NCut,MQ,0.14199889472449997,0.1656847590835711,-0.023685864359071135,True,True,True
2024-01,6,SSE,Ward,SW,0.3254408877316029,0.2554497041424838,0.0699911835891191,True,True,True
2024-01,6,SSE,Ward,CH,1830.2043796428006,1573.0648444100566,257.13953523274404,True,True,True
2024-01,6,SSE,Ward,S_Dbw,0.5590117088244946,0.45972036653033765,0.09929134229415693,True,True,True
2024-01,6,SSE,Ward,AVI,0.34119532473197195,0.3353618886046778,0.005833436127294145,True,True,True
2024-01,6,SSE,Ward,AVU,0.4888550619349788,0.49872361743064797,-0.009868555495669173,True,True,True
2024-01,6,SSE,Ward,MQ,0.14714972983013425,0.13514299321909362,0.012006736611040625,True,True,True
2024-01,6,SSE,NCut,SW,0.3254408877316029,0.2702437076371457,0.05519718009445718,True,True,True
2024-01,6,SSE,NCut,CH,1830.2043796428006,1426.098602792307,404.1057768504936,True,True,True
2024-01,6,SSE,NCut,S_Dbw,0.5590117088244946,0.6692452699651591,-0.11023356114066452,True,True,True
2024-01,6,SSE,NCut,AVI,0.34119532473197195,0.33372048801023263,0.00747483672173932,True,True,True
2024-01,6,SSE,NCut,AVU,0.4888550619349788,0.5178631973594535,-0.029008135424474724,True,True,True
2024-01,6,SSE,NCut,MQ,0.14714972983013425,0.13184883945843875,0.015300890371695491,True,True,True
2024-01,6,Ward,NCut,SW,0.2554497041424838,0.2702437076371457,-0.014794003494661923,True,True,True
2024-01,6,Ward,NCut,CH,1573.0648444100566,1426.098602792307,146.96624161774957,True,True,True
2024-01,6,Ward,NCut,S_Dbw,0.45972036653033765,0.6692452699651591,-0.20952490343482144,True,True,True
2024-01,6,Ward,NCut,AVI,0.3353618886046778,0.33372048801023263,0.0016414005944451748,True,True,True
2024-01,6,Ward,NCut,AVU,0.49872361743064797,0.5178631973594535,-0.01913957992880555,True,True,True
2024-01,6,Ward,NCut,MQ,0.13514299321909362,0.13184883945843875,0.0032941537606548665,True,True,True
2024-01,8,SSE,Ward,SW,0.27553208817950053,0.2482570643821375,0.027275023797363046,False,False,False
2024-01,8,SSE,Ward,CH,1630.6365132953551,1456.1629884274832,174.4735248678719,False,False,False
2024-01,8,SSE,Ward,S_Dbw,,,,False,False,False
2024-01,8,SSE,Ward,AVI,0.26594265383844967,0.2610181226359911,0.00492453120245856,False,False,False
2024-01,8,SSE,Ward,AVU,0.4837695188234991,0.4722967449969046,0.011472773826594507,False,False,False
2024-01,8,SSE,Ward,MQ,0.1132658901141353,0.11465299077209246,-0.0013871006579571493,False,False,False
2024-01,8,SSE,NCut,SW,0.27553208817950053,0.25850263615411145,0.01702945202538908,False,False,False
2024-01,8,SSE,NCut,CH,1630.6365132953551,1351.448497160591,279.1880161347642,False,False,False
2024-01,8,SSE,NCut,S_Dbw,,,,False,False,False
2024-01,8,SSE,NCut,AVI,0.26594265383844967,0.26155695044794325,0.0043857033905064235,False,False,False
2024-01,8,SSE,NCut,AVU,0.4837695188234991,0.4693168427319471,0.014452676091551986,False,False,False
2024-01,8,SSE,NCut,MQ,0.1132658901141353,0.11034735903725364,0.0029185310768816697,False,False,False
2024-01,8,Ward,NCut,SW,0.2482570643821375,0.25850263615411145,-0.010245571771973966,False,False,False
2024-01,8,Ward,NCut,CH,1456.1629884274832,1351.448497160591,104.71449126689231,False,False,False
2024-01,8,Ward,NCut,S_Dbw,,,,False,False,False
2024-01,8,Ward,NCut,AVI,0.2610181226359911,0.26155695044794325,-0.0005388278119521361,False,False,False
2024-01,8,Ward,NCut,AVU,0.4722967449969046,0.4693168427319471,0.002979902264957479,False,False,False
2024-01,8,Ward,NCut,MQ,0.11465299077209246,0.11034735903725364,0.004305631734838819,False,False,False
2024-01,10,SSE,Ward,SW,0.2691142698701275,0.2271209200309481,0.04199334983917938,False,False,False
2024-01,10,SSE,Ward,CH,1470.059172254286,1333.450309069711,136.60886318457506,False,False,False
2024-01,10,SSE,Ward,S_Dbw,,,,False,False,False
2024-01,10,SSE,Ward,AVI,0.21800452464216036,0.21342186524100015,0.004582659401160205,False,False,False
2024-01,10,SSE,Ward,AVU,0.456818083047589,0.46069330679717696,-0.003875223749587986,False,False,False
2024-01,10,SSE,Ward,MQ,0.10244273799798705,0.09974655554926797,0.002696182448719081,False,False,False
2024-01,10,SSE,NCut,SW,0.2691142698701275,0.22792962304526654,0.04118464682486095,False,False,False
2024-01,10,SSE,NCut,CH,1470.059172254286,1244.7290630890097,225.33010916527633,False,False,False
2024-01,10,SSE,NCut,S_Dbw,,,,False,False,False
2024-01,10,SSE,NCut,AVI,0.21800452464216036,0.2148350918574868,0.003169432784673548,False,False,False
2024-01,10,SSE,NCut,AVU,0.456818083047589,0.46606921605668317,-0.009251133009094192,False,False,False
2024-01,10,SSE,NCut,MQ,0.10244273799798705,0.08902650887443131,0.013416229123555737,False,False,False
2024-01,10,Ward,NCut,SW,0.2271209200309481,0.22792962304526654,-0.0008087030143184293,False,False,False
2024-01,10,Ward,NCut,CH,1333.450309069711,1244.7290630890097,88.72124598070127,False,False,False
2024-01,10,Ward,NCut,S_Dbw,,,,False,False,False
2024-01,10,Ward,NCut,AVI,0.21342186524100015,0.2148350918574868,-0.001413226616486657,False,False,False
2024-01,10,Ward,NCut,AVU,0.46069330679717696,0.46606921605668317,-0.005375909259506206,False,False,False
2024-01,10,Ward,NCut,MQ,0.09974655554926797,0.08902650887443131,0.010720046674836656,False,False,False
2024-01,12,SSE,Ward,SW,0.2647271272068509,0.20691356314116197,0.05781356406568891,False,False,False
2024-01,12,SSE,Ward,CH,1368.8754053703888,1237.3134418022457,131.56196356814303,False,False,False
2024-01,12,SSE,Ward,S_Dbw,,,,False,False,False
2024-01,12,SSE,Ward,AVI,0.1943491836733008,0.19326106813404473,0.0010881155392560848,False,False,False
2024-01,12,SSE,Ward,AVU,0.4297254326435417,0.4380298111705006,-0.008304378526958922,False,False,False
2024-01,12,SSE,Ward,MQ,0.09305277419830793,0.0890958258539024,0.003956948344405534,False,False,False
2024-01,12,SSE,NCut,SW,0.2647271272068509,0.21473321195704234,0.049993915249808535,False,False,False
2024-01,12,SSE,NCut,CH,1368.8754053703888,1144.5770963553173,224.29830901507148,False,False,False
2024-01,12,SSE,NCut,S_Dbw,,,,False,False,False
2024-01,12,SSE,NCut,AVI,0.1943491836733008,0.18239253463903016,0.011956649034270656,False,False,False
2024-01,12,SSE,NCut,AVU,0.4297254326435417,0.4678017763388593,-0.038076343695317594,False,False,False
2024-01,12,SSE,NCut,MQ,0.09305277419830793,0.07575407614943297,0.01729869804887496,False,False,False
2024-01,12,Ward,NCut,SW,0.20691356314116197,0.21473321195704234,-0.007819648815880376,False,False,False
2024-01,12,Ward,NCut,CH,1237.3134418022457,1144.5770963553173,92.73634544692845,False,False,False
2024-01,12,Ward,NCut,S_Dbw,,,,False,False,False
2024-01,12,Ward,NCut,AVI,0.19326106813404473,0.18239253463903016,0.01086853349501457,False,False,False
2024-01,12,Ward,NCut,AVU,0.4380298111705006,0.4678017763388593,-0.02977196516835867,False,False,False
2024-01,12,Ward,NCut,MQ,0.0890958258539024,0.07575407614943297,0.013341749704469427,False,False,False
2024-01,16,SSE,Ward,SW,0.23740036449330898,0.19165991016607295,0.04574045432723603,False,False,False
2024-01,16,SSE,Ward,CH,1223.895992438367,1078.3852705798465,145.51072185852058,False,False,False
2024-01,16,SSE,Ward,S_Dbw,,,,False,False,False
2024-01,16,SSE,Ward,AVI,0.15156576601172456,0.14900632098920535,0.0025594450225192023,False,False,False
2024-01,16,SSE,Ward,AVU,0.4170925609864204,0.4141405706729921,0.0029519903134282988,False,False,False
2024-01,16,SSE,Ward,MQ,0.06877225390645726,0.07377844136653344,-0.005006187460076181,False,False,False
2024-01,16,SSE,NCut,SW,0.23740036449330898,0.1998333714664479,0.03756699302686109,False,False,False
2024-01,16,SSE,NCut,CH,1223.895992438367,1060.6915961037143,163.20439633465276,False,False,False
2024-01,16,SSE,NCut,S_Dbw,,,,False,False,False
2024-01,16,SSE,NCut,AVI,0.15156576601172456,0.1403550526738481,0.01121071333787646,False,False,False
2024-01,16,SSE,NCut,AVU,0.4170925609864204,0.45823431429766326,-0.04114175331124287,False,False,False
2024-01,16,SSE,NCut,MQ,0.06877225390645726,0.05858048604701708,0.010191767859440183,False,False,False
2024-01,16,Ward,NCut,SW,0.19165991016607295,0.1998333714664479,-0.00817346130037494,False,False,False
2024-01,16,Ward,NCut,CH,1078.3852705798465,1060.6915961037143,17.693674476132173,False,False,False
2024-01,16,Ward,NCut,S_Dbw,,,,False,False,False
2024-01,16,Ward,NCut,AVI,0.14900632098920535,0.1403550526738481,0.008651268315357258,False,False,False
2024-01,16,Ward,NCut,AVU,0.4141405706729921,0.45823431429766326,-0.04409374362467117,False,False,False
2024-01,16,Ward,NCut,MQ,0.07377844136653344,0.05858048604701708,0.015197955319516364,False,False,False
2024-01,20,SSE,Ward,SW,0.22461700848769142,0.1865579221852262,0.03805908630246521,False,False,False
2024-01,20,SSE,Ward,CH,1090.6659852391786,975.0326640398625,115.63332119931601,False,False,False
2024-01,20,SSE,Ward,S_Dbw,,,,False,False,False
2024-01,20,SSE,Ward,AVI,0.12297655249480041,0.12084466616344759,0.0021318863313528197,False,False,False
2024-01,20,SSE,Ward,AVU,0.40063631047018433,0.4208209681745693,-0.02018465770438499,False,False,False
2024-01,20,SSE,Ward,MQ,0.058327299688048055,0.059547329159810106,-0.0012200294717620505,False,False,False
2024-01,20,SSE,NCut,SW,0.22461700848769142,0.16643358838665143,0.058183420101039995,False,False,False
2024-01,20,SSE,NCut,CH,1090.6659852391786,939.7009226078712,150.96506263130732,False,False,False
2024-01,20,SSE,NCut,S_Dbw,,,,False,False,False
2024-01,20,SSE,NCut,AVI,0.12297655249480041,0.1139750419893755,0.009001510505424914,False,False,False
2024-01,20,SSE,NCut,AVU,0.40063631047018433,0.4647019782775155,-0.0640656678073312,False,False,False
2024-01,20,SSE,NCut,MQ,0.058327299688048055,0.04654210700579592,0.011785192682252137,False,False,False
2024-01,20,Ward,NCut,SW,0.1865579221852262,0.16643358838665143,0.020124333798574784,False,False,False
2024-01,20,Ward,NCut,CH,975.0326640398625,939.7009226078712,35.331741431991304,False,False,False
2024-01,20,Ward,NCut,S_Dbw,,,,False,False,False
2024-01,20,Ward,NCut,AVI,0.12084466616344759,0.1139750419893755,0.006869624174072095,False,False,False
2024-01,20,Ward,NCut,AVU,0.4208209681745693,0.4647019782775155,-0.043881010102946205,False,False,False
2024-01,20,Ward,NCut,MQ,0.059547329159810106,0.04654210700579592,0.013005222154014187,False,False,False
2024-02,4,SSE,Ward,SW,0.39818769910168217,0.27593706163389087,0.1222506374677913,True,True,True
2024-02,4,SSE,Ward,CH,1884.8571626125388,1509.930849853896,374.9263127586428,True,True,True
2024-02,4,SSE,Ward,S_Dbw,0.4837067873668117,0.7745299507717174,-0.29082316340490566,True,True,True
2024-02,4,SSE,Ward,AVI,0.4629112150185377,0.443844885018811,0.01906632999972674,True,True,True
2024-02,4,SSE,Ward,AVU,0.5353793278373098,0.5830531751116481,-0.04767384727433832,True,True,True
2024-02,4,SSE,Ward,MQ,0.1864992610015762,0.15602885353962426,0.030470407461951954,True,True,True
2024-02,4,SSE,NCut,SW,0.39818769910168217,0.30535824010261886,0.09282945899906331,True,True,True
2024-02,4,SSE,NCut,CH,1884.8571626125388,1460.151612227817,424.70555038472185,True,True,True
2024-02,4,SSE,NCut,S_Dbw,0.4837067873668117,0.6578584187459775,-0.17415163137916578,True,True,True
2024-02,4,SSE,NCut,AVI,0.4629112150185377,0.4587130452190679,0.0041981697994697975,True,True,True
2024-02,4,SSE,NCut,AVU,0.5353793278373098,0.6140437412494933,-0.07866441341218355,True,True,True
2024-02,4,SSE,NCut,MQ,0.1864992610015762,0.16266430202133036,0.023834958980245846,True,True,True
2024-02,4,Ward,NCut,SW,0.27593706163389087,0.30535824010261886,-0.029421178468727993,True,True,True
2024-02,4,Ward,NCut,CH,1509.930849853896,1460.151612227817,49.779237626079066,True,True,True
2024-02,4,Ward,NCut,S_Dbw,0.7745299507717174,0.6578584187459775,0.11667153202573988,True,True,True
2024-02,4,Ward,NCut,AVI,0.443844885018811,0.4587130452190679,-0.014868160200256941,True,True,True
2024-02,4,Ward,NCut,AVU,0.5830531751116481,0.6140437412494933,-0.030990566137845232,True,True,True
2024-02,4,Ward,NCut,MQ,0.15602885353962426,0.16266430202133036,-0.006635448481706108,True,True,True
2024-02,6,SSE,Ward,SW,0.3200717696372932,0.29415916154585015,0.02591260809144308,True,True,True
2024-02,6,SSE,Ward,CH,1782.9864217086438,1479.0418490305365,303.9445726781073,True,True,True
2024-02,6,SSE,Ward,S_Dbw,0.5199441011510703,0.6804451033097239,-0.1605010021586536,True,True,True
2024-02,6,SSE,Ward,AVI,0.3328399608033378,0.33755820225859323,-0.004718241455255456,True,True,True
2024-02,6,SSE,Ward,AVU,0.48693958776261204,0.4456369108162669,0.04130267694634515,True,True,True
2024-02,6,SSE,Ward,MQ,0.1353251810905541,0.13754098749886381,-0.002215806408309706,True,True,True
2024-02,6,SSE,NCut,SW,0.3200717696372932,0.26867860851840525,0.051393161118887976,True,True,True
2024-02,6,SSE,NCut,CH,1782.9864217086438,1405.8999672539944,377.08645445464936,True,True,True
2024-02,6,SSE,NCut,S_Dbw,0.5199441011510703,0.7163118290145871,-0.19636772786351686,True,True,True
2024-02,6,SSE,NCut,AVI,0.3328399608033378,0.3266139906287985,0.006225970174539297,True,True,True
2024-02,6,SSE,NCut,AVU,0.48693958776261204,0.5179627226184483,-0.0310231348558363,True,True,True
2024-02,6,SSE,NCut,MQ,0.1353251810905541,0.12478682094288,0.010538360147674106,True,True,True
2024-02,6,Ward,NCut,SW,0.29415916154585015,0.26867860851840525,0.025480553027444897,True,True,True
2024-02,6,Ward,NCut,CH,1479.0418490305365,1405.8999672539944,73.14188177654205,True,True,True
2024-02,6,Ward,NCut,S_Dbw,0.6804451033097239,0.7163118290145871,-0.03586672570486327,True,True,True
2024-02,6,Ward,NCut,AVI,0.33755820225859323,0.3266139906287985,0.010944211629794753,True,True,True
2024-02,6,Ward,NCut,AVU,0.4456369108162669,0.5179627226184483,-0.07232581180218145,True,True,True
2024-02,6,Ward,NCut,MQ,0.13754098749886381,0.12478682094288,0.012754166555983812,True,True,True
2024-02,8,SSE,Ward,SW,0.2854854879969488,0.22592499007942582,0.059560497917522964,False,False,False
2024-02,8,SSE,Ward,CH,1581.8311503062853,1303.8826991672602,277.9484511390251,False,False,False
2024-02,8,SSE,Ward,S_Dbw,,,,False,False,False
2024-02,8,SSE,Ward,AVI,0.26077819843142064,0.26641922655899414,-0.0056410281275735,False,False,False
2024-02,8,SSE,Ward,AVU,0.4752050359762121,0.43874115752368387,0.03646387845252824,False,False,False
2024-02,8,SSE,Ward,MQ,0.1126086931081931,0.10836488651140799,0.00424380659678511,False,False,False
2024-02,8,SSE,NCut,SW,0.2854854879969488,0.262833606618977,0.022651881377971805,False,False,False
2024-02,8,SSE,NCut,CH,1581.8311503062853,1320.9597200278276,260.87143027845764,False,False,False
2024-02,8,SSE,NCut,S_Dbw,,,,False,False,False
2024-02,8,SSE,NCut,AVI,0.26077819843142064,0.2563584902454989,0.004419708185921745,False,False,False
2024-02,8,SSE,NCut,AVU,0.4752050359762121,0.45981923164015026,0.015385804336061848,False,False,False
2024-02,8,SSE,NCut,MQ,0.1126086931081931,0.10366558899187299,0.008943104116320114,False,False,False
2024-02,8,Ward,NCut,SW,0.22592499007942582,0.262833606618977,-0.03690861653955116,False,False,False
2024-02,8,Ward,NCut,CH,1303.8826991672602,1320.9597200278276,-17.077020860567472,False,False,False
2024-02,8,Ward,NCut,S_Dbw,,,,False,False,False
2024-02,8,Ward,NCut,AVI,0.26641922655899414,0.2563584902454989,0.010060736313495244,False,False,False
2024-02,8,Ward,NCut,AVU,0.43874115752368387,0.45981923164015026,-0.021078074116466394,False,False,False
2024-02,8,Ward,NCut,MQ,0.10836488651140799,0.10366558899187299,0.004699297519535003,False,False,False
2024-02,10,SSE,Ward,SW,0.24976613603343858,0.21305415623358945,0.03671197979984914,False,False,False
2024-02,10,SSE,Ward,CH,1436.7844267718126,1241.936895410345,194.84753136146765,False,False,False
2024-02,10,SSE,Ward,S_Dbw,,,,False,False,False
2024-02,10,SSE,Ward,AVI,0.21490219672434774,0.2179922943778495,-0.0030900976535017666,False,False,False
2024-02,10,SSE,Ward,AVU,0.46161035043017506,0.438173306995778,0.023437043434397065,False,False,False
2024-02,10,SSE,Ward,MQ,0.0876056010289547,0.09328100069258906,-0.0056753996636343534,False,False,False
2024-02,10,SSE,NCut,SW,0.24976613603343858,0.23526038909449035,0.014505746938948239,False,False,False
2024-02,10,SSE,NCut,CH,1436.7844267718126,1222.9930331509058,213.79139362090677,False,False,False
2024-02,10,SSE,NCut,S_Dbw,,,,False,False,False
2024-02,10,SSE,NCut,AVI,0.21490219672434774,0.21043541655409279,0.0044667801702549526,False,False,False
2024-02,10,SSE,NCut,AVU,0.46161035043017506,0.4540465277788575,0.007563822651317553,False,False,False
2024-02,10,SSE,NCut,MQ,0.0876056010289547,0.08314435666471834,0.004461244364236366,False,False,False
2024-02,10,Ward,NCut,SW,0.21305415623358945,0.23526038909449035,-0.0222062328609009,False,False,False
2024-02,10,Ward,NCut,CH,1241.936895410345,1222.9930331509058,18.94386225943913,False,False,False
2024-02,10,Ward,NCut,S_Dbw,,,,False,False,False
2024-02,10,Ward,NCut,AVI,0.2179922943778495,0.21043541655409279,0.007556877823756719,False,False,False
2024-02,10,Ward,NCut,AVU,0.438173306995778,0.4540465277788575,-0.01587322078307951,False,False,False
2024-02,10,Ward,NCut,MQ,0.09328100069258906,0.08314435666471834,0.01013664402787072,False,False,False
2024-02,12,SSE,Ward,SW,0.24413709742850806,0.22104091628554126,0.0230961811429668,False,False,False
2024-02,12,SSE,Ward,CH,1352.6920347978566,1168.696011996586,183.99602280127056,False,False,False
2024-02,12,SSE,Ward,S_Dbw,,,,False,False,False
2024-02,12,SSE,Ward,AVI,0.18710019153464194,0.18555772962429348,0.0015424619103484583,False,False,False
2024-02,12,SSE,Ward,AVU,0.4416162681159445,0.4082602783266245,0.03335598978932003,False,False,False
2024-02,12,SSE,Ward,MQ,0.07784218254134005,0.08162229238303717,-0.0037801098416971185,False,False,False
2024-02,12,SSE,NCut,SW,0.24413709742850806,0.14817878960492248,0.09595830782358558,False,False,False
2024-02,12,SSE,NCut,CH,1352.6920347978566,711.9359520667624,640.7560827310942,False,False,False
2024-02,12,SSE,NCut,S_Dbw,,,,False,False,False
2024-02,12,SSE,NCut,AVI,0.18710019153464194,0.17138673994901046,0.015713451585631477,False,False,False
2024-02,12,SSE,NCut,AVU,0.4416162681159445,0.4591498413844796,-0.017533573268535108,False,False,False
2024-02,12,SSE,NCut,MQ,0.07784218254134005,0.06916974657254257,0.008672435968797479,False,False,False
2024-02,12,Ward,NCut,SW,0.22104091628554126,0.14817878960492248,0.07286212668061878,False,False,False
2024-02,12,Ward,NCut,CH,1168.696011996586,711.9359520667624,456.7600599298237,False,False,False
2024-02,12,Ward,NCut,S_Dbw,,,,False,False,False
2024-02,12,Ward,NCut,AVI,0.18555772962429348,0.17138673994901046,0.014170989675283019,False,False,False
2024-02,12,Ward,NCut,AVU,0.4082602783266245,0.4591498413844796,-0.050889563057855136,False,False,False
2024-02,12,Ward,NCut,MQ,0.08162229238303717,0.06916974657254257,0.012452545810494597,False,False,False
2024-02,16,SSE,Ward,SW,0.24353059548195002,0.18381765858415047,0.05971293689779955,False,False,False
2024-02,16,SSE,Ward,CH,1200.5089296574872,1022.3240613828705,178.18486827461675,False,False,False
2024-02,16,SSE,Ward,S_Dbw,,,,False,False,False
2024-02,16,SSE,Ward,AVI,0.1545311394654765,0.15384686184515847,0.0006842776203180301,False,False,False
2024-02,16,SSE,Ward,AVU,0.40442014452741304,0.3863026611388545,0.018117483388558564,False,False,False
2024-02,16,SSE,Ward,MQ,0.06731610872935732,0.06828627454188305,-0.0009701658125257223,False,False,False
2024-02,16,SSE,NCut,SW,0.24353059548195002,0.19492214705292527,0.04860844842902476,False,False,False
2024-02,16,SSE,NCut,CH,1200.5089296574872,1035.2236648790908,165.28526477839637,False,False,False
2024-02,16,SSE,NCut,S_Dbw,,,,False,False,False
2024-02,16,SSE,NCut,AVI,0.1545311394654765,0.13816224651435194,0.016368892951124564,False,False,False
2024-02,16,SSE,NCut,AVU,0.40442014452741304,0.4443029642375612,-0.039882819710148176,False,False,False
2024-02,16,SSE,NCut,MQ,0.06731610872935732,0.056254990655594764,0.01106111807376256,False,False,False
2024-02,16,Ward,NCut,SW,0.18381765858415047,0.19492214705292527,-0.011104488468774792,False,False,False
2024-02,16,Ward,NCut,CH,1022.3240613828705,1035.2236648790908,-12.89960349622038,False,False,False
2024-02,16,Ward,NCut,S_Dbw,,,,False,False,False
2024-02,16,Ward,NCut,AVI,0.15384686184515847,0.13816224651435194,0.015684615330806534,False,False,False
2024-02,16,Ward,NCut,AVU,0.3863026611388545,0.4443029642375612,-0.05800030309870674,False,False,False
2024-02,16,Ward,NCut,MQ,0.06828627454188305,0.056254990655594764,0.012031283886288283,False,False,False
2024-02,20,SSE,Ward,SW,0.22430701699410902,0.1605207451203543,0.06378627187375471,False,False,False
2024-02,20,SSE,Ward,CH,1088.872979726131,916.9652276213725,171.90775210475852,False,False,False
2024-02,20,SSE,Ward,S_Dbw,,,,False,False,False
2024-02,20,SSE,Ward,AVI,0.12543265053067085,0.12463238241217293,0.0008002681184979127,False,False,False
2024-02,20,SSE,Ward,AVU,0.4173666167050832,0.37660751880411153,0.04075909790097165,False,False,False
2024-02,20,SSE,Ward,MQ,0.051252579502871515,0.057204729813284644,-0.005952150310413129,False,False,False
2024-02,20,SSE,NCut,SW,0.22430701699410902,0.1899328098266106,0.03437420716749842,False,False,False
2024-02,20,SSE,NCut,CH,1088.872979726131,951.218197706947,137.65478201918404,False,False,False
2024-02,20,SSE,NCut,S_Dbw,,,,False,False,False
2024-02,20,SSE,NCut,AVI,0.12543265053067085,0.11228160711540129,0.013151043415269556,False,False,False
2024-02,20,SSE,NCut,AVU,0.4173666167050832,0.4464438721845171,-0.029077255479433906,False,False,False
2024-02,20,SSE,NCut,MQ,0.051252579502871515,0.046059089214779136,0.005193490288092378,False,False,False
2024-02,20,Ward,NCut,SW,0.1605207451203543,0.1899328098266106,-0.02941206470625629,False,False,False
2024-02,20,Ward,NCut,CH,916.9652276213725,951.218197706947,-34.252970085574475,False,False,False
2024-02,20,Ward,NCut,S_Dbw,,,,False,False,False
2024-02,20,Ward,NCut,AVI,0.12463238241217293,0.11228160711540129,0.012350775296771643,False,False,False
2024-02,20,Ward,NCut,AVU,0.37660751880411153,0.4464438721845171,-0.06983635338040556,False,False,False
2024-02,20,Ward,NCut,MQ,0.057204729813284644,0.046059089214779136,0.011145640598505507,False,False,False
2024-03,4,SSE,Ward,SW,0.3945492335798651,0.26194689995954074,0.13260233362032436,True,True,True
2024-03,4,SSE,Ward,CH,1921.5686190311394,1577.2011123216664,344.367506709473,True,True,True
2024-03,4,SSE,Ward,S_Dbw,0.5687463888212612,0.9109129972701695,-0.34216660844890834,True,True,True
2024-03,4,SSE,Ward,AVI,0.4597352824318074,0.44780538342913906,0.011929899002668332,True,True,True
2024-03,4,SSE,Ward,AVU,0.5389033054506482,0.55162752819917,-0.012724222748521807,True,True,True
2024-03,4,SSE,Ward,MQ,0.18289626211910148,0.13937089859702687,0.04352536352207462,True,True,True
2024-03,4,SSE,NCut,SW,0.3945492335798651,0.31601955580333185,0.07852967777653325,True,True,True
2024-03,4,SSE,NCut,CH,1921.5686190311394,1514.7400741357394,406.8285448954,True,True,True
2024-03,4,SSE,NCut,S_Dbw,0.5687463888212612,0.6882401205318937,-0.11949373171063249,True,True,True
2024-03,4,SSE,NCut,AVI,0.4597352824318074,0.4591748716027545,0.0005604108290528931,True,True,True
2024-03,4,SSE,NCut,AVU,0.5389033054506482,0.612573266715767,-0.07366996126511871,True,True,True
2024-03,4,SSE,NCut,MQ,0.18289626211910148,0.16264251222958423,0.020253749889517253,True,True,True
2024-03,4,Ward,NCut,SW,0.26194689995954074,0.31601955580333185,-0.05407265584379112,True,True,True
2024-03,4,Ward,NCut,CH,1577.2011123216664,1514.7400741357394,62.46103818592701,True,True,True
2024-03,4,Ward,NCut,S_Dbw,0.9109129972701695,0.6882401205318937,0.22267287673827585,True,True,True
2024-03,4,Ward,NCut,AVI,0.44780538342913906,0.4591748716027545,-0.011369488173615439,True,True,True
2024-03,4,Ward,NCut,AVU,0.55162752819917,0.612573266715767,-0.0609457385165969,True,True,True
2024-03,4,Ward,NCut,MQ,0.13937089859702687,0.16264251222958423,-0.023271613632557364,True,True,True
2024-03,6,SSE,Ward,SW,0.3234653058994973,0.2661896511612451,0.05727565473825219,True,True,True
2024-03,6,SSE,Ward,CH,1815.2679911055807,1540.9783730333227,274.289618072258,True,True,True
2024-03,6,SSE,Ward,S_Dbw,0.4492941605194917,0.6441652221117674,-0.19487106159227569,True,True,True
2024-03,6,SSE,Ward,AVI,0.33218796901943276,0.3218748002123084,0.010313168807124351,True,True,True
2024-03,6,SSE,Ward,AVU,0.48245047634342664,0.48724995190878745,-0.004799475565360811,True,True,True
2024-03,6,SSE,Ward,MQ,0.13318368955086451,0.13079370335565227,0.002389986195212246,True,True,True
2024-03,6,SSE,NCut,SW,0.3234653058994973,0.26207415208067125,0.06139115381882604,True,True,True
2024-03,6,SSE,NCut,CH,1815.2679911055807,1380.3865929166197,434.88139818896093,True,True,True
2024-03,6,SSE,NCut,S_Dbw,0.4492941605194917,0.6370113471184473,-0.1877171865989556,True,True,True
2024-03,6,SSE,NCut,AVI,0.33218796901943276,0.3242673192376749,0.007920649781757882,True,True,True
2024-03,6,SSE,NCut,AVU,0.48245047634342664,0.516175809942151,-0.033725333598724316,True,True,True
2024-03,6,SSE,NCut,MQ,0.13318368955086451,0.12267810342686172,0.010505586124002791,True,True,True
2024-03,6,Ward,NCut,SW,0.2661896511612451,0.26207415208067125,0.004115499080573848,True,True,True
2024-03,6,Ward,NCut,CH,1540.9783730333227,1380.3865929166197,160.59178011670292,True,True,True
2024-03,6,Ward,NCut,S_Dbw,0.6441652221117674,0.6370113471184473,0.007153874993320097,True,True,True
2024-03,6,Ward,NCut,AVI,0.3218748002123084,0.3242673192376749,-0.0023925190253664685,True,True,True
2024-03,6,Ward,NCut,AVU,0.48724995190878745,0.516175809942151,-0.028925858033363505,True,True,True
2024-03,6,Ward,NCut,MQ,0.13079370335565227,0.12267810342686172,0.008115599928790546,True,True,True
2024-03,8,SSE,Ward,SW,0.27993381637418874,0.22818007951662606,0.05175373685756268,False,False,False
2024-03,8,SSE,Ward,CH,1607.902589919215,1370.7466387494862,237.15595116972872,False,False,False
2024-03,8,SSE,Ward,S_Dbw,,,,False,False,False
2024-03,8,SSE,Ward,AVI,0.258239303359049,0.24758012385507175,0.01065917950397724,False,False,False
2024-03,8,SSE,Ward,AVU,0.4749759243328733,0.49105002473194803,-0.016074100399074753,False,False,False
2024-03,8,SSE,Ward,MQ,0.10594801626927543,0.1147026494587931,-0.008754633189517677,False,False,False
2024-03,8,SSE,NCut,SW,0.27993381637418874,0.2667757154895078,0.013158100884680946,False,False,False
2024-03,8,SSE,NCut,CH,1607.902589919215,1330.1574839054415,277.74510601377347,False,False,False
2024-03,8,SSE,NCut,S_Dbw,,,,False,False,False
2024-03,8,SSE,NCut,AVI,0.258239303359049,0.2550178543127812,0.0032214490462678103,False,False,False
2024-03,8,SSE,NCut,AVU,0.4749759243328733,0.4620815446182915,0.012894379714581794,False,False,False
2024-03,8,SSE,NCut,MQ,0.10594801626927543,0.10252835023945277,0.00341966602982266,False,False,False
2024-03,8,Ward,NCut,SW,0.22818007951662606,0.2667757154895078,-0.03859563597288174,False,False,False
2024-03,8,Ward,NCut,CH,1370.7466387494862,1330.1574839054415,40.58915484404474,False,False,False
2024-03,8,Ward,NCut,S_Dbw,,,,False,False,False
2024-03,8,Ward,NCut,AVI,0.24758012385507175,0.2550178543127812,-0.007437730457709429,False,False,False
2024-03,8,Ward,NCut,AVU,0.49105002473194803,0.4620815446182915,0.028968480113656547,False,False,False
2024-03,8,Ward,NCut,MQ,0.1147026494587931,0.10252835023945277,0.012174299219340337,False,False,False
2024-03,10,SSE,Ward,SW,0.26066403411083783,0.20072445108146378,0.05993958302937405,False,False,False
2024-03,10,SSE,Ward,CH,1453.7264936255951,1253.280109440275,200.44638418532008,False,False,False
2024-03,10,SSE,Ward,S_Dbw,,,,False,False,False
2024-03,10,SSE,Ward,AVI,0.21456058246635326,0.20615012090369164,0.00841046156266162,False,False,False
2024-03,10,SSE,Ward,AVU,0.4664885323137978,0.47690303044511356,-0.010414498131315786,False,False,False
2024-03,10,SSE,Ward,MQ,0.09086566707914408,0.08981834049573514,0.0010473265834089335,False,False,False
2024-03,10,SSE,NCut,SW,0.26066403411083783,0.23957008926072682,0.021093944850111013,False,False,False
2024-03,10,SSE,NCut,CH,1453.7264936255951,1217.0563227900216,236.67017083557357,False,False,False
2024-03,10,SSE,NCut,S_Dbw,,,,False,False,False
2024-03,10,SSE,NCut,AVI,0.21456058246635326,0.20878719083990935,0.005773391626443913,False,False,False
2024-03,10,SSE,NCut,AVU,0.4664885323137978,0.46998428160590133,-0.003495749292103556,False,False,False
2024-03,10,SSE,NCut,MQ,0.09086566707914408,0.08376046822535395,0.007105198853790129,False,False,False
2024-03,10,Ward,NCut,SW,0.20072445108146378,0.23957008926072682,-0.03884563817926304,False,False,False
2024-03,10,Ward,NCut,CH,1253.280109440275,1217.0563227900216,36.22378665025349,False,False,False
2024-03,10,Ward,NCut,S_Dbw,,,,False,False,False
2024-03,10,Ward,NCut,AVI,0.20615012090369164,0.20878719083990935,-0.0026370699362177064,False,False,False
2024-03,10,Ward,NCut,AVU,0.47690303044511356,0.46998428160590133,0.00691874883921223,False,False,False
2024-03,10,Ward,NCut,MQ,0.08981834049573514,0.08376046822535395,0.0060578722703811955,False,False,False
2024-03,12,SSE,Ward,SW,0.250910514080356,0.20628520116316656,0.04462531291718941,False,False,False
2024-03,12,SSE,Ward,CH,1362.3217512918554,1175.7274533360348,186.5942979558206,False,False,False
2024-03,12,SSE,Ward,S_Dbw,,,,False,False,False
2024-03,12,SSE,Ward,AVI,0.19156864653442093,0.20039673497335997,-0.008828088438939036,False,False,False
2024-03,12,SSE,Ward,AVU,0.43389254879762623,0.40265818387485086,0.03123436492277537,False,False,False
2024-03,12,SSE,Ward,MQ,0.0793652602946164,0.086831833672574,-0.0074665733779576,False,False,False
2024-03,12,SSE,NCut,SW,0.250910514080356,0.22070317106781512,0.030207343012540855,False,False,False
2024-03,12,SSE,NCut,CH,1362.3217512918554,1220.8144716009372,141.50727969091827,False,False,False
2024-03,12,SSE,NCut,S_Dbw,,,,False,False,False
2024-03,12,SSE,NCut,AVI,0.19156864653442093,0.1788532601876876,0.012715386346733332,False,False,False
2024-03,12,SSE,NCut,AVU,0.43389254879762623,0.45640658490477953,-0.0225140361071533,False,False,False
2024-03,12,SSE,NCut,MQ,0.0793652602946164,0.07171297341171275,0.007652286882903647,False,False,False
2024-03,12,Ward,NCut,SW,0.20628520116316656,0.22070317106781512,-0.014417969904648553,False,False,False
2024-03,12,Ward,NCut,CH,1175.7274533360348,1220.8144716009372,-45.087018264902326,False,False,False
2024-03,12,Ward,NCut,S_Dbw,,,,False,False,False
2024-03,12,Ward,NCut,AVI,0.20039673497335997,0.1788532601876876,0.021543474785672367,False,False,False
2024-03,12,Ward,NCut,AVU,0.40265818387485086,0.45640658490477953,-0.05374840102992867,False,False,False
2024-03,12,Ward,NCut,MQ,0.086831833672574,0.07171297341171275,0.015118860260861247,False,False,False
2024-03,16,SSE,Ward,SW,0.2338609219589646,0.20181507404473598,0.032045847914228626,False,False,False
2024-03,16,SSE,Ward,CH,1214.3721814511666,1074.656402540833,139.7157789103337,False,False,False
2024-03,16,SSE,Ward,S_Dbw,,,,False,False,False
2024-03,16,SSE,Ward,AVI,0.1554199575289198,0.1538626465435985,0.001557310985321303,False,False,False
2024-03,16,SSE,Ward,AVU,0.40695484124938586,0.39598018953515357,0.010974651714232286,False,False,False
2024-03,16,SSE,Ward,MQ,0.06416519709203304,0.0645319982783902,-0.00036680118635716574,False,False,False
2024-03,16,SSE,NCut,SW,0.2338609219589646,0.1580061336209573,0.0758547883380073,False,False,False
2024-03,16,SSE,NCut,CH,1214.3721814511666,849.3693937491408,365.0027877020258,False,False,False
2024-03,16,SSE,NCut,S_Dbw,,,,False,False,False
2024-03,16,SSE,NCut,AVI,0.1554199575289198,0.13232625592944422,0.023093701599475575,False,False,False
2024-03,16,SSE,NCut,AVU,0.40695484124938586,0.46633580544294506,-0.059380964193559205,False,False,False
2024-03,16,SSE,NCut,MQ,0.06416519709203304,0.055999041263254064,0.008166155828778977,False,False,False
2024-03,16,Ward,NCut,SW,0.20181507404473598,0.1580061336209573,0.04380894042377867,False,False,False
2024-03,16,Ward,NCut,CH,1074.656402540833,849.3693937491408,225.28700879169207,False,False,False
2024-03,16,Ward,NCut,S_Dbw,,,,False,False,False
2024-03,16,Ward,NCut,AVI,0.1538626465435985,0.13232625592944422,0.02153639061415427,False,False,False
2024-03,16,Ward,NCut,AVU,0.39598018953515357,0.46633580544294506,-0.07035561590779149,False,False,False
2024-03,16,Ward,NCut,MQ,0.0645319982783902,0.055999041263254064,0.008532957015136143,False,False,False
2024-03,20,SSE,Ward,SW,0.22761067617097008,0.19528194868752832,0.03232872748344176,False,False,False
2024-03,20,SSE,Ward,CH,1090.5801602288134,986.3771627977702,104.20299743104317,False,False,False
2024-03,20,SSE,Ward,S_Dbw,,,,False,False,False
2024-03,20,SSE,Ward,AVI,0.12555885706279374,0.1264611878283077,-0.0009023307655139645,False,False,False
2024-03,20,SSE,Ward,AVU,0.4144224006523355,0.3926439733491376,0.0217784273031979,False,False,False
2024-03,20,SSE,Ward,MQ,0.05408452690334693,0.05299490261367074,0.0010896242896761901,False,False,False
2024-03,20,SSE,NCut,SW,0.22761067617097008,0.18660065298467515,0.04101002318629493,False,False,False
2024-03,20,SSE,NCut,CH,1090.5801602288134,961.092283414509,129.4878768143044,False,False,False
2024-03,20,SSE,NCut,S_Dbw,,,,False,False,False
2024-03,20,SSE,NCut,AVI,0.12555885706279374,0.11077638093460568,0.01478247612818806,False,False,False
2024-03,20,SSE,NCut,AVU,0.4144224006523355,0.45998488977150864,-0.045562489119173155,False,False,False
2024-03,20,SSE,NCut,MQ,0.05408452690334693,0.04464249536189628,0.009442031541450652,False,False,False
2024-03,20,Ward,NCut,SW,0.19528194868752832,0.18660065298467515,0.00868129570285317,False,False,False
2024-03,20,Ward,NCut,CH,986.3771627977702,961.092283414509,25.284879383261227,False,False,False
2024-03,20,Ward,NCut,S_Dbw,,,,False,False,False
2024-03,20,Ward,NCut,AVI,0.1264611878283077,0.11077638093460568,0.015684806893702025,False,False,False
2024-03,20,Ward,NCut,AVU,0.3926439733491376,0.45998488977150864,-0.06734091642237106,False,False,False
2024-03,20,Ward,NCut,MQ,0.05299490261367074,0.04464249536189628,0.008352407251774462,False,False,False
2024-04,4,SSE,Ward,SW,0.3940578366618618,0.40188379573893157,-0.007825959077069788,True,True,True
2024-04,4,SSE,Ward,CH,1978.0636799756548,1611.1276814707433,366.9359985049116,True,True,True
2024-04,4,SSE,Ward,S_Dbw,0.5225552125301431,0.472016758163481,0.050538454366662156,True,True,True
2024-04,4,SSE,Ward,AVI,0.46192028981437927,0.4628377575953313,-0.0009174677809520304,True,True,True
2024-04,4,SSE,Ward,AVU,0.5308642203065607,0.513602901680043,0.017261318626517697,True,True,True
2024-04,4,SSE,Ward,MQ,0.18178423921919204,0.1672087701061304,0.014575469113061651,True,True,True
2024-04,4,SSE,NCut,SW,0.3940578366618618,0.31432009504754,0.07973774161432179,True,True,True
2024-04,4,SSE,NCut,CH,1978.0636799756548,1545.2456828936213,432.81799708203357,True,True,True
2024-04,4,SSE,NCut,S_Dbw,0.5225552125301431,0.6549300831117573,-0.13237487058161412,True,True,True
2024-04,4,SSE,NCut,AVI,0.46192028981437927,0.4629010921845166,-0.0009808023701373125,True,True,True
2024-04,4,SSE,NCut,AVU,0.5308642203065607,0.6133609820318143,-0.08249676172525366,True,True,True
2024-04,4,SSE,NCut,MQ,0.18178423921919204,0.16058801836830128,0.021196220850890762,True,True,True
2024-04,4,Ward,NCut,SW,0.40188379573893157,0.31432009504754,0.08756370069139158,True,True,True
2024-04,4,Ward,NCut,CH,1611.1276814707433,1545.2456828936213,65.88199857712198,True,True,True
2024-04,4,Ward,NCut,S_Dbw,0.472016758163481,0.6549300831117573,-0.18291332494827628,True,True,True
2024-04,4,Ward,NCut,AVI,0.4628377575953313,0.4629010921845166,-6.333458918528212e-05,True,True,True
2024-04,4,Ward,NCut,AVU,0.513602901680043,0.6133609820318143,-0.09975808035177136,True,True,True
2024-04,4,Ward,NCut,MQ,0.1672087701061304,0.16058801836830128,0.006620751737829111,True,True,True
2024-04,6,SSE,Ward,SW,0.3234152345988216,0.2656984840261245,0.057716750572697095,True,True,True
2024-04,6,SSE,Ward,CH,1866.15676645847,1536.0475722419478,330.10919421652216,True,True,True
2024-04,6,SSE,Ward,S_Dbw,0.5936493435245972,0.5743543839461595,0.019294959578437743,True,True,True
2024-04,6,SSE,Ward,AVI,0.33752551442819795,0.3300084507540181,0.007517063674179869,True,True,True
2024-04,6,SSE,Ward,AVU,0.4781759626002538,0.45434025811939116,0.02383570448086264,True,True,True
2024-04,6,SSE,Ward,MQ,0.13602586966965705,0.12659755474336182,0.009428314926295228,True,True,True
2024-04,6,SSE,NCut,SW,0.3234152345988216,0.27337334534122104,0.05004188925760056,True,True,True
2024-04,6,SSE,NCut,CH,1866.15676645847,1444.9609591306657,421.19580732780423,True,True,True
2024-04,6,SSE,NCut,S_Dbw,0.5936493435245972,0.511639648424723,0.08200969509987421,True,True,True
2024-04,6,SSE,NCut,AVI,0.33752551442819795,0.3279225368872168,0.009602977540981161,True,True,True
2024-04,6,SSE,NCut,AVU,0.4781759626002538,0.5163977531173762,-0.038221790517122434,True,True,True
2024-04,6,SSE,NCut,MQ,0.13602586966965705,0.12664609338527016,0.009379776284386881,True,True,True
2024-04,6,Ward,NCut,SW,0.2656984840261245,0.27337334534122104,-0.007674861315096537,True,True,True
2024-04,6,Ward,NCut,CH,1536.0475722419478,1444.9609591306657,91.08661311128208,True,True,True
2024-04,6,Ward,NCut,S_Dbw,0.5743543839461595,0.511639648424723,0.06271473552143647,True,True,True
2024-04,6,Ward,NCut,AVI,0.3300084507540181,0.3279225368872168,0.002085913866801292,True,True,True
2024-04,6,Ward,NCut,AVU,0.45434025811939116,0.5163977531173762,-0.062057494997985074,True,True,True
2024-04,6,Ward,NCut,MQ,0.12659755474336182,0.12664609338527016,-4.853864190834667e-05,True,True,True
2024-04,8,SSE,Ward,SW,0.28456419824785434,0.2190995987818217,0.06546459946603264,False,True,False
2024-04,8,SSE,Ward,CH,1657.4715516367553,1431.336774040788,226.1347775959673,False,True,False
2024-04,8,SSE,Ward,S_Dbw,,0.4506738258654612,,False,True,False
2024-04,8,SSE,Ward,AVI,0.26125819850067833,0.2565574146558322,0.004700783844846124,False,True,False
2024-04,8,SSE,Ward,AVU,0.47558876861308497,0.4810239458223856,-0.005435177209300646,False,True,False
2024-04,8,SSE,Ward,MQ,0.10803173416834128,0.10489729948384316,0.0031344346844981164,False,True,False
2024-04,8,SSE,NCut,SW,0.28456419824785434,0.26728250881430077,0.01728168943355357,False,True,False
2024-04,8,SSE,NCut,CH,1657.4715516367553,1383.1312691633877,274.34028247336755,False,True,False
2024-04,8,SSE,NCut,S_Dbw,,0.43735414936545447,,False,True,False
2024-04,8,SSE,NCut,AVI,0.26125819850067833,0.25825958315025405,0.002998615350424283,False,True,False
2024-04,8,SSE,NCut,AVU,0.47558876861308497,0.4570816953493507,0.01850707326373424,False,True,False
2024-04,8,SSE,NCut,MQ,0.10803173416834128,0.10380881769286307,0.004222916475478206,False,True,False
2024-04,8,Ward,NCut,SW,0.2190995987818217,0.26728250881430077,-0.04818291003247907,True,True,True
2024-04,8,Ward,NCut,CH,1431.336774040788,1383.1312691633877,48.205504877400244,True,True,True
2024-04,8,Ward,NCut,S_Dbw,0.4506738258654612,0.43735414936545447,0.013319676500006705,True,True,True
2024-04,8,Ward,NCut,AVI,0.2565574146558322,0.25825958315025405,-0.0017021684944218407,True,True,True
2024-04,8,Ward,NCut,AVU,0.4810239458223856,0.4570816953493507,0.023942250473034887,True,True,True
2024-04,8,Ward,NCut,MQ,0.10489729948384316,0.10380881769286307,0.0010884817909800892,True,True,True
2024-04,10,SSE,Ward,SW,0.2616732358106123,0.2253885122582159,0.0362847235523964,False,False,False
2024-04,10,SSE,Ward,CH,1499.8913758117362,1291.4435298671099,208.44784594462635,False,False,False
2024-04,10,SSE,Ward,S_Dbw,,,,False,False,False
2024-04,10,SSE,Ward,AVI,0.23917736747651885,0.20985725192511967,0.029320115551399184,False,False,False
2024-04,10,SSE,Ward,AVU,0.429673812865239,0.4167155972775611,0.012958215587677901,False,False,False
2024-04,10,SSE,Ward,MQ,0.09132110761443155,0.09509662204162617,-0.0037755144271946206,False,False,False
2024-04,10,SSE,NCut,SW,0.2616732358106123,0.23606237933940535,0.02561085647120695,False,False,False
2024-04,10,SSE,NCut,CH,1499.8913758117362,1258.974274590855,240.91710122088125,False,False,False
2024-04,10,SSE,NCut,S_Dbw,,,,False,False,False
2024-04,10,SSE,NCut,AVI,0.23917736747651885,0.21040048409204543,0.02877688338447343,False,False,False
2024-04,10,SSE,NCut,AVU,0.429673812865239,0.4502469565870946,-0.020573143721855647,False,False,False
2024-04,10,SSE,NCut,MQ,0.09132110761443155,0.08477846381349972,0.006542643800931822,False,False,False
2024-04,10,Ward,NCut,SW,0.2253885122582159,0.23606237933940535,-0.010673867081189448,False,False,False
2024-04,10,Ward,NCut,CH,1291.4435298671099,1258.974274590855,32.4692552762549,False,False,False
2024-04,10,Ward,NCut,S_Dbw,,,,False,False,False
2024-04,10,Ward,NCut,AVI,0.20985725192511967,0.21040048409204543,-0.0005432321669257556,False,False,False
2024-04,10,Ward,NCut,AVU,0.4167155972775611,0.4502469565870946,-0.03353135930953355,False,False,False
2024-04,10,Ward,NCut,MQ,0.09509662204162617,0.08477846381349972,0.010318158228126442,False,False,False
2024-04,12,SSE,Ward,SW,0.25017539180500364,0.21577521141612865,0.03440018038887499,False,False,False
2024-04,12,SSE,Ward,CH,1406.1433352176914,1201.247333471228,204.8960017464633,False,False,False
2024-04,12,SSE,Ward,S_Dbw,,,,False,False,False
2024-04,12,SSE,Ward,AVI,0.20246794866697715,0.19834152981025224,0.004126418856724906,False,False,False
2024-04,12,SSE,Ward,AVU,0.4249719607598824,0.3976112659792401,0.027360694780642292,False,False,False
2024-04,12,SSE,Ward,MQ,0.07959229200663817,0.08892862508634995,-0.009336333079711781,False,False,False
2024-04,12,SSE,NCut,SW,0.25017539180500364,0.2118487548017715,0.038326637003232134,False,False,False
2024-04,12,SSE,NCut,CH,1406.1433352176914,1275.9746429626964,130.168692254995,False,False,False
2024-04,12,SSE,NCut,S_Dbw,,,,False,False,False
2024-04,12,SSE,NCut,AVI,0.20246794866697715,0.18100712376759273,0.021460824899384418,False,False,False
2024-04,12,SSE,NCut,AVU,0.4249719607598824,0.45785532704300386,-0.03288336628312144,False,False,False
2024-04,12,SSE,NCut,MQ,0.07959229200663817,0.07355759777189703,0.006034694234741136,False,False,False
2024-04,12,Ward,NCut,SW,0.21577521141612865,0.2118487548017715,0.003926456614357143,False,False,False
2024-04,12,Ward,NCut,CH,1201.247333471228,1275.9746429626964,-74.7273094914683,False,False,False
2024-04,12,Ward,NCut,S_Dbw,,,,False,False,False
2024-04,12,Ward,NCut,AVI,0.19834152981025224,0.18100712376759273,0.01733440604265951,False,False,False
2024-04,12,Ward,NCut,AVU,0.3976112659792401,0.45785532704300386,-0.06024406106376373,False,False,False
2024-04,12,Ward,NCut,MQ,0.08892862508634995,0.07355759777189703,0.015371027314452917,False,False,False
2024-04,16,SSE,Ward,SW,0.24316819093623993,0.19008545757055959,0.05308273336568034,False,False,False
2024-04,16,SSE,Ward,CH,1273.0947472349992,1084.9550452896456,188.13970194535364,False,False,False
2024-04,16,SSE,Ward,S_Dbw,,,,False,False,False
2024-04,16,SSE,Ward,AVI,0.15512795147378045,0.15333931374713147,0.0017886377266489728,False,False,False
2024-04,16,SSE,Ward,AVU,0.4243590587433021,0.39403900568197553,0.03032005306132657,False,False,False
2024-04,16,SSE,Ward,MQ,0.06222580668613816,0.07070724985439043,-0.008481443168252271,False,False,False
2024-04,16,SSE,NCut,SW,0.24316819093623993,0.21467262451091143,0.028495566425328495,False,False,False
2024-04,16,SSE,NCut,CH,1273.0947472349992,1150.5411199380774,122.55362729692183,False,False,False
2024-04,16,SSE,NCut,S_Dbw,,,,False,False,False
2024-04,16,SSE,NCut,AVI,0.15512795147378045,0.1394793228318241,0.015648628641956347,False,False,False
2024-04,16,SSE,NCut,AVU,0.4243590587433021,0.45896250914245396,-0.03460345039915186,False,False,False
2024-04,16,SSE,NCut,MQ,0.06222580668613816,0.05514292643489603,0.007082880251242131,False,False,False
2024-04,16,Ward,NCut,SW,0.19008545757055959,0.21467262451091143,-0.024587166940351846,False,False,False
2024-04,16,Ward,NCut,CH,1084.9550452896456,1150.5411199380774,-65.5860746484318,False,False,False
2024-04,16,Ward,NCut,S_Dbw,,,,False,False,False
2024-04,16,Ward,NCut,AVI,0.15333931374713147,0.1394793228318241,0.013859990915307374,False,False,False
2024-04,16,Ward,NCut,AVU,0.39403900568197553,0.45896250914245396,-0.06492350346047843,False,False,False
2024-04,16,Ward,NCut,MQ,0.07070724985439043,0.05514292643489603,0.015564323419494402,False,False,False
2024-04,20,SSE,Ward,SW,0.23304652254570457,0.17836521712394265,0.05468130542176192,False,False,False
2024-04,20,SSE,Ward,CH,1146.5677178959609,995.1740020328873,151.39371586307357,False,False,False
2024-04,20,SSE,Ward,S_Dbw,,,,False,False,False
2024-04,20,SSE,Ward,AVI,0.1255729961389985,0.12410000974543993,0.0014729863935585702,False,False,False
2024-04,20,SSE,Ward,AVU,0.4156439321260735,0.40772542489504243,0.007918507231031047,False,False,False
2024-04,20,SSE,Ward,MQ,0.053398289449962895,0.05745973511668911,-0.004061445666726213,False,False,False
2024-04,20,SSE,NCut,SW,0.23304652254570457,0.19510920770594214,0.037937314839762426,False,False,False
2024-04,20,SSE,NCut,CH,1146.5677178959609,1067.3631143510863,79.20460354487454,False,False,False
2024-04,20,SSE,NCut,S_Dbw,,,,False,False,False
2024-04,20,SSE,NCut,AVI,0.1255729961389985,0.1251650272095284,0.0004079689294700928,False,False,False
2024-04,20,SSE,NCut,AVU,0.4156439321260735,0.4308421497446317,-0.015198217618558219,False,False,False
2024-04,20,SSE,NCut,MQ,0.053398289449962895,0.04673642660225279,0.006661862847710108,False,False,False
2024-04,20,Ward,NCut,SW,0.17836521712394265,0.19510920770594214,-0.01674399058199949,False,False,False
2024-04,20,Ward,NCut,CH,995.1740020328873,1067.3631143510863,-72.18911231819902,False,False,False
2024-04,20,Ward,NCut,S_Dbw,,,,False,False,False
2024-04,20,Ward,NCut,AVI,0.12410000974543993,0.1251650272095284,-0.0010650174640884774,False,False,False
2024-04,20,Ward,NCut,AVU,0.40772542489504243,0.4308421497446317,-0.023116724849589265,False,False,False
2024-04,20,Ward,NCut,MQ,0.05745973511668911,0.04673642660225279,0.01072330851443632,False,False,False
2024-05,4,SSE,Ward,SW,0.3862930195595932,0.3822477284271512,0.004045291132442008,True,True,True
2024-05,4,SSE,Ward,CH,1898.1460584767713,1645.6800741892105,252.4659842875608,True,True,True
2024-05,4,SSE,Ward,S_Dbw,0.545716281117736,0.5114080768838769,0.03430820423385905,True,True,True
2024-05,4,SSE,Ward,AVI,0.4626476183725866,0.4844573958911349,-0.02180977751854829,True,True,True
2024-05,4,SSE,Ward,AVU,0.5406366313368972,0.5052719508722303,0.0353646804646669,True,True,True
2024-05,4,SSE,Ward,MQ,0.18372346856645436,0.18074664523129977,0.002976823335154588,True,True,True
2024-05,4,SSE,NCut,SW,0.3862930195595932,0.2964386637486344,0.0898543558109588,True,True,True
2024-05,4,SSE,NCut,CH,1898.1460584767713,1440.6299930919083,457.51606538486294,True,True,True
2024-05,4,SSE,NCut,S_Dbw,0.545716281117736,0.7114197881748346,-0.1657035070570987,True,True,True
2024-05,4,SSE,NCut,AVI,0.4626476183725866,0.4639470292292457,-0.0012994108566590779,True,True,True
2024-05,4,SSE,NCut,AVU,0.5406366313368972,0.6198369322536923,-0.07920030091679509,True,True,True
2024-05,4,SSE,NCut,MQ,0.18372346856645436,0.16088210939436928,0.022841359172085074,True,True,True
2024-05,4,Ward,NCut,SW,0.3822477284271512,0.2964386637486344,0.08580906467851679,True,True,True
2024-05,4,Ward,NCut,CH,1645.6800741892105,1440.6299930919083,205.05008109730215,True,True,True
2024-05,4,Ward,NCut,S_Dbw,0.5114080768838769,0.7114197881748346,-0.20001171129095774,True,True,True
2024-05,4,Ward,NCut,AVI,0.4844573958911349,0.4639470292292457,0.020510366661889212,True,True,True
2024-05,4,Ward,NCut,AVU,0.5052719508722303,0.6198369322536923,-0.11456498138146198,True,True,True
2024-05,4,Ward,NCut,MQ,0.18074664523129977,0.16088210939436928,0.019864535836930486,True,True,True
2024-05,6,SSE,Ward,SW,0.32711137720421724,0.2616129629168438,0.06549841428737341,True,True,True
2024-05,6,SSE,Ward,CH,1812.7565853913347,1479.7526074846337,333.00397790670104,True,True,True
2024-05,6,SSE,Ward,S_Dbw,0.6122390419437803,0.6728461954327827,-0.06060715348900236,True,True,True
2024-05,6,SSE,Ward,AVI,0.3410337401015676,0.3427041499526224,-0.001670409851054766,True,True,True
2024-05,6,SSE,Ward,AVU,0.4770332910317348,0.46589755332865723,0.011135737703077575,True,True,True
2024-05,6,SSE,Ward,MQ,0.14059367674431728,0.15033221834722174,-0.009738541602904466,True,True,True
2024-05,6,SSE,NCut,SW,0.32711137720421724,0.26971033221404556,0.05740104499017168,True,True,True
2024-05,6,SSE,NCut,CH,1812.7565853913347,1372.5486291459995,440.20795624533525,True,True,True
2024-05,6,SSE,NCut,S_Dbw,0.6122390419437803,0.6168517694371203,-0.004612727493339963,True,True,True
2024-05,6,SSE,NCut,AVI,0.3410337401015676,0.33068563167654924,0.010348108425018376,True,True,True
2024-05,6,SSE,NCut,AVU,0.4770332910317348,0.5166873907387175,-0.03965409970698269,True,True,True
2024-05,6,SSE,NCut,MQ,0.14059367674431728,0.12713570691425666,0.013457969830060618,True,True,True
2024-05,6,Ward,NCut,SW,0.2616129629168438,0.26971033221404556,-0.008097369297201729,True,True,True
2024-05,6,Ward,NCut,CH,1479.7526074846337,1372.5486291459995,107.20397833863422,True,True,True
2024-05,6,Ward,NCut,S_Dbw,0.6728461954327827,0.6168517694371203,0.0559944259956624,True,True,True
2024-05,6,Ward,NCut,AVI,0.3427041499526224,0.33068563167654924,0.012018518276073142,True,True,True
2024-05,6,Ward,NCut,AVU,0.46589755332865723,0.5166873907387175,-0.05078983741006027,True,True,True
2024-05,6,Ward,NCut,MQ,0.15033221834722174,0.12713570691425666,0.023196511432965083,True,True,True
2024-05,8,SSE,Ward,SW,0.2891426050418918,0.23111143107053939,0.058031173971352434,False,True,False
2024-05,8,SSE,Ward,CH,1601.6229385196273,1372.2152018487106,229.40773667091662,False,True,False
2024-05,8,SSE,Ward,S_Dbw,,0.5826503601007854,,False,True,False
2024-05,8,SSE,Ward,AVI,0.26689884291806315,0.26712357202752834,-0.00022472910946519375,False,True,False
2024-05,8,SSE,Ward,AVU,0.47123071127434496,0.4435134822372012,0.027717229037143742,False,True,False
2024-05,8,SSE,Ward,MQ,0.11341138208135247,0.11700367796835177,-0.0035922958869993027,False,True,False
2024-05,8,SSE,NCut,SW,0.2891426050418918,0.2542097461869756,0.034932858854916204,False,True,False
2024-05,8,SSE,NCut,CH,1601.6229385196273,1256.5818433987654,345.0410951208619,False,True,False
2024-05,8,SSE,NCut,S_Dbw,,0.35059519490186997,,False,True,False
2024-05,8,SSE,NCut,AVI,0.26689884291806315,0.2573977067221834,0.009501136195879778,False,True,False
2024-05,8,SSE,NCut,AVU,0.47123071127434496,0.46923528567912753,0.001995425595217426,False,True,False
2024-05,8,SSE,NCut,MQ,0.11341138208135247,0.10379556286631075,0.009615819215041718,False,True,False
2024-05,8,Ward,NCut,SW,0.23111143107053939,0.2542097461869756,-0.02309831511643623,True,True,True
2024-05,8,Ward,NCut,CH,1372.2152018487106,1256.5818433987654,115.63335844994526,True,True,True
2024-05,8,Ward,NCut,S_Dbw,0.5826503601007854,0.35059519490186997,0.23205516519891545,True,True,True
2024-05,8,Ward,NCut,AVI,0.26712357202752834,0.2573977067221834,0.009725865305344972,True,True,True
2024-05,8,Ward,NCut,AVU,0.4435134822372012,0.46923528567912753,-0.025721803441926316,True,True,True
2024-05,8,Ward,NCut,MQ,0.11700367796835177,0.10379556286631075,0.013208115102041021,True,True,True
2024-05,10,SSE,Ward,SW,0.26992112172652616,0.22885078322372496,0.0410703385028012,False,False,False
2024-05,10,SSE,Ward,CH,1458.1726535553207,1285.5955689474367,172.577084607884,False,False,False
2024-05,10,SSE,Ward,S_Dbw,,,,False,False,False
2024-05,10,SSE,Ward,AVI,0.23650275199339665,0.21805317492828122,0.018449577065115436,False,False,False
2024-05,10,SSE,Ward,AVU,0.436441689264874,0.45876879532306175,-0.022327106058187773,False,False,False
2024-05,10,SSE,Ward,MQ,0.097397352301022,0.09771913221157053,-0.00032177991054851973,False,False,False
2024-05,10,SSE,NCut,SW,0.26992112172652616,0.23054353919171736,0.0393775825348088,False,False,False
2024-05,10,SSE,NCut,CH,1458.1726535553207,1192.179415495766,265.99323805955464,False,False,False
2024-05,10,SSE,NCut,S_Dbw,,,,False,False,False
2024-05,10,SSE,NCut,AVI,0.23650275199339665,0.2108403749718784,0.025662377021518246,False,False,False
2024-05,10,SSE,NCut,AVU,0.436441689264874,0.4613898862861655,-0.02494819702129153,False,False,False
2024-05,10,SSE,NCut,MQ,0.097397352301022,0.08490410175424322,0.012493250546778786,False,False,False
2024-05,10,Ward,NCut,SW,0.22885078322372496,0.23054353919171736,-0.0016927559679923987,False,False,False
2024-05,10,Ward,NCut,CH,1285.5955689474367,1192.179415495766,93.41615345167065,False,False,False
2024-05,10,Ward,NCut,S_Dbw,,,,False,False,False
2024-05,10,Ward,NCut,AVI,0.21805317492828122,0.2108403749718784,0.00721279995640281,False,False,False
2024-05,10,Ward,NCut,AVU,0.45876879532306175,0.4613898862861655,-0.002621090963103756,False,False,False
2024-05,10,Ward,NCut,MQ,0.09771913221157053,0.08490410175424322,0.012815030457327306,False,False,False
2024-05,12,SSE,Ward,SW,0.25740608509450835,0.21347097386643057,0.04393511122807778,False,False,False
2024-05,12,SSE,Ward,CH,1369.9494844514768,1180.8655436781519,189.0839407733249,False,False,False
2024-05,12,SSE,Ward,S_Dbw,,,,False,False,False
2024-05,12,SSE,Ward,AVI,0.18821293280051044,0.18519004849000437,0.0030228843105060688,False,False,False
2024-05,12,SSE,Ward,AVU,0.4265143440683583,0.44879873142435767,-0.022284387355999358,False,False,False
2024-05,12,SSE,Ward,MQ,0.08348441990213101,0.08557195851824892,-0.0020875386161179066,False,False,False
2024-05,12,SSE,NCut,SW,0.25740608509450835,0.17772523078795405,0.0796808543065543,False,False,False
2024-05,12,SSE,NCut,CH,1369.9494844514768,886.5255434814078,483.423940970069,False,False,False
2024-05,12,SSE,NCut,S_Dbw,,,,False,False,False
2024-05,12,SSE,NCut,AVI,0.18821293280051044,0.1756498872018446,0.012563045598665834,False,False,False
2024-05,12,SSE,NCut,AVU,0.4265143440683583,0.4596349086932754,-0.03312056462491708,False,False,False
2024-05,12,SSE,NCut,MQ,0.08348441990213101,0.07320657000108982,0.010277849901041192,False,False,False
2024-05,12,Ward,NCut,SW,0.21347097386643057,0.17772523078795405,0.03574574307847653,False,False,False
2024-05,12,Ward,NCut,CH,1180.8655436781519,886.5255434814078,294.3400001967441,False,False,False
2024-05,12,Ward,NCut,S_Dbw,,,,False,False,False
2024-05,12,Ward,NCut,AVI,0.18519004849000437,0.1756498872018446,0.009540161288159765,False,False,False
2024-05,12,Ward,NCut,AVU,0.44879873142435767,0.4596349086932754,-0.010836177268917724,False,False,False
2024-05,12,Ward,NCut,MQ,0.08557195851824892,0.07320657000108982,0.012365388517159098,False,False,False
2024-05,16,SSE,Ward,SW,0.23805782006465842,0.21716703498609968,0.020890785078558738,False,False,False
2024-05,16,SSE,Ward,CH,1231.7450883801112,1044.029995562669,187.71509281744216,False,False,False
2024-05,16,SSE,Ward,S_Dbw,,,,False,False,False
2024-05,16,SSE,Ward,AVI,0.15379687813353304,0.1526431525868513,0.0011537255466817498,False,False,False
2024-05,16,SSE,Ward,AVU,0.4190687853010933,0.3649074627643643,0.054161322536729006,False,False,False
2024-05,16,SSE,Ward,MQ,0.06421639868227555,0.0789577534631558,-0.014741354780880248,False,False,False
2024-05,16,SSE,NCut,SW,0.23805782006465842,0.154635595650809,0.08342222441384942,False,False,False
2024-05,16,SSE,NCut,CH,1231.7450883801112,874.7880116338989,356.95707674621224,False,False,False
2024-05,16,SSE,NCut,S_Dbw,,,,False,False,False
2024-05,16,SSE,NCut,AVI,0.15379687813353304,0.1349957137381417,0.01880116439539134,False,False,False
2024-05,16,SSE,NCut,AVU,0.4190687853010933,0.4715806740734188,-0.05251188877232549,False,False,False
2024-05,16,SSE,NCut,MQ,0.06421639868227555,0.05648298590334457,0.007733412778930977,False,False,False
2024-05,16,Ward,NCut,SW,0.21716703498609968,0.154635595650809,0.06253143933529068,False,False,False
2024-05,16,Ward,NCut,CH,1044.029995562669,874.7880116338989,169.24198392877008,False,False,False
2024-05,16,Ward,NCut,S_Dbw,,,,False,False,False
2024-05,16,Ward,NCut,AVI,0.1526431525868513,0.1349957137381417,0.01764743884870959,False,False,False
2024-05,16,Ward,NCut,AVU,0.3649074627643643,0.4715806740734188,-0.1066732113090545,False,False,False
2024-05,16,Ward,NCut,MQ,0.0789577534631558,0.05648298590334457,0.022474767559811225,False,False,False
2024-05,20,SSE,Ward,SW,0.23007120269307743,0.19510801326637786,0.03496318942669957,False,False,False
2024-05,20,SSE,Ward,CH,1112.2215780832316,962.5129623986595,149.70861568457212,False,False,False
2024-05,20,SSE,Ward,S_Dbw,,,,False,False,False
2024-05,20,SSE,Ward,AVI,0.12470464472353746,0.12411852091809314,0.0005861238054443163,False,False,False
2024-05,20,SSE,Ward,AVU,0.41098482911707857,0.372530739574459,0.038454089542619585,False,False,False
2024-05,20,SSE,Ward,MQ,0.05628693817945965,0.06546609314490735,-0.009179154965447703,False,False,False
2024-05,20,SSE,NCut,SW,0.23007120269307743,0.1920076998629655,0.03806350283011192,False,False,False
2024-05,20,SSE,NCut,CH,1112.2215780832316,977.9472005773383,134.2743775058933,False,False,False
2024-05,20,SSE,NCut,S_Dbw,,,,False,False,False
2024-05,20,SSE,NCut,AVI,0.12470464472353746,0.1141524397219481,0.010552205001589349,False,False,False
2024-05,20,SSE,NCut,AVU,0.41098482911707857,0.4477265637346105,-0.03674173461753194,False,False,False
2024-05,20,SSE,NCut,MQ,0.05628693817945965,0.0477973411125232,0.008489597066936451,False,False,False
2024-05,20,Ward,NCut,SW,0.19510801326637786,0.1920076998629655,0.0031003134034123525,False,False,False
2024-05,20,Ward,NCut,CH,962.5129623986595,977.9472005773383,-15.434238178678811,False,False,False
2024-05,20,Ward,NCut,S_Dbw,,,,False,False,False
2024-05,20,Ward,NCut,AVI,0.12411852091809314,0.1141524397219481,0.009966081196145032,False,False,False
2024-05,20,Ward,NCut,AVU,0.372530739574459,0.4477265637346105,-0.07519582416015153,False,False,False
2024-05,20,Ward,NCut,MQ,0.06546609314490735,0.0477973411125232,0.017668752032384154,False,False,False
2024-06,4,SSE,Ward,SW,0.3905713549728082,0.28658325216911223,0.10398810280369597,True,True,True
2024-06,4,SSE,Ward,CH,1981.677284402478,1787.555108463113,194.1221759393652,True,True,True
2024-06,4,SSE,Ward,S_Dbw,0.5128538616333589,0.7690442235921863,-0.2561903619588274,True,True,True
2024-06,4,SSE,Ward,AVI,0.4573012138776194,0.45658856730760444,0.0007126465700149631,True,True,True
2024-06,4,SSE,Ward,AVU,0.5456953823259472,0.5591998071836047,-0.013504424857657571,True,True,True
2024-06,4,SSE,Ward,MQ,0.18108908503670762,0.15514334247798214,0.025945742558725476,True,True,True
2024-06,4,SSE,NCut,SW,0.3905713549728082,0.32746729678497183,0.06310405818783638,True,True,True
2024-06,4,SSE,NCut,CH,1981.677284402478,1484.1606304645616,497.51665393791654,True,True,True
2024-06,4,SSE,NCut,S_Dbw,0.5128538616333589,0.5760609705118294,-0.06320710887847047,True,True,True
2024-06,4,SSE,NCut,AVI,0.4573012138776194,0.45221263064776046,0.005088583229858945,True,True,True
2024-06,4,SSE,NCut,AVU,0.5456953823259472,0.5930718644980268,-0.04737648217207968,True,True,True
2024-06,4,SSE,NCut,MQ,0.18108908503670762,0.16639639153462968,0.014692693502077941,True,True,True
2024-06,4,Ward,NCut,SW,0.28658325216911223,0.32746729678497183,-0.040884044615859594,True,True,True
2024-06,4,Ward,NCut,CH,1787.555108463113,1484.1606304645616,303.39447799855134,True,True,True
2024-06,4,Ward,NCut,S_Dbw,0.7690442235921863,0.5760609705118294,0.1929832530803569,True,True,True
2024-06,4,Ward,NCut,AVI,0.45658856730760444,0.45221263064776046,0.004375936659843982,True,True,True
2024-06,4,Ward,NCut,AVU,0.5591998071836047,0.5930718644980268,-0.03387205731442211,True,True,True
2024-06,4,Ward,NCut,MQ,0.15514334247798214,0.16639639153462968,-0.011253049056647535,True,True,True
2024-06,6,SSE,Ward,SW,0.3265943969541007,0.2813045107053574,0.045289886248743305,True,True,True
2024-06,6,SSE,Ward,CH,1894.9713672849257,1650.2884311794091,244.68293610551655,True,True,True
2024-06,6,SSE,Ward,S_Dbw,0.45873954976890774,0.4881298342675928,-0.029390284498685082,True,True,True
2024-06,6,SSE,Ward,AVI,0.33219533191767026,0.3278229346183338,0.004372397299336472,True,True,True
2024-06,6,SSE,Ward,AVU,0.48601668729008823,0.48954465540590864,-0.0035279681158204013,True,True,True
2024-06,6,SSE,Ward,MQ,0.13235625105787288,0.13917735790185765,-0.006821106843984764,True,True,True
2024-06,6,SSE,NCut,SW,0.3265943969541007,0.2531489441426424,0.07344545281145831,True,True,True
2024-06,6,SSE,NCut,CH,1894.9713672849257,1310.7829565223053,584.1884107626204,True,True,True
2024-06,6,SSE,NCut,S_Dbw,0.45873954976890774,0.5688707906163369,-0.1101312408474292,True,True,True
2024-06,6,SSE,NCut,AVI,0.33219533191767026,0.31905330672027743,0.013142025197392826,True,True,True
2024-06,6,SSE,NCut,AVU,0.48601668729008823,0.5076006546111193,-0.021583967321031017,True,True,True
2024-06,6,SSE,NCut,MQ,0.13235625105787288,0.11823391932402368,0.014122331733849205,True,True,True
2024-06,6,Ward,NCut,SW,0.2813045107053574,0.2531489441426424,0.028155566562715006,True,True,True
2024-06,6,Ward,NCut,CH,1650.2884311794091,1310.7829565223053,339.50547465710383,True,True,True
2024-06,6,Ward,NCut,S_Dbw,0.4881298342675928,0.5688707906163369,-0.08074095634874412,True,True,True
2024-06,6,Ward,NCut,AVI,0.3278229346183338,0.31905330672027743,0.008769627898056354,True,True,True
2024-06,6,Ward,NCut,AVU,0.48954465540590864,0.5076006546111193,-0.018055999205210616,True,True,True
2024-06,6,Ward,NCut,MQ,0.13917735790185765,0.11823391932402368,0.02094343857783397,True,True,True
2024-06,8,SSE,Ward,SW,0.2909753370258978,0.2504288559252375,0.04054648110066028,False,False,False
2024-06,8,SSE,Ward,CH,1686.6657413997661,1480.4778838937198,206.18785750604638,False,False,False
2024-06,8,SSE,Ward,S_Dbw,,,,False,False,False
2024-06,8,SSE,Ward,AVI,0.2592242422234259,0.25337571837970874,0.005848523843717146,False,False,False
2024-06,8,SSE,Ward,AVU,0.4806088678608787,0.45412785319170274,0.026481014669175962,False,False,False
2024-06,8,SSE,Ward,MQ,0.11005472744339259,0.11030876851439672,-0.00025404107100412965,False,False,False
2024-06,8,SSE,NCut,SW,0.2909753370258978,0.26743742709015456,0.02353790993574323,False,False,False
2024-06,8,SSE,NCut,CH,1686.6657413997661,1387.4956761031165,299.1700652966497,False,False,False
2024-06,8,SSE,NCut,S_Dbw,,,,False,False,False
2024-06,8,SSE,NCut,AVI,0.2592242422234259,0.2540872402141121,0.005137002009313774,False,False,False
2024-06,8,SSE,NCut,AVU,0.4806088678608787,0.46444085696177684,0.01616801089910186,False,False,False
2024-06,8,SSE,NCut,MQ,0.11005472744339259,0.10135259308710994,0.008702134356282656,False,False,False
2024-06,8,Ward,NCut,SW,0.2504288559252375,0.26743742709015456,-0.017008571164917052,False,False,False
2024-06,8,Ward,NCut,CH,1480.4778838937198,1387.4956761031165,92.9822077906033,False,False,False
2024-06,8,Ward,NCut,S_Dbw,,,,False,False,False
2024-06,8,Ward,NCut,AVI,0.25337571837970874,0.2540872402141121,-0.0007115218344033725,False,False,False
2024-06,8,Ward,NCut,AVU,0.45412785319170274,0.46444085696177684,-0.010313003770074103,False,False,False
2024-06,8,Ward,NCut,MQ,0.11030876851439672,0.10135259308710994,0.008956175427286786,False,False,False
2024-06,10,SSE,Ward,SW,0.26779366389431764,0.2264903951082168,0.04130326878610083,False,False,False
2024-06,10,SSE,Ward,CH,1540.4961254375785,1316.2374545834757,224.25867085410277,False,False,False
2024-06,10,SSE,Ward,S_Dbw,,,,False,False,False
2024-06,10,SSE,Ward,AVI,0.21465058187647135,0.20645545905028043,0.00819512282619092,False,False,False
2024-06,10,SSE,Ward,AVU,0.45686957874240636,0.44119302873725946,0.015676550005146894,False,False,False
2024-06,10,SSE,Ward,MQ,0.08864655389481566,0.09960238353044046,-0.010955829635624803,False,False,False
2024-06,10,SSE,NCut,SW,0.26779366389431764,0.24000115403013128,0.027792509864186354,False,False,False
2024-06,10,SSE,NCut,CH,1540.4961254375785,1287.3835172025904,253.1126082349881,False,False,False
2024-06,10,SSE,NCut,S_Dbw,,,,False,False,False
2024-06,10,SSE,NCut,AVI,0.21465058187647135,0.20791250326751548,0.006738078608955866,False,False,False
2024-06,10,SSE,NCut,AVU,0.45686957874240636,0.4709108817233228,-0.014041302980916437,False,False,False
2024-06,10,SSE,NCut,MQ,0.08864655389481566,0.08351820174271628,0.0051283521520993774,False,False,False
2024-06,10,Ward,NCut,SW,0.2264903951082168,0.24000115403013128,-0.013510758921914473,False,False,False
2024-06,10,Ward,NCut,CH,1316.2374545834757,1287.3835172025904,28.853937380885327,False,False,False
2024-06,10,Ward,NCut,S_Dbw,,,,False,False,False
2024-06,10,Ward,NCut,AVI,0.20645545905028043,0.20791250326751548,-0.001457044217235054,False,False,False
2024-06,10,Ward,NCut,AVU,0.44119302873725946,0.4709108817233228,-0.02971785298606333,False,False,False
2024-06,10,Ward,NCut,MQ,0.09960238353044046,0.08351820174271628,0.01608418178772418,False,False,False
2024-06,12,SSE,Ward,SW,0.24775144611452765,0.18653071095370957,0.06122073516081808,False,False,False
2024-06,12,SSE,Ward,CH,1412.208700997677,1219.3432986093692,192.86540238830776,False,False,False
2024-06,12,SSE,Ward,S_Dbw,,,,False,False,False
2024-06,12,SSE,Ward,AVI,0.18427932448243403,0.17615420565714712,0.008125118825286909,False,False,False
2024-06,12,SSE,Ward,AVU,0.4403817429950806,0.4571174690781924,-0.0167357260831118,False,False,False
2024-06,12,SSE,Ward,MQ,0.07596483155094838,0.07450266499624372,0.001462166554704658,False,False,False
2024-06,12,SSE,NCut,SW,0.24775144611452765,0.2045967348106389,0.04315471130388876,False,False,False
2024-06,12,SSE,NCut,CH,1412.208700997677,1190.4130837924536,221.79561720522338,False,False,False
2024-06,12,SSE,NCut,S_Dbw,,,,False,False,False
2024-06,12,SSE,NCut,AVI,0.18427932448243403,0.1766424075920872,0.007636916890346818,False,False,False
2024-06,12,SSE,NCut,AVU,0.4403817429950806,0.47357941149800076,-0.03319766850292016,False,False,False
2024-06,12,SSE,NCut,MQ,0.07596483155094838,0.07195397378677752,0.004010857764170858,False,False,False
2024-06,12,Ward,NCut,SW,0.18653071095370957,0.2045967348106389,-0.01806602385692932,False,False,False
2024-06,12,Ward,NCut,CH,1219.3432986093692,1190.4130837924536,28.930214816915623,False,False,False
2024-06,12,Ward,NCut,S_Dbw,,,,False,False,False
2024-06,12,Ward,NCut,AVI,0.17615420565714712,0.1766424075920872,-0.00048820193494009123,False,False,False
2024-06,12,Ward,NCut,AVU,0.4571174690781924,0.47357941149800076,-0.016461942419808362,False,False,False
2024-06,12,Ward,NCut,MQ,0.07450266499624372,0.07195397378677752,0.0025486912094662,False,False,False
2024-06,16,SSE,Ward,SW,0.24437346465367696,0.18156850293022908,0.06280496172344788,False,False,False
2024-06,16,SSE,Ward,CH,1278.2567779469437,1083.4247638392715,194.8320141076722,False,False,False
2024-06,16,SSE,Ward,S_Dbw,,,,False,False,False
2024-06,16,SSE,Ward,AVI,0.14868172045614494,0.15273083855271785,-0.004049118096572907,False,False,False
2024-06,16,SSE,Ward,AVU,0.40731626026783374,0.3947229486143277,0.012593311653506023,False,False,False
2024-06,16,SSE,Ward,MQ,0.06483956062941901,0.06242829929824467,0.002411261331174336,False,False,False
2024-06,16,SSE,NCut,SW,0.24437346465367696,0.1992062330058727,0.04516723164780426,False,False,False
2024-06,16,SSE,NCut,CH,1278.2567779469437,1067.341253309209,210.91552463773473,False,False,False
2024-06,16,SSE,NCut,S_Dbw,,,,False,False,False
2024-06,16,SSE,NCut,AVI,0.14868172045614494,0.13586096535485284,0.012820755101292103,False,False,False
2024-06,16,SSE,NCut,AVU,0.40731626026783374,0.447084137968429,-0.039767877700595256,False,False,False
2024-06,16,SSE,NCut,MQ,0.06483956062941901,0.05811473357015001,0.006724827059268995,False,False,False
2024-06,16,Ward,NCut,SW,0.18156850293022908,0.1992062330058727,-0.01763773007564362,False,False,False
2024-06,16,Ward,NCut,CH,1083.4247638392715,1067.341253309209,16.08351053006254,False,False,False
2024-06,16,Ward,NCut,S_Dbw,,,,False,False,False
2024-06,16,Ward,NCut,AVI,0.15273083855271785,0.13586096535485284,0.01686987319786501,False,False,False
2024-06,16,Ward,NCut,AVU,0.3947229486143277,0.447084137968429,-0.05236118935410128,False,False,False
2024-06,16,Ward,NCut,MQ,0.06242829929824467,0.05811473357015001,0.004313565728094659,False,False,False
2024-06,20,SSE,Ward,SW,0.2406773938546766,0.17333299073385744,0.06734440312081916,False,False,False
2024-06,20,SSE,Ward,CH,1162.6395409385727,993.3865370019289,169.25300393664384,False,False,False
2024-06,20,SSE,Ward,S_Dbw,,,,False,False,False
2024-06,20,SSE,Ward,AVI,0.12069690913368974,0.124372657988788,-0.0036757488550982487,False,False,False
2024-06,20,SSE,Ward,AVU,0.39976741518928494,0.38757941687330666,0.012187998315978277,False,False,False
2024-06,20,SSE,Ward,MQ,0.05582630768543698,0.05267903460829282,0.003147273077144158,False,False,False
2024-06,20,SSE,NCut,SW,0.2406773938546766,0.1565907948234329,0.08408659903124369,False,False,False
2024-06,20,SSE,NCut,CH,1162.6395409385727,867.3610536531065,295.2784872854662,False,False,False
2024-06,20,SSE,NCut,S_Dbw,,,,False,False,False
2024-06,20,SSE,NCut,AVI,0.12069690913368974,0.10814782785834536,0.01254908127534439,False,False,False
2024-06,20,SSE,NCut,AVU,0.39976741518928494,0.46785303701482794,-0.06808562182554301,False,False,False
2024-06,20,SSE,NCut,MQ,0.05582630768543698,0.04321776633191099,0.012608541353525987,False,False,False
2024-06,20,Ward,NCut,SW,0.17333299073385744,0.1565907948234329,0.01674219591042453,False,False,False
2024-06,20,Ward,NCut,CH,993.3865370019289,867.3610536531065,126.02548334882238,False,False,False
2024-06,20,Ward,NCut,S_Dbw,,,,False,False,False
2024-06,20,Ward,NCut,AVI,0.124372657988788,0.10814782785834536,0.01622483013044264,False,False,False
2024-06,20,Ward,NCut,AVU,0.38757941687330666,0.46785303701482794,-0.08027362014152128,False,False,False
2024-06,20,Ward,NCut,MQ,0.05267903460829282,0.04321776633191099,0.009461268276381829,False,False,False
2024-07,4,SSE,Ward,SW,0.3166184000222175,0.2810516062911917,0.035566793731025836,True,True,True
2024-07,4,SSE,Ward,CH,2140.1785576572734,1899.0555151216308,241.12304253564253,True,True,True
2024-07,4,SSE,Ward,S_Dbw,0.6425330658218587,0.6258866930719575,0.016646372749901106,True,True,True
2024-07,4,SSE,Ward,AVI,0.4520584852085209,0.43912427819060407,0.01293420701791681,True,True,True
2024-07,4,SSE,Ward,AVU,0.5756627412084995,0.5663284202420643,0.009334320966435161,True,True,True
2024-07,4,SSE,Ward,MQ,0.15341489753559223,0.148317908445918,0.0050969890896742365,True,True,True
2024-07,4,SSE,NCut,SW,0.3166184000222175,0.3122086630350274,0.004409736987190105,True,True,True
2024-07,4,SSE,NCut,CH,2140.1785576572734,1841.1451368637363,299.03342079353706,True,True,True
2024-07,4,SSE,NCut,S_Dbw,0.6425330658218587,0.5508290917998218,0.0917039740220369,True,True,True
2024-07,4,SSE,NCut,AVI,0.4520584852085209,0.45141203933699475,0.0006464458715261245,True,True,True
2024-07,4,SSE,NCut,AVU,0.5756627412084995,0.6126543967341406,-0.0369916555256411,True,True,True
2024-07,4,SSE,NCut,MQ,0.15341489753559223,0.15555841306692253,-0.002143515531330298,True,True,True
2024-07,4,Ward,NCut,SW,0.2810516062911917,0.3122086630350274,-0.03115705674383573,True,True,True
2024-07,4,Ward,NCut,CH,1899.0555151216308,1841.1451368637363,57.910378257894536,True,True,True
2024-07,4,Ward,NCut,S_Dbw,0.6258866930719575,0.5508290917998218,0.07505760127213579,True,True,True
2024-07,4,Ward,NCut,AVI,0.43912427819060407,0.45141203933699475,-0.012287761146390686,True,True,True
2024-07,4,Ward,NCut,AVU,0.5663284202420643,0.6126543967341406,-0.04632597649207626,True,True,True
2024-07,4,Ward,NCut,MQ,0.148317908445918,0.15555841306692253,-0.007240504621004534,True,True,True
2024-07,6,SSE,Ward,SW,0.3256568934655207,0.24220560212872738,0.0834512913367933,True,True,True
2024-07,6,SSE,Ward,CH,1931.323155027421,1536.6577522065338,394.66540282088727,True,True,True
2024-07,6,SSE,Ward,S_Dbw,0.49254258871799705,0.4796737567523777,0.012868831965619332,True,True,True
2024-07,6,SSE,Ward,AVI,0.3230816408089278,0.30988460100865806,0.013197039800269761,True,True,True
2024-07,6,SSE,Ward,AVU,0.49295063717585036,0.48675498808921036,0.006195649086639998,True,True,True
2024-07,6,SSE,Ward,MQ,0.12729985773880753,0.12197889185565376,0.005320965883153769,True,True,True
2024-07,6,SSE,NCut,SW,0.3256568934655207,0.27824611940476185,0.04741077406075883,True,True,True
2024-07,6,SSE,NCut,CH,1931.323155027421,1688.399419636114,242.923735391307,True,True,True
2024-07,6,SSE,NCut,S_Dbw,0.49254258871799705,0.5613477383384395,-0.06880514962044249,True,True,True
2024-07,6,SSE,NCut,AVI,0.3230816408089278,0.31789178863729955,0.005189852171628262,True,True,True
2024-07,6,SSE,NCut,AVU,0.49295063717585036,0.5185396510852404,-0.02558901390939,True,True,True
2024-07,6,SSE,NCut,MQ,0.12729985773880753,0.11175492253837499,0.015544935200432541,True,True,True
2024-07,6,Ward,NCut,SW,0.24220560212872738,0.27824611940476185,-0.03604051727603447,True,True,True
2024-07,6,Ward,NCut,CH,1536.6577522065338,1688.399419636114,-151.74166742958027,True,True,True
2024-07,6,Ward,NCut,S_Dbw,0.4796737567523777,0.5613477383384395,-0.08167398158606182,True,True,True
2024-07,6,Ward,NCut,AVI,0.30988460100865806,0.31789178863729955,-0.008007187628641499,True,True,True
2024-07,6,Ward,NCut,AVU,0.48675498808921036,0.5185396510852404,-0.03178466299603,True,True,True
2024-07,6,Ward,NCut,MQ,0.12197889185565376,0.11175492253837499,0.010223969317278772,True,True,True
2024-07,8,SSE,Ward,SW,0.287007887500789,0.22970459062450826,0.05730329687628072,False,False,False
2024-07,8,SSE,Ward,CH,1710.2239264579682,1436.5954071862823,273.62851927168595,False,False,False
2024-07,8,SSE,Ward,S_Dbw,,,,False,False,False
2024-07,8,SSE,Ward,AVI,0.2496167639521633,0.24682981289594202,0.0027869510562212874,False,False,False
2024-07,8,SSE,Ward,AVU,0.48445774227630967,0.4813603709877822,0.0030973712885274396,False,False,False
2024-07,8,SSE,Ward,MQ,0.10382337282626142,0.09476019683710243,0.009063175989158984,False,False,False
2024-07,8,SSE,NCut,SW,0.287007887500789,0.2686238163163067,0.018384071184482265,False,False,False
2024-07,8,SSE,NCut,CH,1710.2239264579682,1475.4976206245967,234.7263058333715,False,False,False
2024-07,8,SSE,NCut,S_Dbw,,,,False,False,False
2024-07,8,SSE,NCut,AVI,0.2496167639521633,0.24773460275708575,0.0018821611950775585,False,False,False
2024-07,8,SSE,NCut,AVU,0.48445774227630967,0.4738677443935047,0.010589997882804958,False,False,False
2024-07,8,SSE,NCut,MQ,0.10382337282626142,0.09642464951639644,0.007398723309864977,False,False,False
2024-07,8,Ward,NCut,SW,0.22970459062450826,0.2686238163163067,-0.038919225691798454,False,False,False
2024-07,8,Ward,NCut,CH,1436.5954071862823,1475.4976206245967,-38.90221343831445,False,False,False
2024-07,8,Ward,NCut,S_Dbw,,,,False,False,False
2024-07,8,Ward,NCut,AVI,0.24682981289594202,0.24773460275708575,-0.0009047898611437288,False,False,False
2024-07,8,Ward,NCut,AVU,0.4813603709877822,0.4738677443935047,0.007492626594277518,False,False,False
2024-07,8,Ward,NCut,MQ,0.09476019683710243,0.09642464951639644,-0.0016644526792940068,False,False,False
2024-07,10,SSE,Ward,SW,0.2678980648306299,0.23123532470159253,0.03666274012903736,False,False,False
2024-07,10,SSE,Ward,CH,1579.7283325946128,1369.253319375304,210.47501321930872,False,False,False
2024-07,10,SSE,Ward,S_Dbw,,,,False,False,False
2024-07,10,SSE,Ward,AVI,0.20624219097038587,0.20174904346733186,0.004493147503054018,False,False,False
2024-07,10,SSE,Ward,AVU,0.46313158274588323,0.4608086695605738,0.0023229131853094165,False,False,False
2024-07,10,SSE,Ward,MQ,0.08445027228509981,0.08582088571311679,-0.0013706134280169757,False,False,False
2024-07,10,SSE,NCut,SW,0.2678980648306299,0.2402497692061954,0.027648295624434494,False,False,False
2024-07,10,SSE,NCut,CH,1579.7283325946128,1377.1165663952402,202.6117661993726,False,False,False
2024-07,10,SSE,NCut,S_Dbw,,,,False,False,False
2024-07,10,SSE,NCut,AVI,0.20624219097038587,0.20346326027663536,0.0027789306937505143,False,False,False
2024-07,10,SSE,NCut,AVU,0.46313158274588323,0.46814792143911577,-0.005016338693232536,False,False,False
2024-07,10,SSE,NCut,MQ,0.08445027228509981,0.0808343549305088,0.0036159173545910056,False,False,False
2024-07,10,Ward,NCut,SW,0.23123532470159253,0.2402497692061954,-0.00901444450460287,False,False,False
2024-07,10,Ward,NCut,CH,1369.253319375304,1377.1165663952402,-7.863247019936125,False,False,False
2024-07,10,Ward,NCut,S_Dbw,,,,False,False,False
2024-07,10,Ward,NCut,AVI,0.20174904346733186,0.20346326027663536,-0.0017142168093035037,False,False,False
2024-07,10,Ward,NCut,AVU,0.4608086695605738,0.46814792143911577,-0.0073392518785419525,False,False,False
2024-07,10,Ward,NCut,MQ,0.08582088571311679,0.0808343549305088,0.004986530782607981,False,False,False
2024-07,12,SSE,Ward,SW,0.2469137615884362,0.19480680661220254,0.05210695497623366,False,False,False
2024-07,12,SSE,Ward,CH,1451.4870259877773,1241.509694868369,209.9773311194083,False,False,False
2024-07,12,SSE,Ward,S_Dbw,,,,False,False,False
2024-07,12,SSE,Ward,AVI,0.17470237666538893,0.1709025754737194,0.003799801191669533,False,False,False
2024-07,12,SSE,Ward,AVU,0.4461059501680365,0.431188733649535,0.014917216518501475,False,False,False
2024-07,12,SSE,Ward,MQ,0.07346090335390543,0.07713787445989094,-0.003676971105985513,False,False,False
2024-07,12,SSE,NCut,SW,0.2469137615884362,0.2107326826152253,0.036181078973210906,False,False,False
2024-07,12,SSE,NCut,CH,1451.4870259877773,1285.899011018182,165.5880149695954,False,False,False
2024-07,12,SSE,NCut,S_Dbw,,,,False,False,False
2024-07,12,SSE,NCut,AVI,0.17470237666538893,0.17144987042360227,0.0032525062417866624,False,False,False
2024-07,12,SSE,NCut,AVU,0.4461059501680365,0.4826816699694488,-0.036575719801412276,False,False,False
2024-07,12,SSE,NCut,MQ,0.07346090335390543,0.07143259722366355,0.0020283061302418803,False,False,False
2024-07,12,Ward,NCut,SW,0.19480680661220254,0.2107326826152253,-0.015925876003022754,False,False,False
2024-07,12,Ward,NCut,CH,1241.509694868369,1285.899011018182,-44.389316149812885,False,False,False
2024-07,12,Ward,NCut,S_Dbw,,,,False,False,False
2024-07,12,Ward,NCut,AVI,0.1709025754737194,0.17144987042360227,-0.0005472949498828705,False,False,False
2024-07,12,Ward,NCut,AVU,0.431188733649535,0.4826816699694488,-0.05149293631991375,False,False,False
2024-07,12,Ward,NCut,MQ,0.07713787445989094,0.07143259722366355,0.0057052772362273935,False,False,False
2024-07,16,SSE,Ward,SW,0.23124212925562895,0.17226796373442535,0.0589741655212036,False,False,False
2024-07,16,SSE,Ward,CH,1266.9278868411627,1087.60166321737,179.32622362379266,False,False,False
2024-07,16,SSE,Ward,S_Dbw,,,,False,False,False
2024-07,16,SSE,Ward,AVI,0.1364293949089949,0.13168463296404717,0.004744761944947717,False,False,False
2024-07,16,SSE,Ward,AVU,0.41265943309509234,0.41955409745777744,-0.006894664362685099,False,False,False
2024-07,16,SSE,Ward,MQ,0.05995708580546593,0.058808558248629975,0.0011485275568359557,False,False,False
2024-07,16,SSE,NCut,SW,0.23124212925562895,0.18082611112008443,0.05041601813554453,False,False,False
2024-07,16,SSE,NCut,CH,1266.9278868411627,1108.540626917506,158.38725992365676,False,False,False
2024-07,16,SSE,NCut,S_Dbw,,,,False,False,False
2024-07,16,SSE,NCut,AVI,0.1364293949089949,0.13095840018908605,0.005470994719908834,False,False,False
2024-07,16,SSE,NCut,AVU,0.41265943309509234,0.4540734231703349,-0.041413990075242546,False,False,False
2024-07,16,SSE,NCut,MQ,0.05995708580546593,0.05129693398498318,0.008660151820482749,False,False,False
2024-07,16,Ward,NCut,SW,0.17226796373442535,0.18082611112008443,-0.008558147385659076,False,False,False
2024-07,16,Ward,NCut,CH,1087.60166321737,1108.540626917506,-20.9389637001359,False,False,False
2024-07,16,Ward,NCut,S_Dbw,,,,False,False,False
2024-07,16,Ward,NCut,AVI,0.13168463296404717,0.13095840018908605,0.0007262327749611164,False,False,False
2024-07,16,Ward,NCut,AVU,0.41955409745777744,0.4540734231703349,-0.03451932571255745,False,False,False
2024-07,16,Ward,NCut,MQ,0.058808558248629975,0.05129693398498318,0.007511624263646793,False,False,False
2024-07,20,SSE,Ward,SW,0.2315161205718224,0.18155702973734178,0.04995909083448061,False,False,False
2024-07,20,SSE,Ward,CH,1167.1642580668993,994.544437004975,172.6198210619243,False,False,False
2024-07,20,SSE,Ward,S_Dbw,,,,False,False,False
2024-07,20,SSE,Ward,AVI,0.11428712262841352,0.11147587039423591,0.002811252234177608,False,False,False
2024-07,20,SSE,Ward,AVU,0.4059502048247118,0.38681218692527486,0.01913801789943692,False,False,False
2024-07,20,SSE,Ward,MQ,0.050926490046554626,0.05549693521715163,-0.004570445170597001,False,False,False
2024-07,20,SSE,NCut,SW,0.2315161205718224,0.16154046554468612,0.06997565502713626,False,False,False
2024-07,20,SSE,NCut,CH,1167.1642580668993,912.3823048857023,254.78195318119697,False,False,False
2024-07,20,SSE,NCut,S_Dbw,,,,False,False,False
2024-07,20,SSE,NCut,AVI,0.11428712262841352,0.10581499439275169,0.008472128235661833,False,False,False
2024-07,20,SSE,NCut,AVU,0.4059502048247118,0.4672559216932263,-0.06130571686851449,False,False,False
2024-07,20,SSE,NCut,MQ,0.050926490046554626,0.040395859142123285,0.010530630904431341,False,False,False
2024-07,20,Ward,NCut,SW,0.18155702973734178,0.16154046554468612,0.020016564192655656,False,False,False
2024-07,20,Ward,NCut,CH,994.544437004975,912.3823048857023,82.16213211927266,False,False,False
2024-07,20,Ward,NCut,S_Dbw,,,,False,False,False
2024-07,20,Ward,NCut,AVI,0.11147587039423591,0.10581499439275169,0.005660876001484225,False,False,False
2024-07,20,Ward,NCut,AVU,0.38681218692527486,0.4672559216932263,-0.08044373476795141,False,False,False
2024-07,20,Ward,NCut,MQ,0.05549693521715163,0.040395859142123285,0.015101076075028343,False,False,False
2024-08,4,SSE,Ward,SW,0.30311004133279673,0.26497449312912125,0.038135548203675484,True,True,True
2024-08,4,SSE,Ward,CH,2269.809945670528,1976.3771781622863,293.4327675082418,True,True,True
2024-08,4,SSE,Ward,S_Dbw,0.7184650825836126,0.6873435343321513,0.031121548251461295,True,True,True
2024-08,4,SSE,Ward,AVI,0.45017490120855447,0.4370238806022203,0.013151020606334163,True,True,True
2024-08,4,SSE,Ward,AVU,0.5941943454128913,0.5777146886322426,0.016479656780648666,True,True,True
2024-08,4,SSE,Ward,MQ,0.1442880260128604,0.14839143894421594,-0.004103412931355549,True,True,True
2024-08,4,SSE,NCut,SW,0.30311004133279673,0.3121201729155754,-0.009010131582778691,True,True,True
2024-08,4,SSE,NCut,CH,2269.809945670528,1971.0318715610329,298.77807410949526,True,True,True
2024-08,4,SSE,NCut,S_Dbw,0.7184650825836126,0.47720213708061165,0.24126294550300098,True,True,True
2024-08,4,SSE,NCut,AVI,0.45017490120855447,0.4463211102887881,0.0038537909197663422,True,True,True
2024-08,4,SSE,NCut,AVU,0.5941943454128913,0.6093599692571894,-0.015165623844298093,True,True,True
2024-08,4,SSE,NCut,MQ,0.1442880260128604,0.15190054212998308,-0.007612516117122686,True,True,True
2024-08,4,Ward,NCut,SW,0.26497449312912125,0.3121201729155754,-0.047145679786454175,True,True,True
2024-08,4,Ward,NCut,CH,1976.3771781622863,1971.0318715610329,5.345306601253469,True,True,True
2024-08,4,Ward,NCut,S_Dbw,0.6873435343321513,0.47720213708061165,0.21014139725153969,True,True,True
2024-08,4,Ward,NCut,AVI,0.4370238806022203,0.4463211102887881,-0.00929722968656782,True,True,True
2024-08,4,Ward,NCut,AVU,0.5777146886322426,0.6093599692571894,-0.03164528062494676,True,True,True
2024-08,4,Ward,NCut,MQ,0.14839143894421594,0.15190054212998308,-0.0035091031857671373,True,True,True
2024-08,6,SSE,Ward,SW,0.316294830905826,0.2520639648668548,0.06423086603897121,True,True,True
2024-08,6,SSE,Ward,CH,1954.2910982513454,1554.134902844177,400.1561954071683,True,True,True
2024-08,6,SSE,Ward,S_Dbw,0.6601716186609811,0.45920745529707374,0.20096416336390732,True,True,True
2024-08,6,SSE,Ward,AVI,0.3156886640487017,0.3066379813152469,0.009050682733454829,True,True,True
2024-08,6,SSE,Ward,AVU,0.5030145972612494,0.47184391472357073,0.031170682537678684,True,True,True
2024-08,6,SSE,Ward,MQ,0.12231162795559117,0.11889148853818679,0.0034201394174043775,True,True,True
2024-08,6,SSE,NCut,SW,0.316294830905826,0.2778724016694613,0.038422429236364686,True,True,True
2024-08,6,SSE,NCut,CH,1954.2910982513454,1772.6613487419556,181.62974950938974,True,True,True
2024-08,6,SSE,NCut,S_Dbw,0.6601716186609811,0.5769221794242376,0.08324943923674344,True,True,True
2024-08,6,SSE,NCut,AVI,0.3156886640487017,0.3131062405260047,0.002582423522696997,True,True,True
2024-08,6,SSE,NCut,AVU,0.5030145972612494,0.5206479828031203,-0.017633385541870883,True,True,True
2024-08,6,SSE,NCut,MQ,0.12231162795559117,0.11093532294328644,0.01137630501230473,True,True,True
2024-08,6,Ward,NCut,SW,0.2520639648668548,0.2778724016694613,-0.025808436802606527,True,True,True
2024-08,6,Ward,NCut,CH,1554.134902844177,1772.6613487419556,-218.52644589777856,True,True,True
2024-08,6,Ward,NCut,S_Dbw,0.45920745529707374,0.5769221794242376,-0.11771472412716388,True,True,True
2024-08,6,Ward,NCut,AVI,0.3066379813152469,0.3131062405260047,-0.006468259210757832,True,True,True
2024-08,6,Ward,NCut,AVU,0.47184391472357073,0.5206479828031203,-0.04880406807954957,True,True,True
2024-08,6,Ward,NCut,MQ,0.11889148853818679,0.11093532294328644,0.007956165594900352,True,True,True
2024-08,8,SSE,Ward,SW,0.28567033443321155,0.2093069150584112,0.07636341937480035,False,True,False
2024-08,8,SSE,Ward,CH,1728.6237017034925,1411.3381162108121,317.2855854926804,False,True,False
2024-08,8,SSE,Ward,S_Dbw,,0.3330495439893959,,False,True,False
2024-08,8,SSE,Ward,AVI,0.24390444684754606,0.2412643868065544,0.002640060040991654,False,True,False
2024-08,8,SSE,Ward,AVU,0.4940442912549819,0.4527014537606555,0.04134283749432638,False,True,False
2024-08,8,SSE,Ward,MQ,0.10128107215713669,0.09694934872840132,0.004331723428735376,False,True,False
2024-08,8,SSE,NCut,SW,0.28567033443321155,0.2570842300840262,0.02858610434918535,False,False,False
2024-08,8,SSE,NCut,CH,1728.6237017034925,1496.1979594673878,232.42574223610472,False,False,False
2024-08,8,SSE,NCut,S_Dbw,,,,False,False,False
2024-08,8,SSE,NCut,AVI,0.24390444684754606,0.2421871215541031,0.0017173252934429561,False,False,False
2024-08,8,SSE,NCut,AVU,0.4940442912549819,0.47823939952572136,0.01580489172926053,False,False,False
2024-08,8,SSE,NCut,MQ,0.10128107215713669,0.09338647004475611,0.007894602112380578,False,False,False
2024-08,8,Ward,NCut,SW,0.2093069150584112,0.2570842300840262,-0.047777315025615,True,False,False
2024-08,8,Ward,NCut,CH,1411.3381162108121,1496.1979594673878,-84.85984325657569,True,False,False
2024-08,8,Ward,NCut,S_Dbw,0.3330495439893959,,,True,False,False
2024-08,8,Ward,NCut,AVI,0.2412643868065544,0.2421871215541031,-0.000922734747548698,True,False,False
2024-08,8,Ward,NCut,AVU,0.4527014537606555,0.47823939952572136,-0.02553794576506585,True,False,False
2024-08,8,Ward,NCut,MQ,0.09694934872840132,0.09338647004475611,0.0035628786836452014,True,False,False
2024-08,10,SSE,Ward,SW,0.2548594727283206,0.19461643386578123,0.06024303886253937,False,False,False
2024-08,10,SSE,Ward,CH,1591.3751019281249,1344.7401418537224,246.63496007440244,False,False,False
2024-08,10,SSE,Ward,S_Dbw,,,,False,False,False
2024-08,10,SSE,Ward,AVI,0.20040143010470501,0.19696833857168186,0.0034330915330231526,False,False,False
2024-08,10,SSE,Ward,AVU,0.4741988710056678,0.46669347085294915,0.0075054001527186665,False,False,False
2024-08,10,SSE,Ward,MQ,0.07864317405153415,0.07646270758847502,0.0021804664630591247,False,False,False
2024-08,10,SSE,NCut,SW,0.2548594727283206,0.1962407672127881,0.0586187055155325,False,False,False
2024-08,10,SSE,NCut,CH,1591.3751019281249,1212.134743058908,379.24035886921683,False,False,False
2024-08,10,SSE,NCut,S_Dbw,,,,False,False,False
2024-08,10,SSE,NCut,AVI,0.20040143010470501,0.19506252264997512,0.0053389074547298965,False,False,False
2024-08,10,SSE,NCut,AVU,0.4741988710056678,0.47262064809622145,0.0015782229094463696,False,False,False
2024-08,10,SSE,NCut,MQ,0.07864317405153415,0.07357337533525385,0.005069798716280299,False,False,False
2024-08,10,Ward,NCut,SW,0.19461643386578123,0.1962407672127881,-0.0016243333470068733,False,False,False
2024-08,10,Ward,NCut,CH,1344.7401418537224,1212.134743058908,132.6053987948144,False,False,False
2024-08,10,Ward,NCut,S_Dbw,,,,False,False,False
2024-08,10,Ward,NCut,AVI,0.19696833857168186,0.19506252264997512,0.0019058159217067439,False,False,False
2024-08,10,Ward,NCut,AVU,0.46669347085294915,0.47262064809622145,-0.005927177243272297,False,False,False
2024-08,10,Ward,NCut,MQ,0.07646270758847502,0.07357337533525385,0.0028893322532211746,False,False,False
2024-08,12,SSE,Ward,SW,0.24980338216755452,0.199841070105238,0.04996231206231652,False,False,False
2024-08,12,SSE,Ward,CH,1477.7763691537739,1259.7293523211636,218.04701683261032,False,False,False
2024-08,12,SSE,Ward,S_Dbw,,,,False,False,False
2024-08,12,SSE,Ward,AVI,0.1694204373695919,0.16647561381874018,0.0029448235508517107,False,False,False
2024-08,12,SSE,Ward,AVU,0.45508323732749084,0.4500193631910751,0.005063874136415736,False,False,False
2024-08,12,SSE,Ward,MQ,0.07002831617104806,0.06921929379379131,0.0008090223772567462,False,False,False
2024-08,12,SSE,NCut,SW,0.24980338216755452,0.19761308295725744,0.05219029921029708,False,False,False
2024-08,12,SSE,NCut,CH,1477.7763691537739,1274.7023393202276,203.07402983354632,False,False,False
2024-08,12,SSE,NCut,S_Dbw,,,,False,False,False
2024-08,12,SSE,NCut,AVI,0.1694204373695919,0.16807123831084578,0.0013491990587461145,False,False,False
2024-08,12,SSE,NCut,AVU,0.45508323732749084,0.4694680279622126,-0.014384790634721756,False,False,False
2024-08,12,SSE,NCut,MQ,0.07002831617104806,0.06354247886254275,0.006485837308505313,False,False,False
2024-08,12,Ward,NCut,SW,0.199841070105238,0.19761308295725744,0.002227987147980559,False,False,False
2024-08,12,Ward,NCut,CH,1259.7293523211636,1274.7023393202276,-14.972986999064005,False,False,False
2024-08,12,Ward,NCut,S_Dbw,,,,False,False,False
2024-08,12,Ward,NCut,AVI,0.16647561381874018,0.16807123831084578,-0.0015956244921055962,False,False,False
2024-08,12,Ward,NCut,AVU,0.4500193631910751,0.4694680279622126,-0.01944866477113749,False,False,False
2024-08,12,Ward,NCut,MQ,0.06921929379379131,0.06354247886254275,0.005676814931248567,False,False,False
2024-08,16,SSE,Ward,SW,0.23908340818162607,0.18001466655249396,0.059068741629132115,False,False,False
2024-08,16,SSE,Ward,CH,1321.6352491533405,1111.6496937572497,209.98555539609083,False,False,False
2024-08,16,SSE,Ward,S_Dbw,,,,False,False,False
2024-08,16,SSE,Ward,AVI,0.12997635667276772,0.12739117784344395,0.00258517882932377,False,False,False
2024-08,16,SSE,Ward,AVU,0.43712989730179413,0.42852860024961004,0.008601297052184098,False,False,False
2024-08,16,SSE,Ward,MQ,0.05736398377326452,0.057522911402648154,-0.0001589276293836317,False,False,False
2024-08,16,SSE,NCut,SW,0.23908340818162607,0.173244172219107,0.06583923596251906,False,False,False
2024-08,16,SSE,NCut,CH,1321.6352491533405,1125.383992133822,196.25125701951856,False,False,False
2024-08,16,SSE,NCut,S_Dbw,,,,False,False,False
2024-08,16,SSE,NCut,AVI,0.12997635667276772,0.12823800720771011,0.0017383494650576037,False,False,False
2024-08,16,SSE,NCut,AVU,0.43712989730179413,0.45198483302976605,-0.014854935727971919,False,False,False
2024-08,16,SSE,NCut,MQ,0.05736398377326452,0.05068825570001076,0.006675728073253763,False,False,False
2024-08,16,Ward,NCut,SW,0.18001466655249396,0.173244172219107,0.006770494333386945,False,False,False
2024-08,16,Ward,NCut,CH,1111.6496937572497,1125.383992133822,-13.73429837657227,False,False,False
2024-08,16,Ward,NCut,S_Dbw,,,,False,False,False
2024-08,16,Ward,NCut,AVI,0.12739117784344395,0.12823800720771011,-0.0008468293642661662,False,False,False
2024-08,16,Ward,NCut,AVU,0.42852860024961004,0.45198483302976605,-0.023456232780156017,False,False,False
2024-08,16,Ward,NCut,MQ,0.057522911402648154,0.05068825570001076,0.006834655702637395,False,False,False
2024-08,20,SSE,Ward,SW,0.22894168583756624,0.17456719621846908,0.05437448961909716,False,False,False
2024-08,20,SSE,Ward,CH,1183.030575082165,1022.2282847494135,160.80229033275134,False,False,False
2024-08,20,SSE,Ward,S_Dbw,,,,False,False,False
2024-08,20,SSE,Ward,AVI,0.10550289918455263,0.10589474104345144,-0.0003918418588988032,False,False,False
2024-08,20,SSE,Ward,AVU,0.41630970774178516,0.3994522313350362,0.01685747640674895,False,False,False
2024-08,20,SSE,Ward,MQ,0.04745699607913771,0.05124521224287131,-0.0037882161637336,False,False,False
2024-08,20,SSE,NCut,SW,0.22894168583756624,0.1741466568419263,0.054795028995639955,False,False,False
2024-08,20,SSE,NCut,CH,1183.030575082165,1057.0507410985854,125.97983398357951,False,False,False
2024-08,20,SSE,NCut,S_Dbw,,,,False,False,False
2024-08,20,SSE,NCut,AVI,0.10550289918455263,0.10404660125533285,0.0014562979292197797,False,False,False
2024-08,20,SSE,NCut,AVU,0.41630970774178516,0.4679037252908453,-0.05159401754906012,False,False,False
2024-08,20,SSE,NCut,MQ,0.04745699607913771,0.03987756856848437,0.007579427510653339,False,False,False
2024-08,20,Ward,NCut,SW,0.17456719621846908,0.1741466568419263,0.0004205393765427945,False,False,False
2024-08,20,Ward,NCut,CH,1022.2282847494135,1057.0507410985854,-34.82245634917183,False,False,False
2024-08,20,Ward,NCut,S_Dbw,,,,False,False,False
2024-08,20,Ward,NCut,AVI,0.10589474104345144,0.10404660125533285,0.001848139788118583,False,False,False
2024-08,20,Ward,NCut,AVU,0.3994522313350362,0.4679037252908453,-0.06845149395580907,False,False,False
2024-08,20,Ward,NCut,MQ,0.05124521224287131,0.03987756856848437,0.011367643674386939,False,False,False
2024-09,4,SSE,Ward,SW,0.3037062828423101,0.39851841887766687,-0.09481213603535676,True,True,True
2024-09,4,SSE,Ward,CH,2101.384406964994,1969.724647991204,131.65975897379008,True,True,True
2024-09,4,SSE,Ward,S_Dbw,0.615434361059263,0.48764753851618936,0.1277868225430736,True,True,True
2024-09,4,SSE,Ward,AVI,0.45433597230090644,0.44626875939758076,0.008067212903325682,True,True,True
2024-09,4,SSE,Ward,AVU,0.5874876126122411,0.5366001736333627,0.050887438978878485,True,True,True
2024-09,4,SSE,Ward,MQ,0.14672114078770904,0.1778115638054424,-0.031090423017733376,True,True,True
2024-09,4,SSE,NCut,SW,0.3037062828423101,0.33330572899869554,-0.029599446156385434,True,True,True
2024-09,4,SSE,NCut,CH,2101.384406964994,1747.2855088519061,354.0988981130879,True,True,True
2024-09,4,SSE,NCut,S_Dbw,0.615434361059263,0.6356992012882265,-0.020264840228963577,True,True,True
2024-09,4,SSE,NCut,AVI,0.45433597230090644,0.4517995622838228,0.0025364100170836568,True,True,True
2024-09,4,SSE,NCut,AVU,0.5874876126122411,0.5897029406577547,-0.0022153280455136093,True,True,True
2024-09,4,SSE,NCut,MQ,0.14672114078770904,0.16153471588183757,-0.014813575094128534,True,True,True
2024-09,4,Ward,NCut,SW,0.39851841887766687,0.33330572899869554,0.06521268987897133,True,True,True
2024-09,4,Ward,NCut,CH,1969.724647991204,1747.2855088519061,222.43913913929782,True,True,True
2024-09,4,Ward,NCut,S_Dbw,0.48764753851618936,0.6356992012882265,-0.14805166277203718,True,True,True
2024-09,4,Ward,NCut,AVI,0.44626875939758076,0.4517995622838228,-0.0055308028862420255,True,True,True
2024-09,4,Ward,NCut,AVU,0.5366001736333627,0.5897029406577547,-0.053102767024392095,True,True,True
2024-09,4,Ward,NCut,MQ,0.1778115638054424,0.16153471588183757,0.016276847923604842,True,True,True
2024-09,6,SSE,Ward,SW,0.328753353495409,0.2851108200673076,0.04364253342810143,True,True,True
2024-09,6,SSE,Ward,CH,1964.327293572783,1662.2713382414122,302.0559553313708,True,True,True
2024-09,6,SSE,Ward,S_Dbw,0.44461399673815655,0.49785985200008287,-0.05324585526192632,True,True,True
2024-09,6,SSE,Ward,AVI,0.3224830947213645,0.3122394338743164,0.010243660847048086,True,True,True
2024-09,6,SSE,Ward,AVU,0.4935595298887032,0.47411934535701494,0.019440184531688276,True,True,True
2024-09,6,SSE,Ward,MQ,0.12825030227141737,0.12434119559069616,0.003909106680721211,True,True,True
2024-09,6,SSE,NCut,SW,0.328753353495409,0.2875603454106833,0.0411930080847257,True,True,True
2024-09,6,SSE,NCut,CH,1964.327293572783,1644.3881419931959,319.93915157958713,True,True,True
2024-09,6,SSE,NCut,S_Dbw,0.44461399673815655,0.6344631535363723,-0.18984915679821573,True,True,True
2024-09,6,SSE,NCut,AVI,0.3224830947213645,0.314951894421171,0.007531200300193497,True,True,True
2024-09,6,SSE,NCut,AVU,0.4935595298887032,0.5196437286677766,-0.02608419877907342,True,True,True
2024-09,6,SSE,NCut,MQ,0.12825030227141737,0.11429418471433433,0.013956117557083036,True,True,True
2024-09,6,Ward,NCut,SW,0.2851108200673076,0.2875603454106833,-0.0024495253433757247,True,True,True
2024-09,6,Ward,NCut,CH,1662.2713382414122,1644.3881419931959,17.883196248216336,True,True,True
2024-09,6,Ward,NCut,S_Dbw,0.49785985200008287,0.6344631535363723,-0.1366033015362894,True,True,True
2024-09,6,Ward,NCut,AVI,0.3122394338743164,0.314951894421171,-0.0027124605468545893,True,True,True
2024-09,6,Ward,NCut,AVU,0.47411934535701494,0.5196437286677766,-0.045524383310761696,True,True,True
2024-09,6,Ward,NCut,MQ,0.12434119559069616,0.11429418471433433,0.010047010876361825,True,True,True
2024-09,8,SSE,Ward,SW,0.28666084634225775,0.21912754137092363,0.06753330497133411,True,True,True
2024-09,8,SSE,Ward,CH,1711.622770026429,1473.2306272592841,238.39214276714483,True,True,True
2024-09,8,SSE,Ward,S_Dbw,0.5910322930469395,0.3944472028338526,0.1965850902130869,True,True,True
2024-09,8,SSE,Ward,AVI,0.24926533742013715,0.246082426617911,0.0031829108022261576,True,True,True
2024-09,8,SSE,Ward,AVU,0.4870751809166185,0.48225332032253515,0.004821860594083349,True,True,True
2024-09,8,SSE,Ward,MQ,0.1034421340936672,0.09162740613081899,0.011814727962848215,True,True,True
2024-09,8,SSE,NCut,SW,0.28666084634225775,0.2670710349742783,0.019589811367979437,True,True,True
2024-09,8,SSE,NCut,CH,1711.622770026429,1491.8751127988075,219.7476572276214,True,True,True
2024-09,8,SSE,NCut,S_Dbw,0.5910322930469395,0.3135117049838114,0.27752058806312807,True,True,True
2024-09,8,SSE,NCut,AVI,0.24926533742013715,0.24784062484292332,0.001424712577213827,True,True,True
2024-09,8,SSE,NCut,AVU,0.4870751809166185,0.48180836811509814,0.00526681280152036,True,True,True
2024-09,8,SSE,NCut,MQ,0.1034421340936672,0.0971914486899788,0.006250685403688408,True,True,True
2024-09,8,Ward,NCut,SW,0.21912754137092363,0.2670710349742783,-0.047943493603354675,True,True,True
2024-09,8,Ward,NCut,CH,1473.2306272592841,1491.8751127988075,-18.64448553952343,True,True,True
2024-09,8,Ward,NCut,S_Dbw,0.3944472028338526,0.3135117049838114,0.08093549785004117,True,True,True
2024-09,8,Ward,NCut,AVI,0.246082426617911,0.24784062484292332,-0.0017581982250123307,True,True,True
2024-09,8,Ward,NCut,AVU,0.48225332032253515,0.48180836811509814,0.00044495220743701047,True,True,True
2024-09,8,Ward,NCut,MQ,0.09162740613081899,0.0971914486899788,-0.005564042559159807,True,True,True
2024-09,10,SSE,Ward,SW,0.2552245093086425,0.1953271615722943,0.059897347736348194,False,False,False
2024-09,10,SSE,Ward,CH,1569.4495804407197,1350.3972834092724,219.05229703144732,False,False,False
2024-09,10,SSE,Ward,S_Dbw,,,,False,False,False
2024-09,10,SSE,Ward,AVI,0.20419803482656793,0.19976870592511287,0.00442932890145506,False,False,False
2024-09,10,SSE,Ward,AVU,0.4789304742933508,0.4956238106272916,-0.016693336333940823,False,False,False
2024-09,10,SSE,Ward,MQ,0.08029984797885005,0.08255530519205798,-0.002255457213207926,False,False,False
2024-09,10,SSE,NCut,SW,0.2552245093086425,0.2407960985300281,0.014428410778614398,False,False,False
2024-09,10,SSE,NCut,CH,1569.4495804407197,1367.3364766595723,202.1131037811474,False,False,False
2024-09,10,SSE,NCut,S_Dbw,,,,False,False,False
2024-09,10,SSE,NCut,AVI,0.20419803482656793,0.20320000989244008,0.0009980249341278447,False,False,False
2024-09,10,SSE,NCut,AVU,0.4789304742933508,0.4702384072431771,0.008692067050173669,False,False,False
2024-09,10,SSE,NCut,MQ,0.08029984797885005,0.08031919215213668,-1.9344173286625632e-05,False,False,False
2024-09,10,Ward,NCut,SW,0.1953271615722943,0.2407960985300281,-0.045468936957733797,False,False,False
2024-09,10,Ward,NCut,CH,1350.3972834092724,1367.3364766595723,-16.939193250299923,False,False,False
2024-09,10,Ward,NCut,S_Dbw,,,,False,False,False
2024-09,10,Ward,NCut,AVI,0.19976870592511287,0.20320000989244008,-0.003431303967327215,False,False,False
2024-09,10,Ward,NCut,AVU,0.4956238106272916,0.4702384072431771,0.02538540338411449,False,False,False
2024-09,10,Ward,NCut,MQ,0.08255530519205798,0.08031919215213668,0.0022361130399213003,False,False,False
2024-09,12,SSE,Ward,SW,0.25240246769005936,0.19691877695492302,0.05548369073513634,False,False,False
2024-09,12,SSE,Ward,CH,1448.0591614678056,1251.008545026553,197.0506164412525,False,False,False
2024-09,12,SSE,Ward,S_Dbw,,,,False,False,False
2024-09,12,SSE,Ward,AVI,0.1791582848194061,0.17407537096355577,0.0050829138558503295,False,False,False
2024-09,12,SSE,Ward,AVU,0.43691388662812486,0.43391274192838386,0.0030011446997409985,False,False,False
2024-09,12,SSE,Ward,MQ,0.07362892961527516,0.07692519329763994,-0.0032962636823647834,False,False,False
2024-09,12,SSE,NCut,SW,0.25240246769005936,0.20834335779799873,0.04405910989206063,False,False,False
2024-09,12,SSE,NCut,CH,1448.0591614678056,1282.9608541945554,165.09830727325016,False,False,False
2024-09,12,SSE,NCut,S_Dbw,,,,False,False,False
2024-09,12,SSE,NCut,AVI,0.1791582848194061,0.17191812521645847,0.007240159602947632,False,False,False
2024-09,12,SSE,NCut,AVU,0.43691388662812486,0.4695703591702581,-0.03265647254213322,False,False,False
2024-09,12,SSE,NCut,MQ,0.07362892961527516,0.0647841169721843,0.008844812643090866,False,False,False
2024-09,12,Ward,NCut,SW,0.19691877695492302,0.20834335779799873,-0.01142458084307571,False,False,False
2024-09,12,Ward,NCut,CH,1251.008545026553,1282.9608541945554,-31.95230916800233,False,False,False
2024-09,12,Ward,NCut,S_Dbw,,,,False,False,False
2024-09,12,Ward,NCut,AVI,0.17407537096355577,0.17191812521645847,0.0021572457470973028,False,False,False
2024-09,12,Ward,NCut,AVU,0.43391274192838386,0.4695703591702581,-0.03565761724187422,False,False,False
2024-09,12,Ward,NCut,MQ,0.07692519329763994,0.0647841169721843,0.01214107632545565,False,False,False
2024-09,16,SSE,Ward,SW,0.22817177329125113,0.18869962782866664,0.039472145462584485,False,False,False
2024-09,16,SSE,Ward,CH,1280.6066973380393,1110.4014409295023,170.20525640853702,False,False,False
2024-09,16,SSE,Ward,S_Dbw,,,,False,False,False
2024-09,16,SSE,Ward,AVI,0.13844333995863475,0.13281988279203694,0.005623457166597817,False,False,False
2024-09,16,SSE,Ward,AVU,0.42895351670051574,0.4267240366386034,0.0022294800619123145,False,False,False
2024-09,16,SSE,Ward,MQ,0.06007811472043249,0.060418353320856565,-0.0003402386004240712,False,False,False
2024-09,16,SSE,NCut,SW,0.22817177329125113,0.17199255650214337,0.056179216789107755,False,False,False
2024-09,16,SSE,NCut,CH,1280.6066973380393,1048.580541841152,232.02615549688744,False,False,False
2024-09,16,SSE,NCut,S_Dbw,,,,False,False,False
2024-09,16,SSE,NCut,AVI,0.13844333995863475,0.13044855150741053,0.007994788451224227,False,False,False
2024-09,16,SSE,NCut,AVU,0.42895351670051574,0.44449898174934643,-0.015545465048830698,False,False,False
2024-09,16,SSE,NCut,MQ,0.06007811472043249,0.05177289018185627,0.008305224538576225,False,False,False
2024-09,16,Ward,NCut,SW,0.18869962782866664,0.17199255650214337,0.01670707132652327,False,False,False
2024-09,16,Ward,NCut,CH,1110.4014409295023,1048.580541841152,61.820899088350416,False,False,False
2024-09,16,Ward,NCut,S_Dbw,,,,False,False,False
2024-09,16,Ward,NCut,AVI,0.13281988279203694,0.13044855150741053,0.00237133128462641,False,False,False
2024-09,16,Ward,NCut,AVU,0.4267240366386034,0.44449898174934643,-0.017774945110743012,False,False,False
2024-09,16,Ward,NCut,MQ,0.060418353320856565,0.05177289018185627,0.008645463139000296,False,False,False
2024-09,20,SSE,Ward,SW,0.22848746906155323,0.18502598193019754,0.0434614871313557,False,False,False
2024-09,20,SSE,Ward,CH,1171.3888457602523,1024.8677868316104,146.52105892864188,False,False,False
2024-09,20,SSE,Ward,S_Dbw,,,,False,False,False
2024-09,20,SSE,Ward,AVI,0.11307740022254566,0.11380156897446382,-0.0007241687519181639,False,False,False
2024-09,20,SSE,Ward,AVU,0.42182406137336914,0.3848006574608116,0.03702340391255754,False,False,False
2024-09,20,SSE,Ward,MQ,0.05281949292021366,0.052252421645883,0.0005670712743306577,False,False,False
2024-09,20,SSE,NCut,SW,0.22848746906155323,0.14700434743716667,0.08148312162438656,False,False,False
2024-09,20,SSE,NCut,CH,1171.3888457602523,935.7911146976135,235.5977310626388,False,False,False
2024-09,20,SSE,NCut,S_Dbw,,,,False,False,False
2024-09,20,SSE,NCut,AVI,0.11307740022254566,0.10440286386171337,0.008674536360832291,False,False,False
2024-09,20,SSE,NCut,AVU,0.42182406137336914,0.48378024427399563,-0.06195618290062649,False,False,False
2024-09,20,SSE,NCut,MQ,0.05281949292021366,0.04298978163666904,0.009829711283544616,False,False,False
2024-09,20,Ward,NCut,SW,0.18502598193019754,0.14700434743716667,0.038021634493030865,False,False,False
2024-09,20,Ward,NCut,CH,1024.8677868316104,935.7911146976135,89.07667213399691,False,False,False
2024-09,20,Ward,NCut,S_Dbw,,,,False,False,False
2024-09,20,Ward,NCut,AVI,0.11380156897446382,0.10440286386171337,0.009398705112750455,False,False,False
2024-09,20,Ward,NCut,AVU,0.3848006574608116,0.48378024427399563,-0.09897958681318403,False,False,False
2024-09,20,Ward,NCut,MQ,0.052252421645883,0.04298978163666904,0.009262640009213959,False,False,False
2024-10,4,SSE,Ward,SW,0.31487120587721956,0.39111859760487105,-0.07624739172765149,True,True,True
2024-10,4,SSE,Ward,CH,2071.6455040816445,1829.5161273664357,242.12937671520876,True,True,True
2024-10,4,SSE,Ward,S_Dbw,0.7486767109608559,0.48266893814919143,0.26600777281166443,True,True,True
2024-10,4,SSE,Ward,AVI,0.45426583043177826,0.4445254693453822,0.009740361086396088,True,True,True
2024-10,4,SSE,Ward,AVU,0.5787231244768634,0.5533126190775887,0.025410505399274697,True,True,True
2024-10,4,SSE,Ward,MQ,0.15423248194436018,0.17112009436355993,-0.016887612419199755,True,True,True
2024-10,4,SSE,NCut,SW,0.31487120587721956,0.3204700543724137,-0.005598848495194153,True,True,True
2024-10,4,SSE,NCut,CH,2071.6455040816445,1672.790929812443,398.8545742692015,True,True,True
2024-10,4,SSE,NCut,S_Dbw,0.7486767109608559,0.7059861896265973,0.04269052133425855,True,True,True
2024-10,4,SSE,NCut,AVI,0.45426583043177826,0.45257079539388867,0.0016950350378895918,True,True,True
2024-10,4,SSE,NCut,AVU,0.5787231244768634,0.6049482423637091,-0.026225117886845783,True,True,True
2024-10,4,SSE,NCut,MQ,0.15423248194436018,0.15644691458768875,-0.0022144326433285733,True,True,True
2024-10,4,Ward,NCut,SW,0.39111859760487105,0.3204700543724137,0.07064854323245734,True,True,True
2024-10,4,Ward,NCut,CH,1829.5161273664357,1672.790929812443,156.72519755399276,True,True,True
2024-10,4,Ward,NCut,S_Dbw,0.48266893814919143,0.7059861896265973,-0.2233172514774059,True,True,True
2024-10,4,Ward,NCut,AVI,0.4445254693453822,0.45257079539388867,-0.008045326048506496,True,True,True
2024-10,4,Ward,NCut,AVU,0.5533126190775887,0.6049482423637091,-0.05163562328612048,True,True,True
2024-10,4,Ward,NCut,MQ,0.17112009436355993,0.15644691458768875,0.014673179775871181,True,True,True
2024-10,6,SSE,Ward,SW,0.32745212695769016,0.2932058213199398,0.034246305637750385,True,True,True
2024-10,6,SSE,Ward,CH,1933.7995640520764,1655.0314667068867,278.76809734518974,True,True,True
2024-10,6,SSE,Ward,S_Dbw,0.5177649870513344,0.5551287802497057,-0.03736379319837124,True,True,True
2024-10,6,SSE,Ward,AVI,0.3233937092752375,0.3137886510398708,0.00960505823536667,True,True,True
2024-10,6,SSE,Ward,AVU,0.4929258760455843,0.4896906616413983,0.0032352144041860043,True,True,True
2024-10,6,SSE,Ward,MQ,0.1276453627633555,0.13001910859683286,-0.002373745833477353,True,True,True
2024-10,6,SSE,NCut,SW,0.32745212695769016,0.2698335665359008,0.05761856042178937,True,True,True
2024-10,6,SSE,NCut,CH,1933.7995640520764,1459.0135626371023,474.7860014149742,True,True,True
2024-10,6,SSE,NCut,S_Dbw,0.5177649870513344,0.586817172197422,-0.06905218514608757,True,True,True
2024-10,6,SSE,NCut,AVI,0.3233937092752375,0.3197264405574234,0.0036672687178140873,True,True,True
2024-10,6,SSE,NCut,AVU,0.4929258760455843,0.4984731471206015,-0.005547271075017179,True,True,True
2024-10,6,SSE,NCut,MQ,0.1276453627633555,0.11739897817022839,0.010246384593127114,True,True,True
2024-10,6,Ward,NCut,SW,0.2932058213199398,0.2698335665359008,0.02337225478403898,True,True,True
2024-10,6,Ward,NCut,CH,1655.0314667068867,1459.0135626371023,196.01790406978444,True,True,True
2024-10,6,Ward,NCut,S_Dbw,0.5551287802497057,0.586817172197422,-0.03168839194771633,True,True,True
2024-10,6,Ward,NCut,AVI,0.3137886510398708,0.3197264405574234,-0.005937789517552583,True,True,True
2024-10,6,Ward,NCut,AVU,0.4896906616413983,0.4984731471206015,-0.008782485479203184,True,True,True
2024-10,6,Ward,NCut,MQ,0.13001910859683286,0.11739897817022839,0.012620130426604467,True,True,True
2024-10,8,SSE,Ward,SW,0.2845332971361179,0.23589300580531428,0.04864029133080364,False,False,False
2024-10,8,SSE,Ward,CH,1697.2550612734578,1419.159120399302,278.09594087415576,False,False,False
2024-10,8,SSE,Ward,S_Dbw,,,,False,False,False
2024-10,8,SSE,Ward,AVI,0.25116708524036724,0.24589070005647612,0.005276385183891119,False,False,False
2024-10,8,SSE,Ward,AVU,0.4823380242606273,0.4585019511218309,0.023836073138796376,False,False,False
2024-10,8,SSE,Ward,MQ,0.10424380232153835,0.10609704249451916,-0.0018532401729808162,False,False,False
2024-10,8,SSE,NCut,SW,0.2845332971361179,0.2597258193256537,0.024807477810464218,False,False,False
2024-10,8,SSE,NCut,CH,1697.2550612734578,1443.5596977982048,253.6953634752531,False,False,False
2024-10,8,SSE,NCut,S_Dbw,,,,False,False,False
2024-10,8,SSE,NCut,AVI,0.25116708524036724,0.24836239402047994,0.002804691219887301,False,False,False
2024-10,8,SSE,NCut,AVU,0.4823380242606273,0.4752551423439026,0.0070828819167246815,False,False,False
2024-10,8,SSE,NCut,MQ,0.10424380232153835,0.09609952398408185,0.008144278337456498,False,False,False
2024-10,8,Ward,NCut,SW,0.23589300580531428,0.2597258193256537,-0.02383281352033942,False,False,False
2024-10,8,Ward,NCut,CH,1419.159120399302,1443.5596977982048,-24.40057739890267,False,False,False
2024-10,8,Ward,NCut,S_Dbw,,,,False,False,False
2024-10,8,Ward,NCut,AVI,0.24589070005647612,0.24836239402047994,-0.0024716939640038182,False,False,False
2024-10,8,Ward,NCut,AVU,0.4585019511218309,0.4752551423439026,-0.016753191222071695,False,False,False
2024-10,8,Ward,NCut,MQ,0.10609704249451916,0.09609952398408185,0.009997518510437314,False,False,False
2024-10,10,SSE,Ward,SW,0.24337374110112356,0.19790910378746143,0.045464637313662126,False,False,False
2024-10,10,SSE,Ward,CH,1532.0405472247405,1300.7659209601093,231.27462626463125,False,False,False
2024-10,10,SSE,Ward,S_Dbw,,,,False,False,False
2024-10,10,SSE,Ward,AVI,0.206568528441278,0.20010901434332998,0.00645951409794801,False,False,False
2024-10,10,SSE,Ward,AVU,0.48348876293923126,0.4661438926042769,0.017344870334954354,False,False,False
2024-10,10,SSE,Ward,MQ,0.0813304536242705,0.08653295079640759,-0.005202497172137097,False,False,False
2024-10,10,SSE,NCut,SW,0.24337374110112356,0.22123055940130434,0.022143181699819214,False,False,False
2024-10,10,SSE,NCut,CH,1532.0405472247405,1326.7198154299176,205.3207317948229,False,False,False
2024-10,10,SSE,NCut,S_Dbw,,,,False,False,False
2024-10,10,SSE,NCut,AVI,0.206568528441278,0.20258992321551506,0.003978605225762932,False,False,False
2024-10,10,SSE,NCut,AVU,0.48348876293923126,0.4745009240027642,0.00898783893646704,False,False,False
2024-10,10,SSE,NCut,MQ,0.0813304536242705,0.08150405145042672,-0.00017359782615622432,False,False,False
2024-10,10,Ward,NCut,SW,0.19790910378746143,0.22123055940130434,-0.023321455613842912,False,False,False
2024-10,10,Ward,NCut,CH,1300.7659209601093,1326.7198154299176,-25.953894469808347,False,False,False
2024-10,10,Ward,NCut,S_Dbw,,,,False,False,False
2024-10,10,Ward,NCut,AVI,0.20010901434332998,0.20258992321551506,-0.002480908872185078,False,False,False
2024-10,10,Ward,NCut,AVU,0.4661438926042769,0.4745009240027642,-0.008357031398487313,False,False,False
2024-10,10,Ward,NCut,MQ,0.08653295079640759,0.08150405145042672,0.005028899345980872,False,False,False
2024-10,12,SSE,Ward,SW,0.24633833356133114,0.18047037495499102,0.06586795860634012,False,False,False
2024-10,12,SSE,Ward,CH,1438.766440404404,1213.0557560050584,225.7106843993456,False,False,False
2024-10,12,SSE,Ward,S_Dbw,,,,False,False,False
2024-10,12,SSE,Ward,AVI,0.1769990223298697,0.17349438396218803,0.0035046383676816673,False,False,False
2024-10,12,SSE,Ward,AVU,0.4562506461894738,0.4426319823314923,0.013618663857981494,False,False,False
2024-10,12,SSE,Ward,MQ,0.0720860092077693,0.08170084487090414,-0.00961483566313484,False,False,False
2024-10,12,SSE,NCut,SW,0.24633833356133114,0.1937277033031028,0.05261063025822835,False,False,False
2024-10,12,SSE,NCut,CH,1438.766440404404,1203.8883896364905,234.87805076791346,False,False,False
2024-10,12,SSE,NCut,S_Dbw,,,,False,False,False
2024-10,12,SSE,NCut,AVI,0.1769990223298697,0.1688514889866312,0.008147533343238506,False,False,False
2024-10,12,SSE,NCut,AVU,0.4562506461894738,0.48544795759809306,-0.029197311408619253,False,False,False
2024-10,12,SSE,NCut,MQ,0.0720860092077693,0.06866485704645882,0.0034211521613104756,False,False,False
2024-10,12,Ward,NCut,SW,0.18047037495499102,0.1937277033031028,-0.013257328348111774,False,False,False
2024-10,12,Ward,NCut,CH,1213.0557560050584,1203.8883896364905,9.167366368567855,False,False,False
2024-10,12,Ward,NCut,S_Dbw,,,,False,False,False
2024-10,12,Ward,NCut,AVI,0.17349438396218803,0.1688514889866312,0.004642894975556838,False,False,False
2024-10,12,Ward,NCut,AVU,0.4426319823314923,0.48544795759809306,-0.04281597526660075,False,False,False
2024-10,12,Ward,NCut,MQ,0.08170084487090414,0.06866485704645882,0.013035987824445316,False,False,False
2024-10,16,SSE,Ward,SW,0.24221181391352997,0.1825536734219704,0.05965814049155957,False,False,False
2024-10,16,SSE,Ward,CH,1290.2377743044979,1093.5330403892312,196.70473391526662,False,False,False
2024-10,16,SSE,Ward,S_Dbw,,,,False,False,False
2024-10,16,SSE,Ward,AVI,0.14172123507059434,0.1426247915883874,-0.0009035565177930582,False,False,False
2024-10,16,SSE,Ward,AVU,0.4303113860276232,0.3979729987506309,0.032338387276992286,False,False,False
2024-10,16,SSE,Ward,MQ,0.05983854573466114,0.060512336286555626,-0.0006737905518944889,False,False,False
2024-10,16,SSE,NCut,SW,0.24221181391352997,0.17759499924954888,0.06461681466398109,False,False,False
2024-10,16,SSE,NCut,CH,1290.2377743044979,1063.6786997798692,226.5590745246286,False,False,False
2024-10,16,SSE,NCut,S_Dbw,,,,False,False,False
2024-10,16,SSE,NCut,AVI,0.14172123507059434,0.1310297070270265,0.01069152804356785,False,False,False
2024-10,16,SSE,NCut,AVU,0.4303113860276232,0.4586780894226216,-0.028366703394998416,False,False,False
2024-10,16,SSE,NCut,MQ,0.05983854573466114,0.05067060829193221,0.009167937442728924,False,False,False
2024-10,16,Ward,NCut,SW,0.1825536734219704,0.17759499924954888,0.004958674172421518,False,False,False
2024-10,16,Ward,NCut,CH,1093.5330403892312,1063.6786997798692,29.854340609361998,False,False,False
2024-10,16,Ward,NCut,S_Dbw,,,,False,False,False
2024-10,16,Ward,NCut,AVI,0.1426247915883874,0.1310297070270265,0.011595084561360908,False,False,False
2024-10,16,Ward,NCut,AVU,0.3979729987506309,0.4586780894226216,-0.0607050906719907,False,False,False
2024-10,16,Ward,NCut,MQ,0.060512336286555626,0.05067060829193221,0.009841727994623413,False,False,False
2024-10,20,SSE,Ward,SW,0.2393284036005211,0.1753821399058437,0.0639462636946774,False,False,False
2024-10,20,SSE,Ward,CH,1162.6064527070534,1018.9356337638725,143.67081894318096,False,False,False
2024-10,20,SSE,Ward,S_Dbw,,,,False,False,False
2024-10,20,SSE,Ward,AVI,0.11470442257932763,0.1153585834810313,-0.0006541609017036709,False,False,False
2024-10,20,SSE,Ward,AVU,0.39578369775417627,0.4178747522944628,-0.022091054540286537,False,False,False
2024-10,20,SSE,Ward,MQ,0.05457237224205919,0.047924423861069036,0.006647948380990157,False,False,False
2024-10,20,SSE,NCut,SW,0.2393284036005211,0.1834747883166391,0.055853615283882,False,False,False
2024-10,20,SSE,NCut,CH,1162.6064527070534,945.3216900220502,217.28476268500322,False,False,False
2024-10,20,SSE,NCut,S_Dbw,,,,False,False,False
2024-10,20,SSE,NCut,AVI,0.11470442257932763,0.10600153606101968,0.008702886518307945,False,False,False
2024-10,20,SSE,NCut,AVU,0.39578369775417627,0.45346288891502445,-0.05767919116084819,False,False,False
2024-10,20,SSE,NCut,MQ,0.05457237224205919,0.041884468527838295,0.012687903714220898,False,False,False
2024-10,20,Ward,NCut,SW,0.1753821399058437,0.1834747883166391,-0.008092648410795406,False,False,False
2024-10,20,Ward,NCut,CH,1018.9356337638725,945.3216900220502,73.61394374182225,False,False,False
2024-10,20,Ward,NCut,S_Dbw,,,,False,False,False
2024-10,20,Ward,NCut,AVI,0.1153585834810313,0.10600153606101968,0.009357047420011616,False,False,False
2024-10,20,Ward,NCut,AVU,0.4178747522944628,0.45346288891502445,-0.03558813662056165,False,False,False
2024-10,20,Ward,NCut,MQ,0.047924423861069036,0.041884468527838295,0.006039955333230741,False,False,False
2024-11,4,SSE,Ward,SW,0.31958402588099255,0.3551961529352612,-0.03561212705426864,True,True,True
2024-11,4,SSE,Ward,CH,2099.42456626573,1868.009784424826,231.41478184090397,True,True,True
2024-11,4,SSE,Ward,S_Dbw,0.6730793857061557,0.5878097157424823,0.08526966996367336,True,True,True
2024-11,4,SSE,Ward,AVI,0.4624240772972282,0.4499051529814248,0.01251892431580337,True,True,True
2024-11,4,SSE,Ward,AVU,0.5812243188861351,0.5335064067866335,0.0477179120995016,True,True,True
2024-11,4,SSE,Ward,MQ,0.16362199670195585,0.16788554827502422,-0.004263551573068375,True,True,True
2024-11,4,SSE,NCut,SW,0.31958402588099255,0.3157077671090008,0.0038762587719917696,True,True,True
2024-11,4,SSE,NCut,CH,2099.42456626573,1685.5921368522836,413.83242941344633,True,True,True
2024-11,4,SSE,NCut,S_Dbw,0.6730793857061557,0.7042295030788996,-0.03115011737274398,True,True,True
2024-11,4,SSE,NCut,AVI,0.4624240772972282,0.460278781378638,0.0021452959185901954,True,True,True
2024-11,4,SSE,NCut,AVU,0.5812243188861351,0.6090289449522166,-0.027804626066081473,True,True,True
2024-11,4,SSE,NCut,MQ,0.16362199670195585,0.16228757542852745,0.0013344212734283933,True,True,True
2024-11,4,Ward,NCut,SW,0.3551961529352612,0.3157077671090008,0.03948838582626041,True,True,True
2024-11,4,Ward,NCut,CH,1868.009784424826,1685.5921368522836,182.41764757254236,True,True,True
2024-11,4,Ward,NCut,S_Dbw,0.5878097157424823,0.7042295030788996,-0.11641978733641734,True,True,True
2024-11,4,Ward,NCut,AVI,0.4499051529814248,0.460278781378638,-0.010373628397213175,True,True,True
2024-11,4,Ward,NCut,AVU,0.5335064067866335,0.6090289449522166,-0.07552253816558308,True,True,True
2024-11,4,Ward,NCut,MQ,0.16788554827502422,0.16228757542852745,0.005597972846496768,True,True,True
2024-11,6,SSE,Ward,SW,0.3309396643255271,0.24575560181989306,0.08518406250563407,True,True,True
2024-11,6,SSE,Ward,CH,1962.1179268300725,1607.6170222124672,354.50090461760533,True,True,True
2024-11,6,SSE,Ward,S_Dbw,0.6298275610834083,0.5555880445325964,0.07423951655081196,True,True,True
2024-11,6,SSE,Ward,AVI,0.331159047632983,0.31623257624092954,0.014926471392053442,True,True,True
2024-11,6,SSE,Ward,AVU,0.4896970228555292,0.4962703998912673,-0.006573377035738126,True,True,True
2024-11,6,SSE,Ward,MQ,0.13620475660298192,0.13177315311887694,0.0044316034841049845,True,True,True
2024-11,6,SSE,NCut,SW,0.3309396643255271,0.28312493026728597,0.04781473405824116,True,True,True
2024-11,6,SSE,NCut,CH,1962.1179268300725,1513.713395622846,448.40453120722646,True,True,True
2024-11,6,SSE,NCut,S_Dbw,0.6298275610834083,0.5366447775425972,0.09318278354081111,True,True,True
2024-11,6,SSE,NCut,AVI,0.331159047632983,0.3263755501910276,0.004783497441955387,True,True,True
2024-11,6,SSE,NCut,AVU,0.4896970228555292,0.5040216745392975,-0.014324651683768286,True,True,True
2024-11,6,SSE,NCut,MQ,0.13620475660298192,0.12754976138420385,0.008654995218778078,True,True,True
2024-11,6,Ward,NCut,SW,0.24575560181989306,0.28312493026728597,-0.03736932844739291,True,True,True
2024-11,6,Ward,NCut,CH,1607.6170222124672,1513.713395622846,93.90362658962113,True,True,True
2024-11,6,Ward,NCut,S_Dbw,0.5555880445325964,0.5366447775425972,0.018943266989999152,True,True,True
2024-11,6,Ward,NCut,AVI,0.31623257624092954,0.3263755501910276,-0.010142973950098055,True,True,True
2024-11,6,Ward,NCut,AVU,0.4962703998912673,0.5040216745392975,-0.00775127464803016,True,True,True
2024-11,6,Ward,NCut,MQ,0.13177315311887694,0.12754976138420385,0.004223391734673093,True,True,True
2024-11,8,SSE,Ward,SW,0.2819896064224599,0.2197727268998864,0.062216879522573515,False,True,False
2024-11,8,SSE,Ward,CH,1739.48325655346,1464.3825368098624,275.10071974359767,False,True,False
2024-11,8,SSE,Ward,S_Dbw,,0.44651498569288317,,False,True,False
2024-11,8,SSE,Ward,AVI,0.2562580429214449,0.2493490769717025,0.006908965949742385,False,True,False
2024-11,8,SSE,Ward,AVU,0.48539539927585834,0.5009955571733046,-0.015600157897446232,False,True,False
2024-11,8,SSE,Ward,MQ,0.10521774400273,0.1086312496786,-0.003413505675869996,False,True,False
2024-11,8,SSE,NCut,SW,0.2819896064224599,0.27019096159923733,0.01179864482322257,False,True,False
2024-11,8,SSE,NCut,CH,1739.48325655346,1503.654368420669,235.828888132791,False,True,False
2024-11,8,SSE,NCut,S_Dbw,,0.6153847617397012,,False,True,False
2024-11,8,SSE,NCut,AVI,0.2562580429214449,0.25508181887835585,0.0011762240430890358,False,True,False
2024-11,8,SSE,NCut,AVU,0.48539539927585834,0.46747258359789956,0.01792281567795878,False,True,False
2024-11,8,SSE,NCut,MQ,0.10521774400273,0.10384750869168437,0.0013702353110456311,False,True,False
2024-11,8,Ward,NCut,SW,0.2197727268998864,0.27019096159923733,-0.050418234699350944,True,True,True
2024-11,8,Ward,NCut,CH,1464.3825368098624,1503.654368420669,-39.27183161080666,True,True,True
2024-11,8,Ward,NCut,S_Dbw,0.44651498569288317,0.6153847617397012,-0.16886977604681808,True,True,True
2024-11,8,Ward,NCut,AVI,0.2493490769717025,0.25508181887835585,-0.005732741906653349,True,True,True
2024-11,8,Ward,NCut,AVU,0.5009955571733046,0.46747258359789956,0.03352297357540501,True,True,True
2024-11,8,Ward,NCut,MQ,0.1086312496786,0.10384750869168437,0.004783740986915627,True,True,True
2024-11,10,SSE,Ward,SW,0.2677824659718218,0.2245253186364753,0.043257147335346524,False,True,False
2024-11,10,SSE,Ward,CH,1576.1812517689991,1356.0584815626062,220.12277020639294,False,True,False
2024-11,10,SSE,Ward,S_Dbw,,0.2788227227314882,,False,True,False
2024-11,10,SSE,Ward,AVI,0.21090684869918852,0.21280630323163915,-0.001899454532450634,False,True,False
2024-11,10,SSE,Ward,AVU,0.4670389065080435,0.44090500856840475,0.026133897939638773,False,True,False
2024-11,10,SSE,Ward,MQ,0.09116330739652222,0.0933298472645421,-0.002166539868019887,False,True,False
2024-11,10,SSE,NCut,SW,0.2677824659718218,0.2334549313039885,0.03432753466783331,False,False,False
2024-11,10,SSE,NCut,CH,1576.1812517689991,1338.178324496857,238.0029272721422,False,False,False
2024-11,10,SSE,NCut,S_Dbw,,,,False,False,False
2024-11,10,SSE,NCut,AVI,0.21090684869918852,0.20751930948670042,0.0033875392124881054,False,False,False
2024-11,10,SSE,NCut,AVU,0.4670389065080435,0.46929301168700793,-0.002254105178964405,False,False,False
2024-11,10,SSE,NCut,MQ,0.09116330739652222,0.08300754731272761,0.008155760083794608,False,False,False
2024-11,10,Ward,NCut,SW,0.2245253186364753,0.2334549313039885,-0.008929612667513215,True,False,False
2024-11,10,Ward,NCut,CH,1356.0584815626062,1338.178324496857,17.880157065749245,True,False,False
2024-11,10,Ward,NCut,S_Dbw,0.2788227227314882,,,True,False,False
2024-11,10,Ward,NCut,AVI,0.21280630323163915,0.20751930948670042,0.005286993744938739,True,False,False
2024-11,10,Ward,NCut,AVU,0.44090500856840475,0.46929301168700793,-0.028388003118603178,True,False,False
2024-11,10,Ward,NCut,MQ,0.0933298472645421,0.08300754731272761,0.010322299951814495,True,False,False
2024-11,12,SSE,Ward,SW,0.24907672961101207,0.22595409667699065,0.02312263293402142,False,False,False
2024-11,12,SSE,Ward,CH,1466.7188184402596,1260.6755819905927,206.0432364496669,False,False,False
2024-11,12,SSE,Ward,S_Dbw,,,,False,False,False
2024-11,12,SSE,Ward,AVI,0.1889567096758017,0.1823970209138351,0.006559688761966581,False,False,False
2024-11,12,SSE,Ward,AVU,0.4448167175809495,0.3963877726614425,0.048428944919507,False,False,False
2024-11,12,SSE,Ward,MQ,0.07712395083142512,0.0847808658024968,-0.007656914971071682,False,False,False
2024-11,12,SSE,NCut,SW,0.24907672961101207,0.1971944700613387,0.051882259549673376,False,False,False
2024-11,12,SSE,NCut,CH,1466.7188184402596,1282.6780202777297,184.04079816252988,False,False,False
2024-11,12,SSE,NCut,S_Dbw,,,,False,False,False
2024-11,12,SSE,NCut,AVI,0.1889567096758017,0.17662406466065672,0.012332645015144972,False,False,False
2024-11,12,SSE,NCut,AVU,0.4448167175809495,0.4732578032074871,-0.028441085626537632,False,False,False
2024-11,12,SSE,NCut,MQ,0.07712395083142512,0.07012239283521066,0.007001557996214464,False,False,False
2024-11,12,Ward,NCut,SW,0.22595409667699065,0.1971944700613387,0.028759626615651956,False,False,False
2024-11,12,Ward,NCut,CH,1260.6755819905927,1282.6780202777297,-22.00243828713701,False,False,False
2024-11,12,Ward,NCut,S_Dbw,,,,False,False,False
2024-11,12,Ward,NCut,AVI,0.1823970209138351,0.17662406466065672,0.005772956253178391,False,False,False
2024-11,12,Ward,NCut,AVU,0.3963877726614425,0.4732578032074871,-0.07687003054604463,False,False,False
2024-11,12,Ward,NCut,MQ,0.0847808658024968,0.07012239283521066,0.014658472967286146,False,False,False
2024-11,16,SSE,Ward,SW,0.2523254081486456,0.187946337362698,0.06437907078594762,False,False,False
2024-11,16,SSE,Ward,CH,1316.214778782445,1110.9546268188742,205.2601519635707,False,False,False
2024-11,16,SSE,Ward,S_Dbw,,,,False,False,False
2024-11,16,SSE,Ward,AVI,0.14514444074285052,0.13867731754561802,0.006467123197232499,False,False,False
2024-11,16,SSE,Ward,AVU,0.4068469471909111,0.43169698721535915,-0.024850040024448072,False,False,False
2024-11,16,SSE,Ward,MQ,0.0659121083818267,0.06506970923178632,0.0008423991500403905,False,False,False
2024-11,16,SSE,NCut,SW,0.2523254081486456,0.20285334804451757,0.04947206010412805,False,False,False
2024-11,16,SSE,NCut,CH,1316.214778782445,1133.3202321181036,182.8945466643413,False,False,False
2024-11,16,SSE,NCut,S_Dbw,,,,False,False,False
2024-11,16,SSE,NCut,AVI,0.14514444074285052,0.134861145116568,0.010283295626282524,False,False,False
2024-11,16,SSE,NCut,AVU,0.4068469471909111,0.4653733855812615,-0.05852643839035043,False,False,False
2024-11,16,SSE,NCut,MQ,0.0659121083818267,0.055664848198178046,0.01024726018364866,False,False,False
2024-11,16,Ward,NCut,SW,0.187946337362698,0.20285334804451757,-0.014907010681819571,False,False,False
2024-11,16,Ward,NCut,CH,1110.9546268188742,1133.3202321181036,-22.3656052992294,False,False,False
2024-11,16,Ward,NCut,S_Dbw,,,,False,False,False
2024-11,16,Ward,NCut,AVI,0.13867731754561802,0.134861145116568,0.0038161724290500243,False,False,False
2024-11,16,Ward,NCut,AVU,0.43169698721535915,0.4653733855812615,-0.03367639836590236,False,False,False
2024-11,16,Ward,NCut,MQ,0.06506970923178632,0.055664848198178046,0.00940486103360827,False,False,False
2024-11,20,SSE,Ward,SW,0.23527778941910368,0.18833847580716861,0.04693931361193507,False,False,False
2024-11,20,SSE,Ward,CH,1192.4708624409222,1022.9169148675714,169.5539475733508,False,False,False
2024-11,20,SSE,Ward,S_Dbw,,,,False,False,False
2024-11,20,SSE,Ward,AVI,0.11765783958203466,0.11235136670949497,0.005306472872539686,False,False,False
2024-11,20,SSE,Ward,AVU,0.40622163147050755,0.42595241631673386,-0.019730784846226312,False,False,False
2024-11,20,SSE,Ward,MQ,0.05521257407358713,0.05690885097990976,-0.0016962769063226316,False,False,False
2024-11,20,SSE,NCut,SW,0.23527778941910368,0.17969077760797514,0.055587011811128545,False,False,False
2024-11,20,SSE,NCut,CH,1192.4708624409222,983.3825579533808,209.08830448754145,False,False,False
2024-11,20,SSE,NCut,S_Dbw,,,,False,False,False
2024-11,20,SSE,NCut,AVI,0.11765783958203466,0.10902307111875273,0.008634768463281928,False,False,False
2024-11,20,SSE,NCut,AVU,0.40622163147050755,0.4698534142379805,-0.06363178276747294,False,False,False
2024-11,20,SSE,NCut,MQ,0.05521257407358713,0.04544466025948122,0.00976791381410591,False,False,False
2024-11,20,Ward,NCut,SW,0.18833847580716861,0.17969077760797514,0.008647698199193476,False,False,False
2024-11,20,Ward,NCut,CH,1022.9169148675714,983.3825579533808,39.53435691419065,False,False,False
2024-11,20,Ward,NCut,S_Dbw,,,,False,False,False
2024-11,20,Ward,NCut,AVI,0.11235136670949497,0.10902307111875273,0.003328295590742242,False,False,False
2024-11,20,Ward,NCut,AVU,0.42595241631673386,0.4698534142379805,-0.04390099792124663,False,False,False
2024-11,20,Ward,NCut,MQ,0.05690885097990976,0.04544466025948122,0.011464190720428542,False,False,False
2024-12,4,SSE,Ward,SW,0.3190369237614045,0.2586979043494812,0.06033901941192332,True,True,True
2024-12,4,SSE,Ward,CH,1962.5518032234882,1621.679181679791,340.87262154369705,True,True,True
2024-12,4,SSE,Ward,S_Dbw,0.7880189184926816,0.6526050201471871,0.13541389834549444,True,True,True
2024-12,4,SSE,Ward,AVI,0.4668692600881939,0.4630614694813867,0.003807790606807193,True,True,True
2024-12,4,SSE,Ward,AVU,0.5768809552825355,0.5951340124543096,-0.018253057171774167,True,True,True
2024-12,4,SSE,Ward,MQ,0.16976383109697205,0.1342005878090638,0.03556324328790825,True,True,True
2024-12,4,SSE,NCut,SW,0.3190369237614045,0.2945813893683566,0.02445553439304793,True,True,True
2024-12,4,SSE,NCut,CH,1962.5518032234882,1866.9093046116636,95.64249861182452,True,True,True
2024-12,4,SSE,NCut,S_Dbw,0.7880189184926816,0.661694619588765,0.1263242989039166,True,True,True
2024-12,4,SSE,NCut,AVI,0.4668692600881939,0.46920700804394794,-0.0023377479557540326,True,True,True
2024-12,4,SSE,NCut,AVU,0.5768809552825355,0.5869115855194885,-0.010030630236953053,True,True,True
2024-12,4,SSE,NCut,MQ,0.16976383109697205,0.16791338235715195,0.0018504487398200986,True,True,True
2024-12,4,Ward,NCut,SW,0.2586979043494812,0.2945813893683566,-0.035883485018875394,True,True,True
2024-12,4,Ward,NCut,CH,1621.679181679791,1866.9093046116636,-245.23012293187253,True,True,True
2024-12,4,Ward,NCut,S_Dbw,0.6526050201471871,0.661694619588765,-0.009089599441577834,True,True,True
2024-12,4,Ward,NCut,AVI,0.4630614694813867,0.46920700804394794,-0.006145538562561226,True,True,True
2024-12,4,Ward,NCut,AVU,0.5951340124543096,0.5869115855194885,0.008222426934821114,True,True,True
2024-12,4,Ward,NCut,MQ,0.1342005878090638,0.16791338235715195,-0.03371279454808815,True,True,True
2024-12,6,SSE,Ward,SW,0.3316248238405165,0.26201545977659974,0.06960936406391677,True,True,True
2024-12,6,SSE,Ward,CH,1831.483102162838,1493.636739474428,337.84636268840995,True,True,True
2024-12,6,SSE,Ward,S_Dbw,0.5398257809890024,0.5095795084481228,0.030246272540879526,True,True,True
2024-12,6,SSE,Ward,AVI,0.33362450994952325,0.32762850275590216,0.005996007193621089,True,True,True
2024-12,6,SSE,Ward,AVU,0.48963821785769807,0.5056824487936361,-0.016044230935938042,True,True,True
2024-12,6,SSE,Ward,MQ,0.1415510042231292,0.12300117681816052,0.018549827404968675,True,True,True
2024-12,6,SSE,NCut,SW,0.3316248238405165,0.27686609161867154,0.054758732221844963,True,True,True
2024-12,6,SSE,NCut,CH,1831.483102162838,1404.262945816925,427.220156345913,True,True,True
2024-12,6,SSE,NCut,S_Dbw,0.5398257809890024,0.6034551699009493,-0.06362938891194692,True,True,True
2024-12,6,SSE,NCut,AVI,0.33362450994952325,0.33011094145704895,0.003513568492474306,True,True,True
2024-12,6,SSE,NCut,AVU,0.48963821785769807,0.5051691711846512,-0.015530953326953145,True,True,True
2024-12,6,SSE,NCut,MQ,0.1415510042231292,0.13019690609235127,0.011354098130777923,True,True,True
2024-12,6,Ward,NCut,SW,0.26201545977659974,0.27686609161867154,-0.014850631842071804,True,True,True
2024-12,6,Ward,NCut,CH,1493.636739474428,1404.262945816925,89.37379365750303,True,True,True
2024-12,6,Ward,NCut,S_Dbw,0.5095795084481228,0.6034551699009493,-0.09387566145282644,True,True,True
2024-12,6,Ward,NCut,AVI,0.32762850275590216,0.33011094145704895,-0.002482438701146783,True,True,True
2024-12,6,Ward,NCut,AVU,0.5056824487936361,0.5051691711846512,0.0005132776089848967,True,True,True
2024-12,6,Ward,NCut,MQ,0.12300117681816052,0.13019690609235127,-0.007195729274190751,True,True,True
2024-12,8,SSE,Ward,SW,0.2817236575370916,0.24870737259250145,0.03301628494459016,False,True,False
2024-12,8,SSE,Ward,CH,1627.1443734261125,1399.6974628829964,227.44691054311602,False,True,False
2024-12,8,SSE,Ward,S_Dbw,,0.4507615236537533,,False,True,False
2024-12,8,SSE,Ward,AVI,0.25940849396754445,0.2542668163926193,0.005141677574925174,False,True,False
2024-12,8,SSE,Ward,AVU,0.48199024496320475,0.4796252287749492,0.0023650161882555754,False,True,False
2024-12,8,SSE,Ward,MQ,0.10936655722860772,0.11227782471292577,-0.002911267484318053,False,True,False
2024-12,8,SSE,NCut,SW,0.2817236575370916,0.23880609733658217,0.042917560200509436,False,True,False
2024-12,8,SSE,NCut,CH,1627.1443734261125,1389.7710912609823,237.37328216513015,False,True,False
2024-12,8,SSE,NCut,S_Dbw,,0.5380990242317388,,False,True,False
2024-12,8,SSE,NCut,AVI,0.25940849396754445,0.25660410689898056,0.002804387068563896,False,True,False
2024-12,8,SSE,NCut,AVU,0.48199024496320475,0.5168422385883849,-0.0348519936251801,False,True,False
2024-12,8,SSE,NCut,MQ,0.10936655722860772,0.10273876032887423,0.006627796899733487,False,True,False
2024-12,8,Ward,NCut,SW,0.24870737259250145,0.23880609733658217,0.009901275255919273,True,True,True
2024-12,8,Ward,NCut,CH,1399.6974628829964,1389.7710912609823,9.92637162201413,True,True,True
2024-12,8,Ward,NCut,S_Dbw,0.4507615236537533,0.5380990242317388,-0.0873375005779855,True,True,True
2024-12,8,Ward,NCut,AVI,0.2542668163926193,0.25660410689898056,-0.002337290506361278,True,True,True
2024-12,8,Ward,NCut,AVU,0.4796252287749492,0.5168422385883849,-0.037217009813435675,True,True,True
2024-12,8,Ward,NCut,MQ,0.11227782471292577,0.10273876032887423,0.00953906438405154,True,True,True
2024-12,10,SSE,Ward,SW,0.2641810961195063,0.24945935307783362,0.014721743041672675,False,False,False
2024-12,10,SSE,Ward,CH,1506.1036975411732,1302.8525055058547,203.25119203531858,False,False,False
2024-12,10,SSE,Ward,S_Dbw,,,,False,False,False
2024-12,10,SSE,Ward,AVI,0.24061433467717183,0.23916429629277777,0.001450038384394059,False,False,False
2024-12,10,SSE,Ward,AVU,0.44420122466364215,0.4115847047666303,0.032616519897011864,False,False,False
2024-12,10,SSE,Ward,MQ,0.09377887116341516,0.10370950178826363,-0.009930630624848474,False,False,False
2024-12,10,SSE,NCut,SW,0.2641810961195063,0.22220455359962482,0.04197654251988148,False,False,False
2024-12,10,SSE,NCut,CH,1506.1036975411732,1211.5272383413262,294.576459199847,False,False,False
2024-12,10,SSE,NCut,S_Dbw,,,,False,False,False
2024-12,10,SSE,NCut,AVI,0.24061433467717183,0.20997616974449038,0.030638164932681455,False,False,False
2024-12,10,SSE,NCut,AVU,0.44420122466364215,0.47678022869440895,-0.0325790040307668,False,False,False
2024-12,10,SSE,NCut,MQ,0.09377887116341516,0.08491763813315158,0.00886123303026358,False,False,False
2024-12,10,Ward,NCut,SW,0.24945935307783362,0.22220455359962482,0.027254799478208802,False,False,False
2024-12,10,Ward,NCut,CH,1302.8525055058547,1211.5272383413262,91.32526716452844,False,False,False
2024-12,10,Ward,NCut,S_Dbw,,,,False,False,False
2024-12,10,Ward,NCut,AVI,0.23916429629277777,0.20997616974449038,0.029188126548287396,False,False,False
2024-12,10,Ward,NCut,AVU,0.4115847047666303,0.47678022869440895,-0.06519552392777866,False,False,False
2024-12,10,Ward,NCut,MQ,0.10370950178826363,0.08491763813315158,0.018791863655112054,False,False,False
2024-12,12,SSE,Ward,SW,0.24911481374197508,0.25451062438471067,-0.005395810642735588,False,False,False
2024-12,12,SSE,Ward,CH,1411.850737857296,1209.6017294339085,202.24900842338752,False,False,False
2024-12,12,SSE,Ward,S_Dbw,,,,False,False,False
2024-12,12,SSE,Ward,AVI,0.20383273974991065,0.20323477664498354,0.0005979631049271017,False,False,False
2024-12,12,SSE,Ward,AVU,0.4397540278470995,0.3676762488350773,0.07207777901202217,False,False,False
2024-12,12,SSE,Ward,MQ,0.08020403947212647,0.09730384854265124,-0.017099809070524774,False,False,False
2024-12,12,SSE,NCut,SW,0.24911481374197508,0.22070353536861842,0.028411278373356663,False,False,False
2024-12,12,SSE,NCut,CH,1411.850737857296,1247.732258939777,164.11847891751904,False,False,False
2024-12,12,SSE,NCut,S_Dbw,,,,False,False,False
2024-12,12,SSE,NCut,AVI,0.20383273974991065,0.17949548062049955,0.024337259129411093,False,False,False
2024-12,12,SSE,NCut,AVU,0.4397540278470995,0.46443384394491416,-0.024679816097814666,False,False,False
2024-12,12,SSE,NCut,MQ,0.08020403947212647,0.07609380781770411,0.0041102316544223555,False,False,False
2024-12,12,Ward,NCut,SW,0.25451062438471067,0.22070353536861842,0.03380708901609225,False,False,False
2024-12,12,Ward,NCut,CH,1209.6017294339085,1247.732258939777,-38.13052950586848,False,False,False
2024-12,12,Ward,NCut,S_Dbw,,,,False,False,False
2024-12,12,Ward,NCut,AVI,0.20323477664498354,0.17949548062049955,0.02373929602448399,False,False,False
2024-12,12,Ward,NCut,AVU,0.3676762488350773,0.46443384394491416,-0.09675759510983684,False,False,False
2024-12,12,Ward,NCut,MQ,0.09730384854265124,0.07609380781770411,0.02121004072494713,False,False,False
2024-12,16,SSE,Ward,SW,0.2515355168636205,0.20740144910507954,0.04413406775854098,False,False,False
2024-12,16,SSE,Ward,CH,1291.1717610399328,1107.585930299252,183.58583074068088,False,False,False
2024-12,16,SSE,Ward,S_Dbw,,,,False,False,False
2024-12,16,SSE,Ward,AVI,0.15721342270896677,0.1574797113872002,-0.00026628867823344504,False,False,False
2024-12,16,SSE,Ward,AVU,0.40967569277252197,0.37618252855599965,0.03349316421652232,False,False,False
2024-12,16,SSE,Ward,MQ,0.0683267881029381,0.07115404263567054,-0.0028272545327324428,False,False,False
2024-12,16,SSE,NCut,SW,0.2515355168636205,0.19222395785407373,0.059311559009546794,False,False,False
2024-12,16,SSE,NCut,CH,1291.1717610399328,1071.8026469006297,219.36911413930306,False,False,False
2024-12,16,SSE,NCut,S_Dbw,,,,False,False,False
2024-12,16,SSE,NCut,AVI,0.15721342270896677,0.13744679181115915,0.019766630897807613,False,False,False
2024-12,16,SSE,NCut,AVU,0.40967569277252197,0.4649766554532232,-0.05530096268070123,False,False,False
2024-12,16,SSE,NCut,MQ,0.0683267881029381,0.05608617172310867,0.012240616379829435,False,False,False
2024-12,16,Ward,NCut,SW,0.20740144910507954,0.19222395785407373,0.015177491251005815,False,False,False
2024-12,16,Ward,NCut,CH,1107.585930299252,1071.8026469006297,35.78328339862219,False,False,False
2024-12,16,Ward,NCut,S_Dbw,,,,False,False,False
2024-12,16,Ward,NCut,AVI,0.1574797113872002,0.13744679181115915,0.02003291957604106,False,False,False
2024-12,16,Ward,NCut,AVU,0.37618252855599965,0.4649766554532232,-0.08879412689722355,False,False,False
2024-12,16,Ward,NCut,MQ,0.07115404263567054,0.05608617172310867,0.015067870912561877,False,False,False
2024-12,20,SSE,Ward,SW,0.24610296066708065,0.1860499035943818,0.06005305707269884,False,False,False
2024-12,20,SSE,Ward,CH,1171.3007144991993,1031.2673862640231,140.0333282351762,False,False,False
2024-12,20,SSE,Ward,S_Dbw,,,,False,False,False
2024-12,20,SSE,Ward,AVI,0.127163678342496,0.12734736049489395,-0.00018368215239794594,False,False,False
2024-12,20,SSE,Ward,AVU,0.3986004083825977,0.39876880336586845,-0.00016839498327075875,False,False,False
2024-12,20,SSE,Ward,MQ,0.058380515319219006,0.05953228717516688,-0.001151771855947871,False,False,False
2024-12,20,SSE,NCut,SW,0.24610296066708065,0.16169544876943115,0.0844075118976495,False,False,False
2024-12,20,SSE,NCut,CH,1171.3007144991993,854.665900629422,316.6348138697773,False,False,False
2024-12,20,SSE,NCut,S_Dbw,,,,False,False,False
2024-12,20,SSE,NCut,AVI,0.127163678342496,0.10898526571827019,0.018178412624225815,False,False,False
2024-12,20,SSE,NCut,AVU,0.3986004083825977,0.46895472570710184,-0.07035431732450415,False,False,False
2024-12,20,SSE,NCut,MQ,0.058380515319219006,0.04513626337976838,0.013244251939450627,False,False,False
2024-12,20,Ward,NCut,SW,0.1860499035943818,0.16169544876943115,0.02435445482495066,False,False,False
2024-12,20,Ward,NCut,CH,1031.2673862640231,854.665900629422,176.6014856346011,False,False,False
2024-12,20,Ward,NCut,S_Dbw,,,,False,False,False
2024-12,20,Ward,NCut,AVI,0.12734736049489395,0.10898526571827019,0.01836209477662376,False,False,False
2024-12,20,Ward,NCut,AVU,0.39876880336586845,0.46895472570710184,-0.07018592234123339,False,False,False
2024-12,20,Ward,NCut,MQ,0.05953228717516688,0.04513626337976838,0.014396023795398498,False,False,False
