month,method,K,seed_index,seed,status,representative,own_objective_numerator,own_objective_denominator,ARI_vs_representative
2023-01,SSE,10,1,1000003,converged,False,33686776125976257883213398080520254617844110523718064763,104617449899321743088125074133006620894818238512234496,0.4862343047430088
2023-01,SSE,10,2,1104732,converged,False,200312160369481514564432186720874175204729004365350737599,634662901918979554415413093484766753699597106387353600,0.7066889900988738
2023-01,SSE,10,3,1209461,converged,False,635136649772313898489505921495484008963684745918345935363,1952316894887038977038107384051779830969710169932431360,0.6118925566993613
2023-01,SSE,10,4,1314190,converged,False,30383008970414860157175595459489679528274406433049823187,94174562664541461685909919041371690000649237215313920,0.5361672889993446
2023-01,SSE,10,5,1418919,converged,True,414079945652954098016186393190036155589702434422778199809,1316991661538005868440207668322720610672555033635061760,1.0
2023-01,SSE,10,6,1523648,converged,False,3106772662745017315940966136653343063616460830852939554277709,9509759345728102555506826648205014059897495718998898114560,0.5567900150140183
2023-01,SSE,10,7,1628377,converged,False,15175102101317080002276353768829823312869713381768307858886531,48042898529465479170198439431906235230998115487495099514880,0.6535681681425167
2023-01,SSE,10,8,1733106,converged,False,191744824592643320387116247248190696446574851036310736271,608093401671469022481763360438805010511143954599116800,0.762663308246301
2023-01,SSE,20,1,1000003,converged,False,988518616982160289731500859823491728801281098458630504982984209,4599480368714711337324976963773599940818680554966995404062720,0.7136359122420285
2023-01,SSE,20,2,1104732,converged,False,865847952580679841988551771280722837008370705087083771750316797387904049,3951356615901078885074883671234329773316433004317513736072822207283200,0.5397558374973552
2023-01,SSE,20,3,1209461,converged,False,60668733769321865167017306481137615763070417907113248346230867,274940124982019890736116170701844078177145639769421014630400,0.46334634105532496
2023-01,SSE,20,4,1314190,converged,False,5081418098322247939218187206884605122402465060090045241783,23322493295920033225238684654658442185490775167551406080,0.49064268280895384
2023-01,SSE,20,5,1418919,converged,True,56501383178268649667768241201196564511972218795172436875731196664083,263740296496686183349816069279930345293635028482982350977341849600,1.0
2023-01,SSE,20,6,1523648,converged,False,2572638348943900502208776997128195177899355544378916185987449,11661365479670217487824868631422964690516726104336839475200,0.5223414028351482
2023-01,SSE,20,7,1628377,converged,False,8264982155819186427386057528649490620373444766862262556797002194899,37867299066128318175775426682279257323711215599047074431736217600,0.5418489598453364
2023-01,SSE,20,8,1733106,converged,False,66846644432082717995250932439846343472182012901932983636999287,305349700535984080739533690585516818346115752269073539399680,0.5743737757751594
2023-01,NCut,10,1,1000003,converged,False,101411558460281550950476149522054321743016124848299034774952721650492834679711495219828880933811258800959070329152551945481125835491424536595482971028443799983580962451961435587636504875297,67565557072506107560967633511662578956839113602293560190474853116647693858282786237466533562586498508138140236649527775576553137064011477159984233653862942541137685724700647750389636390510,0.7898237871795496
2023-01,NCut,10,2,1104732,converged,False,293182621343573842941087292301333976656968827004301603100106111735532476884522009967960096610683670441733160871748135563147202444544075048414480688431916719963784499626373622550860119498602,162962519179366608341686315769910074390159633506124459022022244976247409835752164845400637178720678581957325824810673893037825858309982227431790392639204196311302542100024123799897314983885,0.5250091549477086
2023-01,NCut,10,3,1209461,converged,True,7227734252677255464531385608875729986709607914590986921853154701649916432170599642425296055507308070720700020326566811256535982551854097274509342028546034293491422234031399431502204931,5439143191427454651688890196054225155852192876141616738529771045342244764618432261218556822053273049307900349994818254155061779855184146832910700113275953876245565796295843573548147672,1.0
2023-01,NCut,10,4,1314190,converged,False,1340782364698300023705645505188080357031421478984398536061981698273546956658484969082504513900793869636161988462083965219228201726157138994439602193017648197210839047450058473665249802308613,997736893404310309006801543862616925912158435175731354704554019379220748686908559344275882378403995937058344736540080740956327282398364099782523919984534868692397849372820249672161123878250,0.9675923059507785
2023-01,NCut,10,5,1418919,converged,False,2356842148325404465849570603867483277732391974297117522331004170717575756104141893855167494315601613657250515696476325031111702828949853188965575582469321405538344923781840142785737667483613227,1497684363680438099198872143302800890263878465057483946328231202164763051467363395060944061136452342781885243516697060366160415176155447975522420931463092803853578777683035213989008384445582600,0.6668685556373902
2023-01,NCut,10,6,1523648,converged,False,5017441520457362808134603634868518891291107999247630731407465682579954943503258561553230656125490780183877844296975287630711111459445216771342516800259964429351371875390563851409578186878861,3449430085905716171264834371228579836141767753631984056034842586085156624581782912343295787373748155326601632888762293736082842951992653954426696446518066638946312259753602600949570426683650,0.7905028786182269
2023-01,NCut,10,7,1628377,converged,False,681801870361845270386040594108588641407527286369516189351544721068500138393667490511764972049949474376938252390403154182126051994259510553228608269938198181482685808223312872531705009540287991,433549595771573448080010837516049476077214564170438380432019799837819412864893274567728368854075601566345916156430444180250020464376203126309656498497376851280538309748212549338817540641481970,0.6604495450185732
2023-01,NCut,10,8,1733106,converged,False,300174243972441893474406528466837915777056558585646694655350062461925063813076553509689939794960837510473933105897444260406801946382376236526800984850451735216566673897889103804186040146761,206235761065651984703402592999428678628754400370239972659409186236021875912769654658970940041849031785240000409282844247776866480935701642158335783462655700263416421380015616617193799694195,0.7694003815708946
2023-01,NCut,20,1,1000003,converged,False,1080125963527409125254360819835563394366988488430004879822603114676978141234857964382784821877443831810364791111039904043368342292734434278134220722884388175053826525526539465973738459364537371236111325634640861451360011734503242669587673498919019794499066825373387103232571432190804374590717204696898777733042639102864620663550035489615008026269717948402472230708761688678,223623436357022735953866766939948706675330128015743355983995816832547437587035147478727277464018875651614218604883006714201183586335666165824154570274216827222163636262785821989804880402400652670258601645797591700350833104364499936656932079888316897888698514407894507337018370885231999465807403422894166241814829450274290975216490947199885195216871704594711164086420959785,0.7172076752726865
2023-01,NCut,20,2,1104732,converged,False,17077049895103136126892491052331992542999299825056161635300420386503537373298549514817673154075799361586727656522528356097236698942895912138932957171244492786394840441084461920777074280008705674960995763251214365615811697166059673060538285195637041609557603045063292012490077980411553928610879939966100571171707740026009783280094001594609698230657667954918647858985794562469,3751287650434933525919381239421046269207201545551724579753927021968471224112568009007314975036515025337826257650775217297760229553859270627422771342476980921645571524420390127976624434442689516418817411598872011240960618808579555728172161677412308009522395886700396951717710373748256322278513732594343936172744068658029281473010405454999117098588318911659723375474851195580,0.7757609641214767
2023-01,NCut,20,3,1209461,converged,True,40788938723280145853811776921406405507494932089885359985870946254212923502457600366445345231595387256130775985105719391346027398050053674733654757147532924375863756146299851823618727407989258065735151648299374463002363379642517695226162942589476039538994792857183823673159824506579587390596937194560764066367228032991187247706045445890064847650532199042724893899210629,10024441705146234382552295530819985250549130211892301940688251525252963960557385700795624753715227524735344453530777856599940286069828318407680261009808392043384646859854233624537678917530643897600149314154852593947897342551274984233787683904407654999185544413208824440200732470452688923690734018938078293772479717458573130877517381600446506114334466910376296126599400,1.0
2023-01,NCut,20,4,1314190,converged,False,346932632075222417593608850805444758604358228488259651541757569583520303014411600014668730674227820310287657011849992424313445473769367509013757577724390571699492649989639151860573135619403753964669858425598600638546149791151031293953418945273382945192337809068263725463485740715102250631491047345309113786205239811975302299384678748309332276696920499923002755099131429,84387739810607531934834949091087713013408768351457434517207353431387012657934527394123610349791919057575858743568744488845671815756330700509213222611691708568478902765628728813684643645226781892763414570087495704385060975369232661714713392916938291701317491274843278155979468775179567365715948242078925272987221281990447487433791467199353909389806764991018097573413720,0.707121777189057
2023-01,NCut,20,5,1418919,converged,False,9801884379275901498038065316515450803736105527807076921077996824514743829300586994549125001394116462655348673846446786106704916024199276028434672791332092082696196934052652838935789237031437402177052581630605897176175222771156816520323222075048889870910069512576804896995674960638318952838418581678081499364215258134399351154453134594206627921841149147539454621789376357,2132565065198031300740065333908387352820948230865700360855274291633557478760274141814921539250526861241858681450661640511119083569029465049921781943734357860507783018595913889534499950681540678859058391029289747741576700007833383694371310796499967622486603707616559031367144528563248663422822865951470035961001235210831956572260691593168390087872098076495755042376936000,0.6600882849658783
2023-01,NCut,20,6,1523648,converged,False,7039939114038677831024665633852431679809198146119992776216735539817035344060016009083730498275267279987715337837056192271922155782079712905018661919984267690592046504059151261799754448123381720961990703638121103522042096413619875932242983953350137845051595225725377912143256248368509018804668359678573466187609963024732412499391629133223231190851914590172645128916864718517,1727356795268614575792786318122789432390184522293772247349838293769320411671244368890317728974251156011292994318955741581615363715915084555948788552946695504147663031324762566192166740810890076786306350046655918179625928807059523044362568725098810149886148004897148057315402751981110480992230962618526612076366303344686456278292704227328140807801073170480900240796888427760,0.8372102521152048
2023-01,NCut,20,7,1628377,converged,False,425131674622273578996428865187524349497451153940449614904520902787511562649094995354305399016512439209180789673849489560030850246192489604559166054866843651320247839758238896936226718442200888049465820804419381826026960271320667361963315657016468674835463274974404660496541672626738885924124548285557926542055284635777972898761945906280321444493922114642752445479559,88096513093663176914678300677791523496047758347746010152502805776531581604782319122578864814213133392768932774540666037939209206580796377515658957490526472801826135055555383869138475045934983063669896097577593524510884873912312372257499477089124981458819783730264918473499371260414683710460742422785209524909210938610661050362256965539430746008440422143086138547520,0.7661571766640882
2023-01,NCut,20,8,1733106,converged,False,443233549153602203686351944109796162010233513584565226575082286950125700194749643371208188307735870452505793037248958157731636978815911258481838149023702193168922439486689030964606483646071121598139936487269314219068966586533329807408804881487889105048554866985710257115685779125744144195970869470386980547489042086369414104292304340659018506260456331396276202335219566087,105791706408866448518525171783129059890200484658888484264675275825072243290244649103467233007281483835966211812954658332953267832235783118908682075014185923309944837026092681628075585092501582424251990086884137380299641747948683875853120378261724344883298584282062266548981793313976544999161632624299037488438107646379383251351337065243265175154009021465231563941122951200,0.8260549627139571
2023-01,SSE,4,1,1000003,converged,False,2921849947723368252704908091517133894359385868298933,5162501645163108939923296589457535924565757132800,0.9863377422236694
2023-01,SSE,4,2,1104732,converged,False,151049615874785982528252351957710806872612443682218383,266903751527966407740336349360270832680464040329216,0.9960290265289415
2023-01,SSE,4,3,1209461,converged,False,2921849947723368252704908091517133894359385868298933,5162501645163108939923296589457535924565757132800,0.9863377422236694
2023-01,SSE,4,4,1314190,converged,False,7109259906217585368304597980516145485490966810733507,12561842482076203811543416092611814860157725179904,0.9913880351078557
2023-01,SSE,4,5,1418919,converged,False,23181039917156730138837999961950325576393196734557925,37059916164059907129221744973544619754936223137792,0.5024704916710571
2023-01,SSE,4,6,1523648,converged,True,3369924415846471638209154702338707981786479451968161,5954645674905684784571690341917132602092059361280,1.0
2023-01,SSE,4,7,1628377,converged,False,2395873894237683221967332406616872510887266202017,3835553949575403659850850295096513113704366080,0.45681396832443655
2023-01,SSE,4,8,1733106,converged,False,50524823630073973126994511846644090554642637644051693,80845884550207696926558204481553855690056547696640,0.5455785062028338
2023-01,SSE,6,1,1000003,converged,False,44393868930307236663819109405761041091164517192238102289,103610803440430088532820381951526060036315022108917760,0.8834677120755704
2023-01,SSE,6,2,1104732,converged,False,119081780049967606914076856013431987558223800592672403,277943987541454479240707402020710564373523857408000,0.9226912427448533
2023-01,SSE,6,3,1209461,converged,False,5472578803518019376695181594042609423646812929556477,12648136032299598668041900866566885531248823894016,0.7130311554436548
2023-01,SSE,6,4,1314190,converged,False,79895310535971149821135281888375534340295018416801943,184653400367395909281861404111721987180629726330880,0.7189083291290487
2023-01,SSE,6,5,1418919,converged,True,83824149174057731131329729345920195147564862070605893,195738659636302416387219698669144444546401802649600,1.0
2023-01,SSE,6,6,1523648,converged,False,14175680799570643520584662650121638992318437599572704817,33092062228005443511478424800779361144135579022131200,0.8309063273005504
2023-01,SSE,6,7,1628377,converged,False,4523290507716503527432298172531122781799115954736368292791,10558120102553350538891815467384788620331635903473647616,0.838657165421201
2023-01,SSE,6,8,1733106,converged,False,83394983267764050973704691796032884275956446623615748397,194671706389064215988205148778181246214443766068019200,0.8323287868353122
2023-01,SSE,8,1,1000003,converged,False,400311686122113569866815641310121291681352663967618281977,1053310928403393501267732410711036438201590206714347520,0.5755372718465361
2023-01,SSE,8,2,1104732,converged,False,260539878641000022905965913970848201793997649127284567,723652959425070151430466552064717676528257099366400,0.46222935582353636
2023-01,SSE,8,3,1209461,converged,False,892010808879203855081791754630726647247807198448185674829,2470978797882433890086897579063580083326066713396510720,0.5092172747392587
2023-01,SSE,8,4,1314190,converged,False,194849178070956738910924232815550839796014019677592171,540102881511833848895063050038762944019605697331200,0.7203263375706774
2023-01,SSE,8,5,1418919,converged,False,1198755992646164727403171566196739517950105988932952819613,3352189201490997464399772617273061364842353128516878336,0.890535569643566
2023-01,SSE,8,6,1523648,converged,False,1331462031600026887219603867182110449285696897950636378017,3698155213449535648938670258465381510654506155429068800,0.4603332287420527
2023-01,SSE,8,7,1628377,converged,True,37417527557943455975855380946841244627011850456983268405451,104680128421859666161850718963087487068582387923539722240,1.0
2023-01,SSE,8,8,1733106,converged,False,982806143066746892568440567100961656121237673402442791,2749169535989171052389913043650694305449021401989120,0.9978497578288053
2023-01,SSE,12,1,1000003,converged,False,545217615324548809121296898737146077430838195227273127851461,1908472473265828190438610763087377050358266488739489382400,0.6235810750892282
2023-01,SSE,12,2,1104732,converged,False,2517828594684162870696238437308337817330976823678600755801,8692801368635160199041170917386705207053069858321203200,0.6335940491704073
2023-01,SSE,12,3,1209461,converged,False,11697688869309451532972409791232320597638550714481536842446517,40750287661637951636009630035647145025994896579594299637760,0.46061248406392014
2023-01,SSE,12,4,1314190,converged,False,2523162932846259390898056113204767660082617763513912918191,8647767769979471692850945796818564954959148229643468800,0.486312988477048
2023-01,SSE,12,5,1418919,converged,False,369145572187164080440060298296006486797092898945872636374021,1289224518178813107297834901833920595906214998557016981504,0.38137892545609564
2023-01,SSE,12,6,1523648,converged,True,3626974434974341109525562896692306350647373136805430246349232381,12771324535068265147910522471559418641077172832067299395502080,1.0
2023-01,SSE,12,7,1628377,converged,False,25730714064371389347798389713960767743915718302180940709907,88537268678718299220934799646974334936796388735047434240,0.4792633170733315
2023-01,SSE,12,8,1733106,converged,False,7379614234999527416739043027666523116883782069927469995857827,25914328650188198033919869165549951344612823610508475105280,0.4687745975280982
2023-01,SSE,16,1,1000003,converged,True,131357913354333741189916971899387659371133196790139709557,548091695766943197429610251837841547642015506491244544,1.0
2023-01,SSE,16,2,1104732,converged,False,1379267134694761503057672093562736940661851347472753287127349,5701996623217209717978287039388223027024641949267761561600,0.7470084403478593
2023-01,SSE,16,3,1209461,converged,False,7842380502837448184283036199284989976364086952793139716455,31167788506652061117918982967570487287808841188403838976,0.5897886206511899
2023-01,SSE,16,4,1314190,converged,False,20351446173108587764649947567952967598854282808799154447196277771,83221631363922705912094901541106178461641251469273434087751680,0.6765988848532782
2023-01,SSE,16,5,1418919,converged,False,10501587433109639083783773583199979068748759992384822586907363,41703804469236186901431145584080988172892814581389873643520,0.5187153721815757
2023-01,SSE,16,6,1523648,converged,False,56150207708116951036295650174402253581793246283373473600880915541,224795401197209606228550719106904310218040454536157158524846080,0.6289763613524799
2023-01,SSE,16,7,1628377,converged,False,2583608649558573612078011867279841481720098643530165612013291,10517813542994078622710157222602004252377331560006685818880,0.6062067449123494
2023-01,SSE,16,8,1733106,converged,False,4573430593843816982964908114685929153127894408437831297144743,18770349256875456190717595008337922164900086627504540876800,0.6149922975352269
2023-01,NCut,4,1,1000003,converged,True,230167101298381828940240359734542063060740021428848991179502232991323852420115,776432314485959923122280197264879581670847999593644617918899708688096877315553,1.0
2023-01,NCut,4,2,1104732,converged,False,44498035570109962901125083054204543301261180263620731195746277374474981982231109,123110469397798718206611643360072570337966892335094311714299411473603803563631295,0.6391759605665649
2023-01,NCut,4,3,1209461,converged,False,25282786886014888136131096658798345218150528892064351687126607581063121922585,84809031797947370758442328737877394051943154657292915838024180830311778850982,0.9981607929833433
2023-01,NCut,4,4,1314190,converged,False,990399314497169517725736708447098602197608287758968315116924325437048544012524,2718993069011105936125787715388116132663148900458953398261902841982329680273135,0.6317306629601973
2023-01,NCut,4,5,1418919,converged,False,44498035570109962901125083054204543301261180263620731195746277374474981982231109,123110469397798718206611643360072570337966892335094311714299411473603803563631295,0.6391759605665649
2023-01,NCut,4,6,1523648,converged,False,990399314497169517725736708447098602197608287758968315116924325437048544012524,2718993069011105936125787715388116132663148900458953398261902841982329680273135,0.6317306629601973
2023-01,NCut,4,7,1628377,converged,False,990399314497169517725736708447098602197608287758968315116924325437048544012524,2718993069011105936125787715388116132663148900458953398261902841982329680273135,0.6317306629601973
2023-01,NCut,4,8,1733106,converged,False,44498035570109962901125083054204543301261180263620731195746277374474981982231109,123110469397798718206611643360072570337966892335094311714299411473603803563631295,0.6391759605665649
2023-01,NCut,6,1,1000003,converged,False,4686092433683779146069546966432882660012564898249140958317484424973609704675916995686267887875138577450625017212639,7387104582465706371744982785643843432513525771750927712368083548024219581904905367558300270046565444030787460092865,0.8953954993247819
2023-01,NCut,6,2,1104732,converged,False,109255277647751766103954635175755514591574913783812594635934853520486638231597382844142318345795798094497324563376223,171338210719620839375751183575519739857603731078835922243828680886080905983289068350345332257354931398983322021826740,0.9017988854356662
2023-01,NCut,6,3,1209461,converged,True,2103543783943110015255518406904117630180970830769022466513267584789754148910504519309599679115660980157710410919053,3362889347274422911953817028976134687405128743820136043806432737301306163150879019538424000716313556158893238419910,1.0
2023-01,NCut,6,4,1314190,converged,False,4686092433683779146069546966432882660012564898249140958317484424973609704675916995686267887875138577450625017212639,7387104582465706371744982785643843432513525771750927712368083548024219581904905367558300270046565444030787460092865,0.8953954993247819
2023-01,NCut,6,5,1418919,converged,False,2109954533352583490102529138141327577811015682952314036434806788782146111665534427659016792592809943796134858747839,3087879039546798502480555796452702445026838654519211377962091252717929051318006880237363362398443741751874096810305,0.8174226772252678
2023-01,NCut,6,6,1523648,converged,False,148783654182972687892121212495524892928358157501883524313781356132282780440316900175005099702382411996482474940375922,203914765068799616453332892177955528431754621762569614088877165223063454881363989435657623798892706433441683792831305,0.7477320012290313
2023-01,NCut,6,7,1628377,converged,False,26149802321030889989002349768094311021812956182592327722037175433701658721807059159423777828106401852859448791295021,34051529535041246220821099728074830925126223973301557653444325907257643173419994485791513123945059410100305806047080,0.6014655409116174
2023-01,NCut,6,8,1733106,converged,False,18765219574269975749799391804274199673344026134135176039956496502274123234710161686169978278019607830591560904512053,29968039317166134369523768523315342696732326786028604279045111760441272432125215031694550374635339430441531713919450,0.9190037304055892
2023-01,NCut,8,1,1000003,converged,True,4621053377391538276823512782462156488865931285457773857018354462792959350056991673475731877864362279188114292723887715723432802853796551976781250624207,5116677960135621094526738893275765128115460997068315856074928913969771592749917804113985970196833313192979662177173936146778104457906759586255207970256,1.0
2023-01,NCut,8,2,1104732,converged,False,10319560680520407406712783813254516106533176821511886836895129470521347844396218500314268641490049418798977976656597217698779090964765496597789516260247,10104183391929182356712107850338977770532118244119117938160074126567230535967697512018695697491178020264095708210315865087064065630708791718128662042260,0.8314279501247316
2023-01,NCut,8,3,1209461,converged,False,193399323147170311595297373759263990965660920021942387515904116972120546008755155234864520172018742143663796682820428569029857376385000252298870283687,211506118739975701636975651934764271090196962626776674882153036269866854856039505882293196664330344848040258142198878365999136347103933434307673647248,0.9838014059801625
2023-01,NCut,8,4,1314190,converged,False,3402409372338440575305660130308199708889663498289490108958007626224409023178186053440131095220556727309026644006065581624639728634097209929571755566361,3417368679937051076989416275508306290726147549244404895884995365307991145131799149426976568718013858314874969472997620381466300913063457249799448731400,0.802078299725745
2023-01,NCut,8,5,1418919,converged,False,11688178110207343354748254163677496996489110028208440802877862718623544774844387235590535503448045743251070967377154214585271156148941383325657878876067,10904877988281950232361698141856906305745155867797117094951435252297756648619495577237209750291226612741455012559214644061372695142639737238814440731192,0.8391761329686843
2023-01,NCut,8,6,1523648,converged,False,332358938724203853328866395634862799445080276326797114887704979559564791507080650881197808816088156094886729767086470111491519255004002184201069637953743933,299321451895989632652353912414999166831809204767401297776903422362619290381943861640305633995864515417011885522100406256165691890644384693125046847278535176,0.8426751717876462
2023-01,NCut,8,7,1628377,converged,False,14336160244297131980408907089767939466491692863340705363068601797136895863322077746157090741295431692346551733462143888713774649341934556666989077193339071,10981302975973959980246384343534153749900527144274643047039542874792088365618537460012490657150248483681965019405595201885961788648662442731129399612587118,0.6266252436487529
2023-01,NCut,8,8,1733106,converged,False,2534288734988293753577053130281868285638041840748610154017477888851632131615209696579035607893648964047611449751598308253938284378117136611831571393,2478032054867999467782001699507466207347416100153968393565960078099015773768566760386089010170276478585457070807838113062769081107908360109365915280,0.837740795862718
2023-01,NCut,12,1,1000003,converged,False,18574808341215578613414072295569259305330944831870260364067654985025540554224755258585290935968637894163496764932800303716785207692918360898330765665649886947839035161781422453304794600906368557043835420424878385254058394019612511,8612051063846599470726096551814770506211934186052730103905288863679934073574229628330858405645121868875654879299093561280481537270183978578141812763305700083466430039697235036893375005854134463626643373935478917160205733331863055,0.5649844741663081
2023-01,NCut,12,2,1104732,converged,False,83328148100888451428496304012645136317225092732579024793866961434773740300152070126428455158049158907404614275520028326022105147125878938860749525669025037469675471921797444070260714497151239043722264994303598814215836108013,35816837304072235821162554594027417415641712213897713467544757706460480212482483037369864727935661198993124301155211724847358257920156453304010377768509982495089197984775871770761852209103331863615432626114738277391250916230,0.5022951036188655
2023-01,NCut,12,3,1209461,converged,False,174017756281697523211337368828225082973939410725687428316335154004763238753332850977242176642310898373355591677811007030802706466086806801063121118104810000566589107202587565517931365419996677037674409059480890392459167117698149,85440372982484782565986880479013821559546736805697480107986090065020349966799062070913454399446389938600297908679727793898473270010039090156095530895783750808433539341895574904301197601555203822364482758674476036085923458672420,0.7857090140076312
2023-01,NCut,12,4,1314190,converged,False,462634472365947326082878658280642992608371825653606669470339116328258579080997086810433933956707972061675312404577564690881112624334649993432977384541629154462713288954151167729122741928527697104898585744085219184586292533,212974194984772133415662198565798326240011384273863178605249670162399986860556642247183987966947409975131952410640739337104188973534708295724556249499015281815326343201393922697517098230868748738118737665851965225829390000,0.5507800483076886
2023-01,NCut,12,5,1418919,converged,False,2551579284743987427440680607836744752462773569247819273036537843737343510412309503476324555570628276405666303987535612680619192825414185014634510068225240046681170058841628896019244256024333681328625943354354248495505677159,1215262738386871805194023327602645963895349646063471854287753904086033209390052859616562828578377228684914811904923921833868748561703909723099164795012087693853866908191967589661897875973023290520145613768861973267698720660,0.6061964332171347
2023-01,NCut,12,6,1523648,converged,False,26213474492053005833433276843961734825674156169434679834740428974928640838869825604898138808614912816543155065619446493247398617087930803818053520648096610762019786978631107528347620856172788320166507007918116452010079309792812751,11953888539584874825726427641227188029058696402204421546846748436690246794762253152305201822588815552523723366266442627926925095090551991586323470421076388034376000493061322335085604909712012840403885824659494260333918862138244390,0.5539452559660423
2023-01,NCut,12,7,1628377,converged,True,13213380559610214486347364618788486677218563587517217191225423577044616855693434281472807935617304341790747853425315384416864197427380774639908956466846764602969305437227326914838812590487261274275523606859608144903779053039,6747084877818392934350796515515905290562076171311315023897820106947791133150019601589327499558730822004789651109898750877354751872740482507445750061135025267575545903025697438302491947665918437520746981979256452912136846380,1.0
2023-01,NCut,12,8,1733106,converged,False,22744199034620307403458114549559925936836208940165955240073965276428218306182107039102430374026359252929234724462423952665360969204607714245663493206955829887724431559509916154385417738704192079551604360436700335705273410015971,10534311081488835911676002520481667293155451153523521028758877404155013320701840979121068319031599552867161636155095785260228467390763216594101583663814295569344445396122662067781360123140884263281948151343916332883990105942160,0.57832181516718
2023-01,NCut,16,1,1000003,converged,False,97934628303611920900199642517000568869907798005633600709379034350676429915440736562117486672815218338061495876600171752190000524201443911510604419072103000361215850188838951160195397605142607914871819841197651352478910695509376081548990232965066640097100048787306527092998801516511154966798616075589,28941736820006118637036212901434598905889886460002470869573462024210350414368224700420580823698306481820893626970580652077581395888469661293111458062456761033231527630353945449633898696206581231003777113285877581870448191312013117760003496060476192304152926430004423340223536494626955609097425396980,0.6249211390848656
2023-01,NCut,16,2,1104732,converged,False,4062275487540737055008435266211713443788928262023580592403756573309200612544590493115038581729822188158408669911877580282551953838604911580112825080201851504528884734914196129914600502998796530025300118150208962757198140832203656092475354529746927237492656715611514461080466910765174449022220338183319,1162500343228065796929678092405982302851261772541310093943212678089840090436211695728994512975560204495949840122143425940477265704658090565273156375948967553447558095336553205793745112043078882981261203653328943876636786476161971997235807605573733945722427422848109224753757057470506402073269099585300,0.6054149210322062
2023-01,NCut,16,3,1209461,converged,True,1445198154236533498532978514324704876516324697412465416552737128004929165136000783117681405773346919588172227125705517985127769681820803993125078649507299971933957949098795000908104799516563683274027902751020034704332404769781607138392488552397057502277508757937207971825307651715621922686927,506933807044815605831644170012092451781078573753288679297837396231797871529087405807532580226155583168650187333384076807381745831373150930039468630122948874135783023245264919042619446539057434804165946390377448921861784323280920158763003939519005362123758490239448046143343923889685113988800,1.0
2023-01,NCut,16,4,1314190,converged,False,18001357046964549678410274035932384537295708864679743697856323485147576321624184718894020836884890775403268649932729399965281694782067792094319157593146020551299265903645452384862555796077189442196928490781185421853870881025276277269921914965143452933940723411909310418785558071530842722171057879,5751218869543680868251983612557853809984140872462831687220169757528545375932648333419506673743006951648226717139467247318494415506934127211264252439927333508519425753118516184297009238533880652674721238235992523008915357968580299413613920396839565435583016293182430541697037921439589880556375310,0.6975661420646011
2023-01,NCut,16,5,1418919,converged,False,530475418668541333205719418747968877448405863806230422104413902766195216508489743810727929945793887075825076826025688257014243858222367267518531355328318092584991274797102023594825767432419808727400285984393410012127102954986377772069968250028337104664849773268314444014340855928481047734331895647,167483147456576620642959213041904568108754770184133051687185949404533741296885155989685018024053862656000242985414105273249160382336381288700210157567749734735312345900725705194690457824223110065112274604356262909950641640933751704735943299090168099818340970251187507941255568218366448716918100900,0.623446945447156
2023-01,NCut,16,6,1523648,converged,False,2512067953379845754521139151353049639479791360749708337931560231052061221926640084622145795658359157226182384935603593290197800222592477339733646785746034810768235795509130752068815173925429569014344166897237780752454444513512044109487983665490071064247823292324631149930696270937759966896893,835018059388186241816853653440832013759642946499676591038477554296495526637570355105910779970027547691297300975013740702729533192662425585635854120890566281747406841681451103630676539109275196329189113538017381298376557010699012644256991310428899240273875712418465462588583298469313810974020,0.8330604148713745
2023-01,NCut,16,7,1628377,converged,False,21456930775823465835477739668469522744817811698486975852665826471105566931322339504323479959147637652689953081284475337531950886951780114078507606071530262199228334525189192081021836832781748169275955621416154383679407194788051824585016774544994177955881981264906168325592171209578040597074034391647,7482735789981242280360174799880213344858659081305005010506902566275076907032387507787000668659352777156407822291759898912592527764663839761108548874010096519824882738829243443456903091193246188010876678680560930710783016506266890519907284544971410209749158818881139208077425612866074941352860805480,0.8169787420178829
2023-01,NCut,16,8,1733106,converged,False,175406280460312728172914212116907654306540888140671661709613575814899056092169831534611368447168975020579760250981551930764360773903918596477621961410652583411261297934434122814259957987190281010185696511229587766662935697569215863786683171839266993463852936511320911163858737562527371373407869,56089307925834785117176770368792775260013734066566568361014875156511767867549689523048018307983666755115940192718686850525427697858136213500240813883760109682727440984797346570563564548986901096971759843133230485678678585094679992225382732001305902607390634930722819215805224836640430783865910,0.7548291778381664
2023-02,SSE,10,1,1000003,converged,False,115903191518336375930455233294200361401546676709327615587771,370119428025755565628952032890030912731283148744750530560,0.5586014855429503
2023-02,SSE,10,2,1104732,converged,False,142019411628321924052429783160814223221211670215179099018947,451823922837347130123950931310855726880549395392437944320,0.4801260168919042
2023-02,SSE,10,3,1209461,converged,False,14661231760801827599000569582654787646982159081723631,46092024389227480444927625001911484923661778944000,0.5335924935072159
2023-02,SSE,10,4,1314190,converged,False,194421615341700322737747379101517610217890362762717,621535851268803489992910900016838398899105300480,0.5430536190577415
2023-02,SSE,10,5,1418919,converged,True,413667003713271277230098942425565241179398407227949810427,1336353675377333856610293555857556307676437508763156480,1.0
2023-02,SSE,10,6,1523648,converged,False,559715006406832377495428822136314423290424194585106101781,1799202934750076767663172592781700897850993893902909440,0.5032095008756948
2023-02,SSE,10,7,1628377,converged,False,16663375684984774215543369214997596166435571580475240369,52923490063418573847456902291131581358042925204766720,0.4809581080974371
2023-02,SSE,10,8,1733106,converged,False,359471094851799440266116180055718727430790034492099070979,1160283862608861602847363158511189099889760159347507200,0.5785088879976775
2023-02,SSE,20,1,1000003,converged,False,33337720062783569589588774666778564219822932278442429978511583,158748575028965805821051976881585936784859018136695445913600,0.5001315982855442
2023-02,SSE,20,2,1104732,converged,False,1261848756029248976995944933035121020388898464047646606637,5938623023762304321602848975757365718305415560062566400,0.4863531539017269
2023-02,SSE,20,3,1209461,converged,False,7937605901086951576490202667251451456054992610231005146468303,37862074071734519735484656368243498516688452611942918389760,0.5279956495442835
2023-02,SSE,20,4,1314190,converged,True,7629825837331035084443270534632633000036917280710337322042483,36436308568713090273426657821691518533753747495648126566400,1.0
2023-02,SSE,20,5,1418919,converged,False,1285997206939771134977208112318779251319071115987643863813,6131553406581083294296755922041437605824739219330826240,0.5324999674263659
2023-02,SSE,20,6,1523648,converged,False,98711932190922673494404419302902254002937116250961808548690167,465338604610319182881084391573982218553678784869266410700800,0.40603722290896294
2023-02,SSE,20,7,1628377,converged,False,284461380127726112155918931652197029217048938910618958150064787,1340157675047194830532589416530189603937792225084582762905600,0.5512094971448688
2023-02,SSE,20,8,1733106,converged,False,7895720681140999493863216810134640208567666321067400717206196690853,37150695775968034833098256698549074236067575978252694280460042240,0.49979690379970476
2023-02,SSE,4,1,1000003,converged,False,1578831085247982101667429203278991219883493662787,2782676920320237634241077679440174717012541440,0.9516145513419864
2023-02,SSE,4,2,1104732,converged,False,1578831085247982101667429203278991219883493662787,2782676920320237634241077679440174717012541440,0.9516145513419864
2023-02,SSE,4,3,1209461,converged,False,5229520228089698871232911156645128811658707954319,9216513640555886947774297782143427980002590720,0.9505994050412422
2023-02,SSE,4,4,1314190,converged,True,144760542302953383198242903703830945406541801643,255157330011996497443376815636637075678167040,1.0
2023-02,SSE,4,5,1418919,converged,False,913737897479754346882247085301423856254166910938405,1610512935494496704063967443750751148664804081664,0.9974033690386459
2023-02,SSE,4,6,1523648,converged,False,25290683428034692380351399299052189773512362283567,44565641139282575034537874835341875083231625216,0.9468286927222793
2023-02,SSE,4,7,1628377,converged,False,304421498579410329820942953578775319573487742953,536573569714547974235295322979568840697970688,0.999212088476256
2023-02,SSE,4,8,1733106,converged,False,913737897479754346882247085301423856254166910938405,1610512935494496704063967443750751148664804081664,0.9974033690386459
2023-02,SSE,6,1,1000003,converged,False,20869052547990226613269428177848873863703376562693,48301496949162097157263213126018080439850237952,0.6094506508135605
2023-02,SSE,6,2,1104732,converged,False,223052196714013641633357677735906147094778805065260575,520449086535925262088897921463684952027243955093504,0.9463194469095842
2023-02,SSE,6,3,1209461,converged,False,66849916895593990576045353364748643585501097005646091173,154614464966932131070150919149541050405466494036082688,0.6097446698585872
2023-02,SSE,6,4,1314190,converged,False,502754353380261180691282879443435518157333245939291,1163609039076350152604316523648623920048012001280,0.6121798048534787
2023-02,SSE,6,5,1418919,converged,True,97298378021112182059265106513315481094577886497091,227046016693574832357817964995500883929622118400,1.0
2023-02,SSE,6,6,1523648,converged,False,162723502518126864868620017657104500815104668486460057,376286206235006193940452971315898479916955283226624,0.6106599930700569
2023-02,SSE,6,7,1628377,converged,False,46889826761197267051107931211125625193241191603850939,109413819888653980094773348863010756624421580963840,0.9701967716939437
2023-02,SSE,6,8,1733106,converged,False,5671530629101592392475209891561771758204783167742433,13127173708666221189772741894253237838393431293952,0.5988143946460321
2023-02,SSE,8,1,1000003,converged,False,3474517695614230322058027513249599451991269541224668844839,9808137583819487510413443363207861754652202802631147520,0.836640102078608
2023-02,SSE,8,2,1104732,converged,False,162899606324515278036357980321881102482172503026146095623,459237068095389055429295400956317686493747100830924800,0.6701873270177983
2023-02,SSE,8,3,1209461,converged,False,28320796277757407529816698176703777844482967832151541949,79739026251087974022281949404167108926455072277135360,0.5343331732219647
2023-02,SSE,8,4,1314190,converged,False,418734352184454867319618838465681671560283776652839919733,1177068553997925410721609777003717847943485667986636800,0.489214865724964
2023-02,SSE,8,5,1418919,converged,False,8694651730981556789261329405675918638610744555713069037,24602765307526193916742007306882526373493803900207104,0.8513843707824246
2023-02,SSE,8,6,1523648,converged,False,218336110829395210653629758918515601861336592546852093,614910973469473832862877217771971220103806142382080,0.491787190728571
2023-02,SSE,8,7,1628377,converged,False,31955296553074832992361248208343857903300343558277153,90437303670268202426973204432416494419436917227520,0.843001491675881
2023-02,SSE,8,8,1733106,converged,True,1671824355278074580275588045761264113205283905199266503,4734253296435395588912326486224846008160364605210624,1.0
2023-02,SSE,12,1,1000003,converged,False,37487789876955399492657663032665185227069698877678547130037,132279884957070042101231465177798836653991724194316943360,0.5527284303502124
2023-02,SSE,12,2,1104732,converged,False,338259902037471631084138541083547847062690729395599943771297,1195894320377852874837322305063093788512811469633696563200,0.4750098799024613
2023-02,SSE,12,3,1209461,converged,False,27374217117376824425428799404479139237434486744605824781,97189790554006532932584931623455039526447396987863040,0.5897296081117777
2023-02,SSE,12,4,1314190,converged,False,4990703279668795882868351470706903428599376848790312051967,17684087713462807527229812517379553841579207531224367104,0.5529273938887247
2023-02,SSE,12,5,1418919,converged,True,866083786140813001523138756915004759299973065742611,3134697590866665866807992114607247925111311826944,1.0
2023-02,SSE,12,6,1523648,converged,False,144997696023178727391292247509087347709435215193234013093,503775344730570442304046855961223525685426929050583040,0.5447740819408812
2023-02,SSE,12,7,1628377,converged,False,3633246992296194016503045185691389584544728681464608569,12829712723068628528068301290298796920885141412249600,0.5768972362957812
2023-02,SSE,12,8,1733106,converged,False,120008160872012172201156152368177819468328056336695035,434014573305533317190744884868046616717383620886528,0.7950607609934272
2023-02,SSE,16,1,1000003,converged,False,9983300395293267843305515257614520122739032877069305799929387,41249995842709275207301377357460738936674777311131478261760,0.5330407894356983
2023-02,SSE,16,2,1104732,converged,False,329313643841223361622992374492311998521687413454991743723929,1397509531636079458713189090384487430876198228947736985600,0.5120592329216824
2023-02,SSE,16,3,1209461,converged,False,340149746241162022954702305902380322190198570687520841,1417554526201136246414340172994285060376075152916480,0.47031515179023164
2023-02,SSE,16,4,1314190,converged,False,1498887975972528493729893368447539228016895266241222662023591,6282526551688582957514492062690992667727357472910784593920,0.6559026047448547
2023-02,SSE,16,5,1418919,converged,False,1799590256450791000576178472546225459656534481239345008232288381,7648936879451624448514243883094356221053894584263016680783872,0.6002121058638645
2023-02,SSE,16,6,1523648,converged,False,18220359292416485541000005555163199427071383765178884779,74669997645837935091540423374835557933608852720189440,0.4624292194719377
2023-02,SSE,16,7,1628377,converged,False,277976491365907704775168168350019978655775153044050374883,1155756861767404981844032719919652955529418349163315200,0.4692302646581848
2023-02,SSE,16,8,1733106,converged,True,4321399249336341139778006760713883647191172241220090405481311,18411458647960600574812660242287518606278983010050868510720,1.0
2023-02,NCut,10,1,1000003,converged,False,2713390456468942430279181442871128582228223083275342657401230115307968486079421019433665820649518339331021241902972918493586844115279115614135864517267057213491739703657596061767843436392547,1712268904828167489755923375562772211568140578009549960961849975132636635205686205843445996503794665418096462415482268522963800243023605288342659914997770114055679927487672848319150043785715,0.699373752072995
2023-02,NCut,10,2,1104732,converged,False,2610822830137797785535417527223490251154775314689843625449620808298257491906682440147041800366408336572363012295974590708287354552834050854472543312113978993269531359570499156455092841927,1522382163179641575774552400092036561551572970543592459997863906861896486524507917570615076130745828674985059163642959083653165126576253990068166984131412958511203168399095223606300393970,0.7211697830165865
2023-02,NCut,10,3,1209461,converged,False,33069957155653461458811975089713363490751765627931399529016573961997126086939951211992757899669801635269472594303986487850263784524693394404021105439953118576011319511961317763112965311,20693067461359237363320535238855451233362847866505916735127382584138020569868130306249463995783197029809273923275958770502205699948418901233140426823478927485809682567812136987252499570,0.7311065649765203
2023-02,NCut,10,4,1314190,converged,False,140449975469535986226862636454613438236029963954577561937728301129149400446188160950243553739441338358895680553532036223660461915110571426916194328311903900956176433685416185241762230977,92191534013615793785824795484046461965220813189002992646101879119451220840978775832435883148270980567325512040623497588193671196822882103698038993669728592030486687374726385809282840160,0.7946935705184269
2023-02,NCut,10,5,1418919,converged,False,7093494732411528648600125456401402943905642616353903922235957301326663030546815606885275727769226397132881564946218363356434109908715298148985777572857480743362011811630803519104119253742550987,4551628751696454063181342877046549485970262013417038040043928087564533256074543169609221519393609684947916461916045483593760905747981701594749696964197713709763256452815018357440599319642077890,0.5979641323132244
2023-02,NCut,10,6,1523648,converged,False,17004763163423127299874988372821635146112373764416444836970611787177941776454838160068959632466998384764388563475698115863071820536204298928364861134143218142249552931622598371308261198698198,11061662759865782047367286503828062093856700650030216517773944496564303211110182279684828373890313138942633924652520469929367229437413546121671048774973581545073800892491987970264188442965585,0.8282649546351777
2023-02,NCut,10,7,1628377,converged,False,1963930777845562379272192861771801880972779962610582195843451348325454473612301698771782626130300450106877453441979473376160893653984240889195353339366123433942251124462291587171433,1239821434640509542501842311937299584841575036338620178790323369338660699539095440132114978626017630199776171338157299348088887515487980495286054636713209930362531090935068312693040,0.7508030991895757
2023-02,NCut,10,8,1733106,converged,True,7815043483077351757165476082190795169223940632168420209459680341240707015203852036831552921090457551896218893642472073924912711182359325074068522768842918676411790788058155921751517655261913,5561451775276654517436856072535950326339911782694836505493159961810825912623157555862082959959537907951894011249812646276724928324117083461127007748932882752636311478869110870303850582427450,1.0
2023-02,NCut,20,1,1000003,converged,False,110001751304788073055012526214945109884644573389638094344370870533011610754159455866808685943716832566766355939416303707042032774970846516362038679313186119883638970594779947942942877344138736051385498867574453893920558340873425044867976689529573903177422174299081933417369986880830770519079132070537336943466145903301487950810829077914027814991952865528308787091613553,23924071778193682497609493959900702644956726093421675609238991018650540250217483892726519581169511867961327160354873149905782356861567624285903510437802824322342258003618849105092568520326749520503015495985408410284001475557997122580279704355697076382635900221348683474187312436608486735996286687588723976680742274634390113226446285225895322475763719213358057481250900,0.6453516066355534
2023-02,NCut,20,2,1104732,converged,False,284720702363220976760105866119849900401940231520193130236114845707410005031494415135150940877061503573875474094636459244353226743788361124801545175525089940134603038049068632891234170263086784986911783660735670761740066287518285392420516363854586430775301741667930791818120515200300630018410544829015571030147319624041146257949830171332557193181687502852405564429699,63086524347365827137812995073411087609948226035984078652694562970500051966937328896414862466545611627374892311861043046130869227741004673177613389397245392967287473686545156982135851980581168820070408448579603542943090976490591237868918262621640550061992962875856955909909966985674206342859965964886274838020621756272997606622778021135133653848811754043439852268845,0.6876287571024753
2023-02,NCut,20,3,1209461,converged,False,582562788076401164110528578332408682771473927647615766488147240652683637768361349043188195802830318010252800507875877269115874299670124283331235542952739093814196170629052069685905392927762369229591281069668923125742183541997464766981144789232926100108491487159658668486077529557447919228741380555882238091318856376817540486700595378336937514500033875693387492760997,126536284822834895698810252565983157827928092919138075757447513372723329692537844141202016540261337975580981830059369727186256760077761250334045388670596903155761487804507911680432720642462366083737357110112809666361967455745896329204580382233104948115619296302660142195043736166425132880808421429128475413406701100231190437803101355429102586929883193264555430211580,0.5808607008679589
2023-02,NCut,20,4,1314190,converged,True,11032497649310474025052133545983715914402160137509912545060613715112066783495510166764336023383046002381164888487604482018136063026648346460059875409098559566334117366584870230881657428843604801922411482354009844036023291753431206529613937882035263264885521973251903676325208503474850250716558232695091753949158033109243382553849638015988197711574049290164644328237176620575,2548958480668224609192284173976509625775960389686518429063483000180216948861094953341065801957911782661625977530735251750442599262831580740966286474838294471921299811532005590237105980378394995567935134595598217261596938725610382907920277801507063560707047293511876163119832650875225731846663580770921646549844583467366832912687057701210914923826679337688890341975503031213,1.0
2023-02,NCut,20,5,1418919,converged,False,747802835635163572130415311428004392873444187759951485447795205535208041419335492646303183626136846518164294185680239367581961973112223740160544421988686593148728518597607772906263119454167777384740636372495787817302460552272242702779200086992948418499356215493764068387540706480312521330902658310410195844277755323661028247922285552851570136296898288018788163198513683,165663789499516166196695031462352012222057591744176931950919230467149102512542661928493486922829885922429882994374900989243496359267693466879212773370946239303856394362558760066208294909713505581223588246667021618634881723143024481478715712569103178811985375341138997774503684696015521453320866978989846655814348259187716253744536799078955977804337449882530442794288720,0.8455152670357565
2023-02,NCut,20,6,1523648,converged,False,43872455599721217361682738347858340457490473202954150549017250038188828826111364329772729764410921984453768072219684599062695590701325619366199021679552735379129289748995390601123695733256520320521965722435006865261127294267533168501746254228864568355746511596168689872842106996200561726199415914870483564920448970335659399960623686400182632730955040272206019797607582102,10000565826326656418935061194280779209731865639545878745786995913391742985347886020752197716350245137214959439734884150616101732288658613965921567502611704245651781129194152268176569878462076104353289053285284791336855388207859236057439861402498339456259319593003358690200028847202441809557420902963352755854168540786647177817519185608449681241473973595797561744473691975,0.7698995677247333
2023-02,NCut,20,7,1628377,converged,False,2165990939423014348331708170804475899616483858849345406238187790781036627804760049301285971681120751415838671651441904554897140337251372778834816713332788415388633614410475518093898289724137015615108845892216672073580927818434007976573837018428906157033566034215819557343402177448736689211197287168099603662350761026482970614927734023912313710569369217230994509127457,462750509447617258748934713536999544529012342682030157174764802374029910502529813463500810118304634060488524906796652453287841103927678281185997632851950543474316154433048057022217524341989620811967035541531600711509901699875303585505250522274022772848210725865102447856598936444915678623958801919676622768045854564714774311600747891860307575461949919891724224857700,0.5953254141967294
2023-02,NCut,20,8,1733106,converged,False,1483927985185357191029901177889682422756293623231409377353862131118557829637713513811716181374209912531848413449852218092718365071366172582830636611482743553681512284932291398553146223782962918966660805663395313742973538150079251863485140241068624399512711987586998713437497164507152700662850448784334419602764943589804721175537777609990337678724848729542786626169954627,330360077087262591445081461742924212232206795758032401044129752322218091238644112369124696687023460363292133654068944490932750915772080195084149914652440461793490327836370582279202430081031215838503924377354378584711479894845058494381329721357516328771871576007911779964048051022718113473695798729009536834863825206132786674437900608085417984063281766407486636706022394,0.7475589198563591
2023-02,NCut,4,1,1000003,converged,False,1175103770288436929757216364451890555872546634567715260566533447490895678650047,3894797760427703612252727152108333371584022118210533378922376928295104848375462,0.8354454825330836
2023-02,NCut,4,2,1104732,converged,False,4327639204664125960793253588274628915865943667563819810385839325464533301466921,10861273422364748988471130224491149762418231542354586825907354703622702645574600,0.6583470399996996
2023-02,NCut,4,3,1209461,converged,False,184531248072934809138915395390714516646801054052581978986542834995182888664659,695583812095425153904818157056246487719893533194343469414442599781802983700560,0.995999219646422
2023-02,NCut,4,4,1314190,converged,False,4327639204664125960793253588274628915865943667563819810385839325464533301466921,10861273422364748988471130224491149762418231542354586825907354703622702645574600,0.6583470399996996
2023-02,NCut,4,5,1418919,converged,False,145050956340600148090957333019952567609208699276600847167311425064353069381011,375217452484791474139929119133827608204448168370197270563240967167907757238488,0.6406727934495279
2023-02,NCut,4,6,1523648,converged,False,145050956340600148090957333019952567609208699276600847167311425064353069381011,375217452484791474139929119133827608204448168370197270563240967167907757238488,0.6406727934495279
2023-02,NCut,4,7,1628377,converged,False,488050672268491065422244446810153977496018755620852525963744347879394790376924,1561035678225132005960153477773012963139081308934475510855849176249512691200965,0.8225189923385997
2023-02,NCut,4,8,1733106,converged,True,183846537854381884699285513557699478204410727227682387912190596755826064800477,699448733510073092622837153366679477047014312492161392035273038107656583195054,1.0
2023-02,NCut,6,1,1000003,converged,False,80096883203377886247394861143981714562673385627117987708347364567845164348491134404392374575390364565758325471851,139109818663183562522537455264569025341434228424944099470165207499870509121678423487172777782700192120585774373725,0.9542819070504929
2023-02,NCut,6,2,1104732,converged,False,58539858509253692766129007847285381367698443234779759947217605015333980837225932780989122785142311538259777411404,83355299400161113851877224975760470309787635169222776951552041135796757515687730842580734398462088821442530587155,0.8429648106512201
2023-02,NCut,6,3,1209461,converged,True,1633686558565353315831140459321854939626578534160408597656270340681692610054924106751663886133606226223252470170021,2865778764296182014970699607118623920479065353961097234369653093564124177984001075561768123449573134369374273659720,1.0
2023-02,NCut,6,4,1314190,converged,False,1770139497163259563274049258824665316944332111677769715358413393904836959626806573391562991489319502414858360489272,2717397305128525745717361346868462478986043908628237179000546564728992517850614470903741297484344554404406532813165,0.8151838513766718
2023-02,NCut,6,5,1418919,converged,False,2648588883661994396315587605768304686690156381756041360068707687530593812591708356981292654944218903691588316347737,4079253165168203152980374922520874579018171964146602565624865021648770260553874483344088745274641448141348430232992,0.8331353903519568
2023-02,NCut,6,6,1523648,converged,False,375530470634567392317463733598711502109674554160841455043095023825849573002615900668169607082954405710084091881813239,572976476886698550054382284537963714530685387931293690631022357776121362489213682008964216905732521372685838087010960,0.8205642829590052
2023-02,NCut,6,7,1628377,converged,False,58539858509253692766129007847285381367698443234779759947217605015333980837225932780989122785142311538259777411404,83355299400161113851877224975760470309787635169222776951552041135796757515687730842580734398462088821442530587155,0.8429648106512201
2023-02,NCut,6,8,1733106,converged,False,13989506147544666801125561798279589123002017657051172142843559215567890786424680638644164100420804657299355490427,19722289996929888102472474206313933638482207891202460636863445827785646799855258044419675718815585499436820922302,0.5702802789353862
2023-02,NCut,8,1,1000003,converged,False,552395557158122602187417079153897751598389603900712936147330720616914276194074133299809457510267879006681888881951940005492863067524540322211326003999,618378275442130052623881889413477914125686269067934411273600201182741825875995178800341414446268483146971917250674624599066510584740985460587969017390,0.9887197046660322
2023-02,NCut,8,2,1104732,converged,False,5932829138950720201629606679568546595440257310229296399198693756872409110574269979766265742950473200647277423604566364321343558353406114523474368660921,5002930875432015857209355926779410318788304625052485718135318882899743628982166761647324063499514260224528078330677048748995160146842397916294770875680,0.6486612689964877
2023-02,NCut,8,3,1209461,converged,True,31536137912301177131008881866295814782588973142300920302756742912089026970409834151867233063298341025959020256574638944722705928358504530777551780813,35420336674938127104890403412645020057946178156942193395784296448983123156073156833274080491782103901917345763103914248092073914128992447847543290470,1.0
2023-02,NCut,8,4,1314190,converged,False,61022700513014004786226368679223684168310280526944482806641288810779238968166853158975961876601295274687935227541034589387903043970787950123087248892541169,56127265284015618088854672964436261961412049340328171231090460966249684753531072855247298260633210266505560963513568854297447009779174305440598669385276455,0.8100286393516091
2023-02,NCut,8,5,1418919,converged,False,146964802896074662757247438481427288627268970003322353056911746372010029390831735619233503438053964728398751229911335718855167230464955820497793912542661,108402266474194349862817998504106312447171186756222597913510131113236761561637008774184350614792948374927624798439418642470771159746485134102143519374080,0.5114777647443496
2023-02,NCut,8,6,1523648,converged,False,2940235125708738288404666825868146833071082719811713673489728994300769312432871661827845236014691322100292030642940217877073678676699529518346385172728093,2435461676303901896653607523122051186450857866178331414106974001933599232875163166372828154810100530986472146686616027602601121776229323103049837494595780,0.6725938855997433
2023-02,NCut,8,7,1628377,converged,False,56714088058499143670054544316524746780345297941733965022321278935310119786100270622322752553148059797898291765546424816358407496081452010846934673904637,54762539815379087515421789461048084836614859013496218475389570463269091275182950157761023356036048814531824015754105688200455985430186285827229026876400,0.8525017781121823
2023-02,NCut,8,8,1733106,converged,False,111598907430790990404901456028482284902584777563163206835348389799940193088520131540906439265875558868684180215792234466951679340037354023180316443600905715,105013410298526563573673254436501096764343275308376100610000333302220067855833313375031705050832884577816049548224375263453043707665201358198137133028459407,0.8090200028149023
2023-02,NCut,12,1,1000003,converged,False,3708416626237848892866024785875680455016437413137383085819613440584180699524336903036718466690430131211163200278761433411450558882779557738869817524944552595700903865898858168618914678703927002176068380208510775049465269939,1914118096324482536827965610783364774281546417501238920934675662834591393853141680876483020683085804326616059790068075614784634187093296704251567479844130282411484385091929973247936146082706745311260199022849585854356606000,0.7215580933916691
2023-02,NCut,12,2,1104732,converged,False,7185737975500672109809348833067988291998129677767740185739093366868770095318327324078280013084723193433544611400862752672557298176836373083278987668821107979690053971704118381582055205872961807400580662623004334696314141,3272348645471544439398099475092430411653457008530777313119977455818495981676365875824438885545281637394804954258509297397665696470220150286004562317308971946768924085146466524459831221877354166633597928262852745603041204,0.6051499773968856
2023-02,NCut,12,3,1209461,converged,True,2813751705448943791350778090152569210609496148479468238753286479147936210064058677667729900333750643762854326601340314215912464721792606194150685095624800683366964614809682217712420758421703263194454541886751607020697358440,1600484593702809552428224205416080841816992339688939388364711010608798583427053730727036799710011707557586381063425092820600337926542568006319516765219032532417914738617526575386429506883841112554716422898972095603347045709,1.0
2023-02,NCut,12,4,1314190,converged,False,794210898889694776841106120368269043390671845236304024104516749466436458820507318658928346859555761539804057546780586065564656562401456188259866141740306139435610510097513661912328945420653426503231518979125465445669963684583332,429234950782368001106808089019740408889382608939057695526130409293435344912652627616264231731774902579889846133341429637509339044562966840818359379716973123383360743659614169743265012689021458659072336225693425335124253415565025,0.734713068432658
2023-02,NCut,12,5,1418919,converged,False,979333690411442987045151759391371660263649056743213771078301543887832314320361151153588566690634820308254231886890597573649083042693552651335395258336982056366328242174457713659242269153069120997689486526607804304652789671,489601708005845114946285969324859393495952891333818122688349122204774433974710417466649208768065329794699413204309876707433086735093120493599429693971698420774749733802045673840835258523666835136101583090149603732672830255,0.7138995396414307
2023-02,NCut,12,6,1523648,converged,False,473206013523599114670830404519637774054574798936076424703282641822695885204617149791131263050267813126064033183329460924901571906890125723064360790456897032860593217567410745540847838026840583230703850591778613572751670369,227401803025513774810501379085863579690925587956753646917793491524551606402601431943715751472703590621548884244937170650473746617222829919423642832752765951162240610766234420914802796672091936960327572879712254885925628940,0.6110386571602395
2023-02,NCut,12,7,1628377,converged,False,186530073578683493700041781398145967117180330794865023393620840347710849440064510385923504375692667137170805803540541072111720173427507079123410675627045394579859073200197788278624325226608759120877034501482844271851,101222223287776751437339178449500526305175682284036788370811939747552238067918516465115665716307343048163478308613864463122966240742065259320890677508571258788520523801580992693521096913927306212581074057742719382600,0.8286145349087712
2023-02,NCut,12,8,1733106,converged,False,40147711267557165940168841189146296024718057772344040061165387135038375395954506186374856932641441313369136630175491055997987664770701247190422033647192979679318877869253877035399248362437953804139683447924942670843294870568317,18336443404269686505403610081880034466346605540494685247431197741699850674797789417233273408019157443064458036176821608116684912869241347796364087768512888923764821561591237721363951458039906175405298185579654596865149107134720,0.5234043014381374
2023-02,NCut,16,1,1000003,converged,False,78817741147087138714189868794143458319212126056085135313035904220587902041162676486471469394709435215577945443673241887848634876924525809472342319024492415894555564119291643796834594023500728122898787439878541793860552048998252574752448409307141904965144528961082139642866827015636819522524923467,22733655423415732964020328002535093456021574581345013064513707003870353730124951208569848473572077589878395002516811638303788475854098205816928096914821011954211172180952152367964700209018293112710673355946872037476288231405354133035844070532617172680580520073553768678898954329293276220815196240,0.733168466249184
2023-02,NCut,16,2,1104732,converged,False,85604806363219436234688700359827854565352912852463094086121730802523651476955719272462402382494229541097859997268411959774562637460663681612502449726939152152503521303542167134736320392535358264337741131769094601757650021553277630256616487304169676119131023927847555512259875541741583036424425567637,25118264889001687441650801888151033579524342026926232506823605665204336269206630212625305222331168813080908720427676824959798059560845105368400678170355796172295075086564880648743381091556881253188124063287767596492207893061367824970572749604470457614776179444512797125319748620622078558953899359025,0.629485707071042
2023-02,NCut,16,3,1209461,converged,False,5001854756668416602000190451330560830736949129306549087191593244303939226438091092336847434664527207669675794175762722921222399132885243952606983695226051181558413560150176065167065828638253854701442675377745005526246045506265051826461413719465486234169966390442063696918270418499075295422524526962,1612519184868133159919580524449316026242819873020172183664862709224559342389942801415963007995805076460134989622674225081925246350769480623904850734153768847840281226264633960418968085135047452318501337293579464436553695992959846630996846885693679334769352427221334518740002196716250244192781694315,0.7070542450424432
2023-02,NCut,16,4,1314190,converged,False,37148609698514006238084450799558095825428803540006729638165404940908034789061262434286694247148282625723217452455713810865542640659043394354427030645702175744642555313813042947148882251871870859044205038797542317819634348733786354814238258909132585540569843943040151519231219413557623222809,12027918206579182053722674491983515936564075252737946817464251614122408946730712210938841032611388436723401788224518170520080912738164129739386369103007725025365698930513258783440672716288057488560042221206336656590542633383547491540305681754818891724047783079230900113959044246829719806050,0.8608278196698287
2023-02,NCut,16,5,1418919,converged,False,31008123026133757789651446092749422435941696636659882089102585363649968346166133430397047089331980287178750615451953037548948178329377467326204116600435181112582134970880034421993149691113150973529096967072094567475688665555387512664854485083496540733964727872755937291734398839987576098775823161,9622995156872335842604357353006812120525226942473734544930796764643244140424185898553671881192319441304209102266490059055424630110797619278648203899795212525292621078391746288037009313516089691893768704986198548072016887609063473382431626812647211997563393472961452444547239720590964267312929400,0.65287411849764
2023-02,NCut,16,6,1523648,converged,False,129454151807858403212457505977576150793185184305958358105371366986834596361618729694487791213025455924540743343626594636828044879305989332716625904582294726290456030822574463118037074512930556196072821011525317057398606441930533341520602973280027027503338881847326151186702708518633096308367641500556,42976712593514254083432186748125884544530642063020447197106820824452003461659533248871412949031955749991150205135966494779514726921286004074381020902232045010064894490252307957527090538436726470790453125655934237471501301459593314862301774563960346846700851581823493103124062731762689278983350943525,0.9170326722653906
2023-02,NCut,16,7,1628377,converged,False,1198352672775804807349660764876002155487131751209811866147359861774258968738577316370698293617120756778167952651886136859596313713743195127133026815187603075033878461923094252291770853600495753857056373025650546185321538192942067838911116058232162500947675129971428242640658655123062361000728128869,358111415792214534162011295219577145498277426624776868706516133607349389125244555307365199509613505200871473728655307989435404091427495634341049174581916647439381496381082032038507360056456644589723951585245144360356725236854958327192936726979433920682570557982083092300443796727089887235840492560,0.7738247984660519
2023-02,NCut,16,8,1733106,converged,True,318915133188046578692051944576176900622282160446938409518953284883520425298798116110270858097038559147093932292592472937946071821877916163478710192146782503763619610997707145774397079929854491575306512018936073819851274691826980404823488331226427166494434484714929873116905134644266974351107,106789079989598052337078581698373566636467139247305888916659463318651206183870751639431333118408296851134367224009564464174617715648597778217010943205252486266683473405407858912326192529948513401669820466498311521685070743110047382212486234821315787198644655987280931710434139755499601238080,1.0
2023-03,SSE,10,1,1000003,converged,False,80937393421810588411472032255164566788003202039234488609,248910127429288206794009640901682581492602538567925760,0.7658566804645313
2023-03,SSE,10,2,1104732,converged,False,4307375959055265098011433311442643651202728659668027584187,13600593480572940125117430211654560755201780399587983360,0.5732151879169642
2023-03,SSE,10,3,1209461,converged,False,10183416422194554932864188102499107962644690194620280231,31793594172202124730561716294914478096465921468006400,0.586784040487023
2023-03,SSE,10,4,1314190,converged,False,96101424850057503194837237973804347490889306328643405297281,300900517325741163461749234751522112222556210754853273600,0.42303094444573786
2023-03,SSE,10,5,1418919,converged,True,72797243988248013915565676020383618493900415443861,230610049134113011589517484790089366234359398400,1.0
2023-03,SSE,10,6,1523648,converged,False,6362957206772016120116798885611836363614295723547366129,19837314040055423893113222053470666391292119447764992,0.46234809840926056
2023-03,SSE,10,7,1628377,converged,False,17262791260434362643578715228091011206507054450737790255351,54621120822317703761449053300361318264189457259508531200,0.5394351932675825
2023-03,SSE,10,8,1733106,converged,False,3728425479672320187341902163544391166998855642907945361,11618188998882477249677242444259884010467032647598080,0.444457922331714
2023-03,SSE,20,1,1000003,converged,False,1422531274560392907781809179784397296447299070922530299160353,6455763937442068998329360515054694040427064857454444544000,0.5154995065950566
2023-03,SSE,20,2,1104732,converged,True,679965947435711107994211488205055742942304649603759638295,3157331670225010617073495369469192041411025299795083264,1.0
2023-03,SSE,20,3,1209461,converged,False,129999551213449600055140831475750181555630461315879106812989,594367560265050104283524730127551329388290809401232588800,0.5522509718523407
2023-03,SSE,20,4,1314190,converged,False,37249567692343013274819529922235214181435715766283029847707,172829113527130432343915615549004338313531644480575242240,0.49471706109430263
2023-03,SSE,20,5,1418919,converged,False,109378265786614891123840172224069240657978878652251610001,504823595932245751191451696990251808927858991793438720,0.5780964387576714
2023-03,SSE,20,6,1523648,converged,False,2691562657278891469975796191148085361967446258090447565057,12336529512025853880602222556112972256805769028395073536,0.6742133433424846
2023-03,SSE,20,7,1628377,converged,False,67339352728683261513610397420217921535907513332019008266601,308353981422252546806420524914017705344875574292014694400,0.5933591396376213
2023-03,SSE,20,8,1733106,converged,False,20656179538075274075690292635495991286301588531712595751154447917,93914038218722384836004434447128179753910155448877380840456192,0.5289929893262892
2023-03,SSE,4,1,1000003,converged,False,827505856968968759047980318710170772952875205519249,1457032156727848720679894132939893745975073701888,0.9407965582366722
2023-03,SSE,4,2,1104732,converged,False,69868298603974565830179748985255966519813407833057,123046239991558116763741643397170357969774182400,0.9964125897449806
2023-03,SSE,4,3,1209461,converged,True,871110745462466703125479543489725346893559602077,1534360415035865206833433174878437406912020480,1.0
2023-03,SSE,4,4,1314190,converged,False,97900598362568964194491147443353540639836779805571,172421679660323171023603024538979751565098745856,0.9846894684481772
2023-03,SSE,4,5,1418919,converged,False,15811103576423643672258795262281333806435336128451,27849301000128046282769004144032841702246973440,0.9992307181546791
2023-03,SSE,4,6,1523648,converged,False,97900598362568964194491147443353540639836779805571,172421679660323171023603024538979751565098745856,0.9846894684481772
2023-03,SSE,4,7,1628377,converged,False,97900598362568964194491147443353540639836779805571,172421679660323171023603024538979751565098745856,0.9846894684481772
2023-03,SSE,4,8,1733106,converged,False,22102257353865294762701964650793657241640703350958101,38926960783767992099935386771952478280364788285440,0.9836483766462959
2023-03,SSE,6,1,1000003,converged,False,308587556473853657437114197147801381652610456860970183,718656294473093729911737362321401918625168794583040,0.9882990089128165
2023-03,SSE,6,2,1104732,converged,True,3482092210321119051496489555199067635467302238956143,8109705736426117471031996472002724692176876339200,1.0
2023-03,SSE,6,3,1209461,converged,False,10729790586703158014955392763899426465450585585031837643,24485731687675818016266880442892929153094134475522048,0.6131871759150925
2023-03,SSE,6,4,1314190,converged,False,33955832182796034810105595102729213161788790247154941,77366146020423479353788977108950993072653405782016,0.6508969823453802
2023-03,SSE,6,5,1418919,converged,False,923379612238466358026552513048401965606838210508713913,2104210874301296032541603422063527964281599636275200,0.651358616316014
2023-03,SSE,6,6,1523648,converged,False,308587556473853657437114197147801381652610456860970183,718656294473093729911737362321401918625168794583040,0.9882990089128165
2023-03,SSE,6,7,1628377,converged,False,10729790586703158014955392763899426465450585585031837643,24485731687675818016266880442892929153094134475522048,0.6131871759150925
2023-03,SSE,6,8,1733106,converged,False,5276767363813560191856649206232019054696392367881793093,12285577812842505654171570738566591430129545390325760,0.9485243143666218
2023-03,SSE,8,1,1000003,converged,False,681987733222272153652237109509779258553352583348677,1912163860190099207687730510917131862301128785920,0.9376759913379968
2023-03,SSE,8,2,1104732,converged,False,369168058376681434588980400111025488776006507479071,1035245521298107932340111428882629194623410503680,0.9987814602759428
2023-03,SSE,8,3,1209461,converged,False,632727552440397747735011869484017627885111866132321473,1747343677127143250131481101291701267862882741125120,0.639181445695982
2023-03,SSE,8,4,1314190,converged,False,10195959176323834751216131051518780932423615415928139,28592140692542707570170415650938226461577503047680,0.996239753320502
2023-03,SSE,8,5,1418919,converged,False,3938482906562679050032016087567835469453541068281436079,10892090880746104592593137475880983060213907482214400,0.5100146625719764
2023-03,SSE,8,6,1523648,converged,True,478624552886018159826239440248626874674319621241949,1342191632734204623869524521004163457180216852480,1.0
2023-03,SSE,8,7,1628377,converged,False,105755511641879876397114787675738327348450085363534699,296393739128322165797424861034908762454760871690240,0.9098242881172286
2023-03,SSE,8,8,1733106,converged,False,2639093833566675080756700224673554412569049425997662651,7399010630325773992325210894559458825446000510894080,0.9956687968886303
2023-03,SSE,12,1,1000003,converged,False,6771639293390697595678025588949174772289242850731995547,23720846667517920530080115135240885887170478300200960,0.4049310058774665
2023-03,SSE,12,2,1104732,converged,False,412421313050175646771982849639220284379273112146167271465993,1447933995778345036629235665869120050039547402699092787200,0.6255106559697765
2023-03,SSE,12,3,1209461,converged,False,9075715324504300286134582179288548433812859683701989360263,31839528253018331953637528113959987296602110428436234240,0.4742469201980714
2023-03,SSE,12,4,1314190,converged,False,785919672849179147884290526824777464296908722366313791968481,2692172859486852210179903275001468722853292048522160373760,0.6186637176741033
2023-03,SSE,12,5,1418919,converged,False,125869750962492296196750288153526968914765340670639871,441939013550000533710611515603277181547650786263040,0.6842852871729445
2023-03,SSE,12,6,1523648,converged,False,2936528169187543022823901366377690531005593026746247133,10060619246021283276748076121948093825560810178478080,0.48738978788591797
2023-03,SSE,12,7,1628377,converged,True,281777392807516625507972716268284126147438974721067603,989354242911900312492082559175000429433185317683200,1.0
2023-03,SSE,12,8,1733106,converged,False,19954529634215292665940785406400722184706454281632557329731,68142325508205215083052900419187731612303214502614138880,0.6561804999336739
2023-03,SSE,16,1,1000003,converged,False,24712164899631166187676828593284272893013388255501938806062007,100715425265070441331150337134558250734581234055756256378880,0.5254551483751073
2023-03,SSE,16,2,1104732,converged,False,49233343879192271383397339022504324872731940085427906393649,201490007687051194842759647870479577027827843367656488960,0.42690027955016313
2023-03,SSE,16,3,1209461,converged,True,216894863094745812667016465645853850363073602975749370361983,892082727003657432730499995924876999567472427588240015360,1.0
2023-03,SSE,16,4,1314190,converged,False,800055590214393046651623824087018068429503628052280880969,3266927032916436145684107457611780689710686958591672320,0.6708092581598009
2023-03,SSE,16,5,1418919,converged,False,4376396944100859113713956349075851763123494904317127578892849,17968170937639632324674321554161896942300249117194507517952,0.8494860883824337
2023-03,SSE,16,6,1523648,converged,False,580128287393965374757204009502121722599496749451283642489498731,2347299296126236729732973578531019883590492063139751243284480,0.6858713706618768
2023-03,SSE,16,7,1628377,converged,False,132087696775591972229267991805220854297225450571709479003017,528586066325877313467220883541229052035298763374749286400,0.6119667827858172
2023-03,SSE,16,8,1733106,converged,False,13684749370563687102602161643812592289802137471143048686951,54162297059848973093570685402798380963632648791942758400,0.538713265052774
2023-03,NCut,10,1,1000003,converged,True,3229179177411766813215910068082250897287582124287878502155911122626488920470116745797783772836627622973436423215045091452683852212846788384945907088880650902128045362657235916345547805116088,2297928049567501482069547472030201619848182662943579020750325740053622919198608500276589001294387017323542396156416670315126376132216232551879175330153682450255488938017288115273731073654565,1.0
2023-03,NCut,10,2,1104732,converged,False,99914101382189337602070761081503888514114740283555037074216083369146211844463724138132448776781779220625221530158905352512903199118935792793597358383551961640062669097250783479673252224236963,56088739142294556946016810711927943414188260078433034746205238603397914743934525405342243392198146391209639359535683247012657075333489180608355684163457322491523692521226943516985201766146240,0.5377594189988564
2023-03,NCut,10,3,1209461,converged,False,846910922915072450950212951700428196910712338819383057036962825279748674176092549370375731999582126567010608699272270864273193340738268751801657780760131700057871120974574783586033084183,564489212065680555352674181128759594238334689307088838056548482529544740730990788039237306630140075149380666007050065209752948676966944935888305065127699369436561945305135789276178201920,0.7690787761384614
2023-03,NCut,10,4,1314190,converged,False,472743111861996871685900348876257581322097499406433623533186453260059386343987124422635746175133820888327416893403740934889633279766296350509324592065648649408079730519520169344594009429,323267525186722212456351811902101712988495531125580474364863391455218008480733773683861138956412964753728666558476666999229500928298322570755644322303139807090957722626153122259615520460,0.7547221132011586
2023-03,NCut,10,5,1418919,converged,False,1693522657074824535958774479457005446953891263102825274472493178645015159842884734217458538118944750396844188185697249803601656804018622438018347507025001762859363998767820145399311995999339,1173783418144277050125232830884077983159788770926913744454106613100277706118652246340105152018657887187673746766626075247711950785488491923752016205795152553411816790816345895602655881476440,0.7682669437949562
2023-03,NCut,10,6,1523648,converged,False,884281716892637405977636176612681705103111070395387602390837753187910638900355392447679951063312757963944880389901700002901128865905611911620880062348859455186167506741283947611442893346003,493555724717627883149816028308794190866037020468473253375481321508106571885320709948693334664612134119310909856238355676944932394805747520302134890266940122243054908543395011211010778834920,0.5692016418570991
2023-03,NCut,10,7,1628377,converged,False,4241595951250439830728704642467999465067917135522843278836212486856875398364265207001223027831087634426739166459437749806918204967740216094612783074232168209897209647094852881041546211258887,2901873830834711526277831022249119875061350816417858792333475755656469705409484360072734134191508683440726407483689428076123325197807309287783018540510054586315662433651707874015344897456746,0.7447126514616457
2023-03,NCut,10,8,1733106,converged,False,1107128491714193297926893490413193925306164058285701956809857810382287283076565674437716806062040595638009797575572062712767294100650877837900333385826150490583327226225945428778910334308121,655492437237847299216487777916952326281771791392444818261892623971570636073014671477625028198980354003739258809396142287373354626460148304002548814158633315622682222214139191461243585693600,0.681631353979731
2023-03,NCut,20,1,1000003,converged,False,31002915222007719635653502596920078420844567885330922336385615290342947841130364851034731653437056510150638923584062472078934835354883457179164219472553464704125226191338589120676805220157408889295144015900154074409688492167893553451547184369529165192527644771524824611766243563405637535853333621021376200326379658847091615595138412030892703792551058565496617927776501909,6805203627683959620583000299629361714427855048073218315249735271532342991590257703893784652951244376760451915495232232626561408914237570073400368555385657574732014693632504350870037100344219142778477452938315876770676806354291638174150770217572331753910349704856260652670774769250369025669790558061594770387546028385826696607576770007811482572103147814705560039352417695,0.7147245869703567
2023-03,NCut,20,2,1104732,converged,False,522830385908939120736186952182228063992736202146852052354506529002643832568266659635875366538436481575349958581065935497068733247708766894113015344031209028154716826887210246029032858846985006409583031789765337347573765899229251933045836667524919550489794315695041489230605434351258008346672087216554804919039471577939421239182890902301444312584501540827088751368709,112409329839555582522927564234615648364044397594025798682642224496953080183477031587340045819860042279161537300204475441439930604890585199611114394629991385293583958246473568665766356384693349397544781217396492386763708756480927948805823518070424807232506752133334309198658308543117362714241525045787180173853645663543799122309929964916825301230698387128910319262960,0.6714356203634426
2023-03,NCut,20,3,1209461,converged,True,128790614723905801835586731591692384899612721956728290776034969166300273195686088980944220292405549917817884791935403096040726870640627177978202227652350707988583502840208116925745228189485781710067103571486442925067462179715348353743077018952396322335277341070759141217893257374330492877238393179634523320114016198694592990574268167473207101671791368978684936124482053,32635482956077105116446948519044866837173856589983721358245289239650904537038152186388773234003825604214519969163607606532361699800734201400635480960148667163617581657567955469561525655441888791055113152817728691630311696822234343984015635637257452119354105499148079638902046786850137363561479594024169691224569988898400392731891606985883875525405228204189948764722020,1.0
2023-03,NCut,20,4,1314190,converged,False,3375234696566420808579035382193007585326192422104615900205362733989753049337002900076300965822074390983338214881698318014321889402461421477101256622190885386405180185138275878081115768009641199351637345860943343634832839759386787700220445223085218931397737387976753111131821700075577888795795852827136852990759714359776053316770504820939897818926565745774236177509227686775,799032862161434192631240692640553609011062264803905546606155174875374550502984994439408259482324258378890196926250975918001291137493096574696945998302244304133940308924877116233067158758495241630123811547228562731642680323887646885517145734781701849459952120110775416450234513151624459524651409596723118153289818834121557661505052883190091691017320432255176998949203466204,0.795049412471854
2023-03,NCut,20,5,1418919,converged,False,6343390499124168679215116445684720870559334668130088774533252073780798629885407314417060359923480635403301960859464724096496005997965620473190831226255823470012657389729010405789550360007645790109389817539019890982747244450197840520436539983047650326123027797755287542673837114642316109544427084286480198423731685510585998435751409789938635072814960657248609574930718050349750541,1413148486694742132160438045400176046226558659750007061494726599871939998155581046310995255917773977745859652094839335981931868851194836458003203191258459151212069352606120691012002040115127875155456859323625745588568205231416895633177431642627811211338173026092780498988816846047984821837180652652273089738798096851132081644231880342725070577441889054839995014922314052178577300,0.7841638714892238
2023-03,NCut,20,6,1523648,converged,False,94076218283067072104731715245807309051573557369499090524618568151865880846738358826772002831139285302925648866700299004342241412639163622457582255917770849036113293011074633509351704961787504135259867032016216997448362343676373583759352714411713447537206281221658871231269861314100233938436565061543309898645294910751424870413678016472407989164389589437732578147017,23127222989366377465818743205974994142891444832822200109068235597056100454056554640906913347003878404841815496639037410507959818160785604567913735181754529928888255355050925754462953467028992049267559368727381852023432176940576778747262571254462942184837916373659802327744146175050457196939397706844401766666026845031098550246787208767241082939786288397598226968350,0.8985022106215419
2023-03,NCut,20,7,1628377,converged,False,107555435709508068654809357514568043223318086362347298223717090551550551003978040222042713595005154310882526707245187151601469487135184602445739425091547216862057413612769545067385377587715305081628543600670564839691395472261416961746837006138772741512335077872061541186605187882896346615323412703152484220733133267129731886339873256822891581956233935473388163,22520471408470218375808584038382145959398004700916766028328851769532592039320519490218210027577187243606303749074539676483262855596735681927934605918257308660562460520808353140867420198056549676191830312296884647270013579869675689952027669001713280937978282909148699266427008124553957300818278319705654503352469015886869547801228545199793846631584842166538000,0.6887318484251091
2023-03,NCut,20,8,1733106,converged,False,68568042713247081193221009840810563712512330165268202101690809215125065018114551938579995005122283175369625691488460574073210033961817297082749221064448954654345150791527526092734124724599755404142644963616018024477866301283275468537562700671158889772801595287245126077046597602114846447522807905232880518436296167028863754928413889402245550339364075407442335045756320019,15828179715508443001229276982250206546338547864087557805106243812520308070744097475037983162018926670979312878247431410991819281177528784456045932891071695990468096602775044224145679335389934625737480843007490759059310647378608348122859077312063429190071511183536879846871354273267252493968801123746272419800197935116926576586634928621146125961551410317346511246215423360,0.8125515332644486
2023-03,NCut,4,1,1000003,converged,False,5249648116860581474706096088511224992561173541861197876079827195738271638608466,18991569368410391074031164079262027875553046970258971433169475274157148133761715,0.9992351897474794
2023-03,NCut,4,2,1104732,converged,True,454692809805704510463821076356939974742274140511032651048347462559663391636186,1653791439675923924453298651403952765333975855158947258348109495062924039347717,1.0
2023-03,NCut,4,3,1209461,converged,False,5249648116860581474706096088511224992561173541861197876079827195738271638608466,18991569368410391074031164079262027875553046970258971433169475274157148133761715,0.9992351897474794
2023-03,NCut,4,4,1314190,converged,False,454692809805704510463821076356939974742274140511032651048347462559663391636186,1653791439675923924453298651403952765333975855158947258348109495062924039347717,1.0
2023-03,NCut,4,5,1418919,converged,False,454692809805704510463821076356939974742274140511032651048347462559663391636186,1653791439675923924453298651403952765333975855158947258348109495062924039347717,1.0
2023-03,NCut,4,6,1523648,converged,False,5249648116860581474706096088511224992561173541861197876079827195738271638608466,18991569368410391074031164079262027875553046970258971433169475274157148133761715,0.9992351897474794
2023-03,NCut,4,7,1628377,converged,False,5249648116860581474706096088511224992561173541861197876079827195738271638608466,18991569368410391074031164079262027875553046970258971433169475274157148133761715,0.9992351897474794
2023-03,NCut,4,8,1733106,converged,False,454692809805704510463821076356939974742274140511032651048347462559663391636186,1653791439675923924453298651403952765333975855158947258348109495062924039347717,1.0
2023-03,NCut,6,1,1000003,converged,False,21389327301508485247743650960743479739363780166561261240681874204009048995224632101621764375017275279918479223825303,31930290253688336506429350117982176453158741487442873733263169065393267587149040906815476380142376845336849138944600,0.7423444633366898
2023-03,NCut,6,2,1104732,converged,False,26910542755131861176484640624685544766757849504567510948877110038671921243743174176548710676158648448957861773778511,40595490548933661912808755523549173319916638406274891185373416677671918471545972626820714151344253013885346329021035,0.75390076867641
2023-03,NCut,6,3,1209461,converged,True,96795336598709429872442367779714507144836852262197813057766803264907360357928970767695870354095386829465978137797426,173874732367683187818500486989665173998371722915294636956855236867587507895924629570293149149064046914645865804967475,1.0
2023-03,NCut,6,4,1314190,converged,False,9600651718704236939765546254857461179132085763185261351912292061408058279106414237198516222077076329297521909725728551,14014430608293892823824815109563951747678254391306681013805446148006512021395172115788969275497305889053176235112355690,0.7514617906601605
2023-03,NCut,6,5,1418919,converged,False,2486635363315983871110403349992106706945628766717280565575240797637866200713864016558298659873083178350691470537329,3729720526703762608134749455240565485841760862232163057411753090034795277465525508237392824094617780456617470847285,0.7568414232308235
2023-03,NCut,6,6,1523648,converged,False,4506447196974967258023704931640309346902005417981852942676838441377951255766536808987124616482305658650810913903865,6718821992443862676815209927274872395593689350124162384166403091872782425134204499808359823064043952956159389334452,0.7407247111719153
2023-03,NCut,6,7,1628377,converged,False,1512004271413406386990370953905314649601552231004689655194001410583209197392931419742106987666128177279258235991853739,1991711764832104367173838882769526699433191935552958366627206805342742377875463982962441053749603971929706109801481555,0.6772748072851664
2023-03,NCut,6,8,1733106,converged,False,4836742629127444947444479091927753268299440572382083592119155511019176112216789941073484292854681009365303059583323,8089107665717033811966285372446318958043246667700337890221446819654459054241755526036361372144413544960316689476094,0.9372266245330765
2023-03,NCut,8,1,1000003,converged,True,88102782801901657875490807001307917139044591045125754917454087786293657024210929805922155396648913570617141245866139058531333937718195024126711818236889,93635638808887279000056018729893702631309847034870994982336807937257606262713716711906325310733594687381258395277788275461602738496652602589490516280918,1.0
2023-03,NCut,8,2,1104732,converged,False,5730110199326849734925188590421442224926890471408302850568934275703062015690231229549832647385292985764257741814056743644861496245291023632244246988923917,5730369209177823117277769188181819716519285872552480645117137623088578516714715477712213319337855040666188042914255262898732711552080381489043276895010630,0.9335368344950182
2023-03,NCut,8,3,1209461,converged,False,273874278677386346356894903540563449380084187181610259650488535034738708554609147426066169835141647458645067028943835466475588913178062758980531984678733,275210224000987950152316364340942824984890559535710770385064608858105643301538123541214158365779225710915702745298962393542214822413695732866966821882550,0.907053109787105
2023-03,NCut,8,4,1314190,converged,False,91620229415449238296480286439111830366204007850428427977467890709902439566910091025759027537500822747462043257857634234060123199333462605304258629900089,80733931738449608910614149307701795222181841425576209078241651515190832385540566588759094147505620011100214936078243102200443629692834862567451421970520,0.8251734699740894
2023-03,NCut,8,5,1418919,converged,False,391081389747325761673680806779577360177940089028635931411327767114233004642026125550094439948875093114766027364738175457671814660959097516589702273538885575,389946947120731641465315443180823575606993792759820406898381683968720048452955665713241240464204617057566212219712313987338750303162208441540827797398793114,0.9337035207988517
2023-03,NCut,8,6,1523648,converged,False,419668818051690429169159360684784852219474191874713246117440905802154785896460469449684624354073361062976392625866011163588046050753097928856078683429776,425493695211359147322118349848782408523946293433770164859100143235366321528085672484691635324417061340555335771262102628593880340003131033272728726200665,0.9046859120847212
2023-03,NCut,8,7,1628377,converged,False,486476017417793206219980643733867574469062639296369472208394267102388975992742913520160361434296867642921018483127627131275238903233258954430034884398669,463117280422379014093843779061960779842167577704444964132081707839446222995356124149541311485556259129177860472606664715509283819848717101812730589328615,0.687494608454681
2023-03,NCut,8,8,1733106,converged,False,162739578665434624655958498832519501609120912156050600918493065745373228857705035610348198140918533642972569141521622973827372388751374923218691355492929,160169771348181748612474928346655173091604389980687731922216644723546353626372624686124933984333335739710164236646533909749778504676189031069370384358350,0.9044574144660954
2023-03,NCut,12,1,1000003,converged,False,80302451023935699199079119024159196377381143630021197787702833023447617689704547913038537137365754853949885257735813034302576595049210452307241632935751202440166388447806752600790955189718398314952903221494011039234033131863,37759420477983601894716043427601606579373368891132576794733265426902409471341225576479172975149123466620993611444934011768211449387120634960067053983641269986964490056155450192887003459529859634266752465202472127860092745570,0.7377783793652115
2023-03,NCut,12,2,1104732,converged,False,757016875607177269542863658085081452650114500358868866968414262334528473593796297092546483517392887957116086388551165779600978900287654514433322086554742476301624473504071124462526878314321885182251366405588662910646333379,371823814305870790586851311044747324442474750366391166471987727764459691637833696974265386818743276587303151351979954007399962358579292629487378282964979575761174231843933723049427541105837738845425940515559793254926093464,0.6263025522394475
2023-03,NCut,12,3,1209461,converged,False,4011449312071465487913602722083747318523085964714728439838171015906869015120067255981021969222209780616650374954475950281464174642402375788810674637206530885376773926954497841136195099860249405601674889162437173033,2057086900259385638775744711837536171551506138897728806924801403954106978176024377793095696064959208734042482939265766712995391138370552510921465741331432064249295146438871401832153555360200273359339394979471877670,0.8115884695369928
2023-03,NCut,12,4,1314190,converged,False,266791969433362212426902100495362383043978293077299503171011817463924801344945526206230233695494082553207580286102927835874073364200192712719202466501910169722375127870186640486291086338776315891279718412975580810715158845009369,135593511867969359977052961320997373696639799023178135576158865160243972517965265465913811633173890304142363224649982749270904082939987908240735751521746683083685742117425319505388573209665599886042807467399767065422820843858696,0.6703152924268339
2023-03,NCut,12,5,1418919,converged,False,57928656530627747309745456384334080022777486648611915212609748787907204505304417406173178080564984779388317560703385395187336326961336213832109522386481700247918577723375076367255506258076008675466776359183057568502802563,29042590662373688381088609026031219100096470218898003735823852676194980944940357198397517583073875912211240566255029238514020577602977512900340409904806923499574067512293152902634047309654371498067047445667927704018422000,0.6978504767250591
2023-03,NCut,12,6,1523648,converged,True,11085875159187332506252444756559416274900374503322889374183717157538981088434398877710748129491209898157060075158950512193158123671315821832928157308947652484580199715354374878453540490792198116770720814126039202597167,5771027326006800226497922324916499804969521421549615804899382775579340925239620718609434256763431120526475953974246385594843468582802287142111458663966219879121126157269472368559146004548167004097576704580293894683180,1.0
2023-03,NCut,12,7,1628377,converged,False,681835223661203602743859237188822687974424137401664150058386520250153572383593119889908422965671968248519009893250896399186002617237833656859651810095762483788011088522788695492774116007176218176125917853475533036010174756039,309533184601626929916042454845561378071406517566582958625994463534267310328999876227667725885657405001339468569945088356076232606981825240463802641215649600356749898680339458286912616763167244816730883329350921881155840022740,0.6158230380620953
2023-03,NCut,12,8,1733106,converged,False,3479848162938459551927622573401841180501758609450950072215740727423055380325112965557645145961926818143866613636386364932225676595637129503671735824159713646134492938886575163431723667211801099580176769495556549336142272120101,1656224178458059563433213501186404234669054693901869707553361094805800943865097812151228968663048027938232526367060818293458457143219385674206867859071829979486467279718483011460482062745922967569303694070271234145784498230340,0.7643478670825855
2023-03,NCut,16,1,1000003,converged,False,254778721132402512352043760856521797081098157737291191580225792561778153473808326707525357088121402871526026782500089625944140386175731947561569033314461234430036563109437111614135691313182528431412919088847673211020407570251068888911752936411323903117531389765134885888238686654664515377242873203,82270750066467257135642657992474077171608908378198787718781983347724391270050440855646958290871806198087484001809397820271810326634008829688249316228555098886785812687201836043618035638758115485950090061083917766101975404065563463404575516430100989126826203036228777602757332031137255781300121000,0.9313125164480082
2023-03,NCut,16,2,1104732,converged,False,75529828464541618831493011949193371128319723690347276953665662596050634935553447776777178543754045391824895390858872837694053911158531555475244893197480434343649323728423775567895961353505515787312161080184565878848144744910542235115020877858339355223305896057976096699491084718317396478436459197,23771442870698714092539654957813359967813235297150649769284137549044018962381093175272713205585534038834004456838470656473247518396431737151759676782179413388133562678577839587907058781379588459810233657426292630729591433414736921383850649581978779362354166951594313946977152297791030764534182740,0.6378492476639566
2023-03,NCut,16,3,1209461,converged,False,7942542966386840070146934683417057996376953555142567913651979352221506563591858728560623824236041384683214584773420590635216794324973641706047315622694895196843418631303143092556945152810594962111903240519887576598828571809560484647239386922589949133328370117268293129872210261898744321438563699736717,2519409291042877704862692354075799594696057432314432121688373410482195194092713990660769572207439579096006976374396234332583593422587566382963893950950377132082040037116059475029697681884567488817715119977040665112736382793538798106024608640659940779340510692074100988093486453675296964840521465454050,0.6566937556121972
2023-03,NCut,16,4,1314190,converged,False,14537984344168320143392752413621369071520773495211097838388311152427983626197120885017207320495378586774598496077106356063504266357026120448767511644177337935403475859231361295013394614775358376292876188238514165907607591476527111369060708393237408961901556264223733396468584167538181031219786634,4804099106593320467019971643527352937266807159134374018187149425454584206976455432554100105293317523785006273230674238382791353748246390503118683363187097023580673551080322874571548649866889288491853334566972575371646717324852322562377034414032404146696574252141625107737467130355716857077724895,0.8090713948713553
2023-03,NCut,16,5,1418919,converged,True,4848001867630311671450769710321656689253999416833809144632019613051243315314829151059784880262530191254052657720855617272442349022689398120576747706693627670488604883040173212442628394218766942617033689099050053403435402591806316139564460202500472352423337051677128706474737121938636372669343951941,1606846656375633595198507721985914915624130579480364573879386563765888073370103646443766155893469230332908938399934913353548219800317138407696440691369406751278362160113302638096775967349641385841060844962675827748187203238161912593136583641949576673369682498892313295280009706517223081282362711828,1.0
2023-03,NCut,16,6,1523648,converged,False,157684633254374552696344860531517128390970156056991792303028756061455303093251712178743606731665773056388025001171078826693269859131094990641635545522997381863122536300479628230001347762358303714366796613881374302290970654476724169125518511287996610414671186706342501692700361239381943382999,50502959720142447611589147969523005887221748696116104420196351952386242468415698553122753044563707345636614829333423149202513882674535455667749699187322702273149174445459017623004549146403732684506011843040142979445007147245648130555807498118494041827071958683771990066159101572549159698000,0.6160744820440563
2023-03,NCut,16,7,1628377,converged,False,31233308713001591249531167155131186620909818300259147054196051977856157773909225885917117438296375353768099916735494677186267491427146326012462941137375490650165113434128414283395812574520197096419059381639812930310854563337764567565496434850584394581600294201540954181483617873094079548594207343,10006680838889968759308922842335513128796320610654107663175695101000878374683235242637436001928519783255628959261286975820067424508961947164876393249613384878416057278218670213465396462651778604082415775815074161043586514496936375957301672747548605143483091547456359572691016057691948111734774600,0.8192288154718603
2023-03,NCut,16,8,1733106,converged,False,765069100258417803358861366317271686359973604197242265109023309993620541051440198929383622613540248295471018609690759060039312703112033953492573174900416834876872777365302701343700592685404085845664835128915519375635483725491712482479885872770658866065123297887425939374595545543487785845364281791621,250011059868104080648434838433492589454184826618080337415785122590200143094101505468575335599953662065199803912580281114930517520617180929749577150935248653500409104619023411185698595893228685005349649444075688528788179617387528281831442786861131440793850710471333239416582028155806362423207746909420,0.7819653988738926
2023-04,SSE,10,1,1000003,converged,False,2903958971638594898720953241674952915959373527437082793017,7649467954266439526995208722162079661003326404480204800,0.6246615967532316
2023-04,SSE,10,2,1104732,converged,False,2498244709111895118989794686644014450030263458157587169911,6696180617034259949875847407234373420649212010383278080,0.792676699456597
2023-04,SSE,10,3,1209461,converged,False,30647152038093340291354179215591456247270023166684173920921,80733331071197603275124168583365808414320084515395993600,0.6956927718611995
2023-04,SSE,10,4,1314190,converged,False,24527545270156484323005362837569100734921194063521506420877,64587818226969203131438066389123188704485904677423022080,0.5603482250858917
2023-04,SSE,10,5,1418919,converged,False,84238560792750786101448706088522446485447177814708112597,219717675565018326207146571091929114816317643552718848,0.47636091290289806
2023-04,SSE,10,6,1523648,converged,True,5056364343573761287531844367904493803604654665291458041,13583576075751954979082779376315075091977601200160768,1.0
2023-04,SSE,10,7,1628377,converged,False,462484191527766879117352964694223509159922191650726273,1230596867093487577242342012472654935384004881285120,0.6667598273924519
2023-04,SSE,10,8,1733106,converged,False,116185569200787319864616974388230138606670488395559092781,304682470280259033819675242636914961922302238114447360,0.7040831650864416
2023-04,SSE,20,1,1000003,converged,True,1177244891494854421374950056349004289890897473898642017115533,4724438093545332859750486807706577073190756300043143086080,1.0
2023-04,SSE,20,2,1104732,converged,False,126141726040347229713397718791668556965111087150573161836230163,503463495482663419408465427250104995286439883956795788492800,0.6305910002312184
2023-04,SSE,20,3,1209461,converged,False,7381305191013255336323062290411585245686202402564643546022297,29308341656729881769649742968958518536200053772497243340800,0.49932069881155183
2023-04,SSE,20,4,1314190,converged,False,6606530975185869047366126921827652872700772637642827489201547,26146081310841062927916706720689729478984709921926241320960,0.5762392404147056
2023-04,SSE,20,5,1418919,converged,False,1638580373510511106278503243827723386841356762540140956375073,6378855775894992689966842555562521166167152856927096012800,0.5025238565537222
2023-04,SSE,20,6,1523648,converged,False,113203044009577284860429244714130182677556063568075569071864827,452453385465150907944255877229643090725499499601791423610880,0.5942122357626707
2023-04,SSE,20,7,1628377,converged,False,288686684066835605197803013523200203281791499410590228803,1145295085441700471213071275516576870489907337594142720,0.4331205764365237
2023-04,SSE,20,8,1733106,converged,False,1529732635868814202372411802432140835952971133537711207170179847,5894476825240232534842672314336457073686658567683128164352000,0.5252317992246186
2023-04,SSE,4,1,1000003,converged,False,1964704865483720750706733609973707710356743340135153,2863179139606790590209694295983439498013373890560,0.9963691438813868
2023-04,SSE,4,2,1104732,converged,False,1964704865483720750706733609973707710356743340135153,2863179139606790590209694295983439498013373890560,0.9963691438813868
2023-04,SSE,4,3,1209461,converged,False,1964704865483720750706733609973707710356743340135153,2863179139606790590209694295983439498013373890560,0.9963691438813868
2023-04,SSE,4,4,1314190,converged,False,2528617615079229679807602829796950129802600908915373,3263730077576532399179104517171608734593483538432,0.43257322867448766
2023-04,SSE,4,5,1418919,converged,False,1964704865483720750706733609973707710356743340135153,2863179139606790590209694295983439498013373890560,0.9963691438813868
2023-04,SSE,4,6,1523648,converged,False,1964704865483720750706733609973707710356743340135153,2863179139606790590209694295983439498013373890560,0.9963691438813868
2023-04,SSE,4,7,1628377,converged,True,324664467823822046629574364163408807588250514636761,473145807643344362248188762393282271409193615360,1.0
2023-04,SSE,4,8,1733106,converged,False,1964704865483720750706733609973707710356743340135153,2863179139606790590209694295983439498013373890560,0.9963691438813868
2023-04,SSE,6,1,1000003,converged,True,1375459942527108331754938917151045332277527118247110813,2703083883141835509375986903565348044774956314132480,1.0
2023-04,SSE,6,2,1104732,converged,False,4287560855713306660340907399491728429386302206001704967,8424074351752510672938647728029425076444878214266880,0.9625528363336033
2023-04,SSE,6,3,1209461,converged,False,337457180966843476634468664446026109853780840373313617,663176120431951510941448498197665870693686333931520,0.9976595674788072
2023-04,SSE,6,4,1314190,converged,False,4286604932893926528065910452938504674089174107292967647,8422218538086988599093100509924967578802369257799680,0.9664191287457762
2023-04,SSE,6,5,1418919,converged,False,22025612925134024564594007171526579365069239355497,43277342817014460021427137667905334735357870080,0.9831256972255722
2023-04,SSE,6,6,1523648,converged,False,1375459942527108331754938917151045332277527118247110813,2703083883141835509375986903565348044774956314132480,1.0
2023-04,SSE,6,7,1628377,converged,False,179174228857214982930527413589610281939631175252043255,352023152543553917675284998432877091325608045051904,0.9184946585506397
2023-04,SSE,6,8,1733106,converged,False,1884709205620609030665398046836406542017248881492496089,3703815221388685544620119657255914547886569270804480,0.9896687016364145
2023-04,SSE,8,1,1000003,converged,False,339434696883403890717314750659683747107472900743346221,772650377954653075261966092878034300579780174544896,0.5017040739748155
2023-04,SSE,8,2,1104732,converged,False,63506518078755534505721880252610057089525087303868438739,146053619070095856730434937889203702103880405583134720,0.534566644339008
2023-04,SSE,8,3,1209461,converged,False,5287598286740936561152901686718537055762750645178377674611,12014878674478926552233966074841028638707888503945953280,0.47575195315563656
2023-04,SSE,8,4,1314190,converged,False,32112608921123101151213247744117680681911620646421446441,73820799641187623425657833910201036169129383428096000,0.5490611466155866
2023-04,SSE,8,5,1418919,converged,False,9908833202789039649261372010536016252035792254779639,23143222836391869486653147430322872379758933442560,0.9301552843818673
2023-04,SSE,8,6,1523648,converged,False,125809006046328274638752115601645775752985278238119069,293660436576770183045351462236420816174122365091840,0.7855333247032376
2023-04,SSE,8,7,1628377,converged,True,158993965361030454319873579684881384045457649957194193773,371387645290825412017871545289365874967277426024906752,1.0
2023-04,SSE,8,8,1733106,converged,False,158993965361030454319873579684881384045457649957194193773,371387645290825412017871545289365874967277426024906752,1.0
2023-04,SSE,12,1,1000003,converged,False,446703218579791648186482369664143619571945991633564313,1280592976845005160890696560871685589990480029941760,0.45378670611657623
2023-04,SSE,12,2,1104732,converged,False,12197385014960671596687777397520756398698377913346283083,36145201925339966103440158087518669970633773306347520,0.4977639438070095
2023-04,SSE,12,3,1209461,converged,False,24222674066489604999273585927852255647783609519265945043,71514087574456533239604385034309716613900449622261760,0.7573367917482601
2023-04,SSE,12,4,1314190,converged,False,35709818702794891082313343972935320386457073009618715149781,107290002745729902497834088135973871844267981797578506240,0.8762248480035443
2023-04,SSE,12,5,1418919,converged,False,21387198670764290892988637863630522865256011967518498693207,61476721244936013932702341504375880091983725096448557056,0.5562197089337431
2023-04,SSE,12,6,1523648,converged,True,21260376743840245163799367869776120595760380169792401257953,63907817164267578388847863015728016000372092648711782400,1.0
2023-04,SSE,12,7,1628377,converged,False,48470932032545249244432314385838787286088675636310643865,141152296258641677065837637978156348839854918240043008,0.46667961131503216
2023-04,SSE,12,8,1733106,converged,False,120132894205938837087594943436568463062398708133633479326081,354410657384686753910458383880403606110166939114070343680,0.603515123090082
2023-04,SSE,16,1,1000003,converged,False,42155901863276443736741511434210943411178630379238836996119521,146783121257307319237609169556430724372207875531136848363520,0.41727452712561336
2023-04,SSE,16,2,1104732,converged,False,2309009584914392774714485788890664887756509269353346833773413423013,8146025320071646586885914258961415038130808784793162583166156800,0.4528082288274512
2023-04,SSE,16,3,1209461,converged,True,493004631719732373941021673654752710026408714949792231279139,1739900624251840029321030268055522341517575098484339507200,1.0
2023-04,SSE,16,4,1314190,converged,False,240284549327586278335969555670139504264935491327942502755504590439,837250526493386759533141417220745558291081337921441498807664640,0.5632317322893264
2023-04,SSE,16,5,1418919,converged,False,289556514854089474564922797438720358661648210038149442405254961527,977894067655164698276281439982717609499826341247158994337792000,0.5278000150969757
2023-04,SSE,16,6,1523648,converged,False,7213043502488491811827730710776260868696606725070391146471,25444623673696855227890712373341107167050587285592473600,0.6478899310312644
2023-04,SSE,16,7,1628377,converged,False,3451900181455937308016925008746139722121453943357116669368077,11733450380296237319142693456829097147529221643037069803520,0.49380433991226125
2023-04,SSE,16,8,1733106,converged,False,7062849663941644257973173568218319486689951877795248987983987,24602153564057094017633791521601695752238759248983071129600,0.39475626932231855
2023-04,NCut,10,1,1000003,converged,False,3502678220143329167306343294250555389294907408926684998576324855183254771509178344064776094752371108039483088890879021642577840402108492290852069353390650740704800972117923552431901845963,2319602442487881386462942995636208489456448030567484515119556761088520116230423546694774199927807587233372775001494778897539776110069100764976881940626953904217268367797546554030670647940,0.818425487148053
2023-04,NCut,10,2,1104732,converged,False,3389494014040046900483113712197171604291695274727681919453979571182890085843889327596417741428065479431107682208343248537412633302392450869165615558144492007857403627182329572076107533347889963,2474429528417600139932900370664083574172314146565022415848331979176640888510688658233846543749536499418721294240739837492011491584939041851608254625292409754447618805209689174919552902431252564,0.8600023614017189
2023-04,NCut,10,3,1209461,converged,False,13676718781928289991074292025641084715593863825614583608563541981415204064759347793992614031479298650411479272918694740607402315474940226250602738968366799496697518762110712072170501679872674,10201047806094815633300839579158862296224215287174796050619418167807415216639960851814545144826565866073669648110906595989230500945145933597030337857377368661753401573516105940773137025434725,0.6124803140953679
2023-04,NCut,10,4,1314190,converged,False,45271352374305293458563362982206837443935170669806327421586062922263107421488421479377415858883395756456725470201600106375405021533021351014897666493607467598852839595597334757763767,29916276933755770028026984143829602406718877615766994774465193383383763421116169018109309509782365146871995727054970394444008161073264539862265554977403876113555633553605928038402800,0.7970464813508593
2023-04,NCut,10,5,1418919,converged,True,9768927964545572653864011569275344336368548197354979876447854708121528870825194169712139171029063088577719797793882384141405129618864921001357420856851871793536216069780936297054099384669,7571573542500106937066587935204698047790403606924722095947864560228018843356837510063601485183806696370206583708547140625248228019675193459826534716687080676069323554281033728661645378900,1.0
2023-04,NCut,10,6,1523648,converged,False,2662349655788859624720814148820479661355707733631043675061332878528629680740020727628763502809045380160355829784838720503418327818998917483206565331003164088864494578690060278674737052203,1774152603634620044021902493270009956975763080960786052672587032996454636174272539360694632064262615770402739404970699201970967906460882928476560217738911668236067178229795217918556090960,0.8313042718164854
2023-04,NCut,10,7,1628377,converged,False,11420359363825151150904120644174249039989409804436938699330462608229076089387029533811505503378918725657485634755200964503824287921047255101929958608374319090514330136933030541031206272816651057,6962397910664816294970996973168633210304370070885451782316285202398969962246417980000345731363310011403380724439184060467581215517621889995105420105123836940608695351853033589569851742058533685,0.6187485096391091
2023-04,NCut,10,8,1733106,converged,False,1414223740991142143032573977216664909108788719616994783798251451260484137404738304693635805044065891352368689450625395239266144986465406069461880367268665444627053176496748025066003959677,1005043994956844018922319980768738691458298223144603116784195805251326591326779363949048337476588750002802119794256448797562478129747149215971738986591099135176307484586891444857327295355,0.7520812792384491
2023-04,NCut,20,1,1000003,converged,False,68314624357243934071938980543849428366051598627866576227452267610957546922941361737363593606848088153530357726175349859568835399171269389007319596895605435327829906539761628939470785174006393851465355981063472379653412898305199668466957872570942312557821496011092745102752319599592360581139636077372719237704472279078957594984450251324001244792815671518965351981402981,14426839345888692510307741963449736086911990130614768737824669738374003260023399479393055415235190308520783327621766429428295535936196694093474227613372529313837974795813448675915875499345239445889724881997913276764661041568144986714623204646790944861151315127726539663436414767939175605520480034327717767228574952784022925334840305819091613268412398546350926747377240,0.6610944412682029
2023-04,NCut,20,2,1104732,converged,False,15076930681341324568632502461686400093524406831108530183813616603454772031877354029691752196672867828071631949901774067318203125013400196183288287789892356215895369988631172980784552312858621529608294062220823916965357301026833476276103062324084143668731265573157015486760519596688189019654953042196527651318066810644891766717048190826682194753443565773874374746890809751629,3372363665805825851429158289906100226521217389252205802684247994418954438138238690048645453510605823169524991644723929851899010640532954924603989781050793609183298010732577145853821739827314693775983788836295265138305082207348068827091733045822050050434656994196020332150261202715253711302485764576165512988430687877095521337164390272975706741639055051621185409126874648530,0.6229177810912802
2023-04,NCut,20,3,1209461,converged,False,249932687890970610195287581677464241766554525828903686518883563157995771210793783069162237696198218462707936342967855160626229671491592274823058666248195478220624885658583854788465357701179709061737306543037319749497033447291541577138042505986500833135643980205599976416029780766997955786852515718360894978828760430763883281628183533664691639934584189989882785105727500487,59112355769219506240882642012996714132705535395568887750368410005204183187263511592826599232458977168280522566327841333752642664298195926306988356084807200134422737802812136806979797100040257405354209716527397557431940558669373825569436819012149846196280591809958836567522187101743338296113071070383645776817269533898108409222014619337854391042504985658707185023074563480,0.669522290725775
2023-04,NCut,20,4,1314190,converged,False,566768037305521386523230269602440390289495132767033544775270058485991769624102408954465345874992004458355262446075879621001707845809382905122928823259264203776714668012555808366961898273004386268040343541502867673320292754573019778558544400130239981360969879877465295769932337486363019754019084225923493256895512437435124265417614497375313918414316778256006714072197,130241235222627537489393551302912530109341180628178621063575346752665987760838663231950573572007174865787878356689335943065034784822943116187404964602850304837916061469323878320499788474694164660707204489173402710258622347978778684208566646270208667011715960554792743815387946128513762115458034100167124832348205972754628605404220409941298685157831065742955481068875,0.6208789287155527
2023-04,NCut,20,5,1418919,converged,False,435040210859486026964950240797031786603566164837365999550995119364672850561588718499206951453176650012719514257235765974702726783684147849104395852195428090800519911417377661844974098944200079728748875517317409288264115444608822604341824593776009663643848712824817646984582731627056529829122245494626828394113837257555113869812873782438942372208748757666297721731754164826,103542746698155031760527742982301117900967787661131282858565323750200944714033417605145010789980190501547344564331283537142902585285038655326074302572125065177115202580851819363382841911000412681833316715583012353079410375855114071457941832451852241054851745417960043976968971063710392662926401815448690763233975102892323455074302624341696428992862261615829453034792611205,0.6604476889913121
2023-04,NCut,20,6,1523648,converged,True,21737098657117074933991694178403154684097934660709918183368663590198159512919524590048449820185802856618315631998783264872450108267521091363817267052237296362832036917091189275024690747071780288765595778571990993354580832130941537793230725912235210380463736003372839657461903891313479912502438209480924597209481774952731712230238261802661590318692444141490727830458866659983,5593306582897347084855849875691066805319388736884221574980592219236620062229117890184152548051096261720267542114162608463341565668549538765930583366739499042758644188570546700715007995467322787493809351876616931244356692257389126376328068630255246972623759597387694293656162474296579011378067528749781246711832378990622454826154481892485140828789186875585740524519646059960,1.0
2023-04,NCut,20,7,1628377,converged,False,3580492504822923013112317201864206424340508724398856906979790835375560403952066457694516417448049406282470031794037818507556442181656583142968961041866431453335552502320333220742319725440857656338727061558392016668191834081709637353882219369994851652590319352838245664094546597127245484016402718478074525572891083813514929451269152935943890598369300149066839103461,792419593553935768992762714071509812918381453293553350287388170402370865384599947059550281852010388284792090193600238429264525456789680955675007633986778923555548955414917619168528360504856649810925315032238492375194980448439177582237249424565262861522833564547797586750455361952109262115377021632239305963605022746193484565904560590758579601947663305156083160340,0.608861786641611
2023-04,NCut,20,8,1733106,converged,False,24285612536200375838504209267794199649182111072159083026718621363669828073646913024861342042567075955570480195787164967727233183537389087553356913385925393885816127317856668177720592108593652364767171151171925806992833908954490086996209267017315810899149998322278941308401897431383746458486529775753238037548832731841144018107141860207522659356486928506453950815289,5496676287110250755424080257123147991424254178004777390300215968283407425913501610413634294047901245349142913295914520959722043669226418995956822948924440213748652767939198323983576141624617873992255623811274230030356698075488407212685513142810954437278510240859325509115365818487946407962753522107577775494653862469123453115950802796233226330836556696374079617035,0.6230646545613736
2023-04,NCut,4,1,1000003,converged,False,99444274313201412269889075689007775948897945850182326649191691394972977528506547,322515193325231037785126132703801013329255688572927101563787636713429457813812785,0.56255856660343
2023-04,NCut,4,2,1104732,converged,False,5518368515344173320511331650326851226947068151357932530209257045721141848912163,17266059014057294033621966876478483337631337127275519310455601456407198306779535,0.5563716208121657
2023-04,NCut,4,3,1209461,converged,True,844961429504648531656214865916475736383931941899444482455469973830108072585161,3637997506669451092209223436728696358569863884015119008734434339100442922807725,1.0
2023-04,NCut,4,4,1314190,converged,False,43499588767991382049790616066415016203545055533782241880180689009102594225407993,139758921927472851011879728919337795498938457343341201631568490206644121855347769,0.5571667009446664
2023-04,NCut,4,5,1418919,converged,False,11824601035192820421729077117613249073952314287209729114912603442773520129338684,36786485182844149228587140895095089513754168361959043553932630828393629840320671,0.5488822372347079
2023-04,NCut,4,6,1523648,converged,False,43499588767991382049790616066415016203545055533782241880180689009102594225407993,139758921927472851011879728919337795498938457343341201631568490206644121855347769,0.5571667009446664
2023-04,NCut,4,7,1628377,converged,False,25710671158070643488307690550965063289144918594319472133247827219814958504355937,79861170678621782272761585010540047733754455853758183151921985914237747217476455,0.5512193884420098
2023-04,NCut,4,8,1733106,converged,False,43499588767991382049790616066415016203545055533782241880180689009102594225407993,139758921927472851011879728919337795498938457343341201631568490206644121855347769,0.5571667009446664
2023-04,NCut,6,1,1000003,converged,False,26251448923570531854017070924566276909875053513704310246696031577938419681462044645293841163918265791004699628610523,39063440836810655962200805917345177062416144361408041271017049435412136339450719989447711937058558512958043998302762,0.6747150130174594
2023-04,NCut,6,2,1104732,converged,True,116782590396248507036506117818021750251320161868706032588406233604620467172029747094414681475516585528676991944910537,221249294491286938583082653806563521698653415217503592108311466342769824006886680640895052495787539757846474570935967,1.0
2023-04,NCut,6,3,1209461,converged,False,242375757177969781661376368046837247959641928218755582405164284513090036384940824316939681569003531968130818220456213,458612805660495267720565449894951259081680348078844357602319353065343602626541987719098920796812310737804694674915862,0.9963548535707268
2023-04,NCut,6,4,1314190,converged,False,138567702867356793219133200824620085531120194116951152559802265671558379973016609578917272151730421523943937618282127,221541248698955854737434319568947289948565480376595411685422090617787385441403606768276666838760159479596613108017411,0.7923640915272088
2023-04,NCut,6,5,1418919,converged,False,12572204545527109683936264642688607877121884745889732899382159478417848302045040388127683411239262664462909877955406261,19179805940917036668409856981447792933997266446681134168927665648802687552761828600895943486998724002999381260430866220,0.6771407856281797
2023-04,NCut,6,6,1523648,converged,False,1319089804928388556272870393799986360051306872726951756946318843377154255840738549934866989742153214297818855784140848,1949722680968703121254834424198665678657569976725427724857707241418373552522450667679611036890055258671873982638287605,0.6770293833896285
2023-04,NCut,6,7,1628377,converged,False,7127246883895972549041396280264536408670348216424704558747288368175932538503212354673987909872128049102342841408648,10748519227618860226163200161691379421858354536413078906280807775237006669292194572992629571235360998444885133266795,0.6812826132074995
2023-04,NCut,6,8,1733106,converged,False,10565369896243671239497102609116169485017411943468381043014035975779652086056786925719518386739037821036006933792569147,15953727998376923267294803446298396717786535064460747020490489820132074169724622173677795904662617084897560574124348820,0.680658142372287
2023-04,NCut,8,1,1000003,converged,False,42433171913294185402278784196620440135891907580046011652267355906145057106832637749743489201142328643004902670834254360451449407735216073374731304362,40372254408252792766495782844893586434073283601515851724225813548301863342199703985536572176460391126659806393157502232852528279540852344747071224125,0.8229072024079361
2023-04,NCut,8,2,1104732,converged,False,21893085596464485501637090625096482615665272095572715264893904848437449609004326801056669257306185267318069783765941461828196803344028742327922442120492051,21448283909618177848621975412491162319132904617222400759587014310441768679113325520048738461326191829747463637161562083354731043385406276992047402078986580,0.8169661367474461
2023-04,NCut,8,3,1209461,converged,True,38462754883599543785703772245571968117102316059440197061426073580745519170178928917095688761944130120084703327288570598564148137948828056570232549978671,43758848316610661356666695372818411774568664167228380630819953159770388740105893588007874690466649025445249702868587079646080658591986529990547699656785,1.0
2023-04,NCut,8,4,1314190,converged,False,15861117580744400797366361147267301833058479372854994243952131541425550443772949204797169842512357156868419548088351354796164082134847614989272114488954,14088870434591818236228299163008468938162002275289427000625424319265362318690731695769890180200986008005280838442422567898398388363907522638364845475565,0.629305620019384
2023-04,NCut,8,5,1418919,converged,False,3239219457276004335997010486216649403976962190546474147950083896920840593838149464344398208528787770721909316026208279802081584263165930315260659777389381,3115372191940312795222050592914028498884868023285167477341862438957454305723110000135984450885025933353610251845135762575148829279259380880787862633465380,0.8367744900103127
2023-04,NCut,8,6,1523648,converged,False,128904048827402654477696840860196766352215158849458235460155847224325373351859983527397259664160603785734534295663382528933472138339293667799891451944654463,128904610211194310576355389420545560867383863018148443521178016374812913300365046777403988778067090806461952826747876973238678716835246313236982268578697660,0.8253825474795969
2023-04,NCut,8,7,1628377,converged,False,128904048827402654477696840860196766352215158849458235460155847224325373351859983527397259664160603785734534295663382528933472138339293667799891451944654463,128904610211194310576355389420545560867383863018148443521178016374812913300365046777403988778067090806461952826747876973238678716835246313236982268578697660,0.8253825474795969
2023-04,NCut,8,8,1733106,converged,False,332835321629994907075471507523279151055612230621212499584501430906550673328439514529560415133030683789423355548884341246490784865074646349126141558708173013,323582247338775929018557453547325804979984171572468557823360007436948226409538355828264903356231019287036400073874579519295508601853749606521857980601866880,0.7845301125775556
2023-04,NCut,12,1,1000003,converged,False,274974128779424536357221440319067009519327778729521854938513985838054690339284987053199569230107145954479579008761062074870632481426871859749843958738549897969764457503075319702119113015117018972737199872973350345537538190736351,141198372115346642964360170287442267324109297386787726750738679237618221002160206533577334578549607103193087397325834775949141866993937685149676484897537220028584737527654902177345928228986174071729849575237061769985906926983520,0.9209428196761437
2023-04,NCut,12,2,1104732,converged,False,57661763516649781112012395755342072811048068911422323866445317501580535018332688545402107789865151513583566510397977291080493127702129445155608161238971280358052913586166822967037676775452062741248417373111813415500930699344877,28988377912482113134584465325124805376414436072332084341253305083343807365454635073933662585474264031597307731359702423729372027928976508623864381218781320587231399086293564575090170326212155271410044997713704890825876603085490,0.9305016497281797
2023-04,NCut,12,3,1209461,converged,True,383768899731946350162191360014728363706281685374718954318573113715532758715702226809478702026464830818787013433704426350513362208395856205541157389214002890399500779834804749154387568142924597736266007548988921993406580133,209388840186854204517422785667529967080293789843445439631989770295834963429028446606586382475668123351211502244186664307263666314126258221386921458090839799582911006176346602291855925665521305667258476286483216141578484540,1.0
2023-04,NCut,12,4,1314190,converged,False,4312421084676814369410884669381722706866344831204040201551738288227351118010770801086160248599776831979045994254484228899447221037599422512910656329511868107134795642426995363872803790077682755953955605534253124803705845597166367,2201636643881384787602540735103329376987947185703262470068641549687093043431704013995991175975560642808602955520036580952663238454857800174329583265768641040989836768413849601636316469849820593691512278240646219328932806571251425,0.8990767112045226
2023-04,NCut,12,5,1418919,converged,False,1537342291176366520178383227440330003946781320732844672313889938617440112971902299875866489823288554817631196884052392362584313407857210371217681687803920229913968703483265343717153912381783412803530638695433377625148351368562293,742659781587374715117107715732809835101425066866207605942499208225112864201657118098415347567262088544577833665701646195735069681314341895712225415297911296316398237892462022146922716549401676815261159961992232017236381050982820,0.904094884989205
2023-04,NCut,12,6,1523648,converged,False,630793376167275020054011666421172189072997155486223934146464340643117859054410268935919624546903248983113343168216290369594435219366710988960325296375726727694718438938322292408658168895478568862380871104176772528510161929043,343038740944307195112060725697029821393165914613208918785768729042771649185357952038619869611476788681785410820153905632242796945584956938963508005427069256277266507248804591860734295172984480537306511269744017435409419880280,0.9898777053346403
2023-04,NCut,12,7,1628377,converged,False,63910926836074198154049358795543655161092569362437952382537509362573710712245351234292029375152107392839304594433725274481066562181398389928249050359400516760599325676488657902533556333397585954049765869001808990441361,32399047089076536966025787493286198428400120482026880155923773974431025095294463537305057288567475120356694728237428528194699761955343767330749217314540398291958650369825105223639264727593016667444354897883896934283625,0.9360110155535644
2023-04,NCut,12,8,1733106,converged,False,226881982322985733076270799914658915708746640544747443623402417924009354400634203904020754910696884435303360135289486177091086096676086391523042645624282387787433039932579554292492738963885320671631292613546983908472236385033,115940074561621586737683948524935579029247305127143455691641422211973332866875073460059503850014767367282394924445893595147861047875064041326300298598395375070839281876404096162727830237550260645587678028709917786800460804200,0.9400165550540533
2023-04,NCut,16,1,1000003,converged,False,1158138439111965175199300614294284625571931801905282326189445719307540253386145481632629838281362255230901923450630894371061860374476485746656193500575018776580055051052321460221224715624885479495685085662676342349832419082843157402321261980644498191050715202859551743035106260492558989835577543982799,344629520068722834335310854792772522703593704347981960938536821993819516627947617398413728050633726295789987982802173274175699153845445094678753201359743294869482933086599447879008149210567557393099365574995609104383407826546016491826400563584896819912934172835684388249232803688267405092704447258025,0.6227967755628808
2023-04,NCut,16,2,1104732,converged,False,14114157249478402587219963937594559925678964851245627097749730667996236309584919652576908653644540108405553497955284598629685391424318190281160652756583607120407468543235360096813303641051226993596127780685376860006570347149795049370449820454503708457278726716792993951013125079335976079592780146181,4330902863295140923455935780683066848091951939102384379334039908882284139262702397516951894448686941949589079389490084686820398200638406842110191033893951251828927633709279105970100227573851145261599049001878390546052715725039042858996694134075378868785750148313560365058204537993473276744782731600,0.6951797093397654
2023-04,NCut,16,3,1209461,converged,False,6219501877545299269001240926864249163691818587298088852409930207632374111994471189306155756140466086435826780292484802488098479994583911103209110179262522706064804899418033133375489460884605842161323061386301440846199889903056794851108842934997579282183428427125690702935422893924175656611356666091213933,2083635850028625461741789097858894168115439656190008748147937544904534369526973109456443039938079501832292174965730172886805058217475572157530070584196092642465301720029376109770513485184364334972013631865339117808583802828238576011764410946191395022657010680519375297126701889261263421747205685053301925,0.659915741831118
2023-04,NCut,16,4,1314190,converged,True,452635458680551471291434865119974030692898442679854574035159863636397790837632490881820419422542324270236250952440463743610938904102709434404369283084585535989140360049290102277687948860227536488091445791726536841716013414657391926762559518983061389245575655727885051222129474857538191253343039010548340611,152426072465812449477485117873532461251783560598428273441049283829028161419402024300640322610746302016591186224681639200778375266299330211366759538264713204394447781217938224960478771565857411306672068612906991452845150295415242438804594190939744027494441437981271894442434641990980229431816061750479853184,1.0
2023-04,NCut,16,5,1418919,converged,False,51394270900259841712370920957994072824029564037359341585660983053451802315371753257710656258705552534512732400158558867897610006035571734106837301858009917781469348912261012167499895806778406186764131402126111165176275389086679443783614754787955226466308174320163523023548690944981418211910154091634911,16570321457360124508988962738076744258974471122454965743186246581405791918027061461815884166737562137371272328550368692711542556311139521312207073178460595150433095915423288011838448032298060663440280298767118042969324912131422923218832532706649401435822752336751046155388964210244722322600310832838135,0.8383885237347778
2023-04,NCut,16,6,1523648,converged,False,2289536272235448047052357930880766942491323649122774017309394461186344150405396173023553312558112909642313541239389998976149362514186748995718830418440043495937490736189059309262610510081427155838134999772355674123812069167169294571092464380510968766888252320452334278268283041845219371023817382061,767009531981159557508675937170294159504919574198637368722867816655713522926785791166359412494030945455534563476491440989947804490891270785637911616329564857957426682301767860636469792973042224793095508510898687392109961819592961675921091309945952636579750306343590417455576474457647787913573286496,0.6782852692989985
2023-04,NCut,16,7,1628377,converged,False,2524385447882339204831883135569533691960375259877366264401422252939091197518529364442222229109184584393750795654172454311700613562408986258880772961589522154260719187180270712811148600308073864802165508368742711999336958628996174581034104706909420440694276513356660926247993684334246481480173266607,762445361050421954959714615821458620428588574259342876932397060374066408043829493660985383318042609937382668247340168409450175630612596301133278760954274184268558697873845920280450952792845833153750213545981528079221061485113212107397662816650435590903790871874861827159476781949238778661343468980,0.6490367764623793
2023-04,NCut,16,8,1733106,converged,False,36602291995440830827502319635140028794804051488285788643270067771655457754872000165031337953233782763572827938805514573600682286114619989507435720351796603378115991898403069626979108566771478520031054777580860022354875033835082521467948416085994322899334049235256492164653604452002077654786316555,11861885576116996175944144743859123418500974434781574952131785892296785779609700608774070106771455886339741302013005317536020028423816884830742143914954794194935970992748754018890425432607156341064942329752823037056257727300361898480824074955531825334213824469371757927933913413915586763658742996,0.8463920021068212
2023-05,SSE,10,1,1000003,converged,False,167153751068648275909157824651685130842401933539247572257399,427301663154755202569523074075160701077767674701849559040,0.5024774965719431
2023-05,SSE,10,2,1104732,converged,True,113742461405894411235927838719205432335903120885667863,301663513499614746118778433498756335164708114923520,1.0
2023-05,SSE,10,3,1209461,converged,False,28454522030579154892401773131891518433979459425104931127,75390915816519740575318952728207555031792460301860864,0.8839222129512256
2023-05,SSE,10,4,1314190,converged,False,19444320639220931795719501513170120396577701401783507545,51058112531427438919587502031480503341209126304743424,0.6142282835903085
2023-05,SSE,10,5,1418919,converged,False,31334478699145955015527886199837824721220529085045059087,81059813545921958640561223905957931845796169345138688,0.6204059496357514
2023-05,SSE,10,6,1523648,converged,False,1461328687519318587475257499321493154611143099240254013909,3780249536057004467521016448201914072813306194144788480,0.6880553757527663
2023-05,SSE,10,7,1628377,converged,False,3223737813138299723061540602205174302911630182126001,8492703639976283925113620185625528389051120353280,0.6660370043292565
2023-05,SSE,10,8,1733106,converged,False,2678177358776646485391554992038052389438472081009589070517087,6831397310544187852173250158702026040185792826993530634240,0.48081104350595516
2023-05,SSE,20,1,1000003,converged,False,543258606034430230412152416754742115016572801339919378801,2091839043206916720688345506251051725785050047781535744,0.6689341370102622
2023-05,SSE,20,2,1104732,converged,False,10173457306097432669720713213295663575267041530763733021710722213,39015525825157394153294052917654077974893089107519469938278400,0.5905854705779112
2023-05,SSE,20,3,1209461,converged,False,5699218912988607540291362047135224982643156030536284799,21174793556135111814848959643774854147787814705561600,0.4106878679204943
2023-05,SSE,20,4,1314190,converged,True,1251828133160608278095875442895846791753276235499951236669189671900627,4936083118716364100798823949756427806816367198642871119608817909760,1.0
2023-05,SSE,20,5,1418919,converged,False,82668144044506590835279857632999366635334581341627112584892365899,325105522913091326263154865155320584318582889212621610140303360,0.728563244452569
2023-05,SSE,20,6,1523648,converged,False,745751001287022307443060176944295241665075567655815466031229231,2906762552718386570249661127030870567928462425835335990640640,0.5526882532303256
2023-05,SSE,20,7,1628377,converged,False,624186933184797462881399061651885507137967199299094044262213,2355918180981533760653512090715626104769845333786309427200,0.40675229718007394
2023-05,SSE,20,8,1733106,converged,False,15747700055545197240786678838798869519463940045596926725225558941,57375409706688880129209930964759396499166700889565656965447680,0.5551026939948486
2023-05,SSE,4,1,1000003,converged,True,3065028414600275242333566927644312640044644787532141,4346300878797155495891203037717973026013918003200,1.0
2023-05,SSE,4,2,1104732,converged,False,3065028414600275242333566927644312640044644787532141,4346300878797155495891203037717973026013918003200,1.0
2023-05,SSE,4,3,1209461,converged,False,218856996931278512604780470425057876192103185205293,310334616703870776915381226319120430728564703232,0.9973806311334994
2023-05,SSE,4,4,1314190,converged,False,5878301775970309542396944621158926979460103457693319,7588154067912241093641677206418074231880915353600,0.45111693012923254
2023-05,SSE,4,5,1418919,converged,False,3065028414600275242333566927644312640044644787532141,4346300878797155495891203037717973026013918003200,1.0
2023-05,SSE,4,6,1523648,converged,False,3065028414600275242333566927644312640044644787532141,4346300878797155495891203037717973026013918003200,1.0
2023-05,SSE,4,7,1628377,converged,False,3065028414600275242333566927644312640044644787532141,4346300878797155495891203037717973026013918003200,1.0
2023-05,SSE,4,8,1733106,converged,False,6181872138498039901732724465187829795472377609807835,7970384391082826116096251170524900370292286685184,0.4315666185146555
2023-05,SSE,6,1,1000003,converged,True,1827566359539340270718315806581352099024997637614911,3527401297249503562206842798312534993441359134720,1.0
2023-05,SSE,6,2,1104732,converged,False,15598628675400749511154994928477188965628498352772177,30106715986889791123213712750953354356019393724416,0.9837228725675206
2023-05,SSE,6,3,1209461,converged,False,79126651522159972101182215860413997031674921184475729833,152718457823736472995630425780746790375098406834012160,0.9972000621304825
2023-05,SSE,6,4,1314190,converged,False,14657176870540368439545864437253177251219464213427111,28289901916361883876783246449736679419227217592320,0.9950467315794046
2023-05,SSE,6,5,1418919,converged,False,5650722388821924375776997176997503660747204120241246587,10906251995940197607057214690981070958898444322734080,0.9897820273705
2023-05,SSE,6,6,1523648,converged,False,1827566359539340270718315806581352099024997637614911,3527401297249503562206842798312534993441359134720,1.0
2023-05,SSE,6,7,1628377,converged,False,14657176870540368439545864437253177251219464213427111,28289901916361883876783246449736679419227217592320,0.9950467315794046
2023-05,SSE,6,8,1733106,converged,False,79126651522159972101182215860413997031674921184475729833,152718457823736472995630425780746790375098406834012160,0.9972000621304825
2023-05,SSE,8,1,1000003,converged,False,229752727203432332099916903184977393179870952403654853,517912547521242430431943568650768962522636582125568,0.46747886615853307
2023-05,SSE,8,2,1104732,converged,False,119730037872660868023619048947345812850172001154004192757,271318875583688409843406886293494375226266567271514112,0.6483995299325374
2023-05,SSE,8,3,1209461,converged,False,1015319157963801926750523267134683233272485331510703167,2317314540356149905297990874030872581763278705786880,0.5146373205500503
2023-05,SSE,8,4,1314190,converged,False,119730037872660868023619048947345812850172001154004192757,271318875583688409843406886293494375226266567271514112,0.6483995299325374
2023-05,SSE,8,5,1418919,converged,False,757755678977680962207702824997956706905666127188302797,1729563945260818287709256516786436223042013731225600,0.5187340106684576
2023-05,SSE,8,6,1523648,converged,False,559463228004916417176416948799562324948045346151141395,1261876170022914179712326320358863141306419891929088,0.7570022382892596
2023-05,SSE,8,7,1628377,converged,True,675868962525976493406057649191387962259955057554897161,1557757313459716433937037471032837585104369205903360,1.0
2023-05,SSE,8,8,1733106,converged,False,5275206304975608455974073874762482624436183683457227009,11876722688759770982671227459077380100679824886988800,0.5335335906717529
2023-05,SSE,12,1,1000003,converged,False,252907786935358545341498330788166903850004529468017,742192444727364639559442456698334867333201264640,0.49298771259601215
2023-05,SSE,12,2,1104732,converged,False,1541743433227606776424784919994345176466370570572130288033,4466808165913018165231488895700313190729220477933322240,0.5083306144955096
2023-05,SSE,12,3,1209461,converged,True,82400024488730655339687416441533518334895559099235248793,243995950147319022161949963171500483890944390306201600,1.0
2023-05,SSE,12,4,1314190,converged,False,16551031209909907654160453923982784388350124997460486815987,48942009318904552048400143559069278550407337867508449280,0.7258208456500064
2023-05,SSE,12,5,1418919,converged,False,47572298749229842085757485151217415945283983931172189831,135759976812552324887748624763900245960183029484748800,0.5544738987080456
2023-05,SSE,12,6,1523648,converged,False,42482846600894927874175422964673230471032842074628607166657,119896999302315635316128514765992939214034104260115824640,0.5471934794894057
2023-05,SSE,12,7,1628377,converged,False,1722214949352884154398814649763735062502923141592080584139,5095383472368888733800123291006044027913455159948083200,0.724777976480933
2023-05,SSE,12,8,1733106,converged,False,406467184341747922397722942820942585380323927030456418511,1197206226993859626020801928254662430740051203937271808,0.5588059146481272
2023-05,SSE,16,1,1000003,converged,False,43460018533327392555449329107710874261225177163273507,149497369093326719027076530155530287996775935508480,0.5089988111324197
2023-05,SSE,16,2,1104732,converged,False,14192102427648736152117666796962772180289363081427846685303589,48405408243727144375518496110481896761534811584730318766080,0.55375721656298
2023-05,SSE,16,3,1209461,converged,False,2169330671429292300843873474306160089576922579308384597049931,7325309210207882917376613784441830292893070414844270739456,0.6534164324742101
2023-05,SSE,16,4,1314190,converged,False,7956167739254045054067417273255575437923350150253656848271,27202739785396609428147586659530009146001524613185536000,0.6129562215474129
2023-05,SSE,16,5,1418919,converged,False,169996644827178121035789941365997329914945234822816302183899,581381880908654941616219051346322739738612388905216901120,0.41941144137657266
2023-05,SSE,16,6,1523648,converged,True,5880753335434016444985350056470858162386548398737908773843041,20386763127189311663296871378699572583452049694647459512320,1.0
2023-05,SSE,16,7,1628377,converged,False,584762075461317086920157213273175585757145286269820083472113,1980753961232879645332716415450512670126921159225575997440,0.6105079495159874
2023-05,SSE,16,8,1733106,converged,False,6600209363848726033784855910697215641839490698742107175239,22112250595553787699789340166378207631692772255832473600,0.5999050838568046
2023-05,NCut,10,1,1000003,converged,False,11364824896961685451855648818951479734997164284015285654174176267320161176778561379763728783330595774003175728236297411180988675163253012261452746656248773848249176536721772389537381133112507,6527202859835633280312361565360650470314693336785446577316834241504293056468749056442548256875703302709577926222524685841335445759201255215314215835006930931308422950597315136308501809953782,0.6022866272109719
2023-05,NCut,10,2,1104732,converged,False,10799756767640917787677062096714496617422653318465996364891899831387921319971378188674443140420500438541185464978157292634332988194213761051623329845511852397731337501442941644492956891101,7478516597191201626011770058821255322988886949810297700225770595449370178711974943850523270520160256697607967877240496567819315202611777784797855677421744791378619521514211387466840566720,0.7399715095236293
2023-05,NCut,10,3,1209461,converged,False,9916937705481664852051736583489209561382440275665750854694227488162516619283717328207425035215923017869453732901487976461383886281415134452100965888336928690457501559079587991960673665467241,7268232212145602762926915407122953714510350106659358513966645419658507298630158554819444707191162005172289806218350182942746246320980409407429790847109901848808450243841251448259958711953350,0.8142786827853562
2023-05,NCut,10,4,1314190,converged,False,69336523392198978820021422069367027789716413163547291732541170135174048162602728118993778519740077811307467407263950887861823307878698301615353855144320750899011986125584592178704536303,44993254374734804316118565897583093530314971522785058985667250443550179765876081362992598867465260002216700570363666710986735069210505850537528362053121383366528390389300547683140761350,0.6462938294726367
2023-05,NCut,10,5,1418919,converged,False,9519031803961285822141252254098999613431170152452532382941223194186231423250765817645644882895780784935432268875789944994540813347005773978890468819530847014274735084781028210335952569479,6741943373621160679876828187352719098885772862919796730924973595237113368106528841689451810266055838825057159354382557321457653438777474110552290787739998767238804967560954378932920874650,0.6223360517296147
2023-05,NCut,10,6,1523648,converged,False,15958251199163342890791349359654334495525125749035410070657721227950193262275540071823235276477327822336317585327093501354567392718701228671459251119726532920738029977316100021242701476719,11328272353306138786888925402732989280170996967478101015594727171042423653342013088611206128350676556713685751962814016430649639023648440950587983647282217618721176846797737912775641625840,0.6779641258753673
2023-05,NCut,10,7,1628377,converged,False,449518131300373978226122739564613713809706530359080770832261363889053470466277893970040285738182975555261013182179785595161945274144488596275494525025834612771014144649139288474443440121901448,328430060339733647122560125826336454416991506381187664537585406676252599457038354433882775596366071985721605533360132459551507402797646488296000600201032448696590590838290091781381506168711175,0.819573502246285
2023-05,NCut,10,8,1733106,converged,True,1247314816575381467467310996019062287043059967175739619849908274578027483051482442528441428689174311095397806497499340076659740319598500511521324493734666801747323106137989018248245641150275567,998129481730477190112267038843441610748251988030868188815968265176682923219075834012277076371202103184718415568522156849692098105429805862828921595091474456554832782974448109958164357238050808,1.0
2023-05,NCut,20,1,1000003,converged,False,1275577393841445318365943601165555349705006761472986518513579958794652762529112728890777443580208112716904129998863872869695859734581530297588807272050240070143944080907476753070350986670017107722959774884199829086257599005069667620681013964566704827910399933671242055592776450156222082990351937457624023956350363910036556197290503170800182164802199396948818124390080527971,279287574502458027560295089153129752926923519957192927607878834905009223606563255090101491998241414090659473900174662885176849641213420013277261876877461380139420956296568890051654079745170263335386687552283156717484888934687642304321811461808519233624152411857134056998104884796025453850487185242089699718050176610222805584068449459749195318583572675661136920506273587866,0.654534747880572
2023-05,NCut,20,2,1104732,converged,False,7047638447419636294586807751329519725416209088690871180777086861180747369339139403672183461138203696144137568380923100285722189188135313811777857162103465830491871952872866295489639729585627347423845785247105679186403503552600042954887654712721633439721751047518093299616511883970431633386410067495498734356827352648498228597341211441964555595450552093417174500991609,1504465360817218353080089402329394117409309018193567601946961267693285926170616162636670848520995464916302998280473219927972111175557861581722543598473870158988569015353048722088863009752523684679056690594365042015250194886739315881432014366272250905159161200982526648043626639226460496485971569255277408103945958203413798714896701031407964965090375642848529678806200,0.6676859143466981
2023-05,NCut,20,3,1209461,converged,False,11001280533805209367954568948837738800665376023722642815540414608486197666186962590607506875037619357096070009250103555419974369041550870592112845567686920097870017913857895838309614352913841801717325664191071300543826777029507873625531025126430205321103147349582598163699022855060188108133869552351983858313223271103004490122207587080989418577577485540198765661399192287927,2451488771649591921458329791858349332354179826690663858617096073062415886922569893702949151536092815899232254616307526207208162618388250425080434137110026500951488486251329437862323542906142474920199304389032874875259402466042168706802231137532254190104976214227004062383771584134207723394064459753382055528362461450701394898424628945455947175343644928556614592691679541088,0.6823267820656064
2023-05,NCut,20,4,1314190,converged,False,1282028005714286008765799560678636336450365037774990873007698014280256495143700760156570122063879303251262591137583328289826004047321170256355661921730117777933547467391449724431021061657779957516392786546863965020711650817883819665061740335875860848676050814673961013981858377674943058061538667551825602266215690345515866715629239057988224252227765278018805837538271183091,298578430153168897231602004941827461045891978209156640468655589465045098611016507827643549140165688562420450098197164320283088735763239644932965526307882913604606177899468389765231134811162505701742657555671269441243711857978054523657869917868337942461816222363702545430867146459179452591281131340137942058817105793916619399227306899700544161725972624875658035691331132900,0.6305123080777674
2023-05,NCut,20,5,1418919,converged,False,12468208810070271204016074309472410946982852373882155790074334404069790651138975424143968910017483893846231011466346787976278157939693793728787052479640393388090466502947115967369972145501344294150864011459893678058914319637774131942643121692568897478360533459611549974949173310477815312495351810541600594595007362816530408353208709203180814544462043349062083158309297436364,2719986574819080287645326173715212826330409494560642789024043169425635901066202753076624549761799656863930465580564467646021865058722496644492201619605481028042003169069981523563987956003192894144231750226537258936399465492766057305252257514515673240087117997767060646968876414893852927753545548448188265143871347723304930928982860648818274682575928617903340615931680965325,0.6225299642145511
2023-05,NCut,20,6,1523648,converged,False,65948556598885614709759246450933337043882853227463362384166759123242387905710805791855505572261148051698685893816036567665614469289680960816243657832448043589571076025115787824053174382679484218571467621225560365945109909410992279020995681321761298581982923745345979501042121899883217430725595299828734215239458454592636962355305783187225395110135586504420525884261872011,15402332946740902000251197736510361972110165961467841927140778170736610826666704536869822113355673755512856420263646473765345823581769736305697897115924239726354022993179670475094826546657760420379512199240189308432341119834483175818843952055661841563762605038537174497982948460963845107086306195752414507875869928661236029770436147804409072384720991438341376795768025354,0.7224959209617763
2023-05,NCut,20,7,1628377,converged,False,1958159659028601932292502051576977789650194487080605081841869294865623347030448265356215173463460770328629224201166773669171658103458962170540465912660727738234083120480936535377966561093835857784492460503868975468433562817238103410736715825032235502290134517108338441429272262360643888874268756355021695273200889900424740663437077311615057592714919910760809,428263740975383326918273160210481698417003420401628398648204615708405257293966814284566471175756421443805891079140435552667184739366692447688501483921840228683367826546333409270102412529143167321103881654832470548171773268686306193615367865319049174546440067704925991394836054922664686957951687518546611753749268596827321453288906624253539295531922590233645,0.6988809607139571
2023-05,NCut,20,8,1733106,converged,True,1154591493512273283190417555330808276411329921041746825081191441566740335996108408793014417257994132949909775372056100092802284498766735837909209759230077499751204541217428143952004269273325762874570357757828431645426326131384616018548052148099854823407148317728633227494871814909704455368508246018903419217973724931912913121614400348824992576350046181963006288,275262632864991138701584629371647792544720469001643139354737392324587031825460510129016649828794281891065372310874721420559535709893678351979187659832544081165233178731602570384179328875676708162607646016139427053547463679693492227542507711535697925034266589306711038719465736968029640744322669677530151888552027348248608973857581332274695681665445645281728175,1.0
2023-05,NCut,4,1,1000003,converged,True,140014859431637371883743867895904454559443434197080463348281970984061351375805,577615145562128451745214473806631682344061617260315659555525178608089733179074,1.0
2023-05,NCut,4,2,1104732,converged,False,2937914713703583696828405853854311406966587850885731778752889234014428685106,9352201972324882195227370737581947992124615778024869407063621848298822296581,0.48649661928600996
2023-05,NCut,4,3,1209461,converged,False,140014859431637371883743867895904454559443434197080463348281970984061351375805,577615145562128451745214473806631682344061617260315659555525178608089733179074,1.0
2023-05,NCut,4,4,1314190,converged,False,303379114862872328524575859132945595212633821395960401292274607656751996058213,951506209950203676660055655389125466720711961584820095943860242547881196701496,0.4886612395260262
2023-05,NCut,4,5,1418919,converged,False,28675259391904454166964859625632945035614887450173590363139281764434154879,94261802059910841560963289851293003408847625509169476634486940849077792520,0.49566567461883804
2023-05,NCut,4,6,1523648,converged,False,9921982699066195714715586747603436157205325461646465218967681421544616216609,31776453727932538524883392921413523724542651318337129428545085480044146524550,0.49629453855974653
2023-05,NCut,4,7,1628377,converged,False,28675259391904454166964859625632945035614887450173590363139281764434154879,94261802059910841560963289851293003408847625509169476634486940849077792520,0.49566567461883804
2023-05,NCut,4,8,1733106,converged,False,2937914713703583696828405853854311406966587850885731778752889234014428685106,9352201972324882195227370737581947992124615778024869407063621848298822296581,0.48649661928600996
2023-05,NCut,6,1,1000003,converged,True,419936361490464775301511929121378531724358928537477999907191675709639882411011955091492829861173969538987403,715331042702999524199187973561717657208825751555802908978218566070957827637753322433512818180652868631372250,1.0
2023-05,NCut,6,2,1104732,converged,False,7929971330189121618191965116953351670034892250036307608707900542778219700972972962642274245016841978995922843847171,11918503424844847021195920368444217826543135819837592785695915665159478159416802731750833656525679217815830785700513,0.695561307952418
2023-05,NCut,6,3,1209461,converged,False,123656308880503593185771027248727851002886683771260022574564481517262337366147724090093472813391805241642733800593,204515105984395587781704790077432388268272599350873550237065644978361113440422346032139110462919884111170348453610,0.7737361344577404
2023-05,NCut,6,4,1314190,converged,False,70052527452693350965611893938677893007645019305833611155147906497575927188178137927593197713836705078700892329091,102523920140917435976539557837455758567863954145198510169262887312943429400398985148068677921504007233538356626195,0.6882068733860371
2023-05,NCut,6,5,1418919,converged,False,343811433100582949523737199452762148163229672878607111991247437077533633517463877729719276259171066742488293183216373,492630571877104755216422682662821522138440658627970501549013439183569546608794705941490102154497400252277300372958092,0.711205418404768
2023-05,NCut,6,6,1523648,converged,False,4137747079463539379141188851311315757214491533097035032983431028533198024073208920550781757779373375886943858677037,6087184538817796615562432884502752956799217041191144631063117396369306126064850257861509856089231303725526556147730,0.6887129501880627
2023-05,NCut,6,7,1628377,converged,False,7929971330189121618191965116953351670034892250036307608707900542778219700972972962642274245016841978995922843847171,11918503424844847021195920368444217826543135819837592785695915665159478159416802731750833656525679217815830785700513,0.695561307952418
2023-05,NCut,6,8,1733106,converged,False,21364396733699464791967417243049027669687365038324992261387640651160000527841526790231416003179712174832891989314793,31026438350127141527444038775612542178432080248502032450232722777476001928255842607375195139432845259703582581089170,0.709690602659688
2023-05,NCut,8,1,1000003,converged,False,38335734251475356343345904554360680079242942506270491015014863862532034202515080534284836020292266990690598166415721221058515779150999345918538663484189,38640281011540870760272922945546194564979404226733328527727170762923308923481288089567221538494781471576616099800951960544407636069820055045009126340156,0.8205910361458575
2023-05,NCut,8,2,1104732,converged,False,143319955210532502113140667923672547426673132400612489797088101138084547800823333346598325322803893629915703247971337871517441989232445858467342610169311,147371060919547477174712679050638752418281063156429989240637364411918193961475322238701070533454226597041962771394849890875063497653537706696344223911250,0.8227962084177857
2023-05,NCut,8,3,1209461,converged,True,895818733434730944214832918301152862930348205728763641361863784816381809451700782412486166857104222305830764593490464004126897991097357033290818514314429,1057730160057510059402838256286570599024149621682006821515901713664369866946118172732961675425295740281691130557388602213284296826303597820453620467817560,1.0
2023-05,NCut,8,4,1314190,converged,False,27289175615559107803605007524510251150647716594186885849310814904164925029037548835427873259479589325645155303445629895579386328734908104045389671309,26869460742065322945421623110682216485787589609899102520702120174790055363040998333979282854789936992946267856011717492966771173899201028737836603680,0.8434396364344218
2023-05,NCut,8,5,1418919,converged,False,6141555397503823553485263639282117809557965724942283822278807238768806795259992899730663037213557600843792604603299134314545867313521286222188495302943,6192138133959474868869450181062210603626435990446920408897837427618964977672084252780716243846006269670435924659175194554769985491025588779492245623072,0.8254262661656324
2023-05,NCut,8,6,1523648,converged,False,5695971073161564118310793032664192644766820629171856830141812367295336764374556713120504747099593120682729296881050350840748728835167681404438046953381903,5200603148505148126748398711003998608928961033799660336503501058588574677806967811350461200124161539735473991907120695958630877803430380794282908045726610,0.6464955390015696
2023-05,NCut,8,7,1628377,converged,False,5236581878201988847143344057250316358044652951509792699379174839109357717497303944726978561417211265023568446219846007553487645182974437795677472541,5283278694438784370123515594906571660609697520736647356375680729218784666798379522331611368093513108847255240292211918308243848285549685849976409963,0.8167275383901897
2023-05,NCut,8,8,1733106,converged,False,3036304172218818729233291850856042963440027156215629856835226093899626811723744821406018594026739010952426366326057244634120541274187880364325935402473,3033976067413373323580400151148302083777559609073055412037049762378978130373908868494531157824735041470943122315989709953419861791183415414089867401560,0.8647188538558256
2023-05,NCut,12,1,1000003,converged,False,33361471720650650459181901187222655010692947213781881391608163332207570238887631568115530756062260701820548590358372175109746359795986560114333188132940049500326073670361886094866633251429712682689668339001645434181799154981,15314712496330127955874639352982121433840860365570779450596894660531093341114913111046494335228185169792043634846902672823772786860131722178886652821779218844535950098995163741486783246973756115481889116127861495007402257200,0.6763864810324544
2023-05,NCut,12,2,1104732,converged,False,45766125084142569988668464386484845697799139751556873832979944846630540935869907980670850703530613713739325878583194628487211722993593791307050295705212199205326123018114963318802473497715730944565433205163829247585655401511,20940468986362617649298208103299554207251833624633999505188412242605908187174560317699761548207658797453009340753685279836347054751079736242804241749210830185839126948588798803249989853226200569079578584329563460089101571020,0.6197345654904701
2023-05,NCut,12,3,1209461,converged,False,1109056386509940035481264206433915713526451369430869280553837842715102666649491091247872723271285017995097618720670838975621494714599838479973046138091015084521227632393510828269872068019363860712441369998498096405113727,548770637512851309639173358775913455736604348410284476511930375448596155498510985608075197922212730162396560520884948805036243543881908541398475971350306483232676709608476283310408197540857578469729074697082250880721640,0.7033173343303263
2023-05,NCut,12,4,1314190,converged,False,258281486373215195825829173541466399056620794173952549152072380661998518831538039711955688226768148469859877603252786946007814623204460354742516566729229403576205935458043674722982094682495188260577006153592856438466222,127032664462820292849422737075667351165278514933432472917215473985869645334085304871583373338692578125550569972242437694806585421526077393757838516500860037763287381808633575389373366607427865305978175565874863218323035,0.6982401078556428
2023-05,NCut,12,5,1418919,converged,False,87420097610907935314038233526312180357910353809155451050487116977860748721963454412008972902035125222606744617881012157291813315700306330132619975166418098795772843570729401486376063207934030263194806258460860294148215902243633,42664566520355868668009409155784947845296735254665737990878780877136760644355489810399842803455031247241760307137652531140572613769225965893464742777951426012161884010275773992619279741339938293173146888543189480662482845524135,0.6917928175458126
2023-05,NCut,12,6,1523648,converged,True,5537663905183783736910399214278558236225159574531965399233220784430293155404398025800675785985542016178325351033509102436126076283753134353396096749612848949070342550125510320740133724941381882193931448276585884739849583603,2944501994527404214597831690422432314086693887959532427217606356092854264341754124767674865721245859685487141534332636754064318585430924046730104441055728958970888771763993453311134756311451230188959667500446877738167485410,1.0
2023-05,NCut,12,7,1628377,converged,False,2395676289408861857318149161173617510371125415195252948635957223902934505287871481158070931640160402562222156588269004219394333962556634110644301868413293590556709008233144876947903016914758244530320955252935328882596304323,1258585028773468596759074598621367333340366024023110169377979209632418678030034872197388889267784465807592902923711586084939834107439463848069818566682463276399927153196036345350635339358055403115512947640446291942110037243,0.7125174921003309
2023-05,NCut,12,8,1733106,converged,False,1195196121573709909722086532709080885272942396942408614348023650120771975500456118572263101654964202334031343384616170662732910616058689852786146913182499699361248638284920993800400923997607518517501386454239240177635161506859503,581732303636534421616740085406921097875480683100542099889634723352244567372851086281882705466882539075207412406061861732633639553888109799418835706002196057498773044940280484613507750931108474261534535680578945477194775360865910,0.6497293644887145
2023-05,NCut,16,1,1000003,converged,False,69860577810190382481364876730024607089614442235781904467921266243514267400420118387218828014509162836508915860492330997517208566661235179013130591697895929615109095875506296334703469853124236055887661372654054890120043796579695191266117876477848948604313349599752465637049615858985153065670470380637111,20651763057864412773851942647154163774588910229677560477166378858609631750077918242847866117874430872481698211761799971979556052844512765404701012529099324829380759732638524044899579149579814194760913775846997602536777457983048722805583425766769691856906652490007895847276811308704958633460004271183864,0.6653564655471796
2023-05,NCut,16,2,1104732,converged,False,309340069170122242753129608525898575358063903162215043822007355817540923126341727182630209017477807458066264033830923894147455049985240909749686185933604084070356034906284989776219645960782621619387358119601256179717933201891136225531219449804745445691469968277657207229395816287573523616012285430183,94883071357595691159639173599914707288450596419143346999996218792872511579548586385633288867428638217592573448230259469153037213483564429598694287167456572864083231736674796174128533651361521665419956209900119016108627833416003370810016376066885389064478873052775492222790757737633701101461726093320,0.6748356462904027
2023-05,NCut,16,3,1209461,converged,True,127931562894871179366444340665044309380891270577535865293505659994093287242073272748266179487781278389729467948653488975981191852159225121556002028188023254790426038830913675744585418815872989776578394579526179535431133048937909318469416818567876517814995665681957369657207410307659585397989591743,44638796902291036868657432101420429696748486134216227990762198078018234763302789233200058616938405371669417745930501713821983495914421043368455156701609674891642851559190251802415995231560460991165419568384894066851102093266685141394506518711670368242288079056258587044139171832840996010320723200,1.0
2023-05,NCut,16,4,1314190,converged,False,896298733216919722360227543796765205729958354204958528882099780148683326722241137228409706163818596754113825851987158463097864215447296418788604282772856443085293707964966760434270092898408779459528112192548120395074466092091961872945655369289101569613114670068641302356846437223413483738833851,293332931395826654495286186554698434901416722451976067389914888466893108385624547596528829412412155476352637690526211839323807860018540670881375184797057324221220037122564947309123724183868286442427591029032421797040382128891026099063911968759704565159070497844622634840101972473092774479048100,0.8284842791720901
2023-05,NCut,16,5,1418919,converged,False,8757714855183304132576277234148805652123251688010333533621012565514708102849715452017182112747327991206965206560298638170802626047812183426774695052402674012938112388361128737783007764295035265635430061752822100232598483906126042315883028677483337477951320104660752487761841002151272887280336882093,2688631817979969749561292922669513250666581508736165865514054953673038989154116557735556510578946846461548285676976425208851510988226964631925431634671817852754816455435872456354177942950429034732821785198720874269205412633026439866877696343780091189092202416809966585659650904168382406970802057090,0.6758897986520541
2023-05,NCut,16,6,1523648,converged,False,16787262058672690178652340375830816842487851965718751513417419675562076585401632199092055985235252604818646945776707793655284477389988059375354955262908959960420437247442777951776015804732680689948339425703826391610038346613320291805820527331258949872786371631418193909625476076072512298487,5759901602078626002182251502285653589288697977495194467699380243514718435548655170586119194216013199183596970093083411564369554414752129466653769674189708870672541957410128032217468779431624846419260737630565742619626182197859027434874542889577921820789768409181840593309980009255918137672,0.7752608035565774
2023-05,NCut,16,7,1628377,converged,False,264261988615138554673369717724961559041083865864931232532052804229926502552940731628749603440551823958779742129271693992071350262253743086123399679940615853065775712774172493468990268968689398670552136093766702343459785775129294591338670726722012061654217244336555690620393519569593709690736101609,81045484928747520415224964749840212197087011924755234692050563403546252021559412577639154946875186348008098980755622465526829120303162762308077785885496060100863128240913367222778978047747045668916771739535874372783736209886839334298817155264532138558899290595774947982052723475593403967156695000,0.7395826443408201
2023-05,NCut,16,8,1733106,converged,False,342395598644731439530332572382991187052929266958951042919503026199044464989109957453950478284699488189932762856848849611829733659638529858681508006408950777738551994565811896171048878591282953547543224675815951962124829882405619279973252734949778310040887540531158528924251068842369400351181,111185034910211193649812242847153904443666146913720912402958527935728387121872525089654003444494980715864883485335715067590020579468164684655615526177414026453288033502807227231961395389933821405847802360081458176486909325900276921373291486933310864724769102706362723966059173620430154210900,0.9229728410212639
2023-06,SSE,10,1,1000003,converged,False,2818674838037013317988171897785947090591471016439631100401,7577398106485946269440298295550625166945142425172049920,0.516435033086662
2023-06,SSE,10,2,1104732,converged,False,43257288017865395802991233859834304774472575067472146898817,117569779440052331218610596976472877510891583630317977600,0.47712787141303487
2023-06,SSE,10,3,1209461,converged,False,3677326680409223793755807918909961076689665255879019666478867,10060429058036520261259346955399407388920193949108273152000,0.5749842845371447
2023-06,SSE,10,4,1314190,converged,False,429004316040568294940995618093581898958632156979494001177,1168715625064552408220035220544729996687993174019276800,0.6600446366838375
2023-06,SSE,10,5,1418919,converged,True,23713164269799879924330187169010627760794455124370095937,65150070302912737136192868163682878990948962121285632,1.0
2023-06,SSE,10,6,1523648,converged,False,89648429174658692864728523339927197254176232809094276159661,246210784709433918934831528889652628318501028474640138240,0.9520906849491837
2023-06,SSE,10,7,1628377,converged,False,16727491316296887438480320820611418610078877375407382081,44279620583463817700716609658426392620401516861194240,0.5381286545498545
2023-06,SSE,10,8,1733106,converged,False,407626078293369429991463360372889905860947297667050700006315,1118703492159575660126464697243018690057519113936205512704,0.7390689666337454
2023-06,SSE,20,1,1000003,converged,False,112874023337222711082069114419340193207556458644513487870226263511,458433551453223913443285329206937314487796059357044505837568000,0.5811228765043546
2023-06,SSE,20,2,1104732,converged,False,2591493586973880253899240652176333074524133187113915407088052067,10223489733517812059834805618971012806303741859081220249354240,0.4468388946084144
2023-06,SSE,20,3,1209461,converged,False,106821407440050259308039308108382303089411083497279451715717,427584476090322968127894885224710169471517112225423687680,0.4246848522722548
2023-06,SSE,20,4,1314190,converged,True,8104450997579232271893271120870609995343791982036103458198026966193,32939444877894316151641249141829313216364655812667261195051335680,1.0
2023-06,SSE,20,5,1418919,converged,False,2253962530309432924938801903711502732001904691100216705287151923,8900896045635926396911437847424510630160955356910420859289600,0.4848049398380497
2023-06,SSE,20,6,1523648,converged,False,11905834506528350176350314771600593387305708229970065501,47372974846136686721382049759976940833638920172339200,0.4916096762309832
2023-06,SSE,20,7,1628377,converged,False,386522105326672279315181248451533826764881911412570683889608519,1525940587426347101303242414803951554572870842705589001256960,0.40321387421934846
2023-06,SSE,20,8,1733106,converged,False,8849486085285917299279426206270067028901194556358456181879925821,35800271719769626867854362422998204508527268453368439620239360,0.49176615689069353
2023-06,SSE,4,1,1000003,converged,False,19419746747194939970148518896904593826402599519166563,28870718958589608239525434123569573870966512025600,0.9983963186873673
2023-06,SSE,4,2,1104732,converged,False,14648666828923858056550643085068416634858313132236989,21777618499053216508373412431355752363340909772800,0.9989361157734084
2023-06,SSE,4,3,1209461,converged,False,48956824242432878965838360207091968854435686010771309,72782210361242567960958292085686636172706368716800,0.9973330952175621
2023-06,SSE,4,4,1314190,converged,False,14648666828923858056550643085068416634858313132236989,21777618499053216508373412431355752363340909772800,0.9989361157734084
2023-06,SSE,4,5,1418919,converged,False,14648666828923858056550643085068416634858313132236989,21777618499053216508373412431355752363340909772800,0.9989361157734084
2023-06,SSE,4,6,1523648,converged,True,194295426690782840636458829486844815759289454878392219,288853085242374594456338106942582580412205026508800,1.0
2023-06,SSE,4,7,1628377,converged,False,194295426690782840636458829486844815759289454878392219,288853085242374594456338106942582580412205026508800,1.0
2023-06,SSE,4,8,1733106,converged,False,14648666828923858056550643085068416634858313132236989,21777618499053216508373412431355752363340909772800,0.9989361157734084
2023-06,SSE,6,1,1000003,converged,False,1626328532009834656153086128127321842026241328016264721,3345870183696529672525675580897518250380223106252800,0.9359354269581743
2023-06,SSE,6,2,1104732,converged,False,2265974999117840556728999905462373779826418858257821177,4661342367046712220447565224147235637529826484551680,0.9436186933183308
2023-06,SSE,6,3,1209461,converged,False,2265974999117840556728999905462373779826418858257821177,4661342367046712220447565224147235637529826484551680,0.9436186933183308
2023-06,SSE,6,4,1314190,converged,False,1626328532009834656153086128127321842026241328016264721,3345870183696529672525675580897518250380223106252800,0.9359354269581743
2023-06,SSE,6,5,1418919,converged,False,222019736474653038465197526013264424198626913815872631121,456753278118920337795789283795766734756031312984801280,0.9595507151562152
2023-06,SSE,6,6,1523648,converged,False,964589283490649248206585901221976218210094129726422121,1984087688125859115647417249619893864976806230097920,0.9522891544477031
2023-06,SSE,6,7,1628377,converged,True,153580642529390856223450316250251085449596184576646559,316023132864346073306523287655451034504785997856768,1.0
2023-06,SSE,6,8,1733106,converged,False,1626328532009834656153086128127321842026241328016264721,3345870183696529672525675580897518250380223106252800,0.9359354269581743
2023-06,SSE,8,1,1000003,converged,False,3371498631870401950753066544617212817000821618215786439677,8045110773321714316085698475660576668602489045516288000,0.7678292668484684
2023-06,SSE,8,2,1104732,converged,False,1941378555466546966850299545664323218310314748457521423367,4550675003762742706147684619250137315500780231789117440,0.4953158654829302
2023-06,SSE,8,3,1209461,converged,False,19128535833539037198246046891886342194422732890367560133019,45371285915732535142355434708533883962722359166833262592,0.6465817016507989
2023-06,SSE,8,4,1314190,converged,False,342477327573413509863708140123495963708077034365814057327,817342446269817899762530120826280814633928529385881600,0.5714974763197157
2023-06,SSE,8,5,1418919,converged,False,6941884623566514534935824689021210822904354976989669710797,16571343173710287521156553522144419560193822041099468800,0.5732036554063606
2023-06,SSE,8,6,1523648,converged,False,674131158904790135208279261413903350694479141289231081687,1620806961840100960459847658881966043447635242756603904,0.6635340677786123
2023-06,SSE,8,7,1628377,converged,False,34150519767931814514177383131575732051603397142422297567,81507273172799841582744625257521848213805930463100928,0.5450229593027619
2023-06,SSE,8,8,1733106,converged,True,6485963916538777222388012095331392927013310140194912393159,15596692644317526556337610084818375026608051408510910464,1.0
2023-06,SSE,12,1,1000003,converged,False,3379905743137552842123907248166112060278131352235984035473,10207444242919927357166409471112419222619705403338915840,0.4895118885763392
2023-06,SSE,12,2,1104732,converged,True,4556138719876868034609487637182781795721771304797322399291,14017068956382037309520608038960238292125636254110842880,1.0
2023-06,SSE,12,3,1209461,converged,False,138410333672265144648370138838318662106891173673962153352767,425563006334064608679640502420056290925554946628187586560,0.7571204062291236
2023-06,SSE,12,4,1314190,converged,False,44395372899386474176697390906309297932846627696881803,136392466050939486851010784598014649196169201188864,0.568450633782543
2023-06,SSE,12,5,1418919,converged,False,253657451595990436706763369195939503628494813737690454247,764811414185496619497458910109095988445347674157219840,0.663772659183517
2023-06,SSE,12,6,1523648,converged,False,3211279617133545155579613073542347302333508886453710684227,9824414451603864130302810197806279515486775576111349760,0.8274108912345056
2023-06,SSE,12,7,1628377,converged,False,702173958577541792972724473482545893185629124877334808727,2112609049858306821363975594740551026492580107072307200,0.7543549835948236
2023-06,SSE,12,8,1733106,converged,False,882305470080659521822130151194528244174168582877221628139,2710001919167241318767270761347134607713551054006124544,0.5438232596653796
2023-06,SSE,16,1,1000003,converged,False,6081661017602362899610421853899229808442866676321259450359402894893,21328722466737711354693286413041338904866526216934023286384230400,0.5260142052695217
2023-06,SSE,16,2,1104732,converged,True,9121104528339988921833068796206414343154584594940036807609,32835104188703266844946866832849369368665787705642188800,1.0
2023-06,SSE,16,3,1209461,converged,False,1887622232669080067154070262348891324864579814859533824520690581,6628437861036317026178156020391896988408339591812311548952576,0.4772387711464528
2023-06,SSE,16,4,1314190,converged,False,53717255414284832473190677944612649234625547845325004091911343208643,192728580267577798740774314630034593944596702371498815334331187200,0.5792875829708439
2023-06,SSE,16,5,1418919,converged,False,4066823977867061457754573176851612199668278671238640663606191,14608209472220192361794649211732610699349979461313993113600,0.5221241711755779
2023-06,SSE,16,6,1523648,converged,False,403339938439069946131134258313865972904702812144408663337281,1448860903396407708087100187668740417944106852668556705792,0.556029892035953
2023-06,SSE,16,7,1628377,converged,False,2047034801655392861999888613223342933685611007701397930544811,7184117416323872366359093821584744872090192652005445468160,0.397043713223125
2023-06,SSE,16,8,1733106,converged,False,13567037177568186503425421890977649176275098816151865945213483873,48713730881240994034617570879862307275651029866552538253230080,0.5030092855456608
2023-06,NCut,10,1,1000003,converged,False,8135523036785960840128653553303554004504106699601860875373080824471016858262000519097403536800596513725309019348446410756547497928268130510980926290502339221660060927900229763017570556558,5735256251330008235712699788993761735753845306648006324095981543980794423225378164751236765202628854633116223192227872363128285261778816431078498203170091035834876964649843989508222428415,0.7674228909899163
2023-06,NCut,10,2,1104732,converged,False,13265495950860329841754398512239275420020090432466649959304266627870224835941703151713953445083110582908392228348277602611935895683331196164917839203422369891538124587786762353062491272188317,9250802487140171993655761609972654266548350835879874227337977234958260750743915249262205886666750499102792303864009325308664704958296594559664389203708469250479972416985148480120289067732305,0.7782998896100813
2023-06,NCut,10,3,1209461,converged,True,10120016028301474788030813320922230154238590894435172639816469849864658634476909900913111213723647379237291246544150526080574033847420102343970303001573598279147319599420120752451,8079136021636433493121773920822086209144136629781535420422894881566459452418028548486343709883419727671205417513797526346164895761114362126776704410934797475926412564319968108064,1.0
2023-06,NCut,10,4,1314190,converged,False,10120016028301474788030813320922230154238590894435172639816469849864658634476909900913111213723647379237291246544150526080574033847420102343970303001573598279147319599420120752451,8079136021636433493121773920822086209144136629781535420422894881566459452418028548486343709883419727671205417513797526346164895761114362126776704410934797475926412564319968108064,1.0
2023-06,NCut,10,5,1418919,converged,False,733490686286010005142201962696542123449633579620100753208161657406292968967255413915374655896166002679182307985782221994213676544625437024494198404033074483990547783847791988311972635421249,486804559674621114700031557161875983360155824951259912804277457405966578552147955611330562996553091692768239508017745252934134192356165978357462627741331329602873907241839598169943448464256,0.8280340418518921
2023-06,NCut,10,6,1523648,converged,False,133465493160294546385071606574738636215676857030940860726467953148209922659952207372420394354214110360798462291557527049785972192404457719563327356637038906442268277510832619621883756945472051,84063911436835831915634929150667707599232104225206206800125602723688193613550358784478142771147099934817390125834582476712910534230092903300679010623730453315790399545911459854287972276213748,0.5670499842841132
2023-06,NCut,10,7,1628377,converged,False,15824218017097878859976714281191734670742782819454703379791467093841453467091405178216836101757405029232990869029008428805206581581755529350445189644233605825778080572981621828895351627075797,11069184524902868919815624963224088998394956248492937438908946414615949176096244874972604677892133871935790964853859030420375567846658693592790985868310554172732839961437481517079302919006850,0.6026095217139724
2023-06,NCut,10,8,1733106,converged,False,264552316150391953033667400826993336300428381143567445249957286639523726103597917340996649116454507049413122964445123853068110628581731352167688302151709699641076413950662308747467050340226,190472659576105599543616879605353817066614315718985455653154865517092274374758079942251808434897045938808673438391448717370057860296369401477816142432069680541964527825493294132619209401025,0.8031343104587488
2023-06,NCut,20,1,1000003,converged,False,562223281375654914184466449626199883748397155150884105421109347997503238395187427987473021411999029776925069007373458731815554578355389111163480533312665806737125974396678228597006284756224353781211562557465509269519299508953768768197584126512706417549861612524670244079482607607826506509963674757211160073625277977674934908986710422837571238045549704703452210015688223763,119113229444984431649145185844652881760855351923501774085824188877112872037244455005933500829135078240523091677237361168905445051355457800501619804537814882317969145467731314933865951853237393763343015457962640940589288702077792626385017453938248402900333423032281622317645377468897940929674058531466924842593764973643132874409125688056170099523044757938431882358143183200,0.628987797260211
2023-06,NCut,20,2,1104732,converged,False,3177721682253418861989744530884749564351313786841544463823509203326892767144593074999536614324430768810400898659837936967174594326568630415161347365056616303101508780063515391880103116375179198034214394650745103603060953934641255753196097006881813517195261292372023170013685634425148506515929670241745649703452862093141826176952669466333341666591074071714522559275033,716878325940949264198582165115840202513522987258240475467506907950792593984701397520112406712160869062021590679391435082876728239697792802363083094526296402886800577461667303597560206445417691065406096416894954934187484486806666126742015359234323969757200529328732921158649856034342565734310770131539028316430835273301770631617516106941256261014693492801198436516400,0.6480589159770953
2023-06,NCut,20,3,1209461,converged,False,4619200511433516008159239223160500740365458679509239747295487319450386530375463439505792937471287117848729896752326185336261348966949451936401412006566299336448304490749779251578111963149225606670884905163604219543682275713448266777654193921029971522914062706335256012303737022765572030227751812821274526817958993363145928958347301827314556206025897584340647408631867,1091532293809519289885228688666686434883142535847022405346752267735258299173911055589735528716501632210253970463308965632410356167230410546945475440460294130752187084485639723992440915965415650357563694158550108505538991146888937669067048767090198641856338940330355592971874001945674652231655602961771901947240827505941972268402967500187477618013034944514427696038810,0.7781068689752066
2023-06,NCut,20,4,1314190,converged,False,13256837180448412071244417654400031425002712819914821807069615672205715676316424752081760189196756666653200647975059585507283780156248803501749843928822906887501441089599565365335599184726558407814097133003701425570572493007107910811904540851174325874368570057154301051943098767165856809507521726859344991607211590637839415024277389682761511771351279453554455666858292131,3145859668369843012607606122164655628002837633146255403502113828283085953018690361511987124374851096711229731908773788333067121199573404510334854210599007169011116230469272237917605103889182059414660312529891814375100550808851699824389779034609500907809894265005391622293534854048066080332600546594256246268459752845766355443144573236938715073378015819557802185556351080,0.6670091537711529
2023-06,NCut,20,5,1418919,converged,False,2029818117290227037220305469804456713835949139569350744305983126947096903868241652313491594710492663904390897644289540419446383804759711597135721909775470594095246632604986525510136129800191005928784780628210282061472852621192971776971321627519815864496328662841863241839158871554332732064681010432754363613206327488260936347702656954281926512165937699265110143744767131719,467209683559603211362322950863013500771182812091223378630053116788465534206754127177327269107253032105376103407019860345525159339085199451313096338225942675894098282666929813018602780841751095216218627480335869093960333838594832655581709080529027413702396796485742244632277882478238368100433689615611759141657665771865079557881448051477575084823962280811897443125359130064,0.6832266202529155
2023-06,NCut,20,6,1523648,converged,True,57200228469534418289706742776589089686797725241382887321976295605817909034380247434031188042183759737036670107945021975951199056046082829799813982051890306385747025885343914875655358675729199495986466659412439683000804732045272636201095516182120438524939230726506737585619014437264934619791981846939850632607018073265987283183139450823722967168901523374028219702341,13845184822993179306434243843233900650413197734417827252115874280235153346117106034211123414169918123059186111209828929445579234020488986800525085967076011647799379563156972830223545520671544616163052791959696989328558659566039489375052815090147342876802719558582742557576763554705602427750765067849423725765215080109718440283376620337682511982569637531016898777600,1.0
2023-06,NCut,20,7,1628377,converged,False,175824379049506266559183432786884691836605475227954362036756879696826354398903285132150948738842339903900035596871023969579712808159695698957877010748916423187970753560012546610357866508439139081035049752919585371202935155032639252288783516815645265007104008067778914684539043486086876551780292047748263586697988830790353777887722290933287831901141431157853914611,41280593217315062081407330489615237355621163413778340196234882247155243834816868150543621650282648926728449242459257770496094535467243860869504670000310609015584299322955383144934195001953199205571904759760401113822581187554760880852341239609813719742169260064679392729551168884586939325432243610551812039206555945522111274719841588735279254230520932956479961600,0.8542682739715346
2023-06,NCut,20,8,1733106,converged,False,12869043029669469599127604624429039109815133866338438024206644530319132864641882673721147948216807902070187894972088629544263858248890241522033993884406378510938095336842863949278564354278719537877979794905378178474831630015562324649722211353082784548923237390768739745702725041583452233469800280289123860224811791511209943502266129674361145819994003961240064286338993,3054530067651883046331010060176752138321720201464878872996852157848375931962709667021352212105557739607080592675319040120380033145464928364878426019707675269701253654512792632664723831637396422502041563791132608048142088313364836795321072668168297236936491435022598043938889508783075860166583720237332870359271463984571925668526256996001642861062756027523578629537420,0.7484198408907757
2023-06,NCut,4,1,1000003,converged,True,1311731250489707310113316663138118176589806449133397501228668106890360437652267,5193756343960215812893235342516447025324273689483335956545748157729155410779819,1.0
2023-06,NCut,4,2,1104732,converged,False,272724125140049980482082992059996192097883073486591155098120815715569993111,838713607546879382491351864566344427175965346227306543040201365974934660873,0.5660495793900198
2023-06,NCut,4,3,1209461,converged,False,1311731250489707310113316663138118176589806449133397501228668106890360437652267,5193756343960215812893235342516447025324273689483335956545748157729155410779819,1.0
2023-06,NCut,4,4,1314190,converged,False,272724125140049980482082992059996192097883073486591155098120815715569993111,838713607546879382491351864566344427175965346227306543040201365974934660873,0.5660495793900198
2023-06,NCut,4,5,1418919,converged,False,272724125140049980482082992059996192097883073486591155098120815715569993111,838713607546879382491351864566344427175965346227306543040201365974934660873,0.5660495793900198
2023-06,NCut,4,6,1523648,converged,False,9492165766912999762227555124923474413220573014551573656698495818858520551445887,28994631583590838648859522262094144735549555479860197740918844651400965904090716,0.5704571054204465
2023-06,NCut,4,7,1628377,converged,False,75690174931812717489455144972304314633614962511449699803601991244219966033979,244299614431770622905174387019390399217128494052637524976612718767966933837720,0.7048767002183591
2023-06,NCut,4,8,1733106,converged,False,3741670034535685584893491823686464952291838557292942069737302518174371081477,11559977049649852929012234071135381597570420402697827045705974789081612256001,0.5661749276769948
2023-06,NCut,6,1,1000003,converged,True,1476075650509500300789682167889710884805729467180271832788515672408857987464085901511007955374298785627394488589,2763243889801372869428461212113566277350600872670994186616593118761010418066106850891327541076908709487974278200,1.0
2023-06,NCut,6,2,1104732,converged,False,7413109143378909601632215716050013071013395172061931875609799725314598380790959873643111612511375077179793363778469399,11495471071734069367802624439705634256441029098844119128553634826892893855335919435576335998141673723963651433854988568,0.6849635906517669
2023-06,NCut,6,3,1209461,converged,False,51485653165821759891696396144450363376348002301777365546875886976971484403704964758498509948071261626386569644950217,96253613085063631217764849985622050710841408393466815151664632937316401438775207507450910892751793522845704884901400,0.9613412612860375
2023-06,NCut,6,4,1314190,converged,False,81578228778446661874620300377097694369304398375668303264228826434604335749987174192036852980859427484170048821,152668918514308266786502848164403516843246682635241327043372339910295528819005567905840411868408175695609673560,0.9986279149447594
2023-06,NCut,6,5,1418919,converged,False,7413109143378909601632215716050013071013395172061931875609799725314598380790959873643111612511375077179793363778469399,11495471071734069367802624439705634256441029098844119128553634826892893855335919435576335998141673723963651433854988568,0.6849635906517669
2023-06,NCut,6,6,1523648,converged,False,7413109143378909601632215716050013071013395172061931875609799725314598380790959873643111612511375077179793363778469399,11495471071734069367802624439705634256441029098844119128553634826892893855335919435576335998141673723963651433854988568,0.6849635906517669
2023-06,NCut,6,7,1628377,converged,False,7413109143378909601632215716050013071013395172061931875609799725314598380790959873643111612511375077179793363778469399,11495471071734069367802624439705634256441029098844119128553634826892893855335919435576335998141673723963651433854988568,0.6849635906517669
2023-06,NCut,6,8,1733106,converged,False,1496378194024017295719776582395569783883562003881937819254128132348178516908411608646310760513353818724003520073831,2445885290680051918322952632817668250173106564896164838745204517143997951588668383685945030735790246869194235670468,0.7278049893578189
2023-06,NCut,8,1,1000003,converged,False,20739872269581352866110148405846857684433101298338707361398695040963641881856634541937119138176212848866881886563097783586927698633210765132243412876588,19225983490185288477761965230426887557014196232939785316277612602478984202670161836690905596370018980100649507942046563797170574568582173849479701075555,0.758596529009031
2023-06,NCut,8,2,1104732,converged,True,5984892229616718601079481233675278120430779315151316278824343990785906055856063417148669230833700297437802022000816163981395729765158293073313393685017,7504261005686717337141875252636898756549589263279610870693816435366739892558624044957575210930937371572854478112595198157944760575621269441984925336912,1.0
2023-06,NCut,8,3,1209461,converged,False,1967475208846948626308929121596016025448169386201655400661040539295031539666291060900125886808007743602313075820393953899977815151453320185241759633711617,2022952819286464179139515978666349346317594468105547747819470973524431458260221317309912183348725187423294070504626838282866093279569883613062949491789130,0.8512453296975367
2023-06,NCut,8,4,1314190,converged,False,153632883553461350806274509668618162827305987179737175823742379912843259931738464743113826172164735284980652431489553916356845757007447190390291341959,133059656268065434976118316338474393028427313314545560601836011903836786718824124638009110132989716359980697766468117040321578660696304477829519201225,0.7113658018652148
2023-06,NCut,8,5,1418919,converged,False,549582397071078094509674986721406837691439075365815975962017514097663209062462435935978323969161836830246516567428383224192407731124405406388002943950119,557137981520656344713652354544957546018478906936836140405880524410417560926755665109120947729518702610958967092044859402271748043396388545022302181031490,0.8592179983049582
2023-06,NCut,8,6,1523648,converged,False,1421342589328511647261437549220474834895181213453905364108110340841028552121188729536424167511850739868267334920657254962689413952821742098070030449652249,1494144423807123777180723171825593851403626850903966530534895316110539503070388797608336733596117461017467740874996862504566829170900873602622706047563700,0.8397942037450836
2023-06,NCut,8,7,1628377,converged,False,2374945370387714312848818668458803891080485077568360988973756093141350426586999472615347066265427584064102631620176732477255670688047756155653755148154450,2416657989418439109499325886624379995118493838283160821609543918882753604916519056580460237563607158956812698233807360290214151327729312187415395009089777,0.8433949308446593
2023-06,NCut,8,8,1733106,converged,False,2031597330369978185353933492373921477325313710161054570526288473469982328715323240723943240689999733505769939489706102475670317229840304683006821547519,2081089223596732786190357948121864242753343673698660036001513356224843002741825146980878497110633921913433149004418811305904461586096714833110013979540,0.8459907714495235
2023-06,NCut,12,1,1000003,converged,False,12850082632311479709931948807406528348869832328421032456884320435759992440951165906638456946756833818287215714744476155868168530861535175048157717818453150980909832347482600247019162007912094021696058013012094536301562752859,6526141602978260098933439697143590034332898588758139651780455656696914537621884380032566638055313888894220079457721326512179592251060396038475628186586414057835457147222738448787097522547234975354158461479321361294047628000,0.6010446471158669
2023-06,NCut,12,2,1104732,converged,False,301223587799689789031832651939792313876510483841750159105873526679592540437792543594901292849537882012261917937354741916571346602865967751060130396625877055263728674850651445565117628024740174837786922426286594206477856353777,150531398205114262117867038499723357866444771760809451516193820081224387626984798800388900754345335326697833359992250033649637355785778798499433569463905639276227813560138177565211774613852228515482840593239129392297506498450,0.7036691754304676
2023-06,NCut,12,3,1209461,converged,True,1241599594573598378633962673858944618329559337385666067358681119536594065808373453821427104143524757677736401246191950094910332940628579538228810940518724135323526668149409078552921412963774557139872728778588787261440697395877,668629313753264144947755894402108193253132254592620658198354489314723608166748186250466611832589821933954008653408757564136381184363778435726834067050777470061541108092022820042171076533309251347912225810590148580256526978660,1.0
2023-06,NCut,12,4,1314190,converged,False,38070354695921932343012261620885144902851295010948426775533553796440183819486341993985047201548212984131146110340157505310380990421655503102592484754269572411511822338903967201213208812448760432194215959793913757117039,19202349838863089224941498881637514459794910786968255112964103075377813166534658087858284045667288141986830945702368990324899463281863626381044258734006280295144161581180020490654088280200920627236209224651642516652420,0.6436885800077732
2023-06,NCut,12,5,1418919,converged,False,6125054528681511285710607064484059034693886003936461725575566388264343597533821529276646748970039465143627685522889917082955113904193378062139115868020099905899262188824974250932185356152103395946256085389577021625895879123,3250235361014165607026303862317330992392962702888054742510093753583140798895672842736908833774871387576256589660019911736149048510439854023650803419402463959295797086487999299758423403681141063492520230860699369153183634420,0.761324713440381
2023-06,NCut,12,6,1523648,converged,False,8485055823930869573751251115319163991629663536917340945893364268678553911188980603043938185612646864191296594232822980806545696039843448770537727166873740300947624776454698507269949715544277440436869287346403658060327830360058,4334947124537213996776705746568170870586223103248408554442323702335936791255964677537156716362931747331744564866587647562855916626773766803881519631843306654978164949240001297748397097082552101552727674552461322187174097483985,0.5882197303449479
2023-06,NCut,12,7,1628377,converged,False,2670826560867616794809865107676938051092064522361011683045688744696263414945972549633238471813856730300908113321120249884419505248443595973227050222954490248775516490156625008594828196537892267681789700460382047429674783,1335901903468821823061857037367081720972359139195909156872057272699100436839437736128076729573198807788965381083235026200261921406997376414137113386159369178167581078175465775947380461128754441532437276706087344019839394,0.6112956921823642
2023-06,NCut,12,8,1733106,converged,False,38587392242197222897468028306410973818013003345083262918555394218972556101742291890114439973623214055078862998840663869309601700712546895573234670874087376569504636316680259646442164234273129727555480383196462880886406437463661,20069272986666280087592403623957150577050768931658141254900533751747313467944825898436330347510026515723822542570761269484707555996081119680481220167721764871950845563365836298122177920884766539017750998603564427145113579943960,0.579201578382671
2023-06,NCut,16,1,1000003,converged,False,29179859932470831923486980450080972728977435489494476277166603833545207929402283000339153718925695749950116799170720753912948296346287717916653177495387594390126397633846846660755974763974866168316049438968090386830925091815722006326848377589214544232634084844473404650727856272898918768125431233871,9772006711578958266089064358678220998129622537023612044488192669799509225397589887313429799412429477518848360579509389972840176823704343399865168070422977843868190572669198103464391044610815067658549013828392626776571887870120010774772568999275080550501378022620450704134692217484851813181858910400,0.8436944501400611
2023-06,NCut,16,2,1104732,converged,False,29223386075007005724494877320562425331683741963528757111354049692473149388566737811509903990131852548008614807811187418065033942312665573643784982328590221603489107933328173463412010047193594691220426323566572873228713580513392395187165560983463888666518150313484852180837293548522292255435193346419,9314936367614042936496034947176893994782793442221431684316862490937921676375590669806761573981495703084139799296530951802321659554726163873150488039092340035006389386112554551822015523085278070058851187177415868418860420223118859065261962651622935260900501185801947698304606456061095939596741264752,0.8274918495717007
2023-06,NCut,16,3,1209461,converged,False,14703133403311319297566171599730421013321317973326194620049948116096905071769843326205505793500242137838102078094510756752089049527001088437826554627623181329839408715857234268204109908582190023631224225891103150024740199789257379763347328903590451393954306315073906878422783382819092494315638461,4995142953047116756028965552099470959952701546991178876913794264684741177658443031629540945870033919564528973750045172412311572686820520469179741713671119127143234470634015354466893688413019352695612825075894979990784391606567566921244223119123021976656656845768589038218165149201980068913968100,0.8290431842630858
2023-06,NCut,16,4,1314190,converged,False,4715883671061970822560200940045960821274960148037033183493168194264642626484219521142880408110217724178738376752539360464473894500138744295996667906799554447992916477004454077437260104660455320987232946169304105132517920142656398608500519105277343317256006985876655988207302128680655774827838897029,1579908629535059545917553588622183190357284036761574423815540016034840538833753554013483563490667656635903522869060998056984448374165115743425621323826353223153994143821575608184505090562662553993333921909826313703449062406288615497674691595004844362426482378662586020628886744091228106403013389824,0.7077342305380824
2023-06,NCut,16,5,1418919,converged,False,1136558290344742288925343725847059503806063263798663298090855398135183333077556254465858519304716810510441017657236896912852967461583758987458069105183023866014428178356571144257707867675867437546774766203854559142797711980369054120708289573797090938198357366414757166084905988910290017771,387387924668184983422549086299828970033758048453178734646790351027427548176182226977893792908488578534127540570579320170697582500364707623069925796248808073902240503181504857701448346794107132660551483627040602295304133419267153305169523836014432218488306737068431380318888857465649241060,0.8033450448137986
2023-06,NCut,16,6,1523648,converged,True,8586220811384448362995131735357685227053041305088952149944234148110708438026515686480119964513825291070420636218050276773879271121658547044634368290600144405454100607316188487331943791780691361868809930743672574252537219335566725866617316803976530614750778901348445362813829781554416512317277725989479,3091716347882657996510806940849279948205864779096241466697265414507946753151495529276262288895639909840196676223880324566411188980147021649415147379010254767228105102976581883663039837381780752809043524765172686615948287008443900719943522079916995433643028149497377934639993928660516129100554128765000,1.0
2023-06,NCut,16,7,1628377,converged,False,1743133492928808260471433361554757913280510065476309713890266560290478586819580611603336811850349100644621071922621199342054913629294429393787545543501133016240119275380068422926711537418016583166502627740623974999184573381066958885746664271156805493534429324959626018287387750454799156636083790008743,585552350753708964731270066866463772701929871375012170501888928568476281032635944177091381423236984433952145762907062049266511341301780751759051283457966328275358797902000066707806291616434128389820104169180210220167582025661550604451425830180581364355505612502616612091361085160439893015940530262740,0.8752772675988761
2023-06,NCut,16,8,1733106,converged,False,532825346946771313932078995683613332890285778942866468255259271778360921064553929418903983458266765057821887996082633963581598989362464640636945651255521861131700451973158195688174735709412234190256081598139948524655991957231841239910555690944265082688550182192344017592865027028060056566040838567,174610529302413884049612340109037169749459123338846446894016512521808354620533731648238934393982471272563032163889012323379286981446917233235188715902809818544882651138729291434273317761895100345392704023403442679454068580594877395729439905149484147032026657044608247730521306252585267662986148520,0.877755612689353
2023-07,SSE,10,1,1000003,converged,False,3570675824104215511833854195984546288443036349932828487,10390499191670314972700843120380635556150122098196480,0.5980036662608245
2023-07,SSE,10,2,1104732,converged,False,5287349987184186779751696329445232309944361222989006053,15594834965772963535563427474614696778777665554350080,0.6236633189341434
2023-07,SSE,10,3,1209461,converged,False,38374648670132487555686071483891055223957124746054570709,112207853481001319816285212629248971040490058867015680,0.6267963283692181
2023-07,SSE,10,4,1314190,converged,False,17260466842932630523373911365504364571494621075979135571661,50513226263621684830918661663239394498308400720841277440,0.43785021879126884
2023-07,SSE,10,5,1418919,converged,False,6676023101506794356912936075827145693883163859935471049,19316782986402317166508159105662848660308176289136640,0.6415122582000553
2023-07,SSE,10,6,1523648,converged,False,19014730685126675685877848276671132668786146205931308585,55938145791040477138059793707905638881370332330983424,0.8413608138657828
2023-07,SSE,10,7,1628377,converged,True,2716897361687170824506526475735257393232184124368603,8059700235371279477848201721851788355469511229440,1.0
2023-07,SSE,10,8,1733106,converged,False,3980303878079505418578210738873071417890449198554702179,11551728716583927248063175489602711333668156751216640,0.5068720161400381
2023-07,SSE,20,1,1000003,converged,False,1058155734524913721520465995246025271879328965268504945326553,4570152520714817108822661252374779035211084254488297472000,0.6582908426752689
2023-07,SSE,20,2,1104732,converged,False,1273744552999850346798302248704919960575979125153267527,5607452458731989559674283288826535672190353968988160,0.5682533855552971
2023-07,SSE,20,3,1209461,converged,False,5077747903241780011734882439920651020900743314541011227238001,22133368541388288393855908554363458805820770982506644111360,0.5825316084504035
2023-07,SSE,20,4,1314190,converged,False,3096046299795562872978884656887930760303724323696323979419259519,13624719242450866222191017170441431652360059649454969035161600,0.5318224847207039
2023-07,SSE,20,5,1418919,converged,False,189585117911204810369521598119665138269201458891882512050325662023,836073735959215847304590593233747677414324226785939612353167360,0.6055125756333566
2023-07,SSE,20,6,1523648,converged,False,17243898947572055876839476270563653793179291291778485362895577,76713799306266088011087989247762310502428145034381156679680,0.6520624236062817
2023-07,SSE,20,7,1628377,converged,True,4019803576082466225707451654771029622926615555195744921089,17973120885323182724601567245778005746307615426693038080,1.0
2023-07,SSE,20,8,1733106,converged,False,414637150739577770525596895665890701122311136054336638260042177,1798862535714388265676558415784800989325940772158754206515200,0.6705119501276906
2023-07,SSE,4,1,1000003,converged,False,1220733834407549845435300178590377087252212818540631,1899493581434968323343476368234972775217486626816,0.48806329465232307
2023-07,SSE,4,2,1104732,converged,False,417658005959616544685017936264927560866788472547,674956880435019861048872801333060882787205120,0.9979070913460537
2023-07,SSE,4,3,1209461,converged,False,11321630217774736931829117635412140487898242394802353,18296110409169841578671024991548944196518721617920,0.9927490428718919
2023-07,SSE,4,4,1314190,converged,True,34798719681912233393122622288743397743953686139839,56236815050414465621290270149903858504434712576,1.0
2023-07,SSE,4,5,1418919,converged,False,11321630217774736931829117635412140487898242394802353,18296110409169841578671024991548944196518721617920,0.9927490428718919
2023-07,SSE,4,6,1523648,converged,False,34798719681912233393122622288743397743953686139839,56236815050414465621290270149903858504434712576,1.0
2023-07,SSE,4,7,1628377,converged,False,2294385233821775715508553250440085193731403557441803,3707846276718458344938893652697025043900955361280,0.9989268564363709
2023-07,SSE,4,8,1733106,converged,False,11041572583514638291978871555683079908669309517998021,17181767464787599573644474382099275975396037754880,0.4895043225400748
2023-07,SSE,6,1,1000003,converged,False,1052694269398507509737430703518281990802299025501992579,2345190210324345145716538003984519436330239367577600,0.8615191958490247
2023-07,SSE,6,2,1104732,converged,True,7425604657705441723953594325737375670649273308537061467,16550739785960633010582663483553214699465106937348096,1.0
2023-07,SSE,6,3,1209461,converged,False,76959551266870692844699657536190627106851590420447489,171447587302330113870742614233605634693901886423040,0.8695804432181793
2023-07,SSE,6,4,1314190,converged,False,76959551266870692844699657536190627106851590420447489,171447587302330113870742614233605634693901886423040,0.8695804432181793
2023-07,SSE,6,5,1418919,converged,False,76959551266870692844699657536190627106851590420447489,171447587302330113870742614233605634693901886423040,0.8695804432181793
2023-07,SSE,6,6,1523648,converged,False,76959551266870692844699657536190627106851590420447489,171447587302330113870742614233605634693901886423040,0.8695804432181793
2023-07,SSE,6,7,1628377,converged,False,3005212904193265423989956908303373558627204492300552333,6695063655898246376683454377086375270584720881090560,0.8914652057010137
2023-07,SSE,6,8,1733106,converged,False,1463348246638589294905841250440009684495927150776339,3261513712352677847633766957780528109520588636160,0.997755055995237
2023-07,SSE,8,1,1000003,converged,False,328580583348410640905404568871272038489012466149784719,854792379605325116487094094647513029163798002401280,0.7732752455048744
2023-07,SSE,8,2,1104732,converged,False,11145853053418372681862000024087759991016210599719032019,29098548774255381867986697583595731663484584156200960,0.7236676457850428
2023-07,SSE,8,3,1209461,converged,True,5748694885662849216863078321923605912375353487672390941,15026651521661309701010897063402531942822872161976320,1.0
2023-07,SSE,8,4,1314190,converged,False,12781679467167693082417819768682406012891798159112325841,33377780398949487195935978212811071232130814343905280,0.9208830803081473
2023-07,SSE,8,5,1418919,converged,False,3208793751247510439952085095185807328675391763965254889,8308932149337569243986491578252677409760496771399680,0.5714888102378243
2023-07,SSE,8,6,1523648,converged,False,39447302274092322061223458370115849905788839496195877,99423012518133922805940461948414921658186703306752,0.6656637637096979
2023-07,SSE,8,7,1628377,converged,False,1694587004249260228904031606918269833002899618293049649,4350790750752990957268229087525037726918494702796800,0.603505489923648
2023-07,SSE,8,8,1733106,converged,False,542009634633107137733539447260617698876829849555567143,1395004956426123911847238285711823003156044547358720,0.518674153742881
2023-07,SSE,12,1,1000003,converged,False,10321000404118869778062704787854518203669554908576447211,32930413094793465132266465190367666979724057756303360,0.5418732964779441
2023-07,SSE,12,2,1104732,converged,False,1156688120526742596849178942823186420818705353714619507337,3777736339735205532409578644362344911068688623337472000,0.5421239350896512
2023-07,SSE,12,3,1209461,converged,False,3873433433760446378897092235468008065899528839689247028176591,12539673565257087557488734599845066442919073674265593118720,0.4503468734498399
2023-07,SSE,12,4,1314190,converged,True,74841920852005784824133010935583258890553958417126978533292169,246828277112378365133822774082236001130059864737193551462400,1.0
2023-07,SSE,12,5,1418919,converged,False,38729205572261074377029466179812918913955908669413664519,125120989751958036329379723170908478052347769834700800,0.438892057748443
2023-07,SSE,12,6,1523648,converged,False,373806020629285232449764533351785854958207180211336689,1194549201419587524192390254226851137454573585694720,0.47060141120082005
2023-07,SSE,12,7,1628377,converged,False,110802621121669970423977188454006604987676462350886801636019,352981302668302067355171515933259532329872366729219276800,0.5734993297769491
2023-07,SSE,12,8,1733106,converged,False,8037102898458929280628818129723174453877498167749045723,26432716222903757596302929811657272769281055711559680,0.5897230517003608
2023-07,SSE,16,1,1000003,converged,False,2176372660136689510343009157856814721673118650633486390949721,8384162294409714003069765403157392993854764494272308707328,0.6711019899838093
2023-07,SSE,16,2,1104732,converged,False,13208689233507552301019315464774274386850973861397799953,50040879405244278696275835872995732723257602903900160,0.5538006308723477
2023-07,SSE,16,3,1209461,converged,True,374258959483484079676804486588242842434661710230480356887687,1468290790062305049842408745130337955259017292659956908032,1.0
2023-07,SSE,16,4,1314190,converged,False,4736679748904681883233019426278477269617011595247248542761,18333672017438867762200673238604020376049158765255065600,0.573463485262977
2023-07,SSE,16,5,1418919,converged,False,1851108837662722878612273973978507000012006829924152661,7181803794053533694540771391469949053025155138191360,0.4896400872085614
2023-07,SSE,16,6,1523648,converged,False,2547421290081736912043121209620159988820525935518886074887059,9960971956578390105982802783436847952359555356295830700032,0.48412998057112083
2023-07,SSE,16,7,1628377,converged,False,98242560973984674141473368582271742168515691424287087843077647,375388917805048465897778091929299940483818283934797738803200,0.5867774338212419
2023-07,SSE,16,8,1733106,converged,False,2504731766744762174393657546175543414315929496583440638006169013,9763995267070723752353106936256554108826316660700725064499200,0.6017714770395561
2023-07,NCut,10,1,1000003,converged,False,180253202598832501438375844019466973531308705428673942768776961120360124659254057267736359049119372610869672134457325080866988200536382650896559327895559903676211453857129979368575716,120058108029353596312359798132216205584267802285168023000857611827287540013195830532584470115056196812327116905351026834510320015093446228324570233522339937501397270581943332148412425,0.7666557457064661
2023-07,NCut,10,2,1104732,converged,False,180817712826394903923816094874392729216010473975146791519605922639968788140480206020201463402696119690658426531714560821079046057652673983124069409039652416091589967233341620073598137635111921,120363843842890342627933349883231259457020667384359070709011251536130132609882844866312595730742747164025288578245912566308615244268341166177089288978074085923251884382138761079713340127904986,0.8081197102656892
2023-07,NCut,10,3,1209461,converged,True,48425510630922843070589217235211262972815997656782166518219116539390861063553106657597465149089885265140455612603633760284613477164949907337122161726374730931016551680235313987686082656595,34703857052973274990489683963561172425302316403925151046235643356304643829016178632065322059572021660562162737211962238345047290152496313865202684553805066819883957785084144131745564480028,1.0
2023-07,NCut,10,4,1314190,converged,False,36432318673532325422716344429512211990743562963811916609207245130274572658877314607817692806840049607749756029250647188319689554430827775080919693470578977826909214778738494756193580969,25576346084171154239963324781857025873133984055638025066539540377869537897302496399264534095151169474150317543971881354707770358399163351554459080467910045418030541618046073940034696840,0.7487746649990434
2023-07,NCut,10,5,1418919,converged,False,716632493448049821507850156566804873758411882527321373932851633126531591704875782235766254595056297092283103440173730991107685720227078708201983316525439718561117932287341087545819352217,488669337658659629654016229282947288696768940105225697615061125599651952345418957970958132941596353312817971166767018695929423684925440589116618442041311571953692579049705829623435856000,0.7483819558882624
2023-07,NCut,10,6,1523648,converged,False,27489244856968980666306407605508894515302699179935673929559121760565526868861461407367452368011538582453737361240330156477586231009272692507217918449850578129730882158405760485201078557819071,19699086307714769773967900110257641519563448183125617182408445841097887971469322637988364940032571947474630346321110982361245858915706675570500431011291797748656932324022186270078830726024520,0.9543271430630276
2023-07,NCut,10,7,1628377,converged,False,9402063443246854734986470985686696186668472366278413121138434477387791645085490680212351398311364279327436606856161205675875953370197472803139699922218146713419174951976306871499427737,6185165279050128938118457193244763968803145657445656799394912185325073224025592951821768467478655878201574625532241638799240064087950625949961088773065219547139888037666937118533537440,0.8297851610741633
2023-07,NCut,10,8,1733106,converged,False,1617497447724231656470941308366337768651198631406503979354946651785294665987311563283685929243408475306751778560082653581825734724499946880367369423890077213553914316063403219013565441163,1151405027942997697052623412567553155415473322170558915228743204377666159689215110599896476531780290715354494890046544080890192673315507239072467134034336533072890880462932769675311218533,0.9385226925656597
2023-07,NCut,20,1,1000003,converged,False,290464080350028506555249162800342344332599648518878768613043766748835584766476237349029464648447375778518616530199004200277514518259464478536856923442382688673196734104022528250951279909476142931899097504063831977817300504622715980365147563805488135228259629602024291767741378072254718471038606041215516295101232700985410639011004308752151429499271336695865408410643339529,64308115163682645150447132707547672406869690641664183206735938978656065547268217393225016055622938309024083105944180593846884225417454438487984772906266235758862108974931056063777352558127799714877927558827781741691002474513377907875705026965786472420497380382524959157300987253651802589652526322477279269858426313228649643083146075911621149816066095985449013914266289250,0.6423167272203603
2023-07,NCut,20,2,1104732,converged,False,5164003589301597949112701003777574091195905744929178304863550664838329193141567826224027871028722516395112538490557767327477785824179135788659816657351581558528410147542618616057253925054052349830552307462527475084022859638575162992797389987727775330153479335306715257038353481568433195964136884740643450169515426748356308896882555696556713713439841570670009120147222869,1135299868124152845790728971655933050213326057340189073949051797902370572756899852027762756907604969944752270793914347289322275120018008666705476510575133586048983497960129753447656837979616707992543243278617640349039225489227698203560782867477024161368378340018303740168945849024421260017528107594076218102345657074524661617196663054917337014628080247672542970681214840,0.6954226942128996
2023-07,NCut,20,3,1209461,converged,True,2184214665198182586503088745981855553454225252149415744262809244677442752451085881928289684907477152579983111649720804662501613139404069145874217081472095534841651532279843733267866089053741306903365734992416822012323111827846621795496457009939218974267269847410390161185931435034128748957133886528478358716121129711031563158227747071418321674509751746081172351852269,550084907409556033378544952570834608627215356244088548011470974557103434368232635594344444660801917500299371885447824987101502670615518652318140380615761479007579194153081258174405913245374409759185363698168863937685085814600045672113845308209885972350261223346975175450279104828517026322263217222810027654108245449705509603923123419044298228463063813677230155299100,1.0
2023-07,NCut,20,4,1314190,converged,False,145108377587569282545034766712493359193252658099434221168288076896070581669284334417943826890496263970873608812804746345105407261369959823834940530670399434912668071791568758439270775337462599906575218334370114017430278080411293938369897840416458844386216823850910451698404877788240834741628762058225501411480917753943148276485998901580121121389090649398754667702,33365101111458900190796495718133514632848104321146768194885491902400891675049283462155516640859840264943076571533673278603545202800946235257241136031741329044043678619970106835418711834620603795710009351754045419112192029363419908599055324788413081454508495139940173484654940799161269150508489959242127095802756216813764343333362396278908939031404877794350961885,0.7148406524609408
2023-07,NCut,20,5,1418919,converged,False,6140366759825029240341972335708651203398114444253190336965991497959476439100222014475703300610741646552082847606549215419428558707092841997706291986449430651638129843937612587389367444225128206409562552138625085579111231950683348830049597643738452570958690583485212031178235864468115846528580694272670856500939633946204849172351148068407836184796212214485450356523523,1344575792948307847179072541470660205014079936615501932003577432745512292890717173089115195276343480491028575990427940495662783693938935308603410864996967008485548243916282205130371573426242438953650871326079358913922195204436021329277461117719295545690399543516809496298385628270860637896855429545831042601586683292403541308531639728102048390649932510237411998927100,0.6393682192603751
2023-07,NCut,20,6,1523648,converged,False,9549772480688674979172475390201526218807980293063540221506412477832389346742098313049256413364107333034436845583008041488299054226257873992375934447798242110533990256058351557265671734003898912391556814567365746576167440139891377351366912374851484978953529820004712843088049668415604158654435684821327147917990497923506901034207404698529318506653225954711839903511207049,2173213737298475724131186335835612043970241398632757057144735522226681034472362518465898672832110407019003963888964531704539550864483761707018646872807070774941220841372412837504529906024218874088209734805653802154127537057152828290816551934930123312532663076544664172327713390056123242379915360281215409002708920674229035880532131199312947776585051861752443048623753500,0.8081109717468887
2023-07,NCut,20,7,1628377,converged,False,335330521710967663271646873893165020359249824442475273566111828314276791033983952454655084238992094077984709295790686963200442213636509951331577336698072450947023752276753844892345516876876520798887058178711213071315982179790741703583046039650516648803850361538443246514103787147773794166725112856479312632853030150036087301034612991481796952898650552967489680387,74373414868326858691762097915433566723318303010866949722483865742055401726135430022604789929853915594674530842807068573515773556860925251779107503546511179507614664004095637891021305392744645965630628584363985076518522758214961681253937474124198036965088017530658213729571384432618500742917157821171551020577563271848731439256590875752053550853387591661655779185,0.6568075175635377
2023-07,NCut,20,8,1733106,converged,False,795048978364463257896208998541451911329415339884373342895636411190406380912218578391198854397148513775560575306335504940579832621244565395962518045199380213923771385578002485911450002805635564534141330230379293499173295159865112439734459985070172718365134311574204686355832947698834771467690253804364620051170983869836976990452577958420232786248019151443293,182924432102241798938698434343857720310627573882359491432188662066794926699702885255509641157919723899356260651674161477403161447782405550784048267705719985045563434971756575322751657261116395890094702760595348752013458735206679469541480515727232894194715705014667948827219197126954056479034500913056756993580269374903088386212028942345582833894501710504550,0.735861654946136
2023-07,NCut,4,1,1000003,converged,False,154019918795372591880112976040551389003141838674088467262953021718505426029563,544038430247673240549596072836318476427408574635808716925714076450582841180040,0.9967139802149712
2023-07,NCut,4,2,1104732,converged,False,2009014924839334643480409094085778969056196157843826141760627808343064442487,6080653517412857380194536965917088922297355677716845385784064846934963222440,0.7623235583643583
2023-07,NCut,4,3,1209461,converged,False,1856632967010655740670443619350218448947272597496363734904306761551357690262952,6563257790453100105014352885667791859090321391177710787442870692500786798720589,0.9973185388103732
2023-07,NCut,4,4,1314190,converged,True,922496462070371444458306700500475147720946041416577405613920184430650828409669,3261560480712343429937453623930633534652156195792386469104612379328883788286392,1.0
2023-07,NCut,4,5,1418919,converged,False,44222909348122464471407405056637996010965104275964268410742531736242080417,131115331185089815253215380894051420393492071999180364343232352934888280682,0.5941126704223746
2023-07,NCut,4,6,1523648,converged,False,154019918795372591880112976040551389003141838674088467262953021718505426029563,544038430247673240549596072836318476427408574635808716925714076450582841180040,0.9967139802149712
2023-07,NCut,4,7,1628377,converged,False,44222909348122464471407405056637996010965104275964268410742531736242080417,131115331185089815253215380894051420393492071999180364343232352934888280682,0.5941126704223746
2023-07,NCut,4,8,1733106,converged,False,44222909348122464471407405056637996010965104275964268410742531736242080417,131115331185089815253215380894051420393492071999180364343232352934888280682,0.5941126704223746
2023-07,NCut,6,1,1000003,converged,False,1745563113534412326865054808819345291394561997078016116842541985471153251293842227120509786696875173992226515455,2599791462923542675901412155853255661367975115215025235386084871479207331634306358660330627595372717079428371507,0.7247616023057466
2023-07,NCut,6,2,1104732,converged,False,617822417575004292378454819532493596225156435833916607549559119415040657136117943624853342161205085150915767430051,1156930333381566653238385205773654898339844456718562580792487858067105188485632825885878684208435984710130607290663,0.9923259771404066
2023-07,NCut,6,3,1209461,converged,False,12725949614428780253211802692309251029141114004230577428172556240047585682365221059940260312091853381137101060737247889,23833668468107743764216301073128594564620247499112622029384088776735482733514213524148101002777359944076999283502216988,0.9796890940341163
2023-07,NCut,6,4,1314190,converged,False,617822417575004292378454819532493596225156435833916607549559119415040657136117943624853342161205085150915767430051,1156930333381566653238385205773654898339844456718562580792487858067105188485632825885878684208435984710130607290663,0.9923259771404066
2023-07,NCut,6,5,1418919,converged,False,617822417575004292378454819532493596225156435833916607549559119415040657136117943624853342161205085150915767430051,1156930333381566653238385205773654898339844456718562580792487858067105188485632825885878684208435984710130607290663,0.9923259771404066
2023-07,NCut,6,6,1523648,converged,True,488534511877583693788654063796704957471343970840642465969025242268076777473177151528847235950837600969405625687583326,918632917398337989727109158279630738724029170594011908590772114913486171774507071928654696488554798103024922947219293,1.0
2023-07,NCut,6,7,1628377,converged,False,943211129210286049315265733753707810598971063793139379812261144483940779794732786682729398991785030002952894756352838,1763988137567405545314551551446904286892631919222650893661558385666872346138240341378012628136443077532065264998803031,0.9809168251456212
2023-07,NCut,6,8,1733106,converged,False,825641569850107436467934038557542380846881906239155235395429376095441161876814467705551116622553071310473766767073716,1472206509962870822579040784823023021076894615129219622895277963416328316970566437615129833015102888630610383506104025,0.8572616166325262
2023-07,NCut,8,1,1000003,converged,True,390355087274645175048170963947828954170178770417770471098711735333221413997396034369398985184822689978217118883481761802301686389896717322885363092141,443991778436284056107821921004154175810529097363635036065740064104089114321822743772389290128873338998664541061762278230576900589197343056081194437090,1.0
2023-07,NCut,8,2,1104732,converged,False,424020544686381705071823407076455282162806293709057372447204302759783760733528411779828885980637404591423284959739066706706745393918925439682199556502,348962854873156650320239520634327011844196833718502110583543438662628677803351076949339371613953892034822451832015186357864817182744610635410287129795,0.6943540459023092
2023-07,NCut,8,3,1209461,converged,False,482260535014764636893144636579075447190188114578382916447502698772820557817946003784786042249408457776479522720267737945175200236809434176558381819,501363592920955845874852509451125057082511203862056210520328986796140879540629964806969752810561002211271580398258908700427441261580869284684897500,0.9180608914463517
2023-07,NCut,8,4,1314190,converged,False,30088014200472693076479714606058434459520871651207093221322736883479274293554621384011085314939463177118794143815891342956794508144489369575368618326163379,28994408873261399220890942688226366298414754263735982246503037457886496887620702442922330013019809651111801997185349193521535924349873819053270715136448144,0.8682470453549586
2023-07,NCut,8,5,1418919,converged,False,481065919926740012048665480992512842418729155617373067797549356351765709592907957930842004769659184293301425823419051047254778583401320343590479073273,487389800273946773231217441203115499046905188349087584044154802034357038782116358847025394879466464341175548984901741034781469524551658011971749982930,0.8590332420049567
2023-07,NCut,8,6,1523648,converged,False,139530217037791975166782801015503048996256769253590606090813378324490934961686497808182570949572736138258230183351117947664006301015771100659864141537036016,132028224862381569749344984203573094170155136845371996004033256745397301738612522683649714396793956330356309865466012611100460891593556270916495181020851835,0.8703006517074567
2023-07,NCut,8,7,1628377,converged,False,1271129653362645790917769634191596448310992492147611291124540782760453731817277788481867933654099356608926062126743074311480070728806583705241765986842191,1258087764593115856320830326795044619132840041349065268817673238362464346530981096325167148491748279075285134414525829853893405993558364068036375363845913,0.8236945580825127
2023-07,NCut,8,8,1733106,converged,False,37069993788087921402026387978687549701960186336525962118064475929784282352080516323147515230429206885055162674688752393829569194663681832717196886384039,36031724973177881381478208801483214604019223727600270628975520020837548512840124319218555478354037307097512101163259313868138856803367082788209718900170,0.8656830842547438
2023-07,NCut,12,1,1000003,converged,False,211647144959671108684550020542281339558388485533698056622816790445666868197678247936878927705482291444702389254638367419252191840594005517823478980541827251354717359930268142802170036934602620476692590479602427155602058419371303,111476335981185757976155399324623052407362375310865067502419534500946301086248283814694589581751456245720339309739758178397582002799724827327968254217901574041105055041420288819182667571634451419296588681922568382552947259997070,0.8214173011658293
2023-07,NCut,12,2,1104732,converged,False,13064951746812926254500051977736017181131430576960682058681803094391789939820937233683292836211258263062423075366504298965291091399650209525780612930253062337124494228321952604323198400612252567003534827827675220092299157680189,6397502867284660657881117408072702911323636346995763521888316218160850387814453581879453172817947191517942754010040296837376765618812891532661825738659414391166865831634955112964532627097376724508095212054901038288171732842650,0.6982082338289568
2023-07,NCut,12,3,1209461,converged,True,21241327606053957430609305399111420125538005326656654472078991374713039729282545677349411132056483938737261400095212386607441050828576878463141977438586182776557731538974782551808771100181164171299924777298642977051625863747,12083466419908452858518831898981180231720971361252214644065313737642269562784400052379590245545918872775981648446606147971363778976228038191201463146210524958494007748283968667393016909630944170440422178242286146498068006760,1.0
2023-07,NCut,12,4,1314190,converged,False,380707637119694765076208148474525217968960701598844210786946531018249912977211161439508987356049776699993851894893791301292926170301909914405398283599305334507415648358254901377801414702254989142567867378262725774593758178141,198573334789042146473041668172263221348435742537944438947205384829738557742739321658918423672801049854542929478822138103520953842870815131758206133092605795526256085496080682066258035728599051619717998655784830350555324323790,0.823170605184816
2023-07,NCut,12,5,1418919,converged,False,15036345826387066284043248999515317894268409863491340486442740110683413842289217746643288673869544504238530499104205938666763594127513612479364339268598507226763361461344154205073305902737312898606837503123303848583930196937,7781067487119030999793450392895980579592113558170462302570145985115898771194944325119641440858961417368426576279262387242634481149951318305361291838536554238268932104217804852467452950807489505174482652766597904673369219573,0.8498962174182918
2023-07,NCut,12,6,1523648,converged,False,9630323438595455782692334373838540674434652129665531003484015127068800000998481260015439978848526135646192929850503848131127143394181046121506127166460227548332393134259018800694837587046997690289436214344843913390530362182893,5070183576905488507240256882178574265389908039724053218280109539366486808078652113423460936782542229754825181838250430226738098097671337907322062919005136817479566703697000375439722814889140957926832600882897680429801917619710,0.820178688788563
2023-07,NCut,12,7,1628377,converged,False,968100150319590245845053142917516294599553832252651510808620996468147637543268880256762454157993132364774516398571982300550402332137897378250715484370041097770166782910106630173655962163216442026211613307337524391420634733093,509268066739521706491032109034881990875248870420329574078641794447214446168272276641823193849896305027150661051858351066081630576089259993821312969556566078500339857448535203149643848007701050744182025258165307215791726441340,0.824320272886646
2023-07,NCut,12,8,1733106,converged,False,30460326888911390506621385584577318344759647108992246079375815027927205406846295967773413455063206106502654472738798656309401618164315512528413139518893772030415887475053761819193167107166220024115253277308735617033648038898123,14395252936445548612297133838423235444841904800733537340296968248798887647192547435416489806007222195362248722651144264636485605494617697056173928314884251370929428843424567637134690340216673179990551835601219112169054072570472,0.7081774496728029
2023-07,NCut,16,1,1000003,converged,False,35189798054904183223069611115935986092316625420888300206932949956215826089872049617660620957017878082886569635694280910766759639454910583581695205048192413512701663448099809067718937061221788457118711249690871352123670609760995173453497137722517494959424685804927999212273883826038949419820695169,11137221091143988805925294503737849496098141763243738469831519855698833562059535963838500405862701808805652743355211268144404348996022193690197625774201659872586965740295131490720503828798020482959047139461549500684293871710125203739473327494980233168079859470565466879982361741903095894787348352,0.7194883571423469
2023-07,NCut,16,2,1104732,converged,False,1540512391087732535301043086308250088450861794242669134690203499884125329074529991974205255764997082985313523358873088849739111648715331896656914550431183359061267698731146864843665119607806830318637915759392442690313522094359005956825093602708903114375883501456840738277677319458312168831645320141,511498634888736016467148971230687154009433220304271934526566829726389991023050387830516147629244316063786890885657192254526755277928293000758338331080908637411638660533189930125301781171590743892980298840103764217811078045628733996608097364328258236763522080492256995564714421452816217708017618590,0.7121750269483056
2023-07,NCut,16,3,1209461,converged,False,8358294798514242734037446615197632755528195916144553987417180894477288058232778234038180247262894356617642104773721702946201153098079350632430926735028924780144962676446622051114336392462923061032760317809979559219000855103141464914127201412616841207719757649390017368853786171276146641021,3010708743463531757559715832667398949405617117522358385330054104276031269817510505401868213399822828510465528834510980860107933832306397748338022336618789665069030540151003211137540526793826130102969627254955025185391343381434268907410891138571153053133727541880484596106471035951277500480,0.7846964808615917
2023-07,NCut,16,4,1314190,converged,False,675098123385779102679256490623357755416734643784247469570947144252355915919480016373380098377210755609636507238617285046669161641871486943709897344733693496367926244388894893143830403229446509302273202095588587781601749822402931393537660428765375611916681738367064986080957576052280263763513409,240007300735067923039806814514263977287419261942697550852050971652580282166359459555969600121248034290854176049442852070388162240673305395599491130157609843574966632309984336143484667786319131923111332137963452100648676282103854818332710513541454134894951167731774283764620104883795157911420080,0.8291541178610219
2023-07,NCut,16,5,1418919,converged,False,18701665229018193430487594770251839342109878137479833086364465756095439301626767481753502272745097764727529714364404081097787119971946386110697921062934739303118043462385380704423222949434283001905345214031990544837164870222827458212746175114258741202546135287536662646104823966827081459263177,6021856188040470171593449677374737994303097513143605057936695610575469057798557335594301802443005951372328574858880186509906165568994484707331101376900840893782999378732036521679164934118595175228569773644711081106288980782847509022174679063270772903477150049751076813303025998667252282807070,0.6847547121162788
2023-07,NCut,16,6,1523648,converged,True,282312840791061570102455436037553362254565116475587018844733342669222357923709657229751467866149837146331179579855328357981317391782660338374919146509886838924804002975369618837312639603224822804006786219150077536219845497963715610512653218651426636893966734527210616049953395544190749447,107928855810764887325348249361774915914580275939351538280762748383207191863539332138162183828054926434734153303302218427084088270736493981663147337563130282884985027711133350735157698325271019793996612647606430264150443089217705007436206346166510654369248155789031210588529060463024165560,1.0
2023-07,NCut,16,7,1628377,converged,False,47755919627222008261489983959409482281328240253764642561322056843755376007391816307930271657167712124113258692619829908573792036104078568631510506116135954412529733065397409618303487509897455476339453577929254198050488521360204717872130026819399652810059661382002617870413328327487420771478104936067,14916142857863823165912180850821226276821269290147312144467927209108145447266590967381170652785373336298315480755630723919409981578799446593519921907100095470410171277446558565853706713696005328687279435327876031624987148614619149524694079628985644953789133733685155788251134821310763718225473732340,0.7335173534255931
2023-07,NCut,16,8,1733106,converged,False,2400057400146569738022167076849484347166301310464262098387426838531461628821119309641381628710537750052443457380282812338478231056347327754375144561143575901226612359925128156091228293152011726973444285621714378283656725821918900283929535673241984243780606159770168695407747679816225163023453236331,749534041995932996678201722262048205107463069667342474357619934895853220171572059498835721476492787772634716669167232173514087386021142569626646470401429648162102024023204786835097801356438846308564751736833585968432114316614423461564594333115362695666183151335399654900485089407555850371347369600,0.74389090463787
2023-08,SSE,10,1,1000003,converged,False,15921242070493314277474889872570335025770464421612685243549,48711638438849660331454759365349578177523465724645867520,0.5962174590140101
2023-08,SSE,10,2,1104732,converged,False,204510958812084472714513810066845619198341072853298801051,622749344181604100167511452498574000054489795946086400,0.46560364997805026
2023-08,SSE,10,3,1209461,converged,False,61491018433474763728365992878223512703705437376937365833749,188478758801729753205436567013224492512147523918742159360,0.8408299798116915
2023-08,SSE,10,4,1314190,converged,True,220240846586025586129732871852396952290071826254678837,675341773548018241008145453580827269865768432435200,1.0
2023-08,SSE,10,5,1418919,converged,False,18641323614910122211537386697915316529699337579840204063,56863328356838121281184882804239719127193313597194240,0.6912071988045029
2023-08,SSE,10,6,1523648,converged,False,1183634140980413874415422878361605842515740068564116619,3595665578420967410035834787657325278611503264563200,0.6836791402601373
2023-08,SSE,10,7,1628377,converged,False,24605130558606628457885526627053990750037371397061444677301,75343383958792864093810860236004845371980115957273067520,0.5810697048952725
2023-08,SSE,10,8,1733106,converged,False,363181645792338529660342863789472075590157247006002001,1104512466500390407151673145396356762109919111413760,0.40703026389249264
2023-08,SSE,20,1,1000003,converged,False,6010402230104516342869954196322693939710402326912633407758112523,26776321262985201437357488440780529630783552709655429948375040,0.46921712261025145
2023-08,SSE,20,2,1104732,converged,True,24780821303760612864492584107086113925576041991950008572377,113153225302816024889547471800732578170557992509269606400,1.0
2023-08,SSE,20,3,1209461,converged,False,74140757198876561205054082443725589411302337482958499369441,334786187943238032419127942551592661971569510683949137920,0.4653905022974269
2023-08,SSE,20,4,1314190,converged,False,22003567797515829504881136119640224890725189386901456615311,98648736444629934924553718125991621594913184193445888000,0.6008664749923855
2023-08,SSE,20,5,1418919,converged,False,77146959926702455960881455520297932892619008509756866830221,351675350451009817668291685259639837167178540545317273600,0.6032429708437858
2023-08,SSE,20,6,1523648,converged,False,29909721765839362307789013495443142629479891759340063343031385,136274395039682986021729433060292793333201422842612523466752,0.49494669285635967
2023-08,SSE,20,7,1628377,converged,False,161304204053728316720918135996295304367642727807401832589787353,723284444934934718199114853041462621182586785023015885209600,0.4900349115437611
2023-08,SSE,20,8,1733106,converged,False,331417571021280278779131309926251592457284470612892495503231133,1481805169623259807681167293292132285013884287659793228759040,0.5048365443530551
2023-08,SSE,4,1,1000003,converged,False,7795243718024240601991878267506589821268657613314419,12800043788108963596111860499043342706459224834048,0.4938583240305455
2023-08,SSE,4,2,1104732,converged,False,62299647161780930519413699022348948504501950416971763,102298405671351205500332479381347611260757708111872,0.4932181635688491
2023-08,SSE,4,3,1209461,converged,True,98422394425115900278390262622776290662505344782691,165288403014515051466697579904315361993697525760,1.0
2023-08,SSE,4,4,1314190,converged,False,1650076769616330552809075049866224467116508820850627,2710054329883896233631311557886041860617879420928,0.4814290309336597
2023-08,SSE,4,5,1418919,converged,False,5436500454060871708486142420561779354553011668985,9128267773038585375452271041134203516651307008,0.9843329676603696
2023-08,SSE,4,6,1523648,converged,False,497328548775793613414825392731841506965527922846913,817106773952680680347018665509218307754900324352,0.49266715322193655
2023-08,SSE,4,7,1628377,converged,False,98422394425115900278390262622776290662505344782691,165288403014515051466697579904315361993697525760,1.0
2023-08,SSE,4,8,1733106,converged,False,124555553533062657722326686974887161061717134942481013,204479046943832128207791033958298633194090696540160,0.49204694622601347
2023-08,SSE,6,1,1000003,converged,False,5252311238504963584129661799740690960079532236186193,12097846062851848083479229845994800867254531522560,0.9967379431726591
2023-08,SSE,6,2,1104732,converged,False,5252311238504963584129661799740690960079532236186193,12097846062851848083479229845994800867254531522560,0.9967379431726591
2023-08,SSE,6,3,1209461,converged,False,1847503083570581223804197253607041651594564215803995839,4254437264517374655140349771295635966358669775339520,0.9616395008391906
2023-08,SSE,6,4,1314190,converged,False,1847503083570581223804197253607041651594564215803995839,4254437264517374655140349771295635966358669775339520,0.9616395008391906
2023-08,SSE,6,5,1418919,converged,False,1847503083570581223804197253607041651594564215803995839,4254437264517374655140349771295635966358669775339520,0.9616395008391906
2023-08,SSE,6,6,1523648,converged,False,5252311238504963584129661799740690960079532236186193,12097846062851848083479229845994800867254531522560,0.9967379431726591
2023-08,SSE,6,7,1628377,converged,True,27140914160514812844261782469171914215621504539554142757,62515154228015276823375709489568672143042897237770240,1.0
2023-08,SSE,6,8,1733106,converged,False,5252311238504963584129661799740690960079532236186193,12097846062851848083479229845994800867254531522560,0.9967379431726591
2023-08,SSE,8,1,1000003,converged,False,2574146859818545649673425991657772231666775484488775791017,7005116567401978711986592782611245030011226805606809600,0.9286101890015067
2023-08,SSE,8,2,1104732,converged,False,2850582769502302680175389155212045511527138400489729063,7506043408936737356976875488856650389843962474004480,0.6594435455201644
2023-08,SSE,8,3,1209461,converged,False,55360091397205028920362187767173175342078203542797505,150657150225959407957192023704764742825269027405824,0.9716163245442694
2023-08,SSE,8,4,1314190,converged,False,1500030492409015619137463362878492466269876140504923932577,3855273001059192816554060138486378956713575832900075520,0.5690653045280567
2023-08,SSE,8,5,1418919,converged,True,200428125964744647106958328216753397491954493380349051,545448920740013906694198122525901549468096795770880,1.0
2023-08,SSE,8,6,1523648,converged,False,1450256100546313050326682860087621141384897446196630041,3854012742753628263786519893473486124207105963458560,0.5710862109517322
2023-08,SSE,8,7,1628377,converged,False,1275883693560626829703179633562030929204836623564468603,3445025660741966505019899383676946133078549043609600,0.6146886165089815
2023-08,SSE,8,8,1733106,converged,False,200428125964744647106958328216753397491954493380349051,545448920740013906694198122525901549468096795770880,1.0
2023-08,SSE,12,1,1000003,converged,False,1278212145195023394975113554205229227875295986968055469,4268727731557942844574439197663844545071199993987072,0.4723400198182837
2023-08,SSE,12,2,1104732,converged,True,103510320862845753594179676673297342533096774980089087,353938131548621306290220226763495987812932140400640,1.0
2023-08,SSE,12,3,1209461,converged,False,5096994117252430000772775443415792362923199369382433085330029,17081624721730710405805771360799564567810015184639932497920,0.47394431311914487
2023-08,SSE,12,4,1314190,converged,False,9375805495407964068090615488089524700860948951669180197,31951949516931588022502574566090416286662575972679680,0.5473917540119081
2023-08,SSE,12,5,1418919,converged,False,59165491170368079856215366895150655218016066302912648181,200177608045607410643049859962378887267927836269215744,0.4441663400296979
2023-08,SSE,12,6,1523648,converged,False,3917963240607212028028502945740745875118336853962372122619,13301555637027755142439389340011523579704953921549107200,0.6718756929074087
2023-08,SSE,12,7,1628377,converged,False,121840706300183329612318568026143109870559108733086554461163,410374454636239594314627904411071783305850569832309719040,0.5977467891749239
2023-08,SSE,12,8,1733106,converged,False,20018988238836441666911186818532722667275619077219871563935,68359361534939525449102050590557008124907330298793951232,0.6535597366057095
2023-08,SSE,16,1,1000003,converged,False,548749265502558084468428433868243541584144830883394722174327,2187587108960144272670157915144087252409810542282984652800,0.5050354373055979
2023-08,SSE,16,2,1104732,converged,False,620991401023357372035656624884266794307860883906983295182339,2425439420919632342633429150684879352925773085930841702400,0.5055707035659169
2023-08,SSE,16,3,1209461,converged,True,13344284066806422174924888935951452224181855704404633671717,53516981115067912461579140008860655007260307284966768640,1.0
2023-08,SSE,16,4,1314190,converged,False,20025327763455304431833179221956496299392262809523420364084827,80217698768746332700332241358096446975219661354182188728320,0.5210278904015848
2023-08,SSE,16,5,1418919,converged,False,916911097980669977877958537792204171237349667455240076473,3578728110704042584425444606184300611555595305929932800,0.42698580239092504
2023-08,SSE,16,6,1523648,converged,False,128099288587364894694249995616284299942495626803546925712301,511871604892529735777091565449467199688486090178895544320,0.693064887398704
2023-08,SSE,16,7,1628377,converged,False,117400766459611599966794628912888840001909926227855609695,469252261226522549859425695727520536224624715155636224,0.4938051369010373
2023-08,SSE,16,8,1733106,converged,False,1749271975735715503650377320535458178657495400722457829289,6885023467915818744906118115654585340836766766910668800,0.5628512990633606
2023-08,NCut,10,1,1000003,converged,False,1493925723316489366251263256011234512304315304974461692598565345563262982398138207935218938451410669467408431057725970292109151412651732417259621599321096560214840912375002077600472041801891,1052568602818229541583073454674931988268200842011629773854483446058212830633357098828350731155103579771113217767285265337709817830858913028748684391747850116819873834353811617444538550753500,0.7584894506442701
2023-08,NCut,10,2,1104732,converged,False,735073390184129302375514211985538495765638147184308639176580702570081191519028862373590195183904886748578308049577233882099815519786504188225153111290258448005949169977164661163469873204897,446465234490420666362017489075010489130925635192575621135961543355175907852844302861731004627273966475322719696760926578140259152466141634962750266565761780649243880263526219167920694299160,0.6686797093034081
2023-08,NCut,10,3,1209461,converged,True,8039680197175744551278372323203224523662879420747579536737240598780941700829747378952468662451697788895703174844580656079304521351472818011777907448811013202874916743908697054357292176709274,6370624692437585242133779418491046429265694100393416253492880348196111297439070491986485620694264655118187673785844169477858466219741964723559434792610425099734750186900106837916339611571991,1.0
2023-08,NCut,10,4,1314190,converged,False,14914241342203466532245066641671595119646452797636950051015984671622855552720196486728618645530661359545575756396272463308290429863097287289060057594113779111225292932627609157338282168657709,10171737331594489331295882967126757505554376294624206284220992697207647471078164703401563183322749346734351019029472325213017486234909696128779585922117760696506645208089680807228295733224805,0.7780029650537073
2023-08,NCut,10,5,1418919,converged,False,84185330706453182127309746101336019813870899707458366557924475252920490016590003783182202628180473456533928370542238972628282320206602381710632128196833169537353369332214470518959171,57325312149839977062943183560183644913550428964780275663972114573590152380142104335668994146902465794786681810177674318552372800933033422281616039225696070509567346213615545480326360,0.7390094265008021
2023-08,NCut,10,6,1523648,converged,False,9829505786774419460150006453540685839266899745105792533275706867226152873311235289269633682894072812933822619591088850983100105935788286124752318608987333798164746264529382947993133549,6166439708720569214622391201645430871272518520409499219855666772385406081476566345034323009203532344625725253833290948620251211782923151055793794749365355844453712407149955549599835220,0.6388112468049312
2023-08,NCut,10,7,1628377,converged,False,5916144340334901766064212967110309421017100601279258072867275502334990876550541013629549128469537456878211765077289735918682581171934415077644709653706891684619188773994611317163819677439637,4159922148950823929617933504033078618598161674945475685407518985539373534355391019091008502752784773719098612343701148478181687473999324677577573149086705998961921673811506657729332496301080,0.8367809039844439
2023-08,NCut,10,8,1733106,converged,False,14793263862147762773330274092936146730324388302306522357888082740699815646793542583335317791671744566281267434726167650627214073259995122561577978733958075252249539287021792183330810403758197,10115283707431607929289735601120747318971554463562049388384307709562981026453891895446187649509524344097554937571109934888838873473517659022562541654598839429013378354724566231756618439345480,0.7699750759604743
2023-08,NCut,20,1,1000003,converged,False,39913418179904947420239814159140774745854907674892386492249303274354809917890024218545310320051177080594487913255280850559533012340611073514612328011594297593798324063146088154553961267120536349530256353774121215967774825775085807160148166882726219338884925594858644096542773159376121798503429120053913914540975713275677424308014187159081097058571343430272836762187,9119826496485100722882003341062027223993704366894407328802889160709500790826354778732748711448658106813663637813292584019669698252125885624696276907930418578281931423001566737419259991313478693607737488374662366685483600058203649696855984825755930495266663953019891147985303105915497710309444909350080054813314164364599521050580423622309229806148278314365887565920,0.9243957716312269
2023-08,NCut,20,2,1104732,converged,False,1519175979796704338873087600942800650758106732174061312793765511132626319285136747166170385759875321673176936444782553561492904970753823373898679163668661898487193572953583224350164934216976906528642963121338154656809517270091577684701760251790054264128676974825476780636756359739692751922522626860961892936303683815316786827451367872334393544110279533182253504586981,341603865707600005421340719766970083200658656545013243871083657368256088152305082109742392812527992688722282016211863855616884393674116423863175712295392810939501538163297749230891457814134278324877024933888618161508455009973820707109578162661256671635109571937043687456325965542856231139197633962991106047658700512924975388014873903756458922835683043152729969000792,0.8692180793131481
2023-08,NCut,20,3,1209461,converged,True,158138055141053651555014648301939969178212477114622398751413114139723594428251752680943467351657207318142149204196026314707111703597149389532419427804870229267725925989951495405072487719393314621339442735629441475618784708155536714691233531077147476492493009498717859597772887718922244945062522680881046740589385560136622756986148817125211294026591824530205153810063,38474403924067466390799992951258479507374353484782737753146637841320891267165404326906225769644799155279198168856294062312334351873670458810791323169176478420550385340072753864984871570891046878752650778692544647105770894748289735190508015742783603598319425175438207775524422065593096557400943140211177032733545482539152837540992514460929993163175682324510339477392,1.0
2023-08,NCut,20,4,1314190,converged,False,2777720692549777790076317346621470458907412045935138110917657531049642069503556648320137865000904788951503352722186552061421593929999071652119510964780152307907601604653462668104524225942448474237731949062991084794568729454567549582907221790195945298608173771173733743921679340281595980107518240474863989127099553517179814110907583933984574574746262619921251331587,645630105402068195489682664262142903960618695488288716045109187189274180250776401087550261280892876760919866644290868248413998110434410661155476252515010171373559500293733457030697377803100352773399625879741988930213494480724990097898386392963051101081522505283391289125723370831170931828810833611897018985792064143219177197866495158854275794320183781458296166400,0.7202437998277695
2023-08,NCut,20,5,1418919,converged,False,8119570078934969852962201902366502805174683742926493205857299291982786486109595254716848547426106972406711350529525966512858311403932874449677640123666560954460821562072763929360571876255188291165713169174377860327724800069433636151830356842970941050537818229475715237988967798491859178720765315401531282456415359580897221597205902770631574430212930363152543501,1974955873039200737699793200916534092705101638213978948579456881004361556741109906917847906265787268992358677449065672437894305645067286866355372748087568563614726373377408421148576729057908042768558883407829092453813376621083062657398361384808481084375551927779747524724558127635950437277376950153187769337749602339811623030815321939517481246512059716469577000,0.951122580265756
2023-08,NCut,20,6,1523648,converged,False,9761487232867637633422192667535389380290328839966275751415720447078317037891140468866423355428461450553266355479685869474973567763545923181825960903840125112278538762710776786912446491968775671922396783178446534493260483553466762878365170353551675427364292002541791340838807966296665297650601984631521656237489877130229551388810515012178617111315715042132648286579365921,2297140138701554229073927791646656932882789720940079748537963647131022057789791030141968423762145376519888138785731549409754370299082413144721217975300307216831023760938554521541007952382921711294503624578353615620366056279663671040257103005925134663305039895618874501988246659257298476603753229904630134237093567418334823297365308129962461665378832025780565680120817950,0.7655420539484296
2023-08,NCut,20,7,1628377,converged,False,597929348830285401077354008974445684289677189710816671995758952166027157521129074079249043559546323637666973189555912130766644094592599436507261301250102195772630986407621311308847695042713553048125739511429478137431877521687859141852433929994477531412991053007508665610900640913000919018724093565664266342159297752118440415592925120908464811345925315637067802259118479,127877664599985585375888119928994410467377973302198440594272912205596229002549002284867818145955050232029589106286844714083818978386238490557578096628432375838320091526934729993457153928437677397964858892288827384145263284216353641941641498283214838669826991513812275266393699379335935422113794084711207941723973871589489815037948400296531631334818299323904464320030384,0.8242756164069525
2023-08,NCut,20,8,1733106,converged,False,56811251303293589389919944644178144064964614759895542194837110315533998667870324229769017007328528753285487862432695851539418252979625097439204996868424930312085163557022995330207890410839771975048773419821062062006555465957569978915316860001364927282027423086816216868246127480144075124319658722874749458641254802746888447292784827856218119366478321966221,13445141117396936093410499656488619994626661042582136814340956587137044865963346361218443392629826942078268209193586110234600407977930535943391142215233767236163962068446058973459087737156048673317718126004816846172932331823898741113983587246580437193957056796384333142393313797423124165912798554845839160308929484762119993066455681467819306851049244172720,0.8178536010132358
2023-08,NCut,4,1,1000003,converged,False,108888153968181216791986899287204550528377635077919460517200003890448693648738,392263086557998377964591792064825245957362840686266771377296427148059939333003,0.9949997704630588
2023-08,NCut,4,2,1104732,converged,False,14349014585196214867154697365226073067018039639160989555749910252147799734150097,48366860920072751679557590954569056382626579339107522896308048351025878716393540,0.7442422322554733
2023-08,NCut,4,3,1209461,converged,False,108888153968181216791986899287204550528377635077919460517200003890448693648738,392263086557998377964591792064825245957362840686266771377296427148059939333003,0.9949997704630588
2023-08,NCut,4,4,1314190,converged,False,108888153968181216791986899287204550528377635077919460517200003890448693648738,392263086557998377964591792064825245957362840686266771377296427148059939333003,0.9949997704630588
2023-08,NCut,4,5,1418919,converged,False,108888153968181216791986899287204550528377635077919460517200003890448693648738,392263086557998377964591792064825245957362840686266771377296427148059939333003,0.9949997704630588
2023-08,NCut,4,6,1523648,converged,False,212862663995435184945115883891173930496920937705894693948997927240091643320145,663819249264944026474685826881675997584842452529353820195958730503968814751556,0.6272182313839232
2023-08,NCut,4,7,1628377,converged,False,108888153968181216791986899287204550528377635077919460517200003890448693648738,392263086557998377964591792064825245957362840686266771377296427148059939333003,0.9949997704630588
2023-08,NCut,4,8,1733106,converged,True,323608003657998899735765542896746144351608986944081023237752699295972751343362,1168151043589533164000912299713362821652343941650847744231472541614917252947737,1.0
2023-08,NCut,6,1,1000003,converged,False,2868375340041570884014214694335226803570545807897057296170495300307619064023758134537521297113477448936271094431,4653420886689644307067727624892670565583773666136027763413843751475038582339131763358355669935774240172539828040,0.8916648588558821
2023-08,NCut,6,2,1104732,converged,False,3638751022498216770242229773597647090683270383698244592098338819067906392797500642008324568021487761723776362557877,6063978749111614398741070959245386563303768981827369911047959284942180420895008910374176589054307421756488532693116,0.8899728788888593
2023-08,NCut,6,3,1209461,converged,False,3638751022498216770242229773597647090683270383698244592098338819067906392797500642008324568021487761723776362557877,6063978749111614398741070959245386563303768981827369911047959284942180420895008910374176589054307421756488532693116,0.8899728788888593
2023-08,NCut,6,4,1314190,converged,True,4125558598400383324040198208247263941259107114330097793839042458673007550618615438036393060966412815060368969353980783,7071557041591196829178111947687956792871949209782677924488541638662956780083528955405336788269507446082138121141296445,1.0
2023-08,NCut,6,5,1418919,converged,False,3638751022498216770242229773597647090683270383698244592098338819067906392797500642008324568021487761723776362557877,6063978749111614398741070959245386563303768981827369911047959284942180420895008910374176589054307421756488532693116,0.8899728788888593
2023-08,NCut,6,6,1523648,converged,False,3638751022498216770242229773597647090683270383698244592098338819067906392797500642008324568021487761723776362557877,6063978749111614398741070959245386563303768981827369911047959284942180420895008910374176589054307421756488532693116,0.8899728788888593
2023-08,NCut,6,7,1628377,converged,False,3638751022498216770242229773597647090683270383698244592098338819067906392797500642008324568021487761723776362557877,6063978749111614398741070959245386563303768981827369911047959284942180420895008910374176589054307421756488532693116,0.8899728788888593
2023-08,NCut,6,8,1733106,converged,False,4125558598400383324040198208247263941259107114330097793839042458673007550618615438036393060966412815060368969353980783,7071557041591196829178111947687956792871949209782677924488541638662956780083528955405336788269507446082138121141296445,1.0
2023-08,NCut,8,1,1000003,converged,False,2108339065656561468352793448601477805722087998785899609373846147933232757586366830941807280829422144332862451594452862954681353076707480643595351808911779,2156840714687248908958230179609059069570163047615551513875186679990897180765791360329127102611820886093887500008688612833543066119242276864514643593025150,0.8091306096187294
2023-08,NCut,8,2,1104732,converged,False,568746738255760629161568768104939052107277577488992113601017166423313004949795395650502367355413924051108482362618390769211578654908199230029059010012957,572569890284843952212884703836160298732817827794136922280782852164065700235197346507919853247233787515291676188859918219593673709948433942364067230091820,0.7811845662408762
2023-08,NCut,8,3,1209461,converged,False,942778448890319725099214492102319582809905383858370379143942355364103926708499356339014741399609412915489080430312621113665058354748767996216731256662447,1002107609209306975730088209479841270043289154232917129725632048423293960167063568186665678046740292387676216553406687141496761558711812917562176474306729,0.808131453566916
2023-08,NCut,8,4,1314190,converged,True,15015020984959412890500716393933620295429521856704576562404123253911072679386412955401156889263333768875535934123309115590492578404121446212786309380851,17810483739211006450789230591358938473022252019332971596377019162627793906460251658025596277797068196427256271964931036985347735235138623137596403294515,1.0
2023-08,NCut,8,5,1418919,converged,False,77009843805795252603717589377059691567461037141166086589807285509383513104919596494429301788849524197321753179726467470884273381878674911649010001475221409,76717394274252354555397184092539165360642578718399759594657704631650080991521770947535699715533683241506168139948269237155207323575073416949463441776759194,0.7628263402091338
2023-08,NCut,8,6,1523648,converged,False,17925521621106226007826801806170250788883823198465489979461541883757467911673068851645918493289474826644329897807656970616465322323148931370927722334179,18147052522663413837042616321766756644804379588233814347503249246505561152021863585698197595285645335402943110261575219955132729119213806951425433284240,0.7965255313113573
2023-08,NCut,8,7,1628377,converged,False,63573894105177492306447360280235443452801529698684360564519060327250021360203375347023722655025986660318386328086758260789543797958403865246182506457,57533568746492982920132612057962193944985227505008135071999454876481774966968321591732861890556750688439532967449476641057899125571332220654348154420,0.6400598221634664
2023-08,NCut,8,8,1733106,converged,False,435169515271250384956746423684254199456910837045141349942761673433335174941251436695627521332700855487184326642999538329288807409857737111824016412468191,446033897162210635927375310410474680440115672171366118062146453957408641861152481935501922060499689112744484812752046006286179031550295028715895206114590,0.8365589330805621
2023-08,NCut,12,1,1000003,converged,False,4363824685502788426840934210279431123460292832383046417192097515678624969450347154618351564188956091402301994892149798176554598684486258722538747521496968339533027251590153200392777458846386966182093045634199068180254867,2186512303690115985826033654153934325602666829952487321352294993818120239574997464291228597383153700497250258496615468144348140957984585622291346480273090551617654788463661640481086439535017491905560592714983005770531696,0.7905006180094787
2023-08,NCut,12,2,1104732,converged,False,820350759359598996254320777372978348460736053274636524972125556007116130922047167408697133968074018087232084595556674245429236963122586474364569997724891303379402148723841591085339159697001407527922505081820154450625607982007,385901717760013517028571987502400857194990946114367352199321085553515255661774504522353117231896316330880686389724341914179148128477339968585323278021162383685086841282886883992725612557157503407043817758148444886750215450900,0.6681917981287396
2023-08,NCut,12,3,1209461,converged,False,2004204905480503279109799086059131250149214229889952354819291068626263317893818206168480310286766488611070952882384289593331271437928424887947053756825126741349647864438365356286393178959128983967403879630524666637637610541,994221385790923110355402158987632491095762200981534367889066276488596215713818050890038171986448197902243932539140591685692018058057566367762690666820214601617683906028471375119748040117160030722571922158488548482207960760,0.6478434322890193
2023-08,NCut,12,4,1314190,converged,False,583692907003756419180880331266314274427078460592846852700485960435089133220061307220885199780492761347360274288356145509112375698890268225695979798788428704187502674255831750423657864708742885718149115962258895476048779098115017,316436088212780839620467182682371777267754239640879971716787109625089059383493321657318396964968429857578898357507464944940686994892606765136720753762284082470154329965854311459239418422040211082618278720909245842967693047270925,0.6779901730289328
2023-08,NCut,12,5,1418919,converged,False,147813586588633541436798646829640264734067171325806905549407237876850346426677531417435917650229402190375978778612720516584660512445791078668672519567094424297415967228811717799697147055649017202970269219995495851425852649243,74641682141103920067492532624714894483868700449501955724047053849153204508041029534919193804920137273240548995476096192524605187439307155329640930164113094205533851604447004620361053864615136284175487276661841536366175292400,0.517699468782857
2023-08,NCut,12,6,1523648,converged,True,195212852886426127472528079362236214845596690926615725562467807237635958288355136666689416451223797017910705386540876785004727495149713576609965671384032044941954194267981105071251795580644259556201159729773082004480279,106447850737455753182553783750606965522689651487358400619398682653031473445709092245884891453038575360684855830756983349286460023840168615565146976400931748840688182702070060536774574621949519196426266591114753568289675,1.0
2023-08,NCut,12,7,1628377,converged,False,3539127854988054538526279595235660940405336912043570595744115028856802251144070073240210398251646974761803725495727584784538169826511241411134048384561166677532741452364507790055455046941098005093876915371620181947191336667573154,1694458374531891842709341578731693503165564153287089942595436140548802994948874870670756206523293772263422260020501623030039890369728718997810606642835206308036707754251831746629993555743680051015124476941078806887413881327226965,0.5962555218340778
2023-08,NCut,12,8,1733106,converged,False,600551426699834903374349821355978045714422175858464698252838473172052645522478975304632532856699603303118835660773200233536949376807817507348150137543387110358653823438515730989173067594756480081549043378491288245617104089323,309187913607910370556912400999944743942053375983842457831997247292887889587788873281349959117804023170323167309482883079097190275513322037596562313305321687648057639281562788300687896946630756035489277149824161763814393621080,0.7477397660240791
2023-08,NCut,16,1,1000003,converged,False,13951514754219495083600558180397558107762883193376863530834705304061408026635043453268572618512505684966730557679252654508733102517872402073411246560509957341281498406256788326947571425091007815220457716745170839377830563310017642883383101620132332448190714811677375059914897109112459727155313621123,4336408313821247417149406943479814617453209895297856750317955515171706072412842641553013564356359540980895635407453415113576258466975538220383103105079285493220713196033472940596014109314889621843893673114841224731958926896336681384424789464817962403518960143066114234696450322450253345050459395212,0.6804987312952799
2023-08,NCut,16,2,1104732,converged,False,236620999634241870038923539258635275355850594215704238190417507503947550633141684101911938250802441720858081180020556381592413685582291902105409576578257749673206973572282055736375673362056922500761901734542590702294943868929299322121186571294926592970134808634809462348891237370562293139714779,73639178531344074790829347444050143075430977708029498065375773547545889567166694497279792130813744008897976587097176550160182067914357037098549608863102264811541582704624116950582312054024460892690509108688253290498643782821760259159261785313259125502031544640157103959864214309640705818619690,0.6810919253263045
2023-08,NCut,16,3,1209461,converged,True,24632303498253592680830792900783787736565010085202449637676704609941375785521610229505286804929421020059695941226824311270740826588181384957734643380882830961299154642390290046151863898023330380715056647473501479671198931747479988325143472000529486639023118415191869468565290590906819470351443708361,8533582898342889492398972167656637661178388378235299788362498172370023649854418370882499465663921808013352930140799733292102894601211610354701742265379642418673608832876489996211386528740176167935238668565838548892835791466826463027694947493858310995558210291670257881706345100255973550961239011260,1.0
2023-08,NCut,16,4,1314190,converged,False,10109548978935117608727919154101027957021096269705147491162172612154859042163245110209515397669542877103812355548313892179766291429371304662435710683027177232465434782206547534452012567093075789712995671572798635215301896462385980850314754260526556788473423784032711827651364013822862695392691196943,3272019000282601816499917520560745561979156110866460335487412222639604729097536413825666873264239379718396408018025017379530058327532282390987939083106327074201162578736415104567268220681874108733661327910905376666534222460238671167819700012733745940592432119686821039234529295407537077702969907940,0.8857180655098241
2023-08,NCut,16,5,1418919,converged,False,9252564060806233795921635906804758641938546948760946896550985262654148966720183226751565773812782809577793984870002533815775248561573763632137000495936167603323241706843289235378163775955562586545958958175853095646551161946924533513973822861097628447001031280111017999220582569196295372228178382443,3097963351235593681261498844216052771408386084435175553311155416152171161948178362596814044686065436102219318234804380825798687820648828127001291499588063512451545450792712610578212320724628565554326120841598592497293978328692757724667573557751679212755462873387419006306123103935926636989965319540,0.6853570844766139
2023-08,NCut,16,6,1523648,converged,False,16259489386947647683427138408161501189055322573600700366255887932257752166062733282796813132271417291368658747742911442731174195243486190507517020606150499187878343922918695220856953542381946822167456262536506721373446363448664066437519827507559085206200415508402368527114162831236028251790148922,5368973196701685124184003886107770067523036713030218455091921130730480787723963175602033341552954989605654692257353290146952455565234636987651318182561222933109661729634641898743097826003538799748657844841906899586078247417591124489170905445435214038901367897511679129794596264745808077698539425,0.7604319498310766
2023-08,NCut,16,7,1628377,converged,False,487147184081417907674938517260580795502223964805018157091904115548221921299171677323320260575514421595583828167244897122926463538760906420548998888039142689708800929408784056756566811277744539233427425271836324319656385728506961439232289957946279232499148130377499755042848606796952433245144427,149067304490291470683905807952126980424174086292089754907957715421502614457790089695236262170675521188433125733391676857665119500801469400407404923497077147084797032814904588992180532644215189099190025403527116073578714505820849111342567601069267670910597251869769142136166454099804082598485500,0.7098192844198069
2023-08,NCut,16,8,1733106,converged,False,537320598283588408201844328123632929629672359513049496902605837195240209732759648021564064921488686444742342532615682357201357255157276861413714254035933515883292899804932555670240617175054640181441641061693176813480141668522952436824155931654568343421840914419851664669511425168617945297098051,185922530546741636400372545739606566255183256140566411074792664396165148022580231268089945316706734973525253268655104893350405273519048781099138494168645700883300019367717988023177681073210132036602216926105473199909033742368482280428778824871706963504219137413111675902554902658958866353027550,0.9379677195427022
2023-09,SSE,10,1,1000003,converged,False,3160493977826318488610278004790689788037065610232069254764309,9254155252986288108204103687632449849088750916393657958400,0.5161015313636231
2023-09,SSE,10,2,1104732,converged,False,1318196328999650247285584687184179517953923297537731860351,3884838791892710663351351589427634426631366175541428224,0.7318224720577631
2023-09,SSE,10,3,1209461,converged,False,437881970245694128911100455974448808912123330128645216730691,1288824653443191416029798554562035131491919552430232043520,0.6644386503269211
2023-09,SSE,10,4,1314190,converged,False,86808928890820099039528902537106019758915620160838799587,251360044906690512864453794318280918520320794315194368,0.5862093882354446
2023-09,SSE,10,5,1418919,converged,False,279344353550428341107023552468667343823778816873848139863,814775411040643757837871409919613730542720078588149760,0.576719664052735
2023-09,SSE,10,6,1523648,converged,True,46812998662900172605466271390285855336005593035338982907,138124624933778581219115854955718064401970874611138560,1.0
2023-09,SSE,10,7,1628377,converged,False,111282895996679098957065151554184216690380560262037389697,327783365576183188942384099474346145358313081851084800,0.6812117891403692
2023-09,SSE,10,8,1733106,converged,False,265057315307401045763572127462403679899431832453373823,774151580889712337417989868144573508895585326858240,0.598500040479073
2023-09,SSE,20,1,1000003,converged,False,34975098955111731914523699205946535934031429447563801822504285259363,149706551343572448450232071929495833905211234023709943329487585280,0.4780072932048527
2023-09,SSE,20,2,1104732,converged,False,1455599088586994557988828816445887408950451569217764526121059,6292594113301735008691768658405897030554389819491038003200,0.525238250062665
2023-09,SSE,20,3,1209461,converged,False,431861707650489733593639838566755828443595233187020366231106537,1831841535552546648106707380887091488486306979965371269775360,0.5778502802171034
2023-09,SSE,20,4,1314190,converged,False,39785728769431341567354756600006324306079046178854475145527686023,172179590283102560757207817305495137049510358947497628401664000,0.6920852451553757
2023-09,SSE,20,5,1418919,converged,True,157354853693882675920384570936630488647005416884520436117159,685034918549858673462845909317723370707483487340645580800,1.0
2023-09,SSE,20,6,1523648,converged,False,154109175531890253144950073080912190661848992383663226401818521,667265227299630300672729266912344152606697039432957663641600,0.5525002848388656
2023-09,SSE,20,7,1628377,converged,False,4944192642830393319745242257901164590511329243439282392879,21339921904022164629965391942365862345829848609162526720,0.5976935678536573
2023-09,SSE,20,8,1733106,converged,False,1471270120855187132755277144822296628872319757087038995762477,6394052901751063774656891517412395487474846849780678656000,0.5205562319856287
2023-09,SSE,4,1,1000003,converged,False,12302310910993676252651689436984613329506744152456977,19822689941895552017278320108115580303641854083072,0.9747047234792128
2023-09,SSE,4,2,1104732,converged,False,822225830511016127769828257988402837192171532657,1252239110269053545545218555348907018158080000,0.4755540443610944
2023-09,SSE,4,3,1209461,converged,True,124168620164960212603424407726955809590919204473763,200087937330766573771859664067681326238112153600,1.0
2023-09,SSE,4,4,1314190,converged,False,822225830511016127769828257988402837192171532657,1252239110269053545545218555348907018158080000,0.4755540443610944
2023-09,SSE,4,5,1418919,converged,False,12302310910993676252651689436984613329506744152456977,19822689941895552017278320108115580303641854083072,0.9747047234792128
2023-09,SSE,4,6,1523648,converged,False,12368308884072030181143929333223042557049713021958409,18832525519594585479492039324875070285713663590400,0.4594064940371049
2023-09,SSE,4,7,1628377,converged,False,822225830511016127769828257988402837192171532657,1252239110269053545545218555348907018158080000,0.4755540443610944
2023-09,SSE,4,8,1733106,converged,False,1800571999110069865530466107972322048657003402944863,2742541964021215417075641813310541516000496451584,0.4752332408252727
2023-09,SSE,6,1,1000003,converged,True,3495674877336472294585772342954444067730514836830161,7718696882254697333019702477862289002708296794112,1.0
2023-09,SSE,6,2,1104732,converged,False,1541406592897443771859088569210951409186621971279863061,3402704365122638579461452732097517792843405249740800,0.8779153910154434
2023-09,SSE,6,3,1209461,converged,False,1541406592897443771859088569210951409186621971279863061,3402704365122638579461452732097517792843405249740800,0.8779153910154434
2023-09,SSE,6,4,1314190,converged,False,3495674877336472294585772342954444067730514836830161,7718696882254697333019702477862289002708296794112,1.0
2023-09,SSE,6,5,1418919,converged,False,164237708087167208201031799013647264603430518859275709,362571124652247195784719437943745966631427244032000,0.8906066052070541
2023-09,SSE,6,6,1523648,converged,False,3495674877336472294585772342954444067730514836830161,7718696882254697333019702477862289002708296794112,1.0
2023-09,SSE,6,7,1628377,converged,False,2186704694944614113512827508776746000718389235711183457,4827211318940532920562239474778390761296006584729600,0.880207957881556
2023-09,SSE,6,8,1733106,converged,False,164237708087167208201031799013647264603430518859275709,362571124652247195784719437943745966631427244032000,0.8906066052070541
2023-09,SSE,8,1,1000003,converged,False,235751230188250440824151938291378861799164896661434277,611195807111298597810793131185881288852538742800384,0.727957974220468
2023-09,SSE,8,2,1104732,converged,False,825489020900731713152622609540509791557530387292922625655,2112002975886993532665919257574631506070992810474995712,0.4956530416337831
2023-09,SSE,8,3,1209461,converged,False,14282114336368066736242173107747868933505633543432618585,37056725743195888040760490965400138653309648465035264,0.6693173088804807
2023-09,SSE,8,4,1314190,converged,False,30023000660242887126094486604482044793194300862433694177,77898882466891246276726462704417619576780622921728000,0.7605573659347938
2023-09,SSE,8,5,1418919,converged,True,16259646018135020775229109185455147661736511254120688289,42287141255751515945343452950418770242356252141158400,1.0
2023-09,SSE,8,6,1523648,converged,False,595461966160190354340715246879390020356489900656627169765,1530366064133683248110541718496748820455173441976270848,0.48043717804140285
2023-09,SSE,8,7,1628377,converged,False,3363085496582009499888512347392615709139102260145742971,8601671185246405681760397004813026111778390875832320,0.4997390270043769
2023-09,SSE,8,8,1733106,converged,False,17743556514266208656154016478720671726344568026373451929,45660245602594474767319918124516257793331529116549120,0.5524951324200292
2023-09,SSE,12,1,1000003,converged,False,8955477596419928232058033173644575067481843976749741943057,29419534293374885604767033479651208583485176488698839040,0.5585719019997961
2023-09,SSE,12,2,1104732,converged,False,2521645510177922929441393252572102770636571566603422702139,8243783320682589718105984647826031210234018005763751936,0.5719864695061577
2023-09,SSE,12,3,1209461,converged,False,2357781754968279148594549821210752044166857506475101111701,7555546607256469083817745164245165260391204328256307200,0.7581687303216312
2023-09,SSE,12,4,1314190,converged,False,21980198666880382475269637337535089108255938699162376646469,68806764445293527044930263626351613849236661532643819520,0.5704656937737601
2023-09,SSE,12,5,1418919,converged,True,17001982608206006321145604066491103354122115108073626079,56381575807868523173758673178165561399885104802693120,1.0
2023-09,SSE,12,6,1523648,converged,False,10534644422517745384834528597294242113438510035393022737882007,34232040959330879937337081651833117952525410460376236032000,0.6521153174111098
2023-09,SSE,12,7,1628377,converged,False,7834659234773380060162522400774843591303838048800977056809,25393133705909313273560951785704012234936613073049354240,0.40381284605364254
2023-09,SSE,12,8,1733106,converged,False,169992789814868968346630710219211725983582203111547401107079,557236168740186012341604259242073108159873407730833162240,0.6227791759832182
2023-09,SSE,16,1,1000003,converged,False,6969631719951540032659780556310121566824820283822454679601,26225889681437446747053952392328733796384258678954393600,0.5028750856961035
2023-09,SSE,16,2,1104732,converged,False,11090658248018511097977883931956879437722949995780368221890906231,42024153805387785379038854210820042493121928603059814924288000,0.5857674601494607
2023-09,SSE,16,3,1209461,converged,False,9876985175622133734943355190616171156343257359420910697041367,37303380788649384263303907828364933852501733831334061670400,0.47805262908425566
2023-09,SSE,16,4,1314190,converged,False,22748629953921279933368055986588438029049712977780472607595291,86795173813954339916317035373456294876113016667204361388032,0.594658148140944
2023-09,SSE,16,5,1418919,converged,False,2706979517021592951153249556687862380765812320899333004729317,10308222119251941314709095003898292975445856204706598092800,0.418750600972321
2023-09,SSE,16,6,1523648,converged,False,490439405523969604024656178243239389067345789298659053881253,1876949446991687605006274204326591314393165385360107110400,0.46439716661794195
2023-09,SSE,16,7,1628377,converged,False,13654450762780317035928628776881099413787071317000287164851559,51721489260562831244148489248912362010773701088766223974400,0.5443352439510581
2023-09,SSE,16,8,1733106,converged,True,2993991329352736175330288566643994521907311008597844539431447,11477305659796078537689957513921342516249884197003603214336,1.0
2023-09,NCut,10,1,1000003,converged,False,67756114810889009293482783820410917386937143472301716036809531619972760604419156954063264412677281399648444136680155459431610902796794625001214566606396989177200100488611572948098283471,47846373637299119970408037198233694294410755391583539105448195367767264647081171063507546794359808066233797325176336331410538232689154281492747628882950758245439691536228121957656138360,0.791548030090037
2023-09,NCut,10,2,1104732,converged,False,394387790813917755299122507418437479273967250925993141182544668146995159069238421545440910365520413611651344318088127721305977963817930085466011003997080314958494174742431742564396875189754,268077946601374096038478770138892991341276073823407108105712043726945583628498468154048645153356296636639563091288248761856477406306392738312817590558181136153437578426106641484829011327385,0.66301871639368
2023-09,NCut,10,3,1209461,converged,False,12357994678909633721069097966312420460628134282687051066666885593803412879180326575907912199555487906963913897104247173536802343262885267098952404128696265350860776178063753401490839914325,9527613078634400475432965044937232880926860011760814927903715767519353434272885406390116482822858765946566784432531484007869302298988955383312413118070097712474448524765417620211835301708,0.9543463388205322
2023-09,NCut,10,4,1314190,converged,False,2019184792867676215329924163319447925486957795767513279733223698237866220833735895946915142377313230102698138348013120504263514094908315440659760421612141791993449770181143051492408776335611433,1443424628403161257151954939643161751581340346425275265808325131164087573511117479376862126444593013359260269944363544840607996663763961078603492129037537627188329124801452334962898702634589959,0.9132136340689531
2023-09,NCut,10,5,1418919,converged,False,107878551300376857645544597227425267597970063439615507161917060881731144049126855931379300576828213050552446503394951588892430968610516318478536808857196461371973953165617942643879584769188,75620634548043569998005149512264528510405522632643100384450151961555634915866084104493108034881478143941410776497365489051371721803247569054907786446684983119920386329579784026479699861545,0.7972590456349363
2023-09,NCut,10,6,1523648,converged,False,34483767298979795427303230730098808145973955946919895162672295722310627082734768200314059510402500149676086188331793625843290286094234171618158364688612689634965838240185339480146741356600559,23123221275598732849359055456171453570204938268937606636183643943500466458789537129302626875500354481866608806416243642549369408196533527659351166981030174083982099329739450615477027562785310,0.6619928155793544
2023-09,NCut,10,7,1628377,converged,False,69914751198187136918027845962490093149570961315054880864950352999789134668701119238697390273375978551271788569751814335396004271180585961315253621148311108209825852431602456177921803,50275894937474059684383059486065021047563586897844968532919113096743723820180018069466165053277428350053092495236893758053033191880119486417246777417826830277802690895034931879244175,0.8242915356069754
2023-09,NCut,10,8,1733106,converged,True,779615840057531140043618280817333124614114320032351485741398709678991859403090969230449384391592421572932237039909664381913722608066438148558283819695305992591781491351241069024563999077829,614400492661160384892583511803174343840685558259815603452503206850690589202436841319176273886066286587771157363578382187764426301122682244533037670450411243680055863578648875864964673367266,1.0
2023-09,NCut,20,1,1000003,converged,False,2665153665206970993333500393676474939556266838893041991874751110607497982379328476054310376506822192604411163424824694168468501552492433136087908073505200629783370729628179548466878556405180825495341904259986686544308249669530407822065438116786634771370480464648404047805547358826191354173610040043017144574964934814671664876133979487814805122510909751570946639962369,627545369515133673775321600902584922315791966188832689452045850514804362867684148316737071748129794206861331888518705048058739352402001428907977452349328596791362905431348419807705916088365291750310364321566028070460570591364568298007747871109574928319623663312232941378639730262565864468072709057799779371708674288011265051037580459416443752779114376049545389473410,0.8343044519668121
2023-09,NCut,20,2,1104732,converged,False,8359824381529481816525354605504095008093847005587582098879976195864173235315265559002879325176225681303623963132562347263826645714944658895651569034025297474927496001605870694559203991931347524189211894093109162641798311882627676787633690470067814101490538430401565369840254028748241445035302504935867365127071701590632293402262500237021821902174781763068552623096797407,1969082466329744891991541192815284485604860029922607648491524794771495387083979597662813152477555352628284761762110976451966553419472332058948444560556559405424122273525423837300329738706831369175023078525885775835930697003681197382305859173265088392710088355954793731123566569869574376052119905314039530172377581318693946562990599194843842759027050349376707410352964400,0.7529285934100811
2023-09,NCut,20,3,1209461,converged,False,70203950331782012712047526356990825966551937394207004723730987859589779792154028211685072367595648280179732347192291077273191422813694161355909877629158379302690345362884196653821453773772616989912863025201143936878641023512677303624374372651664469213265657910474593168880307450916543125475418598813965551386359515094060654782242682188211710910788269944566536822189504763277,16814089512764545308527120217613509292694407089029507010012256771657887888633836246054499817665640300626918163176998135897591134682659892790568413459151948520070462707333610057181506227357696134120843858882442327849226627731030591414916778866374269926604345641527550623564492558533357951487016297654495314528145310603695189447074284911267694582246919621152853920408878555240,0.809209536777695
2023-09,NCut,20,4,1314190,converged,False,10045141437858903318674360888075193331492761245904427758912692995362900266812699511638290546388772153492769942922826117428416663009303074038937171582477093186096883970516272790188446968052004836639652837936392809887810685165670686732966185160725433250041437453793982860869777044785149812287744298959560074507858628768564946602472102254566305058652434939113602236964854837,2437745037653187236804815812010356915164301140120139806874609306990953993784886317207838366853197932566114295312209737236556770499049991690821199741741396232323226591731458328004014437883032242658222749326664536706743349308487983696009154039266460758593068986696638179965300585512762602531693499804603131157305240599527165040198667477564661398504105762703226645906686640,0.6979848827904289
2023-09,NCut,20,5,1418919,converged,False,101571272675543510941882516844207353179330741519558062283199901133926996467726590128609605015552541899118701356949599858668490426452052365083392846300845021425558365337901249706156050974080149556566581624611927258678239529553656785701973766990254104131932521199376519787015347470419266692367917939112351400775944830734499192106368391339459736118566043326288692416922073861,22487072148241752377708371341473381765658282507738865229234414567828872189666868202105725063300482959407771835572946504428043799636187738451379261089011847578741148918743111593858319921925309643145559194058404878743409624480770088035162744503797730529893831833288758536838916284293364908143925426380999616544029782512380294442414867876111228131972243860699778954881845408,0.7471689387489058
2023-09,NCut,20,6,1523648,converged,True,52831178533824165510021819169720849981993834107247640720676384872841540048024643472770512847686297059723513194970756757745981109317021529135837863395544970261867609941886960627018297656278740875583798756349390499925555306794968895531929028477223080875633539544183226779957453033680439768617757744533643882949210269695816253072108564636262247763396466174906954326614062759,13478986345180117149189170264613961459303221449411724525488290656884893787567274169200071473336488282841891524696799776444430059305474685939899308997133775824975344807116945351739391398781581784529515950548080598548605733285742948770895869948812062466558102065568605148869302149237640174446650090112767821708341275457467028824407795119461406800220507290514414050365107200,1.0
2023-09,NCut,20,7,1628377,converged,False,4085087024181859235627948245529924082363226883956783070148843883340601905459255576078742776933576757677446971323278169115532407538338701561099582456536046629507592818371768794428925035669891091436757064145829527777214306048925487485409338792543161099499668397373081774659521741045587955204700619660953905592617284478920638923677786857498800327730003637460146180592027,939818091066650986836781092847161584213406552098559720268212896017304804637551240731849128204946553272238737426266433756355775938627530329748220584266501075682072414919549570406183924178168019374592712531274282092816200202143620738146682132256342528494537688547075944641353459044653943630453040565854078721260031784747778567695286926362026951452718105861323301489540,0.707093651233212
2023-09,NCut,20,8,1733106,converged,False,109206762349947702260055707627597148955524280208566333367878887508970771431880538517938610786626445964968614202856048672187192983577847314796358603034127379503931825084160176210887006131472464523060497058856908246050747936573807619193584749698211140179028422648302075290583496990928295775154700159824892886126477485337594144894976187260411046207347807125132271551993,23366883544274791931606600331388557501913386087963373704633707341442742165656648260131625765738447059986918349995240554062625150463054954371671206090429013024107770033388603622644062502019681055931323820652864480718280988510303244819303303247341208113291391560941240304670010629417989146476997632309519835909028397240435833010515995324554925937864831857008615873880,0.5815824436775799
2023-09,NCut,4,1,1000003,converged,False,501738575351557017018610059798374171823541547394063088397729956087015520796837,2057106086775553402694491380747598542341107721094672543804107329170785654777081,0.9929615052815115
2023-09,NCut,4,2,1104732,converged,False,19604197382441427713056061904384220157844622396026518266460297791539961968399995,62181002388848410411364482312592950314068692586130034614420232208244284821723506,0.5466221816732466
2023-09,NCut,4,3,1209461,converged,False,11748644672495483771382285834794741617586057198621320330469907516095590927777811,48153617235633481553285282596363623079007046000963298057785235171294470443480680,0.9981958371495305
2023-09,NCut,4,4,1314190,converged,False,13443068737232164369883014868609823020406960335536049042729245341443273052844397,40721628411201182201345009872888853302117902233302334996289135509998901429671230,0.5444451324771351
2023-09,NCut,4,5,1418919,converged,False,19809874262235006536570957742260091145340711403630528702677675500415218026184723,61895654217089474476532103819537092332370368902399239728686089354415419110977522,0.548893585028343
2023-09,NCut,4,6,1523648,converged,False,345676022000097092533452111343255241655406172805442558616622846847683219964924,1109258888345164072887631238774344175798238027751144694192617406551910267227753,0.5482311827351403
2023-09,NCut,4,7,1628377,converged,False,13443068737232164369883014868609823020406960335536049042729245341443273052844397,40721628411201182201345009872888853302117902233302334996289135509998901429671230,0.5444451324771351
2023-09,NCut,4,8,1733106,converged,True,6310410304656687582825773968201196426956633458904243545284313825015922267277,25969626270510990022476362798783756743749863148829380515525015544081520646296,1.0
2023-09,NCut,6,1,1000003,converged,False,2246030159301899173637610686327402147538726795770096960818979543618991650682775920140310736077204012354781012565276,3648970258961992845574306852645679006103544891645195321669594701409206342146194935568085416373672295980082359152365,0.7133124516380759
2023-09,NCut,6,2,1104732,converged,True,14502726038279894692807059560245871392325671163406005959039012961789662412137816562908557020708519953697136256637231567,27095619458763589179022719354888967572198526793835820004056693145948368243976674347231687668414830864673414607349379520,1.0
2023-09,NCut,6,3,1209461,converged,False,2246030159301899173637610686327402147538726795770096960818979543618991650682775920140310736077204012354781012565276,3648970258961992845574306852645679006103544891645195321669594701409206342146194935568085416373672295980082359152365,0.7133124516380759
2023-09,NCut,6,4,1314190,converged,False,29054384230383816970184351849002840402402927537233147378865952129319134388135074183289714365225057910950148938164987,51366289349662303583813534402227017147098811335767754125463681044700663847514525268052844774477571374899757574786240,0.9361008552139778
2023-09,NCut,6,5,1418919,converged,False,9546347107276852481111076072222255232141605341191820153295936194067654303187223806753290899131690173767962444545169,15183582556472623580337303792720427652579373020057198420758397287825443774253814300628230276836204727133722308811010,0.703570469580627
2023-09,NCut,6,6,1523648,converged,False,29054384230383816970184351849002840402402927537233147378865952129319134388135074183289714365225057910950148938164987,51366289349662303583813534402227017147098811335767754125463681044700663847514525268052844774477571374899757574786240,0.9361008552139778
2023-09,NCut,6,7,1628377,converged,False,1238713869406943386225201437375268680400260179685440247733287280547557523176538516441424295566624253912031295415937,2279695285704481780663751359774549170838564064579247580169993856896420646183741931331803416063607979360051978797440,0.9619836272459928
2023-09,NCut,6,8,1733106,converged,False,14502726038279894692807059560245871392325671163406005959039012961789662412137816562908557020708519953697136256637231567,27095619458763589179022719354888967572198526793835820004056693145948368243976674347231687668414830864673414607349379520,1.0
2023-09,NCut,8,1,1000003,converged,False,2075719111320333526577825151843132551040040776739347744670452141463983043970407286008457776046841846233715629738626675095199379302191674952619481502289,1967448541689809804783804452871655817025980610170575574513861763259362944196249019262714269712144542913116296180154577384077817186302641283986013124272,0.8133893936118058
2023-09,NCut,8,2,1104732,converged,False,2419618803687114536720128288332799524380891352912629310061883053661528794225749102292114904771146462077009755979740878510334946480145895389337030991758251,2366461549504327957794257996118994354371473227016635612376197545178318720118327771826882862002972440366992886898053016378701080373776347488286142538099790,0.8997319560200426
2023-09,NCut,8,3,1209461,converged,True,162988412215515254214511215431015462093237372258769478826507362966911084952088505464245179397326481548877827300805790502581660307492413732802338466244969,185535997286470817441575583569382922843135418264333553894939863116788637066817189919641073626895034912615796964555940136610326432940776479817370536069560,1.0
2023-09,NCut,8,4,1314190,converged,False,50338057892339140065328835422277725769023905068911174008239733427120248072818046821251619650412555017933262285811125539621515801241249186192055124954092045,44482058506532961297595184657588845240982316036682684325975725393280853475952792399618623392516998289038712898752938798855627336592380347354419692416946876,0.6806519137657828
2023-09,NCut,8,5,1418919,converged,False,371726902045147046632736519651341632297027552027297425721787258265291476699981173266419114473460081561865035727006280600454317610881117577399296518564453527,313114992877720685382175184120994851734815829481146497843127902595267248410389153014919950331212752574636984202877240064437527520501032362965187288996303495,0.6556843959978269
2023-09,NCut,8,6,1523648,converged,False,3021909365100359152659229546682002284211569240230354840176464775330006907507047630342935123735822846483727676578443085043818152463954494236540366856,2870651505951191618328421399185525237446155403031987361014320881861894780749281669587788647405500472984284112765133129636467350659051082210857760981,0.7977999664842164
2023-09,NCut,8,7,1628377,converged,False,3212010108964646864451647209419378592883032635259687381808089852436468212788489008282234668882086474552503283558241989317521978811413076699404721859899,2597684627941803311579144387732298469142864377986475644847455420066326383994233330650774647339214491514861172128959523543268699378660142205453302777620,0.676747476335283
2023-09,NCut,8,8,1733106,converged,False,60363679077158076470923552132253737321081306533849667172598271958322461443937752469667706775086376768224587998284419377774326817228810249971361702621310991,68539256288026755336280669734804261675270564891173104883388853114204268260754313900752057112410080239989340079446291583906185965028492309849881917571610588,0.9814338391214926
2023-09,NCut,12,1,1000003,converged,False,11764936298279120018305735110848775164438648213120313788518538275295389940682118260908893374755660678516334957317768798092481994583615856341999853871717854825195668414223315091318552899655690377237291916300724046305293971584313239,6089567549922768820204676428877017685144476155642935863743893651100790644204374877859637506516010212172729404918643788305317901931899477282291520714139315500041860126405189577289977939066938703594357055560720975726712307640640020,0.6402627999290311
2023-09,NCut,12,2,1104732,converged,False,426687614305724352756355932764583644137297617436105510449607489983722947799627864097938603678841872145951931432807501668117467341359322480631128246246524536109170516021852820559009197853420651394090884622641226258144146760386,213559831362244267116666261137312985606210860709067180785879282265994283456315998107906619939167166264424465615664843024615125836025249173182149366579136894240465660000413203980970807972339940587013015207887910657679868003775,0.6728121284200351
2023-09,NCut,12,3,1209461,converged,True,66235476160953197184286220584902623168767004545178958531683194286962362105111918771936479573985158384706513522841857738057291533541760039220353989538158591002254444411777291323481251468350054833226095664883903019477124837603,36456390356143348004811307237122585337754488221912902386289962078710770090122480951667838342120710024793781602410337521203613206919218504330636596182679250602572616666606581007835166744145548572891911908537012821597443457752,1.0
2023-09,NCut,12,4,1314190,converged,False,49197425830067727049017489409973412664826096349404415540166007676452556129317836270678224226291643354351691005498824459495807772443397081598315584386707821030774932547752471250702786925812152801305199964757984062755317455408531687,26664331474698985739390930136607740410150887815038825176017957275677514098105493535298039114727067794291370720375756244150657085215610753320228950268071693328785646553626003558324756810377466098214526208153251901087651881526505662,0.7223870235920192
2023-09,NCut,12,5,1418919,converged,False,995418019580261830453169720742694720786672818290768346324342420625079156257924585809814349969982347478190970187467682750778599624204888797340016396198823153674824995632815509095496755813098410215076696995687134449056030407001,528987432672377824886053551374178564003145935753234656068775093307808964495984593759884656396181239279013526320383368781832595766997523596222155402953184948381858672264946536526742104542667428756910551284077435089190244041750,0.7974635116881883
2023-09,NCut,12,6,1523648,converged,False,630074663148615376599367574378795134412969473529326351692598434958958839085345127222097187249654779960521091361618048189851854273364496618975444067532274203841692115137802561967189003272463581556609518642611828291421453,329774170631092606387093792377900963100346117759746251376275681021881340030088773169378793183512708819543848629763807272775685338374302599282347194556705951394915495410628077088281861190850040743750052443342212344074590,0.7265760338082842
2023-09,NCut,12,7,1628377,converged,False,390491659185482365785070148017817424952119630740036994774408221031170920304333640340092734203694551864196698328280756086868012313265656004644006600951735887673281033736513075192811326674806975794424779156018612722114582404783467,209222639470464070631854608003890632519261777992346337921930479080946124940436308073636077475267353003204836538744503029247014826204421723533218469085265150701194357320944649337509243197071457248971424380613616928669232937814272,0.7131958225166043
2023-09,NCut,12,8,1733106,converged,False,537562392037246711619856713043244197511232925954718034992864173887209332009698293746323665005613440608406902080739738057308244939017849771626085895179586111810080846738439409530767205755226435788126906234763395100224632718,274039481013277037437626860634558842021591427139401116161817953947504426257275069172636273926933458178717450593262029973827087151588334918863834725335841553967669786192893574820102090417517012840824865681080321707141709675,0.6766917309071062
2023-09,NCut,16,1,1000003,converged,False,12817611039788685810400419037619070344253936522879585859581357008407456036705434152189594182511393104160652397464838085777598564824205493705233491967254750031970248094351360387119586559854344627638091358052783807923853065098332563573932798324900992419307094531946589319127153168034906781137767901,4047684759940047630621622046611241557086488485041730270719031200452493813403759039113141415761678084635750569431860763396341095588374040785761792016412647751116398528164768942961517924489339690492590376246130672969545020723589186279219194436361817666013031089215263642298253177710409425610380340,0.781230558292709
2023-09,NCut,16,2,1104732,converged,False,55386690701758892017492617405820564021377980531424625190327692517300217162391849277550963808493973467817367186072518275040438238172686334157745462527235102070184936338530142953333166271339825431337007968457032663658086625360303356161732957544540948541854961258391794683695254387837935732405002191652221439,17388374935118970098510089689535041858487032159437127383589286573485348569932607203904854825968752986429344973884863483517904704189758124168421737428504431786885860252299138754795937900752698229477537843087539999218664659872079623507432896443501570293888073870066088985122104540995341307742723751463430274,0.6914403690078078
2023-09,NCut,16,3,1209461,converged,False,233260766296857935237372873317198023107229031156658013931904219253343810774568931505059079452531204506215838864014525407691611808342412472360822297021133154350948146131417481126650021059069329289221567643673582273872881991901047913245195250300080382521272549960534536055867435183778055352031956729939959,79869110010170346519670179637110662223098304226847217642072722418244235326280673195597750895998272800096565820272566645287731718341696972018691942534317496959546096368038954063175420657246436962419672746560166437280134354410194605157818198513427596348668156892989162171832325774177237546835675336198120,0.7093864627412158
2023-09,NCut,16,4,1314190,converged,False,771193574248674355540960112552278550292627374720386435175400196983094942804059925397052577252052883605731393505044063313021640314340931478756822888941590767162342066837648997428411828876369605351702861221957960136286175599450214482467031462305142358116251654711882866008829278080931619824174679977,254243935841731130094182063622391090914573930729372316959410622164088840445855754958937573105179895570980269532580352801447391517087720496176544334519571936815892751556463110161707592543190136312893119428311598242211451471559952957978435455501922291968136718230329025789399745542166254026993792720,0.9386461107663856
2023-09,NCut,16,5,1418919,converged,False,41798464905136952639068917349921899329863557460130349058709372393556261127235244659560243882195754705943899972416696929817642912939883431951654857394304377704042938128617713718607725785554688464030777928609359621937302157128284641695103297094898067065507482880929293484573894916990267517,13348052867868330509146451382818078410802109391444231263295601432497633122057531176401331764887409548322803479503408379730702647076028441345468671797100151282615246476513229427345371277890911046299269214660872525968112548404722559634529881192467318750869310809979404397330058572152037000,0.7353512452489107
2023-09,NCut,16,6,1523648,converged,True,1046413274379012245980909624056207772935697803415177454151245861374791158922403078598882655127146405113042830734650279464679104350074665160977959140628848819799859459809824586221147485227638407650945060727736413909391250582637723991174797389581270434566551101943781356338012085151977455672017687902677,372260886444695851096406429177940872928315350079436316159431115646888259929680143087828495221972531553177438521249740846234196199828609676583007430007431399380513641732705569898305970556406820757704814548527525527867284868713306608779647880653713985805680035513283677522462284011424758905429355985110,1.0
2023-09,NCut,16,7,1628377,converged,False,2744550882486423291264147132442419407979576221230356535237569835586884121756104595131112407857395573625866093543184555581950271953280056335231712956760662755957535191903578665700036703325515847223577014336175558231836249660365424264972648934484040991743398443344050126929306401344792146329631831,857122498994004240753620805686006116410429852119861185161892637825694105343028443212474466956720008440311687941254793694449733555992897257513773425145736649337093413370261337463934520657940192509067347007224869227428969675329021177282208337712441276622444837736367639684077929230453443744345016,0.8600739146032614
2023-09,NCut,16,8,1733106,converged,False,80911570768733477389504763769830087137340460108507371690055351019433874360373961879666361597972315829510586583614298149642446457035339698114616139914834036049756648617934333753962421568586998903372408742660405981055435432761714378250684284017462420639296766676788780793121468494889173940394261353298532427,27080406503877291515002798208241331041567383753489936943559442397590138460462129547216840022416122755154170512574494225823653531171585415731003066515683789221779244655553544938353487634246231094912456209099868549832385433529223771037496372288658838190340336233493501969989398206951996919071459101368410200,0.7421421338813337
2023-10,SSE,10,1,1000003,converged,True,1383641823268464078986432774476103385809978771874788833253,4020091338086796513992521174361622207860578880952729600,1.0
2023-10,SSE,10,2,1104732,converged,False,519193744358422636160999942160102940019265019874176176407,1494563143871493892696284787719296573534794920316895232,0.5704219725460684
2023-10,SSE,10,3,1209461,converged,False,751723100849908366617968222283964216897649988839471099,2168590755758881283983194403697872864656479590809600,0.6957576733200173
2023-10,SSE,10,4,1314190,converged,False,4829615076091312577494499150732689931704441575362694145579,13869970381517431725113646961337826392102783085793247232,0.6135837047510568
2023-10,SSE,10,5,1418919,converged,False,7825243660312742081743465081359797804834643741819345832793,22711310459721506206619625603937390826735403643856486400,0.8758233114229083
2023-10,SSE,10,6,1523648,converged,False,570737193152461686650259829419660787774886712095820987919,1640597835737337992371160073266395825974312496193863680,0.6690502281648649
2023-10,SSE,10,7,1628377,converged,False,10940750241994124706709266406581019629964550380458027953,31514401909703862879940187637267245362201195708416000,0.816011843547397
2023-10,SSE,10,8,1733106,converged,False,3395877038396198161139477294149058731355200667015492059,9865784424440226966186838802880387679641519154790400,0.9842356548654025
2023-10,SSE,20,1,1000003,converged,False,9434432157504463475587064093438021716598036727043532124053,40837186118265844488623613803069988384199398651435417600,0.41034950665504294
2023-10,SSE,20,2,1104732,converged,False,55680088242398826811484247173361937197295887983357070965277977,233799451524999557846493004689913329067079975606273074790400,0.4781653377092574
2023-10,SSE,20,3,1209461,converged,False,182036300289871102429454214340986609041463991382129608979,768467906888857815344165662605898901624235272385331200,0.47693905883033516
2023-10,SSE,20,4,1314190,converged,False,50761542047366198274081747808562951351518082927449257076439,219501618232373456621545349070021495927346565251187343360,0.46461906358535554
2023-10,SSE,20,5,1418919,converged,False,54186401083728904310794071098742774968661553192066758092085853,227169157296088481718046095852306220070417228364213387264000,0.4414763876897395
2023-10,SSE,20,6,1523648,converged,True,740215651816394838990783849874303149010636697234955624068175493,3223328572027270496957530802123308357661553170825461660385280,1.0
2023-10,SSE,20,7,1628377,converged,False,265339378816465208654897056228654644821568030269511458778749787358909,1136631039441408176345656124043065412040796800395264394987674009600,0.42562888154918704
2023-10,SSE,20,8,1733106,converged,False,153850342104665024640208282986913258054886065652323048024621500691,657664201763746174878272118795735430860401624918423797707571200,0.4976989726396502
2023-10,SSE,4,1,1000003,converged,False,493932542461145498238837037753893296073371881907,775974465008637337066464040793685321112879104,0.9504666407438013
2023-10,SSE,4,2,1104732,converged,True,4367169571008742866710865098693972211093763925942927,6862991682058401788617724421874812916302379745280,1.0
2023-10,SSE,4,3,1209461,converged,False,394424528959749311750546749194938886617261443111993,586159535278079674703732224723504120650358849536,0.5005253225361378
2023-10,SSE,4,4,1314190,converged,False,1353433269883687968858329823793156382258022902289117,2011417237646473360055130425519760260353490944000,0.48730767649064965
2023-10,SSE,4,5,1418919,converged,False,232189774881468045227138267783907239516720807167877,364847674937774319874212837474893833684345946112,0.9778754191799737
2023-10,SSE,4,6,1523648,converged,False,2996149711821009319497903631138976988228035557106017,4452915126591993842725299697635107610766753136640,0.4891921321801706
2023-10,SSE,4,7,1628377,converged,False,232189774881468045227138267783907239516720807167877,364847674937774319874212837474893833684345946112,0.9778754191799737
2023-10,SSE,4,8,1733106,converged,False,300827269968710556951163207638697966472538520029527,446231990509413344732865459917524400967788789760,0.524131760546383
2023-10,SSE,6,1,1000003,converged,False,13565081978382138296555485233764808106597183210119011,29400842775487652715611629028634928085172360314880,0.9938560687855501
2023-10,SSE,6,2,1104732,converged,False,13565081978382138296555485233764808106597183210119011,29400842775487652715611629028634928085172360314880,0.9938560687855501
2023-10,SSE,6,3,1209461,converged,False,13565081978382138296555485233764808106597183210119011,29400842775487652715611629028634928085172360314880,0.9938560687855501
2023-10,SSE,6,4,1314190,converged,False,5105016454304263273764353684517858892157369492070323,11064570332389723553017876536385338912117935308800,0.9850241280931931
2023-10,SSE,6,5,1418919,converged,True,144350961477883718084012463431687460348602218812768569,312866591634348314850104868662168545816451909419008,1.0
2023-10,SSE,6,6,1523648,converged,False,13565081978382138296555485233764808106597183210119011,29400842775487652715611629028634928085172360314880,0.9938560687855501
2023-10,SSE,6,7,1628377,converged,False,144350961477883718084012463431687460348602218812768569,312866591634348314850104868662168545816451909419008,1.0
2023-10,SSE,6,8,1733106,converged,False,144350961477883718084012463431687460348602218812768569,312866591634348314850104868662168545816451909419008,1.0
2023-10,SSE,8,1,1000003,converged,False,9711645334425862373807915619476488019515554343387277,24806445168878923170085374283536698562882987622400,0.9129966545882001
2023-10,SSE,8,2,1104732,converged,False,4491409335376862005098418386329435096072854815464106172769,11239061803693062308240459503718467977438731127918428160,0.4551807578433954
2023-10,SSE,8,3,1209461,converged,False,9711645334425862373807915619476488019515554343387277,24806445168878923170085374283536698562882987622400,0.9129966545882001
2023-10,SSE,8,4,1314190,converged,False,10648273243521117871594672421005515127596010360615899601,27220784259402598699331245209539274270577999950643200,0.9973526014903661
2023-10,SSE,8,5,1418919,converged,True,328713972140910174344906542862537193870457263987848551,840356200375599928818944740412397700875740302540800,1.0
2023-10,SSE,8,6,1523648,converged,False,499675207440780818461380503318890369500120279863365189,1277349892561926086706516661098528245687671534387200,0.9880454793550438
2023-10,SSE,8,7,1628377,converged,False,573214890317800649712782431595511531091104000541692683,1451125523629065175366626040671331696221440337510400,0.7606583800504104
2023-10,SSE,8,8,1733106,converged,False,7062371360182635196874402156057270413087257971831783505661,17998330770343657919969656484936773161343870617570508800,0.8681658524780147
2023-10,SSE,12,1,1000003,converged,False,10189111581237847872707339334214382331176724249870285414797623,32487708384365308611653660846503867327866584741005901168640,0.6682051165481537
2023-10,SSE,12,2,1104732,converged,False,48574552276383856688412522121898784878756340524829348946261,155646783509477436675593006156537082151688606795232706560,0.5682264777255589
2023-10,SSE,12,3,1209461,converged,False,19494878372749990465287302671475488996268085091902570618913,61549050391045592636072585600098632267535789332627456000,0.42330332929122744
2023-10,SSE,12,4,1314190,converged,False,257175544705493838858392612937553184900106308352903973995653,829637895833825721168610652283760893440189546756340449280,0.8393367522305836
2023-10,SSE,12,5,1418919,converged,False,10365553952248821543744376852128405647454674681633999679487,32932693148793494260503688872980656217561270002972098560,0.5956345646558177
2023-10,SSE,12,6,1523648,converged,False,222609490850146366498819906717185301099007589202443631457,701675584374765333684476904711590077847930496048168960,0.4771752185233962
2023-10,SSE,12,7,1628377,converged,True,1210952937133195040397205736359972247622726093908485002943,3927073191940477443714155686958278129728670793937715200,1.0
2023-10,SSE,12,8,1733106,converged,False,1069281067921143113665732716811112002750665450758470882862759,3348556185178632958292111596737034780179452544303035842560,0.5302997767830567
2023-10,SSE,16,1,1000003,converged,False,203197260505895247532998143825541846863152671024778927273482987889,772942697595257062065303285439463628681067109455565112213504000,0.45161964532725263
2023-10,SSE,16,2,1104732,converged,False,299575282928660153635705437518943951508457460153950206843,1107857822780332675969297584690025672660315944674918400,0.46513738138188626
2023-10,SSE,16,3,1209461,converged,False,21171032334607350568658776382393354128221155615870217989975333861,78125564286383706313635807330435025048852504377007581796761600,0.630259493003071
2023-10,SSE,16,4,1314190,converged,False,37563272487337820920250181150009467280325171762539246299,143038123010477709471924466011530509490900451301785600,0.47895142610280594
2023-10,SSE,16,5,1418919,converged,False,21049111403822163150157436070890632634838892661687648219,79257934009318880143257691318883837426963224461312000,0.5190811989402454
2023-10,SSE,16,6,1523648,converged,True,22540678199448848515117836335466507631407318101342636282451467519,86743303454426702049264270510546398527321595439687064249958400,1.0
2023-10,SSE,16,7,1628377,converged,False,65430713532767319298172422999889892861868044996868200357413,248650150955337785685558707831695707194062387962168999936,0.6637726240915034
2023-10,SSE,16,8,1733106,converged,False,12696054233005988589079213808723876185717148388031534863667,48740753151662947213995315078617754187794001088741376000,0.5628536059579395
2023-10,NCut,10,1,1000003,converged,False,142692568187615998072511082718255523493553880515845532810601729048871387420868419082647003601502712704686587521361968673523570358422012016095011272132591602420611632709581288701639129694437,92925305052056084216560537054982773544805855251292716583310173530498820313830459995160444026931580988405267902662872179454851931877286876658173429765717358360139005361633226771109297938170,0.810328227540198
2023-10,NCut,10,2,1104732,converged,False,11311379060100777881069932545083814945170105236170372705935768274211969197764977256165582970336122311054869898733280123630889635823340415783584613753546029754649520929945499428593686967374252,7361140807927211997561001690700821711049503758133259901455993388179514321473446865272123644196561017774685281326849090462637093034264155170549005151214450620191435152435162621197232553427865,0.7039066928811054
2023-10,NCut,10,3,1209461,converged,True,775684446546451025794991437061415577790134223589311448940668344610233280340852115683755732342041049842924799264876729526654423298009270235853675605458006489541022217072905806056710417187,586794839064580418401976435081728527445164697174977150837759966976116010244559810959833029615469675652884780897803729906759012215411930354925185934020042139419146708729339848200762896800,1.0
2023-10,NCut,10,4,1314190,converged,False,194721569464375990159824920045894876080161745288520318147403108710705651126451177455159319768981959972982216161230004365131923501651528635935874748650937907772944500306638040067966614648737,136696632426152751714220119166318368501031292176495400060772547593380911934561473895300065583650307963208645487091413867441270829390401581091903811805366377966409902426405658287473991338335,0.731102097670215
2023-10,NCut,10,5,1418919,converged,False,1958467390559328927960727330448797672357154918268100230005784982098059226560379201578144609808349490986070915014884045866263052004553988145818647307213612679763158018281144360139202610595353,1445966378383150875017797784085734327632867312923020679769007341759924736732223129416356789478668398854416105482767292976868798631822159415041478017550361998536875814813189404291663082247680,0.831134642712968
2023-10,NCut,10,6,1523648,converged,False,12655718559609086487068118696609235730291484303823223530742227214621151239459634401364776286635132875724667731804910981725853045025648282171494870226878747600742090194381270246674288126407,8440575593234045827057127752121505631068236216170632740975119407494305160438847578664678559477263894910927420322903113006996173824512817715380911147959071486740971824320951659646262879560,0.6607793132134812
2023-10,NCut,10,7,1628377,converged,False,344312879221380314480701038508378614741054668401517970405138270412571975997918930049654591442438089996958595891378104219372855660106151444418068707441815505678930172800128138242221859852259,232223567064469908574031066506385348513015387562787746631872415914373965829711420981115081277429158523015793739792425211939512585272357184653189824339222523963288240598262993740401783607680,0.7264336494326595
2023-10,NCut,10,8,1733106,converged,False,1966688802911055484128238178491854642707324720122925048059548914143678478400369771422411886705599400769573648260537767521659884374288115245633488629559753267138180555400076510428071174307037,1358066994612550312062921431393707626813989120256742870779639753001530848879295702848504344686038489998698877773094375096063839260997120486829840804542417049234471799865736112871723283712400,0.810021505674369
2023-10,NCut,20,1,1000003,converged,False,326150220712604491214106602750981022398408221224452516489492128636766300952021619014927170748918611853007003469624299151558149640059530410263496998360765250401249084519486970086063449791754996342437569209574758638518364651158765545512463589213563515639938357701704008871084906742410331284541758629365451288038737596820325650037420941168514010122090183528916602053496872753,71644902627974422294224850706528432839160557740421153128545861411903432650368320669639404589654906504262629849916532512340182467372546465748743946061856368677435678190212291525920767740248896737060443069625342672911146928444392359137872907727145397165920502425374985378362279203022072182342774393695781505621448470196408300009202312958363685490719324557045855702905416740,0.6947564503463203
2023-10,NCut,20,2,1104732,converged,False,5166883801494851279501516614039355285976938122302259988017908867572274796426559570307069207409478544031055540876569890453403609821966823076232589832007667434081821108883121828004764976312578463092756884867279682970366587690770582093363355254272953043200471204392017831888986990703590761774631622337868940909721576359228909533505245980544947517469920045712530830148983555888109,1150958853450082267934853787008635668314289671963986192459279669424350056760770596209933795951277044158926537414155726250843265879753571428144637018755556611968806532442154077166893909665893769120906184628312780605159108181162126722097624869802536565261177450128747854023251406397559157045609464272169581401635999926950492498672714432217287284469022265548205496387941209068010,0.6702488081981246
2023-10,NCut,20,3,1209461,converged,False,57535262106185530958314944377665031209947121171046758239433122699254964913197884336618779122220544883227634937847199836431692909082480462412993514045464748590458784577329808866808560459257992103682622496739566939282102608620359491134460373312194186977485913962733976316017008343996954731418577830480260731207404071810505249732613614176601884846391861825393026492713,13677728948017479419702073805582541360050475951817845809553403995571287744378508851539273346170982369881389007349904516588659542863445413517007569771423820958888766814051563327190738094649654752928700952100564168309101698076701112127780035849747911750227831010435440118624083545060642583359667336764044308346205207277776421213491274299314209051555170836244585091200,0.7536159149645898
2023-10,NCut,20,4,1314190,converged,False,6300761486426242948239287022169679166751923243476499901278889266342638229085080172726429698004800952634064937398445755018716369754867306855952779815263100833336603691473720994497524084881026640976356218077597905513043734276143622512554552234295485912357788302730855637385621508715919009158729567667124494771163339229963316038206350490378088878680719075622029257955285403,1535135542373457204136375994187877342229396398634329320566998940543677203386094190543730390395299574740974464462207990684206373530747688570784750130398288350488882461553949096652349412153988632913501595646527357687194315884610804329066215953918774177243139404786301930059791239671950788537602292781131045882160526883377414109024315669068143811069620078675913965234410720,0.7141357710064331
2023-10,NCut,20,5,1418919,converged,False,186322871273395577143424275817500709724854122884535817938191043125991189669532340220119626729834512819910701222579260216354354758473520436294094010512795858024742081990897453442513559328310202174122645032668166092122977684495221828389597500231306912505860029899369252072942793533113478338743888072939901004875712464272218590393844033540510948023805379952507598271763938601216,42022396695193822866086728977441401494941300309217220216564210099197698068618738261830481188196324145298007574399982762030810778791579912449354965166632393152666404813591498329458852881849966100886521020686084372157856926504105945215982248504820383211326969823606505374043562190468132353041553084128769256817285717302816616952917283341329321350179522139900138894238702481671,0.6552947010429849
2023-10,NCut,20,6,1523648,converged,False,1387247820781799129419114944643884727949578124515322289741896806916049667977380882928737572881983347313375282575182403178784575747593293714303532091094532545794975446929698363496698340653145817566170911000542180822270874386864056540793639058756471798771619911492729656111534137772077716050806561336652652600066019119758143388330751888637532672176576119892354426817915942533,340890209524794773070979548864993719518431526559180804469217021027727560821160170504344185835978817896338502541890460990856637906589402499736613074255450037316757881889310760358415956929733860825234160434178005707863306242137625797043507950836869635269674334616359178819429876075911957618362376721520898267964607705848322261498606462242508461084926134695194460522734995800,0.6654684671756786
2023-10,NCut,20,7,1628377,converged,False,2473779948744637296398988374459320798217947806965748442077681939921088799349611823463319831571122337501382703116288826842811212306816476331415622499515765310601196260497545680104479239970271957672539348092778948661134581573148392390682661980940831757971984438342085959922594714624621560832714657891737465142711243185538749029905694889090480539772929597820298834247816554,559450733617283370286885226309335712412431107126728873049998964134158969224864197177107463880756614693496211358342801977933446469287354817414746750634919504061315960398713274678617115885862626983093644646541143843792061424236515858451304196513684038903895426137206270854739192956335781407670503751648736658193457971138213479117104765611969275738232356593718456418808705,0.6797813367347946
2023-10,NCut,20,8,1733106,converged,True,910516748188727296832149552381095972418647931959937175940156068274180837765579154318125167948675349812172963162411251526299917743709094156388650787629945452181135201335601067168214173350520769080175400381795906257753896616816765895463856414058360530638190646230586798124408895594292930900360872730990605126954387196857482141372615625470505026560209968230011925671036379,227603593922414771625114999366827874093872887276265823792303256647686814451266633496200477840386249040031356015566829298358233860578443862774316054278680523016911734254828776189341785612140379044557221146296826723015389879973925614158011935020384249221615736717018670067193501127801622708135545506770149830537815855592907031560018129915598585515869481805682510701920400,1.0
2023-10,NCut,4,1,1000003,converged,False,2073933029168342029093196789334503549498116194376351985208642443428649585359259,7561316318399830817650623783990809118109169933032525107320164215093629895676245,0.9972584208137938
2023-10,NCut,4,2,1104732,converged,False,2073933029168342029093196789334503549498116194376351985208642443428649585359259,7561316318399830817650623783990809118109169933032525107320164215093629895676245,0.9972584208137938
2023-10,NCut,4,3,1209461,converged,True,40992682051466685968087558639458027677749845872005191980960487768981503036443,160747722440674548973613852416787675185018199777036434531599786697904550615177,1.0
2023-10,NCut,4,4,1314190,converged,False,15776874006631401761323766182227515836285850441139958690526329188215452287187,50022298978969462053357950074265482296853870414669314984803581609967296359345,0.6439498107151037
2023-10,NCut,4,5,1418919,converged,False,27190686219504338371720969137336958644453734409819025512513572665958340790009349,85726714564209124076042371363167131063741830405984581761910417646969071701136381,0.6434963298608077
2023-10,NCut,4,6,1523648,converged,False,27190686219504338371720969137336958644453734409819025512513572665958340790009349,85726714564209124076042371363167131063741830405984581761910417646969071701136381,0.6434963298608077
2023-10,NCut,4,7,1628377,converged,False,2073933029168342029093196789334503549498116194376351985208642443428649585359259,7561316318399830817650623783990809118109169933032525107320164215093629895676245,0.9972584208137938
2023-10,NCut,4,8,1733106,converged,False,218985047564132083934864483714994449929416759753233264399069818710233874154553,694880099901752655530225663015860789773675722682910256517660985663717802637795,0.6458022754721102
2023-10,NCut,6,1,1000003,converged,False,10017239319363767951147077074538277857008273713048732308496090738371197830791040814643011979339576599449223578611337321,15075914928722433592971374105793685711058622012313476018549948675104161335204591899479885286825499553649560097698030656,0.6857913689865469
2023-10,NCut,6,2,1104732,converged,False,10986681533113254876012787253206551387017556743256020201793987801779171274589296305352989501243632738601232937778530,16706746023655926267561723001298510684187849522400085104863797378877943752400774112203737333805900513623290831183487,0.7060494264247807
2023-10,NCut,6,3,1209461,converged,False,2093056828384231259206993789103182421872548486760056934946268554026573122449678276523318639920438360222476131427762409,3106124026685342458806100997087408360203956366557909361777431618690318829991644215910176093228791790422163976511745838,0.7025064111800889
2023-10,NCut,6,4,1314190,converged,False,1607779777387419369043351361474519521783454811703946413587922481051876943518414852458595652409881700409029049003229,2888616166113653469702524299086080555413656581744612316316224965695638938425333109088149830194962563596611629338932,0.8957029105315062
2023-10,NCut,6,5,1418919,converged,True,15653252577212050437657890690278135190183051740792610262322657770935722203857897775830729089873448036456855452023955561,28963135051504433559342681302111800746821421120976883666823237041983646229385541392342154796136483044340412304451038544,1.0
2023-10,NCut,6,6,1523648,converged,False,5734975409361912197798494176346597284967472413606572573177388359518339128438250129441850691542149966428228786221133,8571404034183411536630264189096352765590982177333073026635431773323426144302698845917139196759210330777018349329480,0.6871876481665404
2023-10,NCut,6,7,1628377,converged,False,177348444359532653576824550246869751255351427450177176461312731589487877095225147403219292522544284462289239544875139,272778535154984434344260034604020243196306726112982149123266148126309373575409904295464882409359219058016470731570698,0.7077111991860286
2023-10,NCut,6,8,1733106,converged,False,30035477097953642524385434486565641714641122332760230777117994552829086968179708414904159562020129807671922279357181285,45250113424813669997240266361975292006771767018342795291653006474274695435538890792312502000327038248315286965546482496,0.68471119690783
2023-10,NCut,8,1,1000003,converged,False,97756649836972313981252447620654308199843766421448678745276544005632240030927298859525728615421176507869298275508783379790923471206127143307202966633,99983302806506608068245374495407348167885237760281067802368532422730856036581715795013636403728416687753549250345447310478321725203197998079224552980,0.90629013196442
2023-10,NCut,8,2,1104732,converged,False,30288163353855320156696429564241835758267373991976662382920096156650863932162689222454534670886612515532300636283820052110468391458352558895528342871788449,27869366368485481125446700322092338920615256107760300177654205607760750375888980433863551814135344722141241883517273044232613292853619075413068201921184724,0.6615975426384649
2023-10,NCut,8,3,1209461,converged,True,163616597213167102238853422117933125739818916605354065545046864193317632158079077571697418890197287152278998103434046332576857148733468914449205733593,177391941716758251386099831227950956878629288558434861877067398729156799936284855178676520430875880450674136891747045120706473757390992092888035131555,1.0
2023-10,NCut,8,4,1314190,converged,False,4221911777650711530676919952408018323327087954054258109257056345803001195297493052726788034680946720771655402400770126309747829782671677055218351100053179,3942395032040032247402838951032087201509518565462992607529687759852125793851701606889063587409748654351407401224015955454794625320066256560121972967082630,0.7640965471074955
2023-10,NCut,8,5,1418919,converged,False,175249062996298053126607898153266741564376675163070831293813401106478188296856890848566689790394845694476630201034313898478049256677932545714649215406557,162924061026665292065218788674928999685170831045143796867234150914373780312725112859912766319033841437301526456907051683040072183985273645775721550524200,0.770064301870761
2023-10,NCut,8,6,1523648,converged,False,154365429801910609053685695875410142183200274245064822009600998057098874465339452716459879949869344385807314390437455600317678949200765398885985780921,150343885624417519284657835250908865722654517013375682554793404310842332786068626155587402201630667988413708462018334668501098648717041932734701998400,0.8615107843677454
2023-10,NCut,8,7,1628377,converged,False,1826647897180621082858720069329254303743173287067678746021600270609502964465432731762513569280754973952524876658411959284379532571251772278233132860117,1613207624507225225111204481566634332005393778239940297995024471091598768224128492596128826363122094247569810251068370852623743823745595797430464463240,0.6263009364792941
2023-10,NCut,8,8,1733106,converged,False,9329624706517130048844981857741912037904264147519676776532413313446231663816764645532352979172064868395526371618526750002843879954276635357613323409899,9893981639881216269491906313711933889516460154276361561056947990662265411232575156914031963619896862757439747971454315727227889409750735233464981951550,0.7025720036598165
2023-10,NCut,12,1,1000003,converged,False,179935098642287139830292619783509418730321885663836187121206997404946058898006330367433502226494251630636496054415645240322663286177567272759035079101662589545041274174334518888286015423635245255437991533328843913692666556317117607,92785470138168714968104039565760935180305583454602135366308870169297700584387276853864594656054967972785092010793491065906356728748091764858921266147011070653163620053570498619680204040185046949175924898475665739694656135895969225,0.8535738762290453
2023-10,NCut,12,2,1104732,converged,False,51601850021076262455516539966142583234954642242768923090005703501525007917964403394597141712609977799011947952336054032296577256665218063426086287169950398818942469151470351688283528876565560274326881672383376886428539247324361,25523496457984166579079236508563264337667962444514338901377428059022177330219163511531322722608422884274488389154647977475602634525844416582454630146011421330038542754713227885624827166935777957401108852365178308218817787604280,0.729238117529231
2023-10,NCut,12,3,1209461,converged,False,91378570172965334276819363457463405826178584877247472151843282098426732838304133107207049252725622567825634089813779830473942710123262064598169098376596334373036479257606620707676656164073613716232818715123173998956024350468,48815288417810393530489989215263991003572100009757933438474845140304413628568288841602695309464074780584869758104251188718886858872239395750270257327516140759254972233277359214522106754616507111116014992201824864854969410235,0.8276773207820912
2023-10,NCut,12,4,1314190,converged,False,833078590645738573433606717080563729298797624525183126782965264503094400266093081715941174075620317607690018681141834445464152445145156965396180664706322881479915915996911834552230162999909114496271929191604369797223672752980661,430412292942058366682555477721328534549076031844411708801097804730221158173126521578747778299407010005806627448330513967255058289574656424190725330516931784375236442978860016894557221041832347575152599690521548019166536692649310,0.7412638091227656
2023-10,NCut,12,5,1418919,converged,False,1179348852964160306458532826972045508468144075962324874699221810555255290824049825685749238126081173054244428140404073065019814171991284458233235334877228578702215936126931899496799604227960817646259181995372310345196367875505851,607725371764743332457097306816400623183677010887875411598047863361967870506485888834775486513637907287804129437537679267072570257107786480712065510447843204947096460560935392514218304715049640394062247696804362152054887188355600,0.8339839220364266
2023-10,NCut,12,6,1523648,converged,False,638137153937393995924925971124034827799908875748613650838845176711174788025608567038066994023013477620704108129365074014896596187812996704288010791449424133063748004808738142534563502424011913938950888210914469748505534245637,314745550398024314569857936417947181450413757100856892586926728668660846482061498768136561543192127425028971656728676534350917434808074432964016553368767511995388969419212270818292439634510247288812854853921536753496202157100,0.8528069268672861
2023-10,NCut,12,7,1628377,converged,True,192124995318867960697484063191928918169084902308632896054101927207811278424847255717846810029926678918147970334853497266951446870515268596257031251155336103435980220693854217230431984895172933145762564261549421750006842201,108721818442496022054301969757665904328061762763832572487950871704882983044460260008673077501694279547736270633873356624162450995189265657768137060078290040213364254493140836453156998873079785467662394033589594622096960000,1.0
2023-10,NCut,12,8,1733106,converged,False,153004487981167267733787054439462877937491377428508904919851455955511568937507209206104563455463012585741274503503540903369330709060697606043804325659798452825689406305182572735829238254720964999209380476444892892728587696098773093,79549651765824989058054539010890900463878645333203188413335596106405906527569069332946406426323173021550474665992047632095226146366106213672490409392527619601024944342303901919262122973908917770234248830390444969170764118516844480,0.8715547387116904
2023-10,NCut,16,1,1000003,converged,False,15008351092108870494547234162842242912316903669920143545837374250744858532172034664917967310041335754283911320289314211912417421423405512114440966229784579943073401906003358699177692166990463988755386208179162042601000468613144695696419728129490552869141528095707924837526524435301559814929145061,4385008462108201753223245306370793810284843276028037439472354719905967356530187984145015752576257034435583248129151806379854273035956648557849311550761534226712765840668832861748398615147632785989358485519198477117365529703210889573967369426765110228495983997661673185109583254037293634292853000,0.7129124604332401
2023-10,NCut,16,2,1104732,converged,False,112013672022506807717876120829373958918856106651807597584522646980355794301762966837445678748594794547236736005596436641477667047325460846944182830205770364916397446007623827609022007143163080555210354108760263467408506213707343285527705548363559806529425647210014723847760940062287399093641115182167724591,33992881012118942485273292428816964689091894392260627420008792915982207041904739150389102166314555948199849074924949141391575741523930577170652830578677447892858880558580384097108881792870524386167306787892549650077198372702072456224807219536322655865908967894396409085901265332218175391409525909242294025,0.6962888398755798
2023-10,NCut,16,3,1209461,converged,True,349440762197190324434405888771829631923269630886840199917511208846180839593264557025741388055367748102600507976867710697290507747612220803573550243914590593753663858041664873102597014950954985499497989595123805667847049236440453689004638095725394148278090080144279571942611640746054062089,126155555698757923579513652287726690132901790211645365595736040169106980449743679688319769350251087227205750433238930800822783898271884600111651304958358554015755320621587905659048067230377708905008352551233726365720502408613346586450058715056265945860290648700936887137143113800076982840,1.0
2023-10,NCut,16,4,1314190,converged,False,432385284417700413136988296928085179660791094768008575485922798600933193959401213182897970439327677026095128770430897149543355933400245313274826270805263765018509199940524215079591988831870174678677376083930290356471635606872491438754355373690023746788251071413902448597662575661688186418841798407,143976153610687499751069160524353875528685553860882162662410694292199153802295294527697173215460580853212855749206137807343866437184793841560023577943797253641816626778184754800168979233136948738595871384876230591157298294907644764736608753733799645792287329781720871637022693915758091119930947720,0.8782045655845632
2023-10,NCut,16,5,1418919,converged,False,38557802948014234337995900826477929636861040426991925390497420884051182372698300406706902292701947022177288711093753785402653566407428079407087076816920773794414118363455030815960189359593155924793897759911092785665049661365760133852586667247308306130101646534522068050828903087555506363039388684055,12714756197719548907635032171996920015344330570795429778908358254306716085276254061073163444403371789499155648314876263849009663311605479544470295874042854895344493917836297083159347284384134711646814288711163861316962274642126270690745885185286006240209270208509511770072478045892151953546450992914,0.7660478934648549
2023-10,NCut,16,6,1523648,converged,False,52909253800447146451433906360646826178354829360791227241687747611273535661484295357936724379587235239698730041036251699472273632936203402978460696294463764719706053280951770780822156750805810016830746438221948876305701232194015545334967297304210403488123025280035290955645562509374105486560319672678899,17790543409225129394886529206593538567382217444911616345382134910784674283561737631287550060855606195106648317307654481111605473263565496396304405639193678075255386688007593348084327996787752425541747244052083553286658138003842491891787891037381220859006867603773987257443187581577551307208965916131820,0.7305451385927858
2023-10,NCut,16,7,1628377,converged,False,16426443639722771106522683710536287638550031216951126498602885653300481383280765626166074934910978375461907802828811389492821221968891367880866471430295661115425877310051317852858774637460417990552740517088100811399606207343762299901975336181973327946986855355538874842513261978874359638313176160847,4977581789802185767365690788890285307683726193196731757499832802861169500312893000821048937040366938666857342069309775222345791575454767808581885765252812764439316307013998549323550289091993372431322896413684921481065142116680533677300087442338455196465969048947547592090680149573900434919452948220,0.6401561844392949
2023-10,NCut,16,8,1733106,converged,False,1049241767222803532016840122855765386214002003423272608767550305610405496318873012300167271771715603273733608122976333568429356946098682057799196123897021339038241911501884985858444604402461433513481315859511271818967312686995838693098601765502190302920128037877537820858315062897871084688008743,352637729901805453197086104213253966690827986368055883110110869063811211904165735413995278021750134615509201841688866985875791807353124423656221626944904934931946122330649777343797103670320873707884029663587023686579983398950283517649925471762086078519413893154062317891967618612955461312015200,0.8072874955433925
2023-11,SSE,10,1,1000003,converged,True,6405757092951884508193997778491466791576385722243461297447,20096025083025175250227282567875639863446269042383388672,1.0
2023-11,SSE,10,2,1104732,converged,False,98285962705657261327586160642025329755160533394668022686287,307525779797413730567264946374907371654415471375946874880,0.5332532435427343
2023-11,SSE,10,3,1209461,converged,False,25057568885094486040229320934663124992863260069034505546813,77843051704738309461912111334188344103009729964199116800,0.5330941226312454
2023-11,SSE,10,4,1314190,converged,False,720119922539582382729703627547180641776567746214000937469,2247204348419498516893443354648888962432285441785856000,0.7159345061686876
2023-11,SSE,10,5,1418919,converged,False,191349143633039717322203100854165769058062168232638373383797,598624827714161615673191277999693564889954639708610887680,0.5376495689787171
2023-11,SSE,10,6,1523648,converged,False,20196983082004963485454464581233947665838112415404061935149,63267609254998456819947749595445277480029758148732518400,0.5869740310179122
2023-11,SSE,10,7,1628377,converged,False,3521358492069488713066860750839619946779639187057204867658913493,10708014389315992672696368272553825468150491033179031548723200,0.4618444497872529
2023-11,SSE,10,8,1733106,converged,False,2788828804609068841036084018412557658299909812063702781969,8600421308451538363235998651952730905328155860553170944,0.5599217688943752
2023-11,SSE,20,1,1000003,converged,False,5210703984730905582982998143849416617726999954350262877408010825,23874586853970212793497881187815380897034210421825092800479232,0.6620361945523826
2023-11,SSE,20,2,1104732,converged,False,15016002047731114049644904897776955040109822660595632655471379128228862403,67322351619113950679277452137818522107667156214880683351725654052700160,0.3925114027240881
2023-11,SSE,20,3,1209461,converged,False,143750412793037688680567880608407967481413202232943467366481750899,657264802994037068164629369816037726768990285972830173779722240,0.6532640716713993
2023-11,SSE,20,4,1314190,converged,True,3532016947625448236524243366878622228935160121519988286753540312307,16558089975518506056448888824161567147754167218591552047887155200,1.0
2023-11,SSE,20,5,1418919,converged,False,3494751579181848409270919697277335572975404437445486428019953011,16255508502576074162578588218168655454404240135138846546329600,0.6219917419439652
2023-11,SSE,20,6,1523648,converged,False,1778409064316995974696975952172141914780965345548006251484927033,8280875314106394136822201447005211736757916017151378100060160,0.5898126657469032
2023-11,SSE,20,7,1628377,converged,False,5526653417780623295931565502315531099184708287243499246705473,25503817202612264387977507221516929721226381687138340044800,0.4470035499484549
2023-11,SSE,20,8,1733106,converged,False,26423071464267052516186407983609097893061544533466536691161571297,122737606637038754141181831247721968844174950101654536705802240,0.514570482796399
2023-11,SSE,4,1,1000003,converged,False,3545662475476786518008341706598661776642521843832931,5870917483501658594106671164350524577551524823040,0.9977278431730571
2023-11,SSE,4,2,1104732,converged,True,1339686264899743234751150236582383051931542133750481,2218263700013487491537837173620439799558800670720,1.0
2023-11,SSE,4,3,1209461,converged,False,242240538111062230316658118373676571580588920160911,401100952692949734012952319808142360265160130560,0.9972523612883293
2023-11,SSE,4,4,1314190,converged,False,58000794023754743379592265582392928765255710487913643,95598923153812010849186280031006739930820567367680,0.5610224280933173
2023-11,SSE,4,5,1418919,converged,False,6382295350295736299672915110860956402093507774009519,10537518867815170587600630578803552084556263718912,0.5026366351517348
2023-11,SSE,4,6,1523648,converged,False,1339686264899743234751150236582383051931542133750481,2218263700013487491537837173620439799558800670720,1.0
2023-11,SSE,4,7,1628377,converged,False,1339686264899743234751150236582383051931542133750481,2218263700013487491537837173620439799558800670720,1.0
2023-11,SSE,4,8,1733106,converged,False,925777358079789527238418659824909645356584771614310317,1528087660729524225702100034869715679767357011525632,0.5157810937075661
2023-11,SSE,6,1,1000003,converged,True,10186903853824183910452960131885238309301336326347963443,23567348956446165272656801080040155324371626780262400,1.0
2023-11,SSE,6,2,1104732,converged,False,1377470288639823130744702391741365416421875009844361,3186718776980596255762050752828030431315938508800,0.9740784101126209
2023-11,SSE,6,3,1209461,converged,False,204292932741740230912655344442509651998756819247086723,472624342215993558313442623285358128456233165783040,0.9993401253937352
2023-11,SSE,6,4,1314190,converged,False,1377470288639823130744702391741365416421875009844361,3186718776980596255762050752828030431315938508800,0.9740784101126209
2023-11,SSE,6,5,1418919,converged,False,6222405616538795251959308195008069985471074893214395823,14392822011551618479054060857644167505625832010809344,0.9621142283016756
2023-11,SSE,6,6,1523648,converged,False,10186903853824183910452960131885238309301336326347963443,23567348956446165272656801080040155324371626780262400,1.0
2023-11,SSE,6,7,1628377,converged,False,4297822962677209643260488095407330439574456801175582931,9940441550476273313733904061836284697413428403240960,0.9559202224722454
2023-11,SSE,6,8,1733106,converged,False,10186903853824183910452960131885238309301336326347963443,23567348956446165272656801080040155324371626780262400,1.0
2023-11,SSE,8,1,1000003,converged,False,1323249232882559186761602563868106657067514706066315155079,3574783365716026023159768000965212959587442664490926080,0.455792044935416
2023-11,SSE,8,2,1104732,converged,True,2687570945360250796192269942352108811715222283684640039,7404043263862006410891043690250839644768544965525504,1.0
2023-11,SSE,8,3,1209461,converged,False,269961335894592615559610708712821460631919954651785697,743605948211101242583398378889365428892462376550400,0.8355557663298137
2023-11,SSE,8,4,1314190,converged,False,37824487783170312445297741203791603552659988208290808083465,103609612044865352104857059220860353684509341673968369664,0.6042678195074087
2023-11,SSE,8,5,1418919,converged,False,52639708298308015488498088177746593967970909744468912397,144898791709387232407886052738110176761394684651110400,0.8168705443371171
2023-11,SSE,8,6,1523648,converged,False,133536533561180549986697071915238775704613379654879736473,367591621101755190855702281043655613812903741541580800,0.8221892960309686
2023-11,SSE,8,7,1628377,converged,False,1561022632373937838833891329509434163355886056201073565,4089427936991883025786736591791171953326094215544832,0.42625715852200013
2023-11,SSE,8,8,1733106,converged,False,1248916771026818672775251118692986776382949445099016576307,3419717520377493096595287075367239467756833080512348160,0.6356110748144872
2023-11,SSE,12,1,1000003,converged,False,7639706225478142253133261294857438236145793577101898125617,26468479459399545379021734112387690599938929929800908800,0.7425127628670032
2023-11,SSE,12,2,1104732,converged,True,427958899692899682571800653942698069721306774041135941694094761,1495353488238517693230930377962565089733318989728828264284160,1.0
2023-11,SSE,12,3,1209461,converged,False,20306497093230265546702250154972292439121744212243637289,69524729655748565111499173362777566669398948381196288,0.37727777441712834
2023-11,SSE,12,4,1314190,converged,False,376587842750503199156916886655789013048445652684779699173953,1309036251607869087269223659957216475136635175992318492672,0.5764443835885653
2023-11,SSE,12,5,1418919,converged,False,17966083008513299248655245260475285092314284737058417478868043,62615404246506831065317204236922140146481679347616925614080,0.6325546077390062
2023-11,SSE,12,6,1523648,converged,False,34470438679479435280699413945520674648268898052370441670337521,119483086284278925308051678812530077118584712384255709151232,0.7606835223561392
2023-11,SSE,12,7,1628377,converged,False,8117722789988316898890943297510516217845191683323163177,28154071770417661713754988788373229734539602499207168,0.6242567541703427
2023-11,SSE,12,8,1733106,converged,False,129135112715479241033388263062971706019723865328521877100991,443570956686475424929919696870338642579285888300849561600,0.5932763924996641
2023-11,SSE,16,1,1000003,converged,False,276332169714779812126128492166977831948935050506285820432049,1140894087536066891264685360418532607318938077180849029120,0.6822814347995687
2023-11,SSE,16,2,1104732,converged,False,24013030356615456491381728845999319892417109594853357707029,97803497413388304113344450847602541298052281928148582400,0.518694490545862
2023-11,SSE,16,3,1209461,converged,False,13842603573837022221536003640866246640666120971292582706532053,56898951338536963327641714574546199924628130600864605798400,0.727565977446736
2023-11,SSE,16,4,1314190,converged,False,593808476432152701358557050096137421914101750472735637578518701,2406186576992308653959221587288078818494435795027471179448320,0.5962841440515253
2023-11,SSE,16,5,1418919,converged,True,61343897093549776704674863361241428670993522177466547933823534599,254105731460218852903951144799727907958524471852480463980462080,1.0
2023-11,SSE,16,6,1523648,converged,False,77417249287148928909873895335143864438047563091408392348551,320120849692778913192811473865857381055861200868721295360,0.5306889558478155
2023-11,SSE,16,7,1628377,converged,False,1188755431868269700614168263979244591765908878913953649789,4911579962496342711004695080322124462918345609344712704,0.4728330915961864
2023-11,SSE,16,8,1733106,converged,False,1836312398726865860606634477010409033736975231014976935081,7565707385594484335785064886291608206351426368690978816,0.6108019115818694
2023-11,NCut,10,1,1000003,converged,False,19814237138430645839683014627706937334173426111377915686683716749980759309829324402269328545345885236482870652713116378525809809306589123236129939866582497541194216040227493634504887097157,13480061185587469030015595537690735043506414478326558055427719570146448598892651623039841364340995543600242533893597683298688888653706367525198315959423598794923139953328420543771391014600,0.7651756139779867
2023-11,NCut,10,2,1104732,converged,False,60805157864990584270111949193231018850617123151297483527163432169240042821385087457793815549737715702852962086162342077092068167760635152559252341710121960815011870893108419065837885526297609,36646328622675011679323029271921140447594784392546727075292334171381999581912664450741666378684175947787590797335343940871492645391617939368763233376046224534755338726951774937128081644661060,0.585709637614005
2023-11,NCut,10,3,1209461,converged,True,13490966917858064901061322944711241455905326417959784655493490338368975289605155467732160489075394334120833239424667295248571034107729500462201677010923574486279004441661616332837498838289,10097553482433364700014306760570879479209565939129887225247779198114400226846041303339947433011006018086956443714780663126864621643132372896920649429486816877853142576203332778217588589530,1.0
2023-11,NCut,10,4,1314190,converged,False,5964271455537273241095281260972093362738026372804153712430673339269745248846000574356741238299285578218680688581272677937690582984408405458836285471970735496391058187859397976274109895242059,4161275801876621781886879464540710729262427190641864746505808811829374037374889332884071290579114339014789623001607684483068305094201023142992074970312729158703936545493884165590878731336000,0.7577627377555793
2023-11,NCut,10,5,1418919,converged,False,3011929389421957859246138924882916464773295858518684744843534699942875998695966328544017348325359695826015024489921437292762586904152055471933553057335343238092088742128399254515117874522743,2050915990565402444027088138683106852562211761643727086407909288686581160391280037888652638959525327295312732495036977325776904970828073769385140684428820149649473515187527075231776870409400,0.7734436208447684
2023-11,NCut,10,6,1523648,converged,False,3290498818696405179620560450701002317922828449226135258216973175588044774134525244057773537988110410575340222653693729150891298741856121010916907143285801842168280421479227997934368320352,2062292465623294923316823564829922728122787627891179167557334129069135792403584155319890804084201678011315468297290395998933376514532306157672333968207388795105053265311745858515908371825,0.6257185757093278
2023-11,NCut,10,7,1628377,converged,False,20947668900639127927790833889132015746961639573966905300614348935769818011733581361398613790941190798884348519632405502986487789731093234113317262730007942373808819847621809387802010506713507,14253671244452791360213230454444613857630005108740720956545901990572368235877700324347682072118180315322688645352969955274948835992223683401303682107345717365179533730007203108957842683052600,0.7727252155200774
2023-11,NCut,10,8,1733106,converged,False,2664870512191454439421501637353992419482278734291532847539261739545264713530776127118436833426810162560543874970727435771611274903051546253419571245153686657817076385053643096807540212445534227,1819988243245599916366601119438483453207740314297945569522064679410587068808242849146647748327321643517549838757636609487569702545153783264509424858049919426113744390803047130354905127339884140,0.6166610947316273
2023-11,NCut,20,1,1000003,converged,False,8422979779173944380499415509757414261596432814712178709564025592277108249179084034221221392977284376374224561259624298861799869700022467154491446722286188871900820762219836080152477856712847260176814676860255158965983003207845115363945651386740983336774058176088283697769583010377665895442033576406290692977872330279206240429676212111499791462085000460130570716502046385543,1777049418868364621555862189004333776398637441841599461474690002899475447443221727024415577066449701530734882872947778253969339273670489137408831055803956615756366259581842633812765471437695102802540532383060346051148214392809050770958929500576660508747718540949239500558030798401558773515653874276605973525337868936376575008411884357929476457640751209101603928089847027620,0.6557431617460144
2023-11,NCut,20,2,1104732,converged,False,19749766687231575218509883147742326627610532829008791037391006742317724049760922299122220980087918087503217511569444067947978447805449053310690538447944589995906568160477256739684194351856561457527130206957723928127592159745472532465691350950719163586446497446908927313088045850552791342515144747884789172396293730981743671647026822811108832821400862809033213511605687317,4166743719575881655987148933344280728455940949555472301876409368009753486612850963422828947434327131057689282674252980715996386216895712651894283274945396036659258034508576744755365891173613777712061877825020429336325790907559544478904542633078137337696477878753169960147280227522303273513276404553088938220517110052308622152215089493076774540432053822485919578373366800,0.7117731008492048
2023-11,NCut,20,3,1209461,converged,True,343776988324750521668254631514334001326345412295785897905577993337440005772030034116273298191549624760546073174998192166429551197091985080923094806018205682504683402694737580299180917938665024609777053358444723994742044267818484516891931154658851233770470238293658381073143248369188208160697197105215429827750645186509113924158408916928807525866087988756588312605804151,89250446941891500203682816067816772807416410227751960648589135684949584025506833457308738489656880960741902702843430811696707059834754172067528297378589127551851027160766083045523798186858516384290809190313198093332897153488777964255140450099463066231787565812080474469890876006135925909335568645009570072333890392203584046384237050475733207588532777149752445078224800,1.0
2023-11,NCut,20,4,1314190,converged,False,88569090084312946453343144327242803224097871923602911190032219422664193667540407306733160275298385964663904014735943691745764119721529440956752736596796796312722885895443735296528868920818050275611443433320991927175133725099094039766112797639961862873158494835291048834882637781340603843183691111349944822396921602521727364901042070936211315842394043550769672693760889601,20184098674558293784234423108440003446202491478537335706430343012013197395353606244559458174781764009720345229409029766774910552141659280230315524609106828829156640442922334208304867389504586730402952826839367864649209014384191282666314314015658788165826872806798883209369760366849884300225078811903660324565133411731101395384055863945952955206392840949079063272695538096,0.8372017802125846
2023-11,NCut,20,5,1418919,converged,False,1522160383815839848440516456404710816456211512218165203799890148532313906836357414729466665773798569461911085437654815447920490269927442234265268949040896864126554853500992465536934116707853216782892988860214668570351491640664115527095310446030357339051242797724107488323048713112490608014278090730305062807021084626780643687525227377188357096737068889036372865111,338604745830721998980770626941280099217143222323428957357213856404099259883633867618811966930115564396049046537570021460067960000171904707963033488192536487997954276294472093426366821732215130265994331565098098722315225332469698280956280708557002117636251660515435946087440702565687010981806481977455436828041485161823365282716926917488468756678703931073289053120,0.6767204021849704
2023-11,NCut,20,6,1523648,converged,False,14184149588270235339307292319601513540839981646553313735373576275065879453776912963002522087760562739895707534476502768009617057377323327511180238022030868472678692186906810310163023885811058032748501766876817135437475520146616871195297631859403898549587203415260330706428850095749064537553486875969763147502336682402047248527614177284616853371589017342480709471,3348741746338780463609180146400116450715267902417193673212977758743147264660142946445319873238897873336502511265559377515902039558188907510261270579272274120954274598949410716283553286862306832880803557054982786577893066512273649367330265089800805351509014147997910591879818395127088279257569398879267975105908875692789914360801417653619831484315595580367587472,0.8068870347406241
2023-11,NCut,20,7,1628377,converged,False,577878156423665324530301273677369175216724703691022012813534432845807101552561283720808870046800264519727692233688370566804001184439843478108299027653926287274336913549001909057058983646362738467064575137698994070379057434574327457454847418341572424260235869467521568656027921557612758456039923840447984856495350218997988148579229562335713690378359818984444920569,124989659598111070523656148267938804140726807409504438225667954386878942435206399751482862221696291321393010779133832247726883280154434823055789763578136866828665647391025280277650937242289416087555224752673106425033302153705496289596046833713681781728809499060897753874086552905450690588244602350513867761208502617098489283630973125063096192688987476391510590000,0.7493243021031749
2023-11,NCut,20,8,1733106,converged,False,373489306927278360417049467685480793356073922824571488452614115597798508835899194397911794042060240761084300399531845408979661772854323191953366931216663318992352085407648070964536365048980087261023951239812928509268264494492892913171959053195839614288695855278221606168033574591182102025625388896071614033735221503817482410169003928181644561244674811717380906059059669,85729050351094075368725686677209767121572619461270389903388653347779539465686827249054937919121828131190939090491686368168067744027734855889797066631507709043560810911121710636711029685637611182330877686070936550211796615386492484891214991713558633291205282587348802421217170217232901545417279802035766357747831192040190027553014113430383649828470385538009753196739680,0.795321485182858
2023-11,NCut,4,1,1000003,converged,True,66757455035620746207816997279067176100790691764082310727839909835115300017677,267845961157960633062300739108464126986808006735459851097864139602092589014140,1.0
2023-11,NCut,4,2,1104732,converged,False,101374744165520276878497996545513598702826937841287145373691044978089982979740331,333808500659171548670238597806208066754704415696607668267739283031722531518816880,0.5823229545765544
2023-11,NCut,4,3,1209461,converged,False,66757455035620746207816997279067176100790691764082310727839909835115300017677,267845961157960633062300739108464126986808006735459851097864139602092589014140,1.0
2023-11,NCut,4,4,1314190,converged,False,101374744165520276878497996545513598702826937841287145373691044978089982979740331,333808500659171548670238597806208066754704415696607668267739283031722531518816880,0.5823229545765544
2023-11,NCut,4,5,1418919,converged,False,101374744165520276878497996545513598702826937841287145373691044978089982979740331,333808500659171548670238597806208066754704415696607668267739283031722531518816880,0.5823229545765544
2023-11,NCut,4,6,1523648,converged,False,101374744165520276878497996545513598702826937841287145373691044978089982979740331,333808500659171548670238597806208066754704415696607668267739283031722531518816880,0.5823229545765544
2023-11,NCut,4,7,1628377,converged,False,101374744165520276878497996545513598702826937841287145373691044978089982979740331,333808500659171548670238597806208066754704415696607668267739283031722531518816880,0.5823229545765544
2023-11,NCut,4,8,1733106,converged,False,60806238397955937291285989736326569898889055564884360641431629833351568127768433,200186652357436566533027612941629379635574879915918262244363110339272934198141520,0.583158286284701
2023-11,NCut,6,1,1000003,converged,False,741618356828897972445462634602844450789679298347377003280334281994568962521038347584957313588939934203316062851030590,1099849632715568658827384117013130353763867983915094754790119918571289426667621023628818501502742086779042080335186857,0.741557728809531
2023-11,NCut,6,2,1104732,converged,False,16221732015332719069091641278618612185568282111718066833057637882198003707510503597454694736584327124775794930383528433,24137559553397240777392083073385031387473633944006865216808576166732917813312758757899237492317804275426067357146441534,0.7616105702416877
2023-11,NCut,6,3,1209461,converged,False,115755010834304948852099950181625961173201026139530526944789620123959657295488997104121340066398103026097881259583491,180454259816734629595337065205743634149657026011683078513635185298122450873677463799723806531496565492651680181217220,0.7103836642765611
2023-11,NCut,6,4,1314190,converged,False,15237483888286365577416389489964017412513114402617190692792435444252483834906499230841256247376874706702328784730914715,24275608514906867851746968753772371712829971355116935030786649224345772488673539372182780774183056010990009069798092933,0.887782858732366
2023-11,NCut,6,5,1418919,converged,False,279511434254194116719533378508017278638029758433510554510400354544009471384607582269548006977735708594716185467805321,441463069757946507248388773483002356648862403305391653210195589381217574181433420655848059011025592981974719982758916,0.7254421355633603
2023-11,NCut,6,6,1523648,converged,False,15895586102591228499037092533761848845412747728632298295686716066155608954311324368117141026357257963314325995953316797,24252752759115199514811577690658257076079800097588693079147528423484802551876465568704744136669740395012381500736309725,0.7359563224070929
2023-11,NCut,6,7,1628377,converged,False,3251785123973420788599271701344861035603715721514716946482984698817195929665484836967909103129199895506326504628286263,4818340098468621390384887645304544940856006765561023537681757483668665001429167263262720927760958193568988107620084434,0.7639633882035415
2023-11,NCut,6,8,1733106,converged,True,179356956326902406914861120642546193941437554483043354766042686425204638331778751386224823763598844933145618438453,343543071714597600566134691756073735340350262893926141151808008865500060237361319053089776324560808208567943572520,1.0
2023-11,NCut,8,1,1000003,converged,False,3090769523332520532061715702862122343954791688394171290153120655994802276084120055617162845341346031441846121559506830923588175506529737936885600705003872,2974956393803469550323268679855724281162579952965772495629785306386835961757282898832410751746459543155064805065495359954531527693934148251280257388674615,0.7818698398275192
2023-11,NCut,8,2,1104732,converged,False,258186133514842343455223338896688960402997051804133683305415033686679515782081635696812025375422971714696157461434073207323524383099054585891320213317579,259603966295187205868747490735736169802439608243442603067436056143118953237028534800982202134345273166652774035644974277198817074243361091527225259116175,0.8383814163666365
2023-11,NCut,8,3,1209461,converged,True,140794435159261625903497268038035087169913687060812661091031118335659035676807408005011834863984040677811112819972000897909720872896195469822979287545353,158460039387814459569120277029520098242166699463417044685877877148286988545908855596800093949121427205337875381218993730650724277212981848173628964345831,1.0
2023-11,NCut,8,4,1314190,converged,False,49754006480964419511237975899261478146535514395720542623902106678061454731852718584818199695030837185406705720867599239849714849648556098494610250225891599,50529045015570670145863143905741587486918917489082732145555266341999800966727006025282918070037728337739602243656758444958862183708115740664650014461001841,0.7659817754881997
2023-11,NCut,8,5,1418919,converged,False,123067336991232206204617944937100332034611601923934302103358974183264222536689346059936887618704609759088968668471885226277532357911011880218575475523617,122323874862368916870656453780449640484903878648509616895316376391954119564604986856166876625267827065171540736124208521716758063529271715799135557534345,0.7830359477660311
2023-11,NCut,8,6,1523648,converged,False,8295352283741371597210310277332998578286860206765181567295208880000777324197245617496070201171620011800222477956212194990404945883584024930554323423829,8829755465777124210195362718199997266910847262403982465178288956385224948066561857099325131555211737419928369572066284904772089804301397188715077321780,0.69308682869835
2023-11,NCut,8,7,1628377,converged,False,9003459694067875725143715380286968155770539455136936290753709187873958215993027700448807430841837330605134589511044828077870133574306727874087841982113,8899079181300785536913593589913467921174910881050870592807478046502367153592537344228486400651382618146041324012584825211488157527575198842307002268236,0.7598163461249753
2023-11,NCut,8,8,1733106,converged,False,13419136287277116903362123843165630333047303516366616103320954503986764534473021909436666020992974478580190756273737582375474316565538273559674238398149958,14094772662245685314568142908261919563811015557844326115666480235942865829894599909205338476555023843078913645772809772325604843397255756376853562123932875,0.8956530238036755
2023-11,NCut,12,1,1000003,converged,False,2344727885213123430943592989449318472442788176274253993977161923636131018480962624742578790903477617247348878942694630865149144657597030126749215217159756026625269333405045777770933452275574113387556816294408142925482819,1225013255789626801483431054540181555863358516850718877735646666914757738950329685156491887675154520598921496673256515566141631651705825696971335060429066626589318231593892152642895465239889447317386265268964989870344740,0.770153808484833
2023-11,NCut,12,2,1104732,converged,False,89884301582686572152528465464019037442819151399443293730110299187755765606446185259762417722910818359316011938698295937126390090327501567829542345575105561826650255453897901886053843005613676975004961801543487607158408714290500,43829784652641389456201582776563246008709170995653241789549379136888768112206125331676574536967288518626711651326857967618831002893468826545580928240695276712338152739824534892710809334552238184883192371112647015384108404532367,0.6391780856003154
2023-11,NCut,12,3,1209461,converged,True,465427912297880195943404144419424555528166177014177443544956933450247837032345702901795272159549314636084705059780040526227454560753886174279286736271891214343723681400641132665605524797846871838033106886140843224629436080133,263422534017622991068404727762263084002497854612168063117291568198810399435504910612939239471890818501571213540866462185635344278600639987133818472797051666723745777865941980119081522842411082529770078708552795293744304265875,1.0
2023-11,NCut,12,4,1314190,converged,False,7099306124278051888172564782423675278689023219169674167630520124248534886539860756590116242447225416922981402555322601814436841760789401649637151554554180068319550035234963651978107621555819167358456720189816871874732188988426921,3770336519692339567625805492479126897905293435268919023470353508615955377703666537226886698539140525911612771626515737643871843202993851687678096435718112222893297054236456737104774188338934263043897316426223138296069481785378088,0.6291945482125381
2023-11,NCut,12,5,1418919,converged,False,51851571341320769545777626457671666184449200597409769476179425504953240067347224553334346990616714319701791189246737684571632746222310687146199854834098491547408804651121964190825876881428770865059558459994444113579600600559805937,27614368115418301750738428551258905308075251156762473670076047056573364579992103671837125008352416562803675799049102664938848820324850604173574213479676106041698739341213395617712503923039909139517686458147665960038915428011430160,0.6098618054639812
2023-11,NCut,12,6,1523648,converged,False,119560251126659190112171695228466086606925336409971732857124625164982651884934623124212007816191190490694355037127768260390200449781027844839130521239332135967485371089806126357522321723110878464058497757429993760545866935025256091,62006151672959626186518959057581638753509502274108707513619633078579974866400635722450745484856918863581664218546269695495589908914282663384786419859050715440280227252238648932494783115579386790875744356345799488696180572685227710,0.7410370181091035
2023-11,NCut,12,7,1628377,converged,False,5413967149142849287301918623184461257030101068431111671275512372315110130332218065585566054069702040609647803948038694796449008407339624769887018581973786096002497516824373257655405965157441460044103694591542508937805974967057,2851506093117813525066816226878863195964473857677414547458942810710789805602979154366119233899282870585035558727344530211439395129749851390284348275991737858320692251569145743363081890152035250761802630654815117483450743453000,0.7472692581717674
2023-11,NCut,12,8,1733106,converged,False,8333515580908524883601641403254518733024532135118493706495042357399438308555888578627067708258104481913206866324984669489934052345867704742289145806970462197680045845464998403734995350523995378915743562924604103,4371545595054000963209692261669984346278698500304421540856633685873448090459077594246990496377601513756638446622208290314969980327733673300123771149004340033104865801126008237209190477117779583995316607677332496,0.7509692187965625
2023-11,NCut,16,1,1000003,converged,False,163206953473276308998498954717520751919901834669006531205911491928943551485416675983491610750564784060741144254496342654672584541677477337587919408543455848888740664612596317278796273380483710517789497225840835304341155441850869168873374716452478675143917288270984916388522632612064519497848589,52410126787382466188679685962551555283577062373480952272155702368413156143917958639557678998771500454124135348037316929014533013397822146492655072141041542292339140727547480895760789884286908783518295731604799401927445153922764708882584592594888944910780761406810163578025956611687538417275380,0.7403947106303876
2023-11,NCut,16,2,1104732,converged,False,46516243846589511036595336303193301501101737270262994086403597595737649988275171700452411758983286330491504652512242228424572901423590835147927851925432400096793673486190881129891380542972870072100466999895937745797534326263235969612963100909674767569019988702721024448140096942710969657671385209656,14437687156292807871064005669009590020052752007962467977791755326763754692151511892986899629707075676686306680283822417903434255665989051604999662098922135286035381058877185076616772362514179593747685737361173179768440521645817871761130545532375036253048886667563507469847222534765791599582316702075,0.7863320163666149
2023-11,NCut,16,3,1209461,converged,False,48455116964112760900136432322280246670994492387402186215849182249282028692385707685570163562959447751924212389373350726406937572090190304956903277341873828832059314984740850703366449065090925905284658998700003495512577472770676063214474739791573410181260616668734689013914819407431173587253759277,17130072688975931030899242373348403324439603695126225457493001992492767133121463030075864130540427653288526912925801042721329136805842905678638958184763985740711522452492299442750161939257027506542532324441819556410286428667079656007387473191367204708300493486224492368118290197818081744854819464,0.9286989010507665
2023-11,NCut,16,4,1314190,converged,False,56378332061074245374891325617937288215807283611427508103383202578517129485843127494781185197844875026375461369558502975982403067231737107627282313319362792101235714827237336882122517714027144554790959439372058618445790387024782735943734048280520070520537024413844470635154029373816449967527849,18402981291785059407031136671887704136159846163606057442229422393503142282284014645045514600274240829063798621147229214870050709354210143568171130882302686072691686636736528667353567585612436737462127906282132019166972143543325573879102744674219918380218088299098168919976166713859631468414280,0.6965460791204466
2023-11,NCut,16,5,1418919,converged,False,138453997438856084328739163871628366799455969446512514878187827639708920696234826092339090960424437822062177503410037437300602451718478119675377687234440226682594685534967993921751587069120120411554309034670716235627253275437398340765244179816400073068856291365027435932347393287444591409309668564161,46559584761735705056149088957646728697709778035219637264778591572063641019027831676133107143618618793412168879427837351731929031328612921095809662778512098283672285588973132918997159451146718832603846398040856262489357194124622102317083537873699322693293687367698729385023498447138194393654329886900,0.7228422663140118
2023-11,NCut,16,6,1523648,converged,True,11311975563099230164254224018850524187140050353150188803514631366943321234031211540290149076949934351838985927373480638889370303543941777261384860320289356634804191292033080844729830446966316124731817311396330441428180588307129564832043408591119977952277097560259234775953687199102410363694763,4062191304106454840833127931767393024087996928067322948871636020862416562372936567309699732901592405552870522805487942745170332838276983786516796513612858060596732111118577313630513398195511284715274372330228786855915196212440173487836743483465113851126556513469950162809843546575317604227576,1.0
2023-11,NCut,16,7,1628377,converged,False,116553367945390085967135569497449719330645179173461219328720727486002963410532924851302803786543985409757292203045669283525985232706252236860865323613397153790891009276361522357503331624933922537994863124543600324120125529187026772576506269771760599960448262196017706998753065362285214552400432494283572497,37106532873892466145668968215589964700727610790158063369736809791613018776694677982671993228319213244955156450038460255522243180037226426903923573777681242863852027532967710267399483756735827244982320637009148984677080968064420741429716293146895761559369832891796251172762206046951083457286798266873851510,0.7992608896925101
2023-11,NCut,16,8,1733106,converged,False,11325352809877675889376568475051839632836849317712461931373397300874590159726968003723458659946797699289856770432858340187770642519795147545789803026031792820662717471695453392995256925526188012572699482435522550184524319665835547427142121045468456605653446172716117855845884274453460198679583,3705693217680684047415413514405047394633116499809038690628982534983002011873462045233357280314543917926461823485864004791680936216399365585626138214943345086868356892558679074902737164788794084611221369854608798612756336143111072238603811500404785843876302916805690769523608002483847130491750,0.8995054053763799
2023-12,SSE,10,1,1000003,converged,False,386972356539511981233471127826051713844150827820926349083,1089211207586786980696115429191173474710534779148697600,0.45082914745921054
2023-12,SSE,10,2,1104732,converged,False,2756595407441672945290126001467976943915491336239312271,7761453311642079690263195914353705692423008517357568,0.5068489353580975
2023-12,SSE,10,3,1209461,converged,False,31018426858071089763803597721925598183603295592360156165,88109454600879958417288769648435008111112809881796608,0.6817172423095691
2023-12,SSE,10,4,1314190,converged,False,68761407791457241525123466672066172299687174458838048559281,193268117069615048719729031154499380926612691678734057472,0.4687741387797596
2023-12,SSE,10,5,1418919,converged,False,1439914372441400758891930413862080758961764019140930187,4069612773462805885975998952947831384782556039741440,0.49435320762773555
2023-12,SSE,10,6,1523648,converged,False,9136315910632099388856932045552225363622910718898613,25481285523020214624966818686869190510963861749760,0.44439198238935596
2023-12,SSE,10,7,1628377,converged,True,1252400131833866206332304132999720449127109072832238320607,3559412654423504195117323297897320722517618603369431040,1.0
2023-12,SSE,10,8,1733106,converged,False,12305118507917566231736807905341504305694612134261584315759,34798741978596576987352393949235386235543923749048811520,0.5318688594213891
2023-12,SSE,20,1,1000003,converged,False,4810095220361509280828290863794056397043399881757117349008107,20153621184486263259932176032574347963429594172830724915200,0.5683093022014806
2023-12,SSE,20,2,1104732,converged,False,2144353817209182963717277451795251369953301006432548262802121329,8934215221456665694660331409481571506678171350096174435532800,0.5132259048341153
2023-12,SSE,20,3,1209461,converged,False,14076269127962344735082124273943328952253940267095190081,58851592933280428193382920998957908879178294320168960,0.4160317207496674
2023-12,SSE,20,4,1314190,converged,False,6255157259002404152922931253899633295993574014800660115721269,26217911277154340782465966322957716022237274263206169149440,0.46694076526461786
2023-12,SSE,20,5,1418919,converged,True,112475875223705644438477092199325125466070414565711657,483666016938352341925418474065486228031601408737280,1.0
2023-12,SSE,20,6,1523648,converged,False,29383302053714319197375474567732641033268197663715590482685589,125550607409629629768254065429047063439433067146284514672640,0.5504706052676062
2023-12,SSE,20,7,1628377,converged,False,89972911452380246816112251650715585137895756176263156512793181,376947647831172007248038796781783026611598386293118620139520,0.48056620712591835
2023-12,SSE,20,8,1733106,converged,False,7964519047214748364658694367574622798210210725059190584439371,33391766017211934863431419476625510591664429563536662855680,0.41160387761860984
2023-12,SSE,4,1,1000003,converged,False,104292621702003516562750728881566862151763329264169,154563306385015397112931580438775960067469475840,0.9994950215041976
2023-12,SSE,4,2,1104732,converged,True,735139190795510416705127585230714654769216504801449,1089503025007406690336078185598755435772068757504,1.0
2023-12,SSE,4,3,1209461,converged,False,11337129185613912688743358533719002985245406497961,16801488655546788262542847455952077308769075200,0.9979650431037698
2023-12,SSE,4,4,1314190,converged,False,280307703846170535291198136225064290562578942050657,401734640127924582457152354537086096299261952000,0.4784179339493973
2023-12,SSE,4,5,1418919,converged,False,9845157786670872763058704374398426700819318550741,14110064917281371775110279481612272441254477824,0.47577368922444446
2023-12,SSE,4,6,1523648,converged,False,249797809722297369726839773115717943191541969484489,370146967780519551014066859105591609893893177344,0.99500102723399
2023-12,SSE,4,7,1628377,converged,False,735139190795510416705127585230714654769216504801449,1089503025007406690336078185598755435772068757504,1.0
2023-12,SSE,4,8,1733106,converged,False,479407175180633704293957807005357616150585535960301,710472827551903647306210574299434105372072214528,0.9982621985391503
2023-12,SSE,6,1,1000003,converged,False,4970755237146159606911420653568178529633700431158541,10511612170110756060976204360691676506356040335360,0.9498973691989085
2023-12,SSE,6,2,1104732,converged,False,27581660859092331967953660708283560763774443921107449,58356982472960233547472425981899745224174778449920,0.9833306297605701
2023-12,SSE,6,3,1209461,converged,False,1531855415860658062227216553210405644360602906428583,3241011349935418110485358197333667634922643259392,0.9883387853788452
2023-12,SSE,6,4,1314190,converged,True,1388739481984959677421842221570159369857982894408443851,2938319682104687641405206458237028513184358974095360,1.0
2023-12,SSE,6,5,1418919,converged,False,2064872902750460848757801622433921684217291493128883885,4368804778970129805812120765304261268148561245110272,0.9953389564939221
2023-12,SSE,6,6,1523648,converged,False,27581660859092331967953660708283560763774443921107449,58356982472960233547472425981899745224174778449920,0.9833306297605701
2023-12,SSE,6,7,1628377,converged,False,5386222472103089798075704824618422678100617916174869,11395814101385824969125936887399024909889294041088,0.9857823014368075
2023-12,SSE,6,8,1733106,converged,False,4970755237146159606911420653568178529633700431158541,10511612170110756060976204360691676506356040335360,0.9498973691989085
2023-12,SSE,8,1,1000003,converged,False,340491643026035484452395232842984128065702930718299011,847756900710667040425439719570563838856281288867840,0.7580438732247987
2023-12,SSE,8,2,1104732,converged,False,56079066582242067198186030437051727715499522542597812451,140195917056643827115035187019391801681595869714972672,0.9674776093446646
2023-12,SSE,8,3,1209461,converged,False,11802536673538131259990880149714369026575682363577419119,29145155247164142407360317596691256596317290574643200,0.4862365805806316
2023-12,SSE,8,4,1314190,converged,False,2767362862518601648528957952399871218644431504929818787,6910345485156699589247271017601962127368965828116480,0.8501991215634809
2023-12,SSE,8,5,1418919,converged,False,220942606871726453445404378252466639902128074429671297,541643391079857938697202444733573071851596015468544,0.4909568361082175
2023-12,SSE,8,6,1523648,converged,False,2099292391194963807849499933800373532062531752389447237,5212088134649192517553057531855453028988707426795520,0.735013516270565
2023-12,SSE,8,7,1628377,converged,True,26826669663373439673601908674812760683633148336593866407,67087527261682512036069260309143800978989568397148160,1.0
2023-12,SSE,8,8,1733106,converged,False,7727466953431845414428584933129833991701775050467504777,19315785027382880458228912620777580327408615274053632,0.9332265478922241
2023-12,SSE,12,1,1000003,converged,False,71767732738956470777916355705225133474017680876521180129,220942655468756625185481304357614488443070010334642176,0.35752623169477954
2023-12,SSE,12,2,1104732,converged,False,540805974847593467413353926829173619868321229891648761131,1699875001391490968244499293553015797741451743833620480,0.5090611495928257
2023-12,SSE,12,3,1209461,converged,True,1676783182935812897435103637281359826628592130422766203023,5319716540746592565595416685588538437496492725383462912,1.0
2023-12,SSE,12,4,1314190,converged,False,2163378867451671487570543902935296969235498904539093689,6702933388627951812600956247360451632005710306344960,0.4161403168621545
2023-12,SSE,12,5,1418919,converged,False,2627252790197280439749770358216800908196136779083089,8322597308235834735899360800736937445023337676800,0.6416962194448513
2023-12,SSE,12,6,1523648,converged,False,119933173231488965082566130939394801402755417068256369,379220931013553034659231939622261982046513319116800,0.5541939116142283
2023-12,SSE,12,7,1628377,converged,False,3718781663351763603310850224086803342511444245736783915733,11750683744552122674399492888943884469583712133599723520,0.5726501760870144
2023-12,SSE,12,8,1733106,converged,False,140262757201788762016168944312580609386336389388395149,439106302619768757446962174212161459860390123929600,0.6955813835000484
2023-12,SSE,16,1,1000003,converged,False,9315919079627711973716599485411133994380252862115260230941289,35115705660424771101558811666136937560479238960627759185920,0.5972528380865892
2023-12,SSE,16,2,1104732,converged,False,143086475979578175818505868249141754108485407416286865639645963,535983253446269234215963311089589068918147011999811197992960,0.5301027248924502
2023-12,SSE,16,3,1209461,converged,False,99225748624462051348746305336274018682606040513377897358386549,364455468128282789692876924934716822539333694150115548200960,0.6661513113776096
2023-12,SSE,16,4,1314190,converged,False,1297167946664793677897939449678737858487349950774901449,4828207626592016527152174475879406108263076163747840,0.4880419549414507
2023-12,SSE,16,5,1418919,converged,False,1214387421537026437495127422940832433078223859800034833806033,4480907458928505669664984273450639663322639000015726444544,0.5100323395485747
2023-12,SSE,16,6,1523648,converged,True,19991791360008118100663125414483634510576654957168922566220641,75370778110551563631769015097111131154714859380474338344960,1.0
2023-12,SSE,16,7,1628377,converged,False,11620634350987262912282193457494664375077827236035919087,43607909616839724217681660993740242909816264023080960,0.48046478027840883
2023-12,SSE,16,8,1733106,converged,False,10003524041829825832724857275570167940742515926776596023837,37361446108186168300673963637253181247039579278750515200,0.5464341720188076
2023-12,NCut,10,1,1000003,converged,False,525147869581942764899206774871844045382060174738520307957338931139093538399451307214876572528392369382262514184130590155757761988500539775451511021206693057221222281851106901718562149851743,371220531304841870035542026895840775161695568757556245632611123362206975050457202016497548658899978998072055641613209942059669249453342012313220070325789215853433951836415361869443169386700,0.8133560448724091
2023-12,NCut,10,2,1104732,converged,False,7001242264534370534492493555770879279766570859681108839560152489811891964553104132738715546398782606308152512400174602658857374472626022206566615729246610826867007356058279625660793876974017673,4366041147280909937836249397863156744516450995297747632760036245039491842341904756427154138754031472752380097174842751268949258754034779348150530488944263891018723761557072564490797419748622838,0.6340767986758407
2023-12,NCut,10,3,1209461,converged,False,121952226263500342006544018930197587686758368091628061386880476927070433679848660064229825802099231496239146787988291622037973425439669146768505258963673993250219846495676307978184481416,94138876835679538902107412149874371402859526711366745348151978540541169466114662362865245181195223611716086482248517111422794753830647283513085593490652647055447768440001663372208678505,0.9199062126507315
2023-12,NCut,10,4,1314190,converged,False,195704149452792784482727641882854893039103871474163925975389198038559527235334410997802596713005098740222944044378026556435809518150299890867758597174356426373655319314452691322608248539,143367673989824173917581740479504626981824577165977390097163446143401830044795297802659781484503274715481612682902509539064894581102680158498230645126540050736949859475609286877152186182,0.7325328674139852
2023-12,NCut,10,5,1418919,converged,False,9209202082951534633544940134416512362282307639750881693704790703706075038871865349404773519170202935298478220579736371463929272098263727560650466492284730316277618680650532380007681165697,6616827137434948087036689783171532698613515518689179361152186994218646638214781868141809884075603793306853783882237913151407478116318562429651800932329221953534291371667400703252929644348,0.8033846251593271
2023-12,NCut,10,6,1523648,converged,False,70050588091991378202544462479768141503612942963828064554266070326135024066251562847176874725443365392855606548773290034098214234285210941109578411056337444793696078410632874986987780827,49507571302590023693861702467386301136429927859935718874989467393544730313329380847223911897145547503304433211552275861221997323282327419441639403993675018114945894932104899572451884250,0.7488720519949668
2023-12,NCut,10,7,1628377,converged,False,12005424358673920555871662420146451740473784442261455122225309803110530253047315335317606405606942737719890793268422487341006726014315046569478497281984058152901106014235087812051059341671655,8646149154946974909847975875676655717377694138065721630448877203993371518423364424211424360791459179496038335319821305981419711572141722364798314239545319373406920411360779364622025032419836,0.815089165691576
2023-12,NCut,10,8,1733106,converged,True,1564614199562669557448467488939771344788063201288554057382061012302975775105818334460002463834712071926496536173052480382481504665882672861494833640240338108842982516224273290555302470264629,1215961615619332678856902918834191084474450281714100755074581690859668343067691436841657190251964894460228129392669781583038043675919751835727579327402781665461340651055153223579034571552860,1.0
2023-12,NCut,20,1,1000003,converged,False,65580631983587916570790580406109187785652695343928528613967965367411456766650152773346416720983212721816734857416418627781684888491831914193245734223217902011753169494340197501094926608454320450985031910774918142026226147321897601311604963538194388617629450684868057829368598388037804078925172219228441708274901986695577917390658054548641750331238293170054390571873,15051562433004291121582085211485956490033100428607839921869809886441358529040039707110577756764863678536444802542978884297907625603827236769511536038862744491318715280334262157143639959978138134091815735632750201484218607268807380556889902550403393133211351041197513154695640169979851949293071376869335286958238550836061801135766148435388880157980787702883265562500,0.8271073559661498
2023-12,NCut,20,2,1104732,converged,False,69776353066248311896542046313766354728319239772849227134720362076471511009589760335691526294588096330342332190686429014759479562484473157179844171291011652651290538498787663625632013040815200088939666081217062960889473417746734033753775911162832339743358018513004308146902993890450606885579676458536600417472904480260513229975516577702054449286961263606766431693097,13769932763201837022865522133480659570575437650619213402929553637936982577956476463560609080129400573024186867889422361956857530654134406941623770627667358619630489393682038983807583650530201528259608161417712090613276875946142543487475914881491717582689147445341989861545702604471812967043560802217276640539783074674196767096842840032200285090943980982427304846050,0.6813828533958192
2023-12,NCut,20,3,1209461,converged,False,340023466091657612893105226781784564504027148427918721758614350257074417115449696695251623560050699793534577229309992576648869412639135487739481569318955933847325254315276231163731191857427746002644562447985858349314996714305970809912103083723395728342235784281604236069436010157923021784853770093006352985527724448194581737338571224820551593187706433133278344230831979,83131604917680547470926180960411636142510538244356758679932049333676899922256346966545624902826344194931746762963585009652395436184604922128177109487527071189724973323259868151237381258390542105755714282799548959748225166200723856399184613143944315339210433320108468538053190054439700279766959185535832355084368325554195090186438461167187582245784381395130740999604350,0.6692182322295936
2023-12,NCut,20,4,1314190,converged,False,2740160458764777625357011772632721451245020875454066078026278613991854303677608006681430480407572858469025387606906733305186032300981010521217647373899744836358245144408876905977754113938591554967129993397617111833730884032650374202726530099733508189059831537739766367238306505866526892283640850723492891891961479535529570505204303281853317929138044904084929636034605034949,663742534380646451409763304220291003844576557621766945108968458652107423122421564378324716680642456745161485470168999172522188428609212254117909725314961425228176537779152585159691885845536276160764027017805796404482184922191220593999686745881264717113981288458521732183016602371056157001438133128203947361175916588548100486264347823405431402338581724858686384742932033950,0.9184545303267451
2023-12,NCut,20,5,1418919,converged,True,1809889905508195824150825037668899538548296991672801088237329003880410626073752055652725653610444611081335402444707398015973209984282750065450493523809258962913506734908486966315000812748450428573892251110308389237975200709774508827864343799116176880289619505874843249068098947690804627587781262317524664516746089538317668166542126432951441444599177083967786503245670289,443456316983972790844665477511840142519042854498321466429660343395856171273886069633058846778758776825818152630136865711752262402176477107661490026984485488969335191066242899103318451420847755363184777797787778846155715640479256645214321707798630531342230000519151845980995040548025594400971419036757204749747435097308161640931312160540743413662277783664818453887937500,1.0
2023-12,NCut,20,6,1523648,converged,False,7676731641609661409684580505190648661819598321182768502302957735005952309750550149311312280932726073571863116371087992415605946989289531137929098588801667132938704391080739194727049071128867149233830452055399799637731266159013756426473795427804981065382762850199419229570254539875480833153064995390528288181902221232178499005557365210642630914643866711008763591215329,1727452144162881779541926809330635790332776135463640812233939097063089028529288926371424173055364561845082916998752093989509401868629082066007949470074263964488527611958943452483014156003714213418484086563132586424725313563073892250208969429962106672901737954396015231922255654704818605523979045676527252930949359268708817276422609213917704245130256175986779624224050,0.6353512356759168
2023-12,NCut,20,7,1628377,converged,False,2384155197201189959048506442048364426764806196137287649163152686384000947941060312971411361076390208555919780502795146785789359628873168899928021919219119509129058060789520481636625735588576078107410411370326264689565006856318289230424486199301367243715191924899054414570371073230781121878356732392720834427879953115397841485596897181374021888172586720411544605501782686826,497894732910913085358646417226617125451234690528986592179995331791590970444330915239589338574342025266861769314212817638622842367325327923538835565821676069197691025987987527260271972778354693762151056679406333293071509582996102104295670096708468502586098210767452184531233200893567099796314481445313983459154953704970527290279386670469087268605435356441148847494153733493,0.6766418400514721
2023-12,NCut,20,8,1733106,converged,False,13043112693695796309686930854836193684251352846614354954364685612981161892169672392050467174035342554858444308342279384235639786063391788121526468308059736049521451658137983467313252479728086284082220778302234545234542362282434225334633385749513499645952831717669147978509424239654502852701156014445712499872638625992196819857408303159226994434652674157812454868268610919,2913785732613790552797017828081437417883634643296866860304810897031556965094344051019829224317474351253072376622583456884934024500128921414588299770865566936939796940923952865496135991074962667617758378190786100645220985571474564373431295365827274534310085555703407125617107437680373942072056816053074821104626651576454398728732677785212982297414638105000944928661005335,0.707085179220208
2023-12,NCut,4,1,1000003,converged,True,1881048572648442673306508339041746682684717295442752808227738413633970976260,7918648458724095513723281312365498631916218072760764325959969243191524409131,1.0
2023-12,NCut,4,2,1104732,converged,False,2660152598966430743616404075957135461901701700432968985182687465717251166150,8512120748059830602339250727288386486845109151711604144803435498248405971863,0.49247552436709074
2023-12,NCut,4,3,1209461,converged,False,1881048572648442673306508339041746682684717295442752808227738413633970976260,7918648458724095513723281312365498631916218072760764325959969243191524409131,1.0
2023-12,NCut,4,4,1314190,converged,False,12247312925091401724894174661341701036945883684091050945104313020316483662669279,42197741446082129977212729849619013275049718966717760716589676115727425268193890,0.4949825538764964
2023-12,NCut,4,5,1418919,converged,False,2660152598966430743616404075957135461901701700432968985182687465717251166150,8512120748059830602339250727288386486845109151711604144803435498248405971863,0.49247552436709074
2023-12,NCut,4,6,1523648,converged,False,2660152598966430743616404075957135461901701700432968985182687465717251166150,8512120748059830602339250727288386486845109151711604144803435498248405971863,0.49247552436709074
2023-12,NCut,4,7,1628377,converged,False,37513835905036924386494606185169910312505602374623868217590948793519103482548566,125358705069015083785858328977894123595760532002548464074193071689397365173185885,0.4958572222245624
2023-12,NCut,4,8,1733106,converged,False,37513835905036924386494606185169910312505602374623868217590948793519103482548566,125358705069015083785858328977894123595760532002548464074193071689397365173185885,0.4958572222245624
2023-12,NCut,6,1,1000003,converged,True,35511910745675670227105582324861492129845448563470503938397482381413540021409564178256064948984474662421336034081641,69463169277078263985982559311945902686365930170725199853524453938146636916211233896956349139239384430348880979332060,1.0
2023-12,NCut,6,2,1104732,converged,False,17946971095929974966248814792092475158482402430998902767791889055417271598275235214354877695307233358092508612030290773,29358236869260981659365522135565913862587497262918693450383819573328371865222021629174210539349120716910931310241053510,0.7185475213227084
2023-12,NCut,6,3,1209461,converged,False,604687590214380917707758631049343275401709700108324620059811977006504353148070628197633895860175171439864162717767947,1181518964075187999593973894482827721521597085015725603543891840820019627350755384353828789695741020113735598299997620,0.9986205039058534
2023-12,NCut,6,4,1314190,converged,False,35194520855528657424710802014817298880981298269187173825375045169776977223674042034677778828601411094681589112452893,52830420641256092481079581945647865692420727394289202192424267437829223564505132463268457998626268028668221069472925,0.7452908954020051
2023-12,NCut,6,5,1418919,converged,False,3128455916950979229577152844014110600418182633354285927546187844508336377392789618771428330975432455348077654807056054,4622004807063876906188341805523332940773257308038473494293424568271203914794859418530071481212246699023896201727585041,0.7295700341809478
2023-12,NCut,6,6,1523648,converged,False,333926249223838676162259452919773080073258593762015445075463322896172284313302139267203410408765427452145030707254573,528206190165073259490330224494777625198309507148936001426231101035689594898765435584533887116873401518787853637892330,0.7106314490110365
2023-12,NCut,6,7,1628377,converged,False,3670269409397275031815198793186736279443051972744397644199312406748044333453617610697064852519456066321938336543743,5836828548770015292763882022237436610903548950739612726099732648919662048283967851057689378891265612874163322929075,0.7355351660380542
2023-12,NCut,6,8,1733106,converged,False,2239069197025769221603752058324078824915741093031112283149028154517455550757663972694536362501371833816301732231927,4372063687593518651478073236147930090934872940649936400213622470497235860357607778874322999182776454188595236682460,0.9934771377551362
2023-12,NCut,8,1,1000003,converged,False,1475201516051937188304277677399825276778684649194140287024064825284987833806015230184362380019811260534394776180565356608774027635278566911486119583967,1604144834177889959448859075751592696281236541337434567879163098701278361580688772429496592508546161022730776217847278329599172424023188411564563451480,0.9868444611493915
2023-12,NCut,8,2,1104732,converged,False,140230955126213769060798158959652858703944883244595196291510958312795628480228091575226220945095547136842878477548177155854018755931188784439799810437,129871278007604412496555327845745690935246257616786830961885426529085853467811529366756408103290838695008795091394086793889991479381221048552192043756,0.811734814604887
2023-12,NCut,8,3,1209461,converged,True,830442871855497267774232825478613126963438601889437622702826286269261796499186805396623700425896617362540805612078468414497511156302220592038654895441,907037482563539619530553236111333125677656766606707741044836386865465967042827888267603745142108173060220118550702027998973882242601445029383814984696,1.0
2023-12,NCut,8,4,1314190,converged,False,833493727893256846253630890725646041347261154091536042328358711690316277861795379739480290968302680509255126353243606690323866974820989303966004185089951,876876319605089079416301739866218009127558552223307802572810107848826657586834676864001246541359249854730380416058713631844382902639443671198334992409240,0.9626576208312003
2023-12,NCut,8,5,1418919,converged,False,1475201516051937188304277677399825276778684649194140287024064825284987833806015230184362380019811260534394776180565356608774027635278566911486119583967,1604144834177889959448859075751592696281236541337434567879163098701278361580688772429496592508546161022730776217847278329599172424023188411564563451480,0.9868444611493915
2023-12,NCut,8,6,1523648,converged,False,852736588839607978024874342781380557840118123327550244595310874347526909676619524298826681974144515323013343677419856104640251846256758114435610444753315,895265159502172653472306429778289573113063685819777970062043523570327597686946915962882614387180517234775601723771914140709300037040810547241747903166536,0.9535027471201892
2023-12,NCut,8,7,1628377,converged,False,11046726111387481938160147102467516680765805304950934205705577196274469823976147004038834729069983707782771425941842779445219150216352535655050479061,10429794422243204527897864464938120198356576031691351094821652910758098692377120659951487211532652971277051039709398326973723080138540021074050945200,0.7550377385535179
2023-12,NCut,8,8,1733106,converged,False,440043247759136270695175265106701060202026530078165179782745654230855518251482083780499460488954473714299170144472044942095901082533559772141482189,436748083571186515414895066154118389320891769703897360809723756116328650439542824044465861549479028068654175147962790477863718655813570232465938320,0.790851135634946
2023-12,NCut,12,1,1000003,converged,False,78052042085980343802528811650787712304660256324476146116702246077656366983628550610359627179905697227651547687496233812800960875220951857684303864859109058105895704320129602286182739569925318053703996966705169781978021245212118951,38708338181797663637174362657623066761686514836675349586608286466032326855576783059333893857328470729937791945438341197003572004104710274367065544059509598615248822992749384162412048045293269383271726247538917855018343904670498100,0.6705379395378558
2023-12,NCut,12,2,1104732,converged,False,44229055948304955665626111334011961081124078352829911960504615244117623322566084652847194676284896529848420662049918870415139384706466579821339441831753227703074937537982843379266372727663630467186224264154942651773224516194,20263347143469394898384232521364256280332978623215981508738435711771359134407327346250011269484197416763138829444116134322104626063202335626313731365838896569842984145712959877212999551396805002871235766729873661043262039525,0.6247598597115177
2023-12,NCut,12,3,1209461,converged,True,2189514457170558712844125251204885476682565568010025318286563800536759523685007695441086661293371358289583615007210707303903810672542977721692585957860406144321109803903214093703613321480088848497008778779338404353434204944,1193961293933695467190322466470497581281747050059357522850691923128812128815993674730169353379573565548541656768064903507864875804463062641087751362669458198033753206596044616638229706222654704599884962730227816061738270857,1.0
2023-12,NCut,12,4,1314190,converged,False,472035520235464793821161413215672759634904616446107213643570113409643689976825716468735293412369911054720176335289335015964694728936234068300054107288859102889057441153138635805577890390397147417678188887485690625369033213377291,243823976401534236108630977625364697893102159219188036884258022467717244693214199988357512971269642587507113623712083850838042256931758495689357804661129115979280729281350883850502730260732555574661335867302322716616347004598180,0.586829734743308
2023-12,NCut,12,5,1418919,converged,False,182355503273273780089614077475460901763061405678345814626226657343083192651941849179128466538602090702888578197420878184001385058850982343861770786793490980084232198545345116670660100506498119841138308647464236853051687490117011364,87300603820197266321248709810298549752400048699565827238976440647667631617287624971176046938451979071629548265038388617543996147836280167232975356774828579111530432499818009763574189732775379596211919647349329324021572221299151615,0.701756525735521
2023-12,NCut,12,6,1523648,converged,False,243715812617350564847878297394433281316454121092526849431035633463224889916475459513266683293146085259187572716277830698512075448782386518876890099181533152422737126060846065129364444501469370170710055144025746266074840558389,129991218540950121053768281258709711112470916984566901033047255937205989265295086218586006537386768558046559257106480643058707285586740995504868827678839226991765197259345673735577080157211924609370622438310111796637421612870,0.7049277541224459
2023-12,NCut,12,7,1628377,converged,False,1677426864573942783022330754843365085509021793082032751539596212474605147034950052725450116420284825356840825580021540278869681473364370458991580480670444348378221656296088772266925806593321377587579489830710359445891522359489,830962722203044770429274817387301717262274212788547654707228992572296447221134835413093723543072839880583857862314199312600827517794718732791423125744512487826030422999032561569823039009099394762429728431226091799446419630280,0.5909070369851684
2023-12,NCut,12,8,1733106,converged,False,1511546471692141145605607959365479552849283245029673989026079844204876505389510715413640830489701953613103724710887114114987687243819803013175317040363316485212132615134475590450034029353210438967327096823825165859491249,808629028244869035196165236037372139067302531079476745544887567035578105469474678222958364436077306098544948795777491259660655591689635904511622187115454222234807488855381886426439401816498185251749593178943246329147300,0.7044666454303881
2023-12,NCut,16,1,1000003,converged,False,1879461271708693924375639665682752399524420232285720321808284704756863790361227034680439632612108409154752140041203916714075973627340374015789957517953332026056768477663288376315362014904884155646311645867300913123627916274824995664244638731435837966773035949311384006589043048103751971033211216097,611287186537625380418240662937470567259470487584039254141434434864184345205398877706898073272897391249586011395144401711117239760001776684834636142233598077966255545143232198203930804150524019079407675498887506685944374166037397567732380116086020098509672115565900511180797086786640773790340035890,0.8606275699800985
2023-12,NCut,16,2,1104732,converged,False,4722053252157017733099208300056832004083005899937461868245148185853921682885269154360567868679762476435420427822313820689496357310806490789364552655511487820553450644290282100731786341742949080245390847664411610701183268696152797137530712889096309388576673743485135509983122950642826492316307587,1512722979826580268946535400655798739084043940430414262474284170555428089387645431796034854241556748024140857837334260007625237148142898675862922123869695066905433044043931762839475452880678339901528438912685933353900297376262865492502651150904316170521434882129633632730287202528531874927538345,0.7326326380471072
2023-12,NCut,16,3,1209461,converged,False,4663428660169089007691866183017234698350576709988524694233421340141114388233711717224700495984919331888875409313028023461047509767926664747487197612225470858019866017030797946518293299696646797422724175210248013543996871088567538720189495877812468382623625744973803027307217885524788167346763721,1487240717433104526233116489461511608305561488361039595951711258648986094965406239638903524820487965021436035191260974485513166672289324959168556364543549535678356293773967128970628542921500543535251671541347651559666324500662762754273175610673387212855666825229962962868884454539191179419602840,0.6056061033841147
2023-12,NCut,16,4,1314190,converged,False,18441610927940344513939577698794101670161793109254529598116262830974266665366067303946746005268070182881509218674555994147877405914077822528329589278465817743843241792660084340571800284359234177852651089336392776895322697841994573137588329806995354452500469845670884336063846994619869979235645030783,6291216503522220405081951445241245121466470356331891439043025298778244380551421890339234782506105315451828272155354183977800038711887856531450126002214389354460674859026509905660283130419322521127478809902733841363468778423831935798867162928616001306130430068640899545203821110033594112652542025550,0.7789109632061479
2023-12,NCut,16,5,1418919,converged,False,12995201530198232976798784693298769849919199652285513131938292130477010972449661717793769225204452836911360523502529015363676811983820393681138178086255041955128210625498835995116943333926068514069177949995308909228895515034840383113896670337025727234700079044442083339112927285343104631203367815187776,4297892365217361883454218992092032515509221853817622589447556606580888686450245850002110787155598563195165661631138487695451027819258394543131097480377978811786021775104349500005008051465659850957096643746939455504881310549490774914428227285799928251992642310600270334679757908927904143331264000227453,0.8267913441831347
2023-12,NCut,16,6,1523648,converged,True,466378344812272792528246521628544800667300418233753286228934593272734705053566913767826152894347354764643916632718345710155517918825770709583398233518995153648350044608893143820203170863355698289598882748580217396116019230478562876042853005882747333895725954578337356512674725202382350965801483767,163644088771377125942365430113525063142401400303148929243063336116309993378439666644029907211379154385163147174814557860411357615954550315540478047919647896220769588212752474514852719530378951557234822492576192489058979377989134925320326043393306843173804781099075666310038397244402052889895073850,1.0
2023-12,NCut,16,7,1628377,converged,False,88909427536569271770007339221487172293773247263912695245408119563567985024469724235441022121454098885524478646783758949214385489914130963213070984814705319475201987927272266670601017418435098851084971006770470609813193246261559293365045651749072505927162389880939974162260575147699128493070956213,27681374793578082351753491330832675880341089722296983745609039574069621086235232321584973290027902694963155535286352033110756168786039087510604233930019160615381080166564830215022367532892861125639922541058832395881518784788455886582166946556163515534875180005155770560201582340521633736714511750,0.7281600182601097
2023-12,NCut,16,8,1733106,converged,False,245630305469558999037441821143155252062932779379267026314489053503685419837278598462939421541540442501940090381857400304560016697756162335931518785569949578615522994523549826188014606478839967146639526076420865193545710736392914844828883800630227111972663692973362598505678745133967993845972179,74565748070669303307645232641502685472504888647539153835908866275200074827212496931537816612203916674646762686075096343682554717526379846037322980377068983245520441730640240674136310463146772222794714405762717890966421859297482707923813723209805401949745684367197333542977887242378884110084160,0.7802150520389598
2024-01,SSE,10,1,1000003,converged,False,6547860058436037383617065607014197287438631641811113415537,20143852084661258319457728947993865056504943166357504000,0.37696039849374835
2024-01,SSE,10,2,1104732,converged,False,8151943592832860765365268989142338604882721056568898153,25107951087630319507662062723699677655011246284472320,0.7309814207609014
2024-01,SSE,10,3,1209461,converged,False,1009203350511240030761928237226572422145962575469256781,3098231800810750552226675528794676700559284885258240,0.40297729457100095
2024-01,SSE,10,4,1314190,converged,False,49633639615292592052944242843345137230382241858811883363,153884927538393822497321697105764056913414749484482560,0.4445430509137341
2024-01,SSE,10,5,1418919,converged,False,27531644066551242398944557954500302691308090087335466160759,84913244916278032679829341539871258062700554377379184640,0.4695519148952535
2024-01,SSE,10,6,1523648,converged,True,524280938405004516989012931088281265179890325927502671203,1628595030471526171864033373955669380026802128633724928,1.0
2024-01,SSE,10,7,1628377,converged,False,32673737675915893591121482359984899947474983106544177,101480364700650380669667753064384570592405225472000,0.8225692788594657
2024-01,SSE,10,8,1733106,converged,False,293195944693747910761896710207061827931361158432097,908014766859237392472796133497776103042842624000,0.5879378871223014
2024-01,SSE,20,1,1000003,converged,False,7840319961066768476813913297938139223024411855024565199462673,35525123463365838082103256460745964824794442032784930242560,0.5668834235958009
2024-01,SSE,20,2,1104732,converged,False,9207121538201622110850572373495768020821098652109266871866380883,42485155131683214403492161275627756448920832289622118629376000,0.4499876170556334
2024-01,SSE,20,3,1209461,converged,False,202786923928107429314410392660216668500338937119149858316074249,941870012822395293784943028752122245749012986651235214950400,0.5073866252256124
2024-01,SSE,20,4,1314190,converged,False,223395799099361450521456273295832888931298725528024041147437,1030449392296520834081928936955852681957816329310222417920,0.5190646926031119
2024-01,SSE,20,5,1418919,converged,True,129097235908153080352136526651622494182282589694250495794369247,600135965305607289887390825472523377341079264736689153638400,1.0
2024-01,SSE,20,6,1523648,converged,False,333965008525240371340851840965403458146790335817663988187397,1536432995442368583921099744353136268972411741583651635200,0.576121812150896
2024-01,SSE,20,7,1628377,converged,False,42566750971238682015608729389637246230149850929355102515394133,196870579630082940992968951876187691876682530138525951590400,0.4642503404543257
2024-01,SSE,20,8,1733106,converged,False,3604231919232658271396882296999698682010615678717238143,16488784944426979269287612690822645605570993088102400,0.5484391942610952
2024-01,SSE,4,1,1000003,converged,True,109313663936145129744295941734714395256477837866853,175081185678206729055274270767735323295857246208,1.0
2024-01,SSE,4,2,1104732,converged,False,28409668306257037857571585183849292800553619363527,44540312391441998440479210278124995132296003584,0.4561399511904382
2024-01,SSE,4,3,1209461,converged,False,5456851094308262828611689598675617766634552050457,8739879517764850380939847433762502517257666560,0.9960827129048732
2024-01,SSE,4,4,1314190,converged,False,55235614631015692313894736554844097055223325042777,88458824261691614119633320160780364473536872448,0.9101857997691388
2024-01,SSE,4,5,1418919,converged,False,55235614631015692313894736554844097055223325042777,88458824261691614119633320160780364473536872448,0.9101857997691388
2024-01,SSE,4,6,1523648,converged,False,1899999318176294734450366101219746054081482757,3042794291183065460962512509198389104082944,0.9151030762710699
2024-01,SSE,4,7,1628377,converged,False,55235614631015692313894736554844097055223325042777,88458824261691614119633320160780364473536872448,0.9101857997691388
2024-01,SSE,4,8,1733106,converged,False,205593465871057071095757502498766313395556634833559,322349836675042935005472132895959681433526599680,0.45829654887916965
2024-01,SSE,6,1,1000003,converged,True,110095665404240600315563861909915632280613420788148561,250366233389064757195121237098046677627574125854720,1.0
2024-01,SSE,6,2,1104732,converged,False,307845168101902203824871135592092995221727663609,699962955521163675209558213578443659516313600,0.9159128659747494
2024-01,SSE,6,3,1209461,converged,False,348665671014554324807948133586310920143359457973585679,792883015157535381905810327393180714663585356185600,0.9979615360036633
2024-01,SSE,6,4,1314190,converged,False,18270003034954769701487874748327414430937045070127041,41541401484270021796336860859453474304974179532800,0.9148569136116769
2024-01,SSE,6,5,1418919,converged,False,67012552382383803695841614916697213156346969128352301,152373817450253940709410901291902512252458777968640,0.9235871849076229
2024-01,SSE,6,6,1523648,converged,False,2956120339659008165505603515859883334703602288826527,6721473609526933256416306495817877464120146526208,0.9136315872738097
2024-01,SSE,6,7,1628377,converged,False,52599225995349630014223696678143384456522978960639315,114376955583452407256769931470743062820884750270464,0.48938608408010525
2024-01,SSE,6,8,1733106,converged,False,60479339666507036309102669342474494980748552316761,137524797555951738035841223866067923751120404480,0.978019896168315
2024-01,SSE,8,1,1000003,converged,False,2068886932968462718383748071323376851129283195164140379,5655008239260492717294487055798934430414877164044288,0.7289602184332983
2024-01,SSE,8,2,1104732,converged,False,6495015556637248486985868724243974313722136221939725,17209181017032625828717386130158074762599220641792,0.548891821851799
2024-01,SSE,8,3,1209461,converged,False,34620556578811942372744982662714243078909366492042160977,94619759853659827004131289540682796962128784475029504,0.8262363564328586
2024-01,SSE,8,4,1314190,converged,False,4003518420058753974815609039295822564707495363010039553281,10948031797915827469293500237683416658234409881824133120,0.6800630492302188
2024-01,SSE,8,5,1418919,converged,True,31853339106502454575702035639147019553027834797557,87125180081348798307350685424844770409688596480,1.0
2024-01,SSE,8,6,1523648,converged,False,10050881558916573590489194341578158663671281331726973321,27378319996629332567698890948591718578465730247786496,0.6449262595169022
2024-01,SSE,8,7,1628377,converged,False,3996886233081492233987790503009650161002746019085769,10890223007118329120214715594540540934199076454400,0.7348986189109344
2024-01,SSE,8,8,1733106,converged,False,1447664243837538363886426798126173234387079426371103692621,3944399819366466288928410326637804658890340024698535936,0.6621559903721167
2024-01,SSE,12,1,1000003,converged,False,64339868514819229856708600100767133957158395877871561101,221635630729232930409729258327250815772493496352505856,0.49812483322659085
2024-01,SSE,12,2,1104732,converged,True,28230817727189049278846568561158966147749328669920625804477,98255788055579184958458917881155490429730784760823808000,1.0
2024-01,SSE,12,3,1209461,converged,False,505262081688528164557710995146126960975068529968101043353,1743071297673151084413559997905436628340405109595832320,0.6830155940102316
2024-01,SSE,12,4,1314190,converged,False,772035853355901207117272776870130345033856652997189918897,2668687620055526559042830180521000402180433585545150464,0.4703747401336593
2024-01,SSE,12,5,1418919,converged,False,1144409213156128051760603314866414823998012260479041541700939,3899775149856994069461657782949581967766209703690685644800,0.6308081687639446
2024-01,SSE,12,6,1523648,converged,False,243725896809523862243496976105333022682188725321691771506441,847560847852334604217905695024570211076147943583787253760,0.5365747429103951
2024-01,SSE,12,7,1628377,converged,False,1177056219949153724401679700046052473709327925080656955927,4001958189938620098854831992057827975692804208092774400,0.6238327052073668
2024-01,SSE,12,8,1733106,converged,False,811350087930030521924105443669037631541245736211293,2684278308349803194828205319415192400483581952000,0.7429039054595601
2024-01,SSE,16,1,1000003,converged,False,29544366171252648834289132921021046780678005285501530101417,121811276652341603240420239382895657742452084231792230400,0.7397811515765567
2024-01,SSE,16,2,1104732,converged,False,31223806269088104649133733141348161833430160318222359290346741,126507543586566624660897614532679730614041814544210408243200,0.457559743226112
2024-01,SSE,16,3,1209461,converged,True,12618628982287226498634854683181628884704450957400134493493731,52478910969821385279063555153194091077568227810160704225280,1.0
2024-01,SSE,16,4,1314190,converged,False,680864531561263684774964626762990152081846450080800687383677,2791435337854266917726951834210839623548018668579734945792,0.596006410643822
2024-01,SSE,16,5,1418919,converged,False,6343428934266999377703979809109076354942677416921815767,25821638723612911488933410948539793336585401757859840,0.6117481583188104
2024-01,SSE,16,6,1523648,converged,False,218313418063796188250185551168289564906395403051107693419165561,896465521638590222093292227316131607240300183446465607106560,0.5945740046349274
2024-01,SSE,16,7,1628377,converged,False,877861077026609540535756282296159382415299394367353051,3615941711402978075709370133040012457404929566310400,0.5118051080796865
2024-01,SSE,16,8,1733106,converged,False,87996523832019145402442697468306990118177958505860931816971,357021696009206216259412909877425454379873278220017074176,0.7547428344120685
2024-01,NCut,10,1,1000003,converged,False,4213954068750546367560885642735440008172165588280578362350395647319977530226212662845201667260369067304881049486943592428613279101640511205352642119319642096785289350807812663264744358079,2956045530878131755232604822324292171334962140649771304308366862678892183095817098167121679459783359874894185219117731065617278816458233398803959377827577366678243655645057950648962064540,0.8144236150886961
2024-01,NCut,10,2,1104732,converged,False,49904977329948598397963151500203797483666405674680437115142943904420220809923028996416263022384531241471342148022103779268490885453415827643850093646926731614853325801786193558230191646230539,31150341329989333743395222935671511995822425547621881763337527577393506025958767795109697337413591212073789676277888096809273703098844143362780652857682276990906212557399393677027159777408800,0.6833252609385455
2024-01,NCut,10,3,1209461,converged,False,401670557173027420872599298367007455926079164851797265122763700600754944236486220451551524236880517643267246250481249475589593840685460465325877858958677164855327227146657307310844342713529611,302261115873003632580817535605500951441950506032757333749205650704028294898509623463729866984746878400101706202471149451864720611533383120656795095023835405189282168788757703903920702009319800,0.7205537426668694
2024-01,NCut,10,4,1314190,converged,False,814641128061946126764809767394334835654334086144389915566698629711263999455721802762413538802115780929664559393203141475445365103093343471381230477455266684876256845996569595173022704831,574368090826255862508405228123142640933597371003447583174225747511713211964517649678990064186971048011394192471153689660978294264847114312391457619791982611364400529573451364824920694340,0.8265047802189983
2024-01,NCut,10,5,1418919,converged,False,3770663144909971519152464205141247723380089548504581118148997662960731915010986751691869209029462988512459971838845889992758221801422761943097517110926577801125618820555538858911646391206089,2619546259154434777466594760096861826721770142102796490994881784367935826665119437133597999938403714121211243629645625205202003339159406462936153662253528735318102530207110439013818372085500,0.8424376648666487
2024-01,NCut,10,6,1523648,converged,False,53972675395731730413389711750030150858820461621103860618407506446182824443826858424535080605473550537509394240456515102257951560492138750340490033470460525105362529644087070441629246091,33697155172178126297391008493459954567157332237848197240400476265255803927428543546667531798630406606887840512947170543358305518917864434112185213529246353656005194074346386469974247200,0.6846230392511999
2024-01,NCut,10,7,1628377,converged,False,8117642374697419933149059014612071271641229834655477646130491899540071533545869867414150748165520743442657233189243625284948505942236771628815439075840488484545895861507530346398426690369,5786803149347492498636454348731267163205416963709265724465044601869338498808656366012981805335853579940123903181266861393622276706726444405589114896202860166422350786082108672161062246678,0.7879863794088529
2024-01,NCut,10,8,1733106,converged,True,4956475125060536845539814713110633696718797222955610288310856463282958190478295737711288436088782103045180412167425440462258964222498775258694882919452119046166820976204282386735029836343994493,3936891772263944731336216716755919300170309699849147889329472433942256450597947948880770659792855984412197584215131927770473081977321547910070563396880685080899048957793379645062358047928155520,1.0
2024-01,NCut,20,1,1000003,converged,False,18991421543107414096672850292416331337028324375661963581251792145527162658825353995883654041397430568066288344933508791943504475465536892093146142029972717688779929000562068683166066107045955539777818638880353771510834607323842823092238158878104532664191697647511279919761033241833652566252322546564271579387360478229094882407515940842095326844098602170194684743355395,4484662224586755533910190897233563591388821197105199183471914783339727766890625974401404852542292471001743503992667238607342183122191099786431486245536131076939135823668940365816588942220709578190988963555984701587390309409624909602733941466534237914023937887009982655045226094001908520934474590582809635549515395494537708453594646605045043132643559278900485998933812,0.8493200748511935
2024-01,NCut,20,2,1104732,converged,False,4838834992969955497677332088660324378489609683133671809764925332085195588934671903253184985296649957947949465841779497723142337263338156509226050390263816307614223008460419242488724147143485795871072741409179533572713205373662937467701533770442069620602032304349230255964485663952422353598859001969051248370210210573731173670702338407770678206403493422607697302735979,1027583859143321988778935842881883310846096883467010722545045129523955455947684862858667875941660071657694589959193663122016539003356777539467192417440089217453507289709875829667660338827947629086159302557886073492809384788646605178062265643244137554860498600402377730195302664051500441820806548612091191138380050908705698501075999153253165854220323339935002765810800,0.600830187108887
2024-01,NCut,20,3,1209461,converged,False,1152836881390437001327327748733974151841193285328569333061971300383309374785165335220697275013480980542457661182206985811988381610945968326918719981307865377798523023204633320225157374853532462745395750453138392282868428279140692634890657441421873097067528454930618690009346311909819188484294886852543061569536494537337378355692697697103203508273268445575701807777103050021,278887133536757564067105697641386227560610134248184161945854184842007234622976149950530610242429794781334774534531747963857235658244120898592534914653442111853607303585175112981796961964380587367248987409365660147620441261559720722453502376498221945510885245120108590326069157934306412382465054100305549347931765663057390484389898299424304519945258935887730562229624168010,0.6996249912725638
2024-01,NCut,20,4,1314190,converged,False,4878579711766582076132928847802762339077371202526066396358357563874409464075832595962742230901036722486049003039012152706660048504472130467554662959080696118065374869722278890785290209078786676837830083964109210306366194209116164654926012738885780069745305899083137575218379245473875916295468622513454640375072176204919254099010389391230973268819815559978635241,1149174416588517707463840701679527480891355829471250577506927176977411236076664562893873548043452428032741768733708361826154033061715767880083296916561956499138067531120334272034858561583025018352294622805327149894822960088052539205842112040922746003328865253084376617003245395257730277435617040837534324491809220515890154228279072856755014162056068572740855200,0.8139808231049006
2024-01,NCut,20,5,1418919,converged,True,199268846248953552706333817621385308901937377160238466067386783573064241233637499231396912350213205750789193727322194579679315933092468518940603650041570781467716817293765051509506939317810855124386802643961431272893807888627116748718565030725128904004631482624478372632860152305406761819195982339936738862927393469382297749946851761974326424921574194046217790088311,48660156837265411549429391720937349261361246296329440710914605131520047893403085142426291674565134465961127077992143284664260332355422232849724463002882855083006624596877957185068742620951688304606357537250866819006552848456835106680440282656411893626207619541125329560458633890092695031363716751607561461270223261324198850925256296639018308790709750086101637080000,1.0
2024-01,NCut,20,6,1523648,converged,False,274431111800136715785188577853546296999081790450015474623797752129443423819649389545096365649610642494313943559363551380832895637907081791795087623953412852729445979291484429240198990948438887377266947696388590105269049082724074868181891951198902298332617926961292184378437020705193717373787281027034036660647178898257103308465325063031306782510515255505986,66613882810032497905282637102190886141440335214904641736103228913192745770682409443570917193994207836637579895373144765258521955036929378993165896612188756910731259248310249278030923043988595667096846118211378754722365838471394501666682592139844018867717662769397691478387187279480915708550746038634271369994976897980653209847637618378068264002547529047575,0.6756833102931212
2024-01,NCut,20,7,1628377,converged,False,4687581846803121429587058372495431565140880684685376089025602235670636737569297528991770263141769871823433113863137976722279886461338019841726227270510167311278509043471119127472499596529004159510465527789096323678423177611197085658875152928809679379224464798044501086087020845811689147644504980740242357231353761937297952431974477442383528417314499404021638576778457,1046305181614746203378014890456763821460156267910174745336851103649976229314959145046602851297673176711186000227216122945898067385482768049853591925362586954171249845236353248868312118116310251554127449956206057351249424880238917422147152574277698405037798692421238902511578987702740424504624108312581245027184021149948087184503345161153313252063291514500120100548500,0.6702717376591207
2024-01,NCut,20,8,1733106,converged,False,4648397775577205509728613227739163903335044281165641758113949533419611707709962767809277494361817055548838939484266427274285674289840640613100344398025664139298010925859799421407155339252116098470413445421669196223073656197392643458522115366654130227119436357776886140964140647891219566948134315574485267092397980474266110711707599109834350306112410677618058723112948141,1109550394490058398381028370152238314629808014570177869215077233024807471319934169473518305401288594575600225670677791984639202485368424838705996812089378073974705390179788453132200272861442043672290478991887022410461093055343353107583493731202294696946686996039693650965875811069829703827706415222206900051855637348610679041821959050122875812285341209626140468349617000,0.6460441660479913
2024-01,NCut,4,1,1000003,converged,True,4129835722390406700866108204846793571635585407176554022422694098890900199064401,15267140371302465565501907482852400451509925361480752591093082785991848107892626,1.0
2024-01,NCut,4,2,1104732,converged,False,279906857545782172127339470190374289520792598132198491791805018520430045196275,997872531819298163172305872132207976133619864410554168993681543850283307681903,0.9656066066005807
2024-01,NCut,4,3,1209461,converged,False,4129835722390406700866108204846793571635585407176554022422694098890900199064401,15267140371302465565501907482852400451509925361480752591093082785991848107892626,1.0
2024-01,NCut,4,4,1314190,converged,False,316237389589057287553858547281831130465344242506008170352554654300378277742219,1135016950062422571277096466763822941069437870073946580483855163949025216051392,0.9547743220564424
2024-01,NCut,4,5,1418919,converged,False,1187131235173087842662635159896600119966011703344905617795542380588201897308893,4234903251837586665200320468250652239516309556887034612548502568478388647047488,0.9594482399059376
2024-01,NCut,4,6,1523648,converged,False,4129835722390406700866108204846793571635585407176554022422694098890900199064401,15267140371302465565501907482852400451509925361480752591093082785991848107892626,1.0
2024-01,NCut,4,7,1628377,converged,False,316237389589057287553858547281831130465344242506008170352554654300378277742219,1135016950062422571277096466763822941069437870073946580483855163949025216051392,0.9547743220564424
2024-01,NCut,4,8,1733106,converged,False,4129835722390406700866108204846793571635585407176554022422694098890900199064401,15267140371302465565501907482852400451509925361480752591093082785991848107892626,1.0
2024-01,NCut,6,1,1000003,converged,True,15448083809091748103014425214068412787440107241814759841691612558487665914680939176906984090201413180378603123703379,30743175028435352152445574591597960922083191545092917110126928753481547430565130938046540169624297561413112238325650,1.0
2024-01,NCut,6,2,1104732,converged,False,464768834789819639116465497741823842706864166438154963004524541819874031366050191689403934605626411292748676504018997,723117822316433257234472514527696592333118574437763446117206879516940133945126788871713750250076369015049373344439448,0.8311942500957571
2024-01,NCut,6,3,1209461,converged,False,15448083809091748103014425214068412787440107241814759841691612558487665914680939176906984090201413180378603123703379,30743175028435352152445574591597960922083191545092917110126928753481547430565130938046540169624297561413112238325650,1.0
2024-01,NCut,6,4,1314190,converged,False,46670313500891669317311937277199700660783521828379162147745246849961784503451590931281370726543612323282612764929,73957075102551047396533454806475998307996802246795476066031034489547092655262839652412282648123329016503399161688,0.8039101602690578
2024-01,NCut,6,5,1418919,converged,False,738126167614185931681756356936427024607249305520482229249124616983307431868441963357364374344279800237529158250073,1150073508924957920457139949678130241771094472690658874640721135777157219323059866597031074148026396411295062708940,0.8346303904672133
2024-01,NCut,6,6,1523648,converged,False,105702912986117858297690411258063862757776869284505380161367140998113187477047529630300140519580877153628626989384473,161523235618895081297824096164587044716390392617117094362528525129791727266461046967394660985279275572819389394513860,0.8282267008089478
2024-01,NCut,6,7,1628377,converged,False,73217761081893831806022851658377594419138999727179587615343434011080221218920479901123015378778192803884878501494787,113189718928883626939689979675453842342362454710521091356145176268405377124271924714028619327179497282861709693985484,0.8270889671113539
2024-01,NCut,6,8,1733106,converged,False,15448083809091748103014425214068412787440107241814759841691612558487665914680939176906984090201413180378603123703379,30743175028435352152445574591597960922083191545092917110126928753481547430565130938046540169624297561413112238325650,1.0
2024-01,NCut,8,1,1000003,converged,False,28913538116577311481191733636196416891149184674048893660371718570174790770229521556147413717309686353711325797375144277291502211313140912772457165499887323,28513333074587225457104891725270353170856074934234058775842361467500556161721465984162352359046540573435921149939382424077553293615884001034002271046040920,0.7941414111177748
2024-01,NCut,8,2,1104732,converged,False,156791960147891939339831688259395975057670920919841236659826719879814699246294097357929204814666966222328211177897067232795888009336864936265072793661,156201771462673142469688001545618719715119948544594686592931961171902120028610913062252442110995946265596733395425938055933810046877418186624309669520,0.7698648875687498
2024-01,NCut,8,3,1209461,converged,True,590824567453625723755820763794702432212650949372426515080534031409665454813015438168551361676001768516028656501130850305853485120473672000394917283073,663842024559111568428231305180354647439417426357499011906215132781034043594487692355921460426873600897257161896679945156663738863400802460445269300000,1.0
2024-01,NCut,8,4,1314190,converged,False,481875629818837765962198215994386290561971899453086583828441338804608304707937157178230002538708541866963757678963322150312274775741070857466089027284350012,503748615411659287830279030453716837739274999894016763852165781897791133145072318667647405175087707328463024722083761858153633144908529032577165605603996585,0.7747035479642241
2024-01,NCut,8,5,1418919,converged,False,1052856054296907080269244688906443660713180743563204090506025298035820534489766114980046457604370720909187298239225772071530474764261390208302451670914901,966206814723533185336220403000256882554830520647981405476257097910613639426497139005560965981991435920202265177771057842510784244298898966649776815231320,0.5963979679076724
2024-01,NCut,8,6,1523648,converged,False,52841476591243736256076279676158785709141172964827955793907023233487478419173085862254916219266476882936013858793364620414657631074667565776094308714001,51880819563916547872910963810795209814523250338873950149183442706060841778126654290772516282481986492082534859711052903771152275753683902584082333338120,0.7676585586637849
2024-01,NCut,8,7,1628377,converged,False,2783379354292927081501087577256899913125269209212429650903218079929116777615322892510745216004313371325148335592645235739203826386032470790232175572690715,2909621748474135675320292697136807409112459320087888873837477860040599817807665851876731733198637188647884663056257367655875006005683085271609931369985894,0.7672986080195089
2024-01,NCut,8,8,1733106,converged,False,5421995071210657829703450443390798994765215633806609518708361168702464676447845024710599005825314936357536483521673282342208701243213629628825957030163,5545049097859830316581827387483473256789536558747785003418806504323109786153870135569584744562407540653222776347503687519817364111547711045148077204800,0.7759444764382285
2024-01,NCut,12,1,1000003,converged,False,348055977558197110381637834671714776295800022963279597233234409966076306399791122018956454673033314394568399316291436924325502195677267680370805659204173518815358308342305556182701931204823977692813969573725745962170466977,153268024228332415066269374543262082206027322476172513173233212511287131358604036778191309961236678843381048926165970321206936681929367783136392704140841378571362868068550037366112575912494601350084577445988682020766310060,0.561295378970647
2024-01,NCut,12,2,1104732,converged,False,431051500067561255602028998399778181998429542715129836041031405836590228985637819806066236684094424239420916924334515801406505982027949369934086046494853771714854909894504825962472386770367708636292543569313384530753071924859,221280220131652357414341144533277138787552251655642576097531248281100344194894318474843823820971395350878894019039324017103637353431014568221095074128326417392551098622552471226139326991399788512065063441224752786000729808840,0.7619302309515728
2024-01,NCut,12,3,1209461,converged,True,7531238003882484089648473974180981009801893985335802770788357270548507056571217608271351640179822776482339326197209790835719423258839461036010358701799929669601355587927519589129775524637707989170090002039610452492847954209,4371450204263846717596586003403778025309894004539687610696516304018552687162817340145333707455472408955916443456783376662229493298111574619046898147645683231793030624575137911557945550384985327705460026324940517425226557500,1.0
2024-01,NCut,12,4,1314190,converged,False,5813540922313198416102563940877842329383126318918913718512635762045935584146171504760511647108620484857255404013993035929893759340122568576675391267445872661162788357605112320000840401253796177765189246854216873096209819,2632238816805571944592718748726467987258444597113443217714194418752443597250734782465754347883924276702455248426378897059740859309625532350490660865408641314873823180157246818029073037742063397856313679905504553545420000,0.698589279866215
2024-01,NCut,12,5,1418919,converged,False,631899262374822523849429287591916683861315289681750535137394839328653999975123686330416143516453907301029683963518662144611339472562140736888473722137241507655293160626364066012706804148904958376681884857046933997182273386,347514598587985052694367447957285724623672896305137024559452245320753303548007340152145714036621113837803832725852600427843389339615066188315713740086955523865876782088261931106973923093047579360399762287471726913502026875,0.926137695437841
2024-01,NCut,12,6,1523648,converged,False,968276535498244412923845348373605671640989206520072093488734631009800035792669149129119940482712663190466497927228047910819403909835258312622823843082375267258567417577094093991473112988664469176925193134537347358036445756833,517643732970407815782080418107157756641269477312854910904763832876051506473385710129686661879582334017961658058202846643507976238296153279118643067267982751691926981408707859333779477402797853659255240826235206857952820802820,0.708360541066057
2024-01,NCut,12,7,1628377,converged,False,1388246324524304406642209653145332324831989268770365624087800995651222513873394972951689025488835731491071973278259267936308733906272328043310292274667340213216378806966906598743356343863140137199354939478151940691266508448124,688357710282257312277094042327335373288520601527504456433634804470834326979029589050994468028519768678498539491216783805181730754968036869852005983324842927939868413954115295688779061003538047688664952232361003903929384517815,0.6577053499469702
2024-01,NCut,12,8,1733106,converged,False,2147980406568499319035997379459971282818852390630337322097764344874680136030130998511329105151009956166763173584020156271878511192458511274462586872234751807820633667636098593843425734041530476682434696470921025667777,1243751380012254718204849762424201161263801796637405139257877692131480378837443924133153562019100681261886134414387350666652036793346746485793500914571823630312766520981862720468782695882496429736323239498315585600000,0.9776904740352783
2024-01,NCut,16,1,1000003,converged,False,47541734275044930808742906001906963394219889027995284857557700830960685965698176885722104135334180266720455447011544660683591704933179525357289376429358615683016666647759682114924003131041251256133390410514756250388723460327965718973505305429856322282385710297997066126183668229342146381,14509682081093315286462832584239874342248712167226571664374124840211604373815423815354804941332389893986201791678899551566136316404803159975669826997821777173525599632080831439893264614960660783186608754674673757622699216172335910245045857919634411833758307174805377718083811008231859400,0.6286001142843359
2024-01,NCut,16,2,1104732,converged,False,454357374314097313915414497128201466683524646012787811803285715188412332010674243697201017382592833133464389328684090617327243852303732072013962259443638699445108460155019671911566962222856240101142617897477588623675763117144346093225573838369775399626402255132876358992751689001451901354414543,135888621399622059183859606236642838735867755241421925852321847517057253983270525613311238867195802897881751325959295400026248875362358212631635759474165080115958363038803904649571799748496484992802181051221214890557541516150724360774443636520166552705826991821501375491421294354096129154444600,0.6855835110731348
2024-01,NCut,16,3,1209461,converged,True,917958277704585413802250355487796152307711761587278892890503824737685299782420722278532195161100654120232672386200664630862630241620971896872273721834657158223669747747692722906870465439496749583574323515960842972638833791820749095433559808864382543414958438495048862636525594148261077171934519,344240190869102149955417116775483332372773452666877529264805964831608368164681668529903403888717647798595196243272709807050804428328973153942823824660288161343825431574557207141541417626596617777049474857898430070708691976092586608262490505388790300602227125393772707262613395613373711806405200,1.0
2024-01,NCut,16,4,1314190,converged,False,12469739550520851726121042101107971598308713805461136012685059708691225322843764952501219254356628605622925833856749445107822079541674863943129912811230632372127515078740247554322053145034103722165653685539788530823949586800719443924771129651804005925972467978779896460265606208331935583338651867553,4411892232562817342160241858142586236844275165647469548259048466199726553957312805040426355221772178580335218423610561926761721662231143989024907634228276715716718425496784733457909355444380838212238589548059036234417549984510608504953706831851776727918120564569823164958601139269620692926449647400,0.7804766110507092
2024-01,NCut,16,5,1418919,converged,False,83135987465770042925551550336999853390908801533287559086588238876179517089309656484786834708841536621304633516046176423078993074458892909808923572623976600646730886900230858461461288634838773191117434876640510211721092471771022984689121024499225347064614127304223193352826497198168014473575563,28340923502740357701699196156128278405885009814413208316317201964158025806152820808098219664459323682638659843086528987321420065703426206879729909733526429120197505612248971775241615645170778364352349096492592882102638795015665498226652862757715627765927356386309730823395473753394910184698600,0.8246359782069744
2024-01,NCut,16,6,1523648,converged,False,586686882132594514746650897208871957133474296650975654038389045454850715091875469191745496729301596217384204430323694168085907432114846288338732723845378161370305609027997057828851055819560705023811143768925523361118011938790571130145223173644012631453037409905243165740085865765713640693213,210911003907069018478198689175891783113873868872794679034499801004430729965007300537159741979264419388673083520867056698144393626501253855485716860538149519858252495646815034868743222637187649248862806107876105537047110877506993509440305535205079519464757229144981703430321400552338061266296,0.8453950798123128
2024-01,NCut,16,7,1628377,converged,False,167971757177217028682793790397927351961680097347835405929018722265984928173139338175441874712502272314115133531423915377281750628286113877324122490591750810811020111907744766712369455618865573369054492105921809514546162558550062521767984188702919977292521155495139034981128469349254703990801111,55002040875704130605303112577231829526569711955487736950396190864380033760171834140411365479073317587131786732977911202832795597833334354830655535047499112987130257689373370345267025302842943743835166280452899544651469057984534733644957387218118019829415811877233608103848293774187307295326600,0.7212090932313213
2024-01,NCut,16,8,1733106,converged,False,123456226008560576129066428734447370414027661254444700876446357340548047775815926540367964309686732837131408707729859631964475791565027356230131744598464294748182798917254498027507534870363405902411655031732829195414660889384036609567464917442639684297290603005320456596089361346606374657009,45212689783207732455476100645726500134430933550289774048917544579296807227465975787243537144749087529307571347717308551494994074841034990474933565347455058236471975340898754914391239230841755344844839810761829524828109171266373664100513852266080185859760452127352917933283470600259143784800,0.7462819887989444
2024-02,SSE,10,1,1000003,converged,False,877962692966772854059029044169685554856786774889223621293,2802148461366086808281852708884480622666541975994368000,0.8191155872605342
2024-02,SSE,10,2,1104732,converged,False,75466161903634340799182776955683724730654797373573492125,237862603114557167242849067767131434147868942073331712,0.4840635752416589
2024-02,SSE,10,3,1209461,converged,False,31742778698921699579813899672301793925916477963165648861,99466496243496144985770336399308424122508710762250240,0.6196373399489331
2024-02,SSE,10,4,1314190,converged,True,5888202078816258819922917682808782473048639162825806759,18835725678368099405285917403149418205721320121958400,1.0
2024-02,SSE,10,5,1418919,converged,False,181390835181290501766245463704793743662755621488747327729,579529044195879381685387568274732440039424938936893440,0.7814838636160186
2024-02,SSE,10,6,1523648,converged,False,173954220391524262255867350143093656260970182759660287507,553565053350363080674908604994240173746644303059353600,0.455861726141424
2024-02,SSE,10,7,1628377,converged,False,194026900682158020075947878442670250416991371250852115101,612855346773435962628281013868598098692962727881605120,0.6991156406806324
2024-02,SSE,10,8,1733106,converged,False,26069338534906742796836779825673078427725517192657740344233,81383200777911099820949493250177616989865400435872890880,0.5705038321163011
2024-02,SSE,20,1,1000003,converged,True,1208335811898804020244794743764738033084398734705820786303,5890398254589316059486254426147748134882116098053898240,1.0
2024-02,SSE,20,2,1104732,converged,False,4856216006691018576671415249806083708751164499508762765191,23263788128137219063793346202129220927710980055096098816,0.5980739242841125
2024-02,SSE,20,3,1209461,converged,False,20558123745455952787688006557005239601905392353193689366540281,98172726215450313589172342608680624828150168654961233100800,0.6181099707547842
2024-02,SSE,20,4,1314190,converged,False,738873073836384656379912472756333661163850406690015884037,3515058450613077252375500174003418733345858987334041600,0.5499042875175204
2024-02,SSE,20,5,1418919,converged,False,401538671360371686072157379355069333331182795417801271,1907881577371743906930328076723296300563104872267776,0.6077063322630629
2024-02,SSE,20,6,1523648,converged,False,1569641329822350866385925946015655815277147576863084193176827,7538412638484794106803074503038178048462934774077078896640,0.5378002509381677
2024-02,SSE,20,7,1628377,converged,False,28976076318425878345395824193225059579720635938096321006291154392385207,140381048764293806785456391864451059849976913194317173082419227525120,0.6148203415614756
2024-02,SSE,20,8,1733106,converged,False,311929375367859428427438457245988222022638554555336048620046663313,1483252349012904820801498399090842870874496080614791161105612800,0.4494198829705637
2024-02,SSE,4,1,1000003,converged,True,2290551828436100362305366120911539286885485049905949,3764581871537222917583036195005759454477914472448,1.0
2024-02,SSE,4,2,1104732,converged,False,143568177126673169323520638440921921033915679472009,231595858040118711788201711855806636559530196992,0.4775473055818618
2024-02,SSE,4,3,1209461,converged,False,9230800960418114309770318194074960443756425547392301,15170128357593375890976150420921476483260386115584,0.9900070249935837
2024-02,SSE,4,4,1314190,converged,False,474544673953846904609410513346646206428576499914243,765484733610630681475587150288959546754020147200,0.47623757464240174
2024-02,SSE,4,5,1418919,converged,False,9230800960418114309770318194074960443756425547392301,15170128357593375890976150420921476483260386115584,0.9900070249935837
2024-02,SSE,4,6,1523648,converged,False,60638463705252369988932336824342775385865940574967,97819529221526435312731213690074897050039746560,0.47594132775103354
2024-02,SSE,4,7,1628377,converged,False,60638463705252369988932336824342775385865940574967,97819529221526435312731213690074897050039746560,0.47594132775103354
2024-02,SSE,4,8,1733106,converged,False,60638463705252369988932336824342775385865940574967,97819529221526435312731213690074897050039746560,0.47594132775103354
2024-02,SSE,6,1,1000003,converged,False,28907928704506672365883357736812663352892679016437091,67596642484599032997721714182047808463273331785728,0.8950207605913458
2024-02,SSE,6,2,1104732,converged,False,30001247941145619908187350913306639330160875899510405,70143889734154448050956856841424946258970576683008,0.8801259524251771
2024-02,SSE,6,3,1209461,converged,False,28907928704506672365883357736812663352892679016437091,67596642484599032997721714182047808463273331785728,0.8950207605913458
2024-02,SSE,6,4,1314190,converged,False,1182146351869945976764636778247126043954860288048067243,2764621386737151369058332936723239521629434365870080,0.9643037256111278
2024-02,SSE,6,5,1418919,converged,True,42535165170823088785645073770222301588234286162645799,99476606276331000079965170175998749544777779249152,1.0
2024-02,SSE,6,6,1523648,converged,False,24235494989860431113979104013394216472276600871875471,56676497408427036834016239422192394906304952401920,0.9834205187669642
2024-02,SSE,6,7,1628377,converged,False,30001247941145619908187350913306639330160875899510405,70143889734154448050956856841424946258970576683008,0.8801259524251771
2024-02,SSE,6,8,1733106,converged,False,1182146351869945976764636778247126043954860288048067243,2764621386737151369058332936723239521629434365870080,0.9643037256111278
2024-02,SSE,8,1,1000003,converged,False,65693951503482336410291229385033289376282947366812073021,182385060217859016798106056845866377303535276146032640,0.4614706999840204
2024-02,SSE,8,2,1104732,converged,False,11704269416498801622456916410855441497236128958590291413,32239783660406728995705474742707168466132069894848512,0.5031867307574063
2024-02,SSE,8,3,1209461,converged,False,65693951503482336410291229385033289376282947366812073021,182385060217859016798106056845866377303535276146032640,0.4614706999840204
2024-02,SSE,8,4,1314190,converged,False,1792125627897402497867670913682420541751941581875567,5013806930571133067227658678037652281987138846720,0.6592852936529925
2024-02,SSE,8,5,1418919,converged,False,44462190418067721438677596450645074859985195548525007791,124046362430170953832919759412962584182520703405260800,0.5465514869385797
2024-02,SSE,8,6,1523648,converged,True,309837742533617772768707243184020095845795583027994667,867638104798506283749061658533341820333956773445632,1.0
2024-02,SSE,8,7,1628377,converged,False,5923860309716765306429047207216662479781785950354305643235,16212689209004245569411943626033774850551952287228493824,0.48456880532923935
2024-02,SSE,8,8,1733106,converged,False,21400683983091923500012349051572852258827797371445708077,59121481533386480575165635057489949674764378937753600,0.5647389796768147
2024-02,SSE,12,1,1000003,converged,False,1045593541572957865146751902249091185721402220932302082489,3639671545040657622389930347921629171099236207217868800,0.45872624935127315
2024-02,SSE,12,2,1104732,converged,False,196086185272782535227299052589569684716596073580739733515013,701854690632029291747782621585273962821417135717052579840,0.5413341371818411
2024-02,SSE,12,3,1209461,converged,False,48257398524415628192882665329948722890036723300336575308927,168380906309526891525443593927481744528194286057863249920,0.44401774212556094
2024-02,SSE,12,4,1314190,converged,False,165517544427154174638895290654846424630153455341679979673749,592283401946593765765092697681894641416029988148467466240,0.5916284366252831
2024-02,SSE,12,5,1418919,converged,False,2227641171482568811471576937223637381283352698699719607857,7993771995113598927011230257822634782336805914940538880,0.6471483940587724
2024-02,SSE,12,6,1523648,converged,True,927049125969049374970195394822347167095795628061916101,3353635411758761319975022009162891641333841762713600,1.0
2024-02,SSE,12,7,1628377,converged,False,289207434349958027331942979859189236607197491151280679515433,1027403830117909926878686147201878470722979382337806008320,0.4999197550809627
2024-02,SSE,12,8,1733106,converged,False,1765371044037781142973119648330720651944213764413142941290199,6302813885047590234077659626611938231464922457719554703360,0.518884219938877
2024-02,SSE,16,1,1000003,converged,True,7253169884840666908035775213865610719958862938582141901597,31136141140003318683942475399583588870129469426027724800,1.0
2024-02,SSE,16,2,1104732,converged,False,447656258485028815673103044582990790510509602166337804149,1828208169353102599237972866187610077535422304401489920,0.5163411344135957
2024-02,SSE,16,3,1209461,converged,False,5001846366534118174238264123133261630722199155303821495661369,20302483566178997069948014090140332625992866018929068212224,0.5363989823733653
2024-02,SSE,16,4,1314190,converged,False,61483328158359122623445545449328470308534881517957375531,261025599194965003891278579865146132427817738840309760,0.42913827138689997
2024-02,SSE,16,5,1418919,converged,False,422975162523056968085272168052910801743023568297003782365517873,1812714685144497099221445512225279909186990445191309536788480,0.6368115484116517
2024-02,SSE,16,6,1523648,converged,False,268735011573394216770649349239690051861089694434316135118939,1127494410117276577940152612814899261243302085756232663040,0.5465493646919216
2024-02,SSE,16,7,1628377,converged,False,7723440321850249519661579405096304749663361690629466599,33109310417989357112459285630189291792185939218923520,0.46622795576924303
2024-02,SSE,16,8,1733106,converged,False,192521855457915964276998261762567129246817367826980253192886905101,809301882564140132424862900980408780882408590387572848753377280,0.5845896535205634
2024-02,NCut,10,1,1000003,converged,False,3765852178153187030789896973240215256641066712155152090756598280752224431349598615678818736943122553435233390765399843057745264429821177663785747689517765498591563754256067886445991739066521,2802213220378504896302659077709267809300542100587070703036096544784923226014674630010794517653064056536605652396649517113425656866477666060765654518257094802822370313367360669973101279790550,0.7829078377950213
2024-02,NCut,10,2,1104732,converged,False,102498851364277603302916249810246503470313739276325985469870734655752369744338878331411815103088176218209276155868343165983121948998847768582395453946385380474028601887757487509466179374777,74582960735574969675078342334313818222793471753290581024694182246624806071189732657464569343356799949242195233974261622991304066422797897359826586638664135722470821838754073285874754811575,0.8161095458439289
2024-02,NCut,10,3,1209461,converged,False,23034453977653475155998307395822284548448877559074352041245512942171254393842893460853679275163515287372226299340843955021754754446057113286852242366325095081172751386666599144347772023415,18197216711579859365955183720104956182628965713799445143376450992567074501648084081627267198437434596521685171656476657862556881462624838658495818066246484056751590124796607582576375995302,0.7479776475148535
2024-02,NCut,10,4,1314190,converged,True,4211884937272617809467647985257204863417913519036254322314105636825964421252016460393904544882888292343357392036944630141975538556622552355626539577797233950874382530915134245880688731,3435276033106572156214001741340347520635997324776070850021484362323968726636313196157299588843012099209872816633348626896556838363404554447848240771666185158875380756165842070087783560,1.0
2024-02,NCut,10,5,1418919,converged,False,440950050852753031264096320828363718653237850597122304520576837067984897282371317827202695893097932532659787662016589957474208584700239884803624775884872225981215052146450035871108861961173,317548389234724909244884087141199896599284388747679541780653245619302266652913408783418552838591646031767700024683308576298295812571606855124273771466366079448678571412209454184887624628875,0.8587604424785195
2024-02,NCut,10,6,1523648,converged,False,8233513906857886302070961353865995486938018726074611600685984044423197229336620846945634107673980438415698236280837583693120444904875577972578041867282089247602097088637063082277218025964903,5507200751817798987149776856483192537005585771833752651899710547172603880966930542690345334154325392539421667501892962376469893640005154207300439355333186660129801974553256333479005119472544,0.6665500257545747
2024-02,NCut,10,7,1628377,converged,False,97505304987276656502523636667625839365539954732287264707117236998860668789520943661934210432469349243575351524388853795566039636902244153891892868339217146213739783868399594868197611514587,69414671817057820216137228011614814730648451962294550791374919255746541887619691091418082015812855985204969670020203461206937879590965045255111574611800622162438917566178176758111163020150,0.8571306788831772
2024-02,NCut,10,8,1733106,converged,False,30264909890655769361170990814545233528344732393531551489245717136019366357581064452467892996024639668438653449183058217863802464878605510747541199039368838395665410105985233428012990603,20298328352349175928294284534830052681940826136716740117051996495873697709425652523493746804768814962306606812237514220171681456937438930132106540982285511858661653705686325072868067600,0.6822813845249075
2024-02,NCut,20,1,1000003,converged,False,97556630711663880712778094045889923935021675486457768081913269473873667722888686620900489929266167084954218112369387256746627366347058847846610601394520680448806892437805277097418167716983889626615607003472490455165565879809189843609673958478303255718112787482134772595077342395522394678245509825759017906205396409292521090504664430533274365554948854544038181492999489,20749740956990036557342264822792411007459741207823127203431841140295106715505636781935737759570756231205460915836278323358585256592642259513862537117605573604649472296527229679882330464892353466504421013257253046089907568990781150347031334487323726918415651991817632266690217866685357922155695405000870428214020304045545533714564106072529464623379360596727028627770880,0.6570962522320518
2024-02,NCut,20,2,1104732,converged,False,1180899888993169130521849256819486432324565879954018783024191189418260007350771607003002651834169945998269122304829211560257167885957596593604731077612246698227284546902980007220765079706432770916261677793575167371693719538013554372056964092660424317787015425976489636311830598586727408449559249466134040576812538447935609079380330082163228730872158818824927545710412,284456060834174472116643334101184507898602256215465931925379769589692059609869124022737115235559417992706680416182163657405830257557326852422171223876988292660786029909999396777553512984880095747004226120445617126142666696279067319723400062564378667089295193874971889504018437810319117380772541822265859118947176937999803690627264173415049862306744145525385004065575,0.7720838068552852
2024-02,NCut,20,3,1209461,converged,True,9274139967683919601579122939266586262459153919274466044755929164794612263865495593507434284606441655501963498896830170225540947786161518627350225324951764243550981423099658457245957131538360145996747600023697458219225793372069374991827453195091141229190828633406558964284807139144460299436082551468091171954533896339655017915520638015996642224177769273798529853,2318488619526165438438383236064349750963611176738717789780093280415143229709463379509465494714682913178075398141029384037225501026666975036223123280011046310376770445206559388613492674570099510654255070958965734027219620952613102703688754642218858164113327416776213420829763174777708974353881697577027970765160633107867486584614242823041484505142404706185045260,1.0
2024-02,NCut,20,4,1314190,converged,False,4171157295654543857672520052741814317636912189272357345785211382701218871757613285094637851781457358013751539054564382226865558249396647107413057750566999087991299279941867393794737953796164538110889946180937836992282292834609693438308670753570351510215748911625333624745702383072132159104233425077151817212925429198389158871572520304980852501804288161100341403371532651077767,892408655554135435172316856842360822851975740092076276471696227604188756536912657523932360212459182765508905804223519128955420041417230935149416679923259834085602535847240118874889549384239519497367581371271658243333166135044804240572138049735399532275347816272895478933439435869894054452665173138423008467277583083131931890477231471344955896704189006180289353140425689945420,0.6658046732266576
2024-02,NCut,20,5,1418919,converged,False,14421798454027983485104098774306977912524416274282698851361608386109553168460649406719087400005847925479480480246149365427679758356310882517833014289939874326035858800381115070544590726964470569240192337486090823014883131087033614610776925996885966277841249241095303261904090334077459642876966863934113587658114796013502010953779451480558680594600814162496680271,3228175087973918945714252721806766586583684596296898860991687654303858289460616761928003724325936911497930255899431111453407189701756191910143526510245488989214878782787983770745730989863195374885047619616068374575061197575004275151025772513325497407356330394564762265852704436471108789625166753767427596433399239053296864183818153453832866357671250402715248320,0.6782852342544
2024-02,NCut,20,6,1523648,converged,False,10959423855481008047859953772919258942213274916760119963272505324801317762817555789260868230391410056927203772483285242038865029337586513112591928187897485432398499772293296749085747169150220026148733836640635791267836108563411765790006932352332906302955207749530406374592678083899584548990868027523390173996160855041471825807717004880910114714365385421355970810623329,2543936048606819818672576936095538493287694566551250014794363174669367448451611856104862756443341901287129728795846837736523058741746416414922760687577933072369097733474689428218867609798963280791768167001257734172839273760173381071668566037532957054258709632463915102619305062000469396662216770586441537427788976579365679642592734861856777056896499024177085313300760,0.7549859577489269
2024-02,NCut,20,7,1628377,converged,False,325802727115814536859214772928705485613827074320375830945875284379596182463387638303349079144095510660991920463634590620965419883954876581749496703258882987210867076818890076003619921348033697776490824829631959938425590906371777340293456788179891759746772942760674321479806763730344348217741268558931467800030928826900991766399711759696552478300318795176342564284549499,68697543218465237292758324159832033672914294376749625061606313854368134305972333782709237618594107877591483031756423068227566834863548619669122178988920165785264598337697761015282497060864693362296961353967673607237332930586757006948614606147843795718105228970022332703278494643768240999055686131633521147451917387166152639093718954728291221382170684470858360193901400,0.7339279473343996
2024-02,NCut,20,8,1733106,converged,False,504766975819705301808098774245204463029101824635625372973013310627885087829505639282606925876881246215198664489438569556273324051383243568556558664027518770769281745696427136245807570598677390801634834402831418878465400677428283396569991801091883394935451540478566166466909215675365906517146467923086367274209198078531055269060851794905825037049786452120222025577,125177114825622964262143951417719320798920323202243884638418866218739997472581007727162575362342741575483943677561175927842212019933709533264595066838222844041361441419903835873383731812211207313500278898939792738871694540582188714496054450725573899906156647904681289521990601203816247266684233620299031508822601406323194516407342760128866062642213416568936685600,0.9247489577986243
2024-02,NCut,4,1,1000003,converged,False,247249964690756523982172995981893932839879554676522791700523002503750962467721,1015351789637988197050611385114556760980622750425157997852243891371016042374788,0.998026515939677
2024-02,NCut,4,2,1104732,converged,True,29548445911509091103494519859063361814845243319897695816586010528971638157928,127816325727223553362894810605092992630194265825193378999333415427868088409041,1.0
2024-02,NCut,4,3,1209461,converged,False,29548445911509091103494519859063361814845243319897695816586010528971638157928,127816325727223553362894810605092992630194265825193378999333415427868088409041,1.0
2024-02,NCut,4,4,1314190,converged,False,668071556667953288721761099605785007644717743983810593365857767123940930196,2400293915487670035503967134036508354192065200059141726497509394193046314135,0.5303801836539812
2024-02,NCut,4,5,1418919,converged,False,668071556667953288721761099605785007644717743983810593365857767123940930196,2400293915487670035503967134036508354192065200059141726497509394193046314135,0.5303801836539812
2024-02,NCut,4,6,1523648,converged,False,668071556667953288721761099605785007644717743983810593365857767123940930196,2400293915487670035503967134036508354192065200059141726497509394193046314135,0.5303801836539812
2024-02,NCut,4,7,1628377,converged,False,247249964690756523982172995981893932839879554676522791700523002503750962467721,1015351789637988197050611385114556760980622750425157997852243891371016042374788,0.998026515939677
2024-02,NCut,4,8,1733106,converged,False,668071556667953288721761099605785007644717743983810593365857767123940930196,2400293915487670035503967134036508354192065200059141726497509394193046314135,0.5303801836539812
2024-02,NCut,6,1,1000003,converged,True,39490379182753649053121903700401015223466393215884422096258218514413194140072906008529882462307620873516258850638193,73782025454809841919570893034005015073571418045100107547277500950638786156517851411336728691527639121017037747343160,1.0
2024-02,NCut,6,2,1104732,converged,False,15201241949296641147105019943379003546671901257051995208114973516753104532267365825771595135105899944376128559929401,27411905253339953912439066218471765463239574336689139413506007877441458683861718667005747486014891051156208105916760,0.9677286992079132
2024-02,NCut,6,3,1209461,converged,False,59571741935388276214284666247219837478531800065736592144709997060180241290369834103919272945513150119627556393312727,111245861900922162813903955955601091167542196478548108515358584423213166192371777482609367235124620310306100135639240,0.9995223361379901
2024-02,NCut,6,4,1314190,converged,False,178770064634718083139187348132529105710571764755514370140707794072865227010859693008850737094488607763029093977577,266383331817563258245219217318650132011510763434758249286668707446621250784093999316183421329900564784697502013000,0.7338116863322871
2024-02,NCut,6,5,1418919,converged,False,59571741935388276214284666247219837478531800065736592144709997060180241290369834103919272945513150119627556393312727,111245861900922162813903955955601091167542196478548108515358584423213166192371777482609367235124620310306100135639240,0.9995223361379901
2024-02,NCut,6,6,1523648,converged,False,4628317467564479459091065407253310095413587834532013233661316348401611617571863020662941859295559205358944881388439,6287174162278541248237385311759989272202569860634388079698848444799584439118453100646807468239265284739324560832843,0.7696449694863847
2024-02,NCut,6,7,1628377,converged,False,178770064634718083139187348132529105710571764755514370140707794072865227010859693008850737094488607763029093977577,266383331817563258245219217318650132011510763434758249286668707446621250784093999316183421329900564784697502013000,0.7338116863322871
2024-02,NCut,6,8,1733106,converged,False,59571741935388276214284666247219837478531800065736592144709997060180241290369834103919272945513150119627556393312727,111245861900922162813903955955601091167542196478548108515358584423213166192371777482609367235124620310306100135639240,0.9995223361379901
2024-02,NCut,8,1,1000003,converged,True,345888192564687784318972393033387415905018327230470709700426580340998075912417389731150889276001258026664279341717940230712007026684797298602537412829,416271704361438864281841113418584867397807974348384135418157662660996381141541417661772323231527361330842244759880412404287342459795289200442649474520,1.0
2024-02,NCut,8,2,1104732,converged,False,41023861038301817072921107922039807492600321824917585424648127279176037356557719461566317116284306698596159907296675081562936654855415887895381958515653,41572454108459692195576338684054799353868417887829906341168006958191290303837678723980273030528572701768079975954693570341928452308249653106786247097011,0.8037125940070673
2024-02,NCut,8,3,1209461,converged,False,1023720181856304248543303711401983648655591926544497804550501714500471912456248610994177930974371761442711027756953034247083564499314010087361998879952027,1154707735448540416172742769484558538319341621606223683278694170940209643429362908045744543063751736553159042655564452772065677206297588428201915382471337,0.7725708842957545
2024-02,NCut,8,4,1314190,converged,False,245008330920562221529330035640231710020440414447327012255957012599382088186191149670344388825560013488375401063186443873557086381462246621957956329442573,258203084542855174076681946361356339281396730429329853294144532614888150340862175450015036872751342343475130896435251097282119168559984858239406456763495,0.8068791977043104
2024-02,NCut,8,5,1418919,converged,False,8072986664662207569841729404223845770016258839964724680649103224689403905002884325336696993888527203549712928801727305581778779795913691500342014757,8507819626926621383729620869973491704635065974598978784090903089639559004821903667797203575557618154192178401567335020355234278775734018795109288950,0.8045078408709582
2024-02,NCut,8,6,1523648,converged,False,167926314953012840749260135067809720827551878065590194317921625901807751659513942748130268252687179780038482532133355104054658153998791736043120683713083,165939882072408883399945580334669585346240215798682805215317866186435341887202696558507447220991779604635592787060109701526672042214388988109323035528555,0.793417004603409
2024-02,NCut,8,7,1628377,converged,False,8638405273742324734258331066925004647199747148971248797202138223646447940658091341942800637203310197596163324053609833224484221451352487655708105358033665,8543379371311488330831662970733677942731222797427597368754901027024979261246582983866231325950444524280233471659547557503675776645150070885988607719302088,0.8229037459775993
2024-02,NCut,8,8,1733106,converged,False,151656643688774086000002182746479860866372691504380570932676873502845923771257808938917414099910771336830453295601762726221238638685692138783779846587083,147417111279754283930188928799169400578523351902685752853731888261669320062226581977536456659135877279027513856944772195651300531413177260879842001554020,0.6383490291938307
2024-02,NCut,12,1,1000003,converged,False,313418948308184916988354743192485168937368058424423215458688934173769199718859156843841192379483565097553045124062579599563020865890946663777791568790225736332919671586140705819944988632553433318991212358836747443437657427,163435488554161175716218954106276323360570597065368190381403149388031112780206868957991335240101529870136689161005149263832296301486672087599412813304941563868696055888715707542497972862881833613514318870063286943758481080,0.8193404610487832
2024-02,NCut,12,2,1104732,converged,False,104312771373013563476675102930501986933717875261235586562104491031627134924964468266005836377167882215170001535288460750129161111425368200104315222491663243027622605020893331560517990790071224683118923955104514439183320701,56962235534199314930935852034216718245108358403707650018218381239835167718138276501610050971891692823266934889043766108166243016681711413051476816233699367631289272056956140923255044476658889279736779963482985660794401920,0.6042391036442625
2024-02,NCut,12,3,1209461,converged,True,36676732392253874282625899791292509631211790205913543195066637430127855685137657747993526254535286708706044196508904830713996498119109071720504148204215714369430332062128512271124757105622946088747600138591435040174507474182801297,20905966680841020365699775213712744692764525973423623831722814134398607622508403599574883229775735308974209612725662922257361984612752643499593379434402568831521779929521582740877511785889667706885990469164763551005211379220959500,1.0
2024-02,NCut,12,4,1314190,converged,False,8945926029706972885184531575161220878381942133035205805660158520818456969984613853062794469142984133343487547351251227118345389256698704589413259828153296435701738249293554449501024349429873114237425557605354858917767759,4706423359752379697464886219190663739196548011920838384461316697591424465196734327944728735158061646821701750397735048870910291382017330748381686598199907631243116910178165024234183904027158445697806797948361232145515100,0.5197741409293256
2024-02,NCut,12,5,1418919,converged,False,53132711772180088505070426214824779405234259136763682632374884377776847076225972598027457568677508307004003990219695058616499719824070958530450683866389700811438193638120202601214662956553630556955626343840550163139130931,29142602791739799416327145361182359094814878419793201523884983825645696681100343063075901902625694260186149150390034192694733904515596867970640934171620724114348244866867495704954988948320163267138650743111648799219253120,0.7854974051832279
2024-02,NCut,12,6,1523648,converged,False,604978564803470425489173063458839349948671060572827223722462099938307851042837160146191506299632761369713866451755044510183251785509648890939626584374407678505769126798747018674542231049335045364412952268109901856907392627967,313849429654761177438686724153259009365196085351987862638686814594316347212639682568629321079259092769543788213743037438134908767557128936360314238623447123940199332975195600532953834953390442758773866249269953179103737582530,0.6735042265758986
2024-02,NCut,12,7,1628377,converged,False,6374307673590889043423651736342824684554205089043208507038737010865597039434781224098597608261449447753462837155173984254605677878453338101536888709585187323748847859415607071611784004762803754878876190466050816116979,3483574910122228139199970508269581375941751431484139994895342049896541785218966418785709461052340047904612657150815590589698058172070530413715055431290438511276460396748212818464833752117627110366610795240156467383940,0.7926793795945969
2024-02,NCut,12,8,1733106,converged,False,34609505423876138585630125912564068454807178333350770137325456588737228284403227339557108583380700129051106777748620817752306294129646064594508338622503808806538538228676561495712448739999356962342917734814094038580045059,18945921486201015287111036863451978753035178272285327606673083558306887275636116478575813769544859515733802203493180081836898805790992180759464019142548510656873540004829084922090099254840882171494840883582968473620804980,0.8055306639010649
2024-02,NCut,16,1,1000003,converged,False,1060164075875630587636348344128499256599772714800354078358222750538170628633404394473707775124148417985709522535829559154160397524044270182945056692970381610150310560396576046198974381661062991660581564524976870668454886649390434516864048520053944156778584027315698936487179473130500905806924681,366316401403845080969344646663781022011018164761921810147766806343539172789586566793995112560218874614992982582694387057159224930674449429732969454769499783261586025786762127582715293236648308931753717432735171400948301383325034033628305777674296445150947941795678060065754551209891798040457920,0.7911511033759561
2024-02,NCut,16,2,1104732,converged,False,3395293769740863838945867475693826712000969728635258294401886811513856778051887678462639107779625297012585265578439333607563754617900235820185482012817674544117311097138513992986166436367971725011172763206673738900161579274420021785453095709555950692595422557798891533470525623925768568191,1085064273779951613625337141857411888435343935372496718127185442939412154635090876607940089218280465002790635559855247862248694664252389055366737841018316281698686908119300394585809324473926954052134519052836776428748279307073127962960978907389726210867688235804543722625182477987283474300,0.6691173094127116
2024-02,NCut,16,3,1209461,converged,True,597161781106487955233411624798728114998095829884369476388646414730649328063007488295312318564502991011841925598527916306324922169353500690518439980175059701280959215992260468561041937876795784602753877149883784402206087273931195203721655789029281602835313215771663820510484545020967517598499120720029,227400794773257634103625743816153365568067495858383324790521295739521070159721644212087784712615019249106385108704357164697767383871032074802453339663897264312351689445128836010994894845453497130042320054913012770252879374114258585695005696595567170266520134912216275404248085704798703400943050349085,1.0
2024-02,NCut,16,4,1314190,converged,False,172225231852140681841730930811995641196890443627621318940303265450864171983068132588845947950313428217562592506538068281384685236593858274007409247343926982280557420070490632524221282317632360480407431334698757763912150580919871191249898849806625620042026776412262439606128872838041334706369869,60561800011881691164894027308550649843213457226829999881181385823785873878826731435987910926909264563546410850349620797103136811262587342797755385726141761503316449569989219017457325981152239241041320334797546388709076708382301913001867525050108222076379427517279887170098473466249194087457550,0.853217929179098
2024-02,NCut,16,5,1418919,converged,False,16966213225098328798352769737236814891071626635976907337176874331555119098948838801485251103378772293166155392176343212297067531081080528471568187547520155487391189435307610446405962072325522364157519995290262715751623457384436382553747716602558440520275919651807607463898515398184608281524154875,5807233257958369340467057338205762605589313284597381064072961334810028009857426541375579395685106599542813850521307950913470481509137712864784236392474322304375850884189088176748228254650040130059767862708184837303096036032800505836226922159955305981361522061097687327586080638047410492667122522,0.8324172530161459
2024-02,NCut,16,6,1523648,converged,False,61025341295481342423524202551067979719358137375721764851651680407039311934108851483432584442225627212279219281432260367446736720103514808157185556843111701901275326341604509590630744945184136511679349591296747981937168983733189589655499476221297948337713712266073728233145438627558597637176537997,21767345600098771427973890699821553165993079363317999243623962767955221505240919448693606289332898625481134514513770884748528200373933673199242665726824082554862817802697283840115991992812434457915739232043927369563367217925728699303941777144883939935912836364316522248904312746354583571751460725,0.9534809164498129
2024-02,NCut,16,7,1628377,converged,False,1560699053225080681787664562982132304605181633704987799718630852038154407256489667959686310529272462817636526733887943804967007017828416962456153768341409973005734621068947815777935749748556894758806911714499012620068614317539041477397370313721130290428850000450026978444133144413218465170649090317,502975292083413960053946173790828960597905383296301565959271824035210318666294642882112044552652735368771439191732673748150581493263155224638555282731080212283578214761913290980686950669371840283107373848326808346260209145601439840254002783269646898237944575573967898780933684381529280679139886960,0.6999542780846213
2024-02,NCut,16,8,1733106,converged,False,19907514923787788828582862915090959733863031602523999796239101401773060714399592448313530906480607905230443622512918989770206405592257276228155902650894976938405798046072032715020015890792895575355690286406403107727316756077604225907052454309470199130168274663077170355861995299249790165879061,6847388623213139813681636170494256412305123546498750527009438343730461921697222886549344026420185209846754141847166647614226394383376437186557752971354883117379901799451067671160977590531713579951274844058657205991273320835633865264183260623478195811460080701515660357111448371504729641195125,0.7235171947237469
2024-03,SSE,10,1,1000003,converged,False,182013729782974020736535778739947846241444952233308103,587494816039660549431136117290346665654784758906880,0.6425239630564357
2024-03,SSE,10,2,1104732,converged,False,58257658426433147918192686566705957905514459653747290798547,185142442138214325432463154432524024758671043851861360640,0.6184788162273095
2024-03,SSE,10,3,1209461,converged,False,32623686910729526768469551080423516949192842328891099227,105089942501540609759485752820322137443626995679232000,0.5560161056652776
2024-03,SSE,10,4,1314190,converged,False,3199889842252842165780421132432571909407231479584254217399,10254514185887836113084026390781195822035213559948902400,0.4722433413578469
2024-03,SSE,10,5,1418919,converged,False,1854879003933879586658265554827979887724567656769624141,5946837342289216397776455463946449467506967760076800,0.4889356412267305
2024-03,SSE,10,6,1523648,converged,False,915099673664028068223840045059011583747677943857113248561323,2896634903036311727135913867943349230173239313731042672640,0.4370986051469533
2024-03,SSE,10,7,1628377,converged,False,489886059232284918823757529873857557606729331006584539577,1542772992092887763323122771782064488031834504752529408,0.5920005414104044
2024-03,SSE,10,8,1733106,converged,True,787667079571027452438397567066521623275662507927338173703,2543425362116385754879073502812080502284397428485390336,1.0
2024-03,SSE,20,1,1000003,converged,False,1013238997935837698644503099789849159953754678148924471275888451,4890558616688055772345096514388680788356609739083591733739520,0.47891877202533367
2024-03,SSE,20,2,1104732,converged,False,2216146747817778984789541523719527728643832029780179033539219,10701764073149180990466525384716240437111596528160556974080,0.5338354922166828
2024-03,SSE,20,3,1209461,converged,False,697113206292316958932511777999222148362851975010541500802050587,3391554488770716449249241670188071494439851816671357268131840,0.4984839917370854
2024-03,SSE,20,4,1314190,converged,False,23014619922254809501745789982657764140408683349760560522791361,112018795317064335726557250519781562612948835109562430259200,0.6383979532360454
2024-03,SSE,20,5,1418919,converged,False,10335896783208860017282623267136984710834840417436099150452773,49945506504841714202962682361789161308520638993013428715520,0.5611055282123563
2024-03,SSE,20,6,1523648,converged,False,77215418748515566019049628577609526656304751139052789578861,369306495617321099027116473783550025777685227794574868480,0.4665307305229576
2024-03,SSE,20,7,1628377,converged,True,131049738244583293706649757134815935471448004069403156153480697723,639209058349889395447861017404700395025989486738097162676076544,1.0
2024-03,SSE,20,8,1733106,converged,False,24790096734386471903906788387986468762189783689748811222130453,118307649916447303207001246447574143094926868524034152202240,0.524799929683969
2024-03,SSE,4,1,1000003,converged,False,4048939876138857597493952326729672422734443508138881,6625091064497477489796888645634894507390323916800,0.5050526732009164
2024-03,SSE,4,2,1104732,converged,False,4048939876138857597493952326729672422734443508138881,6625091064497477489796888645634894507390323916800,0.5050526732009164
2024-03,SSE,4,3,1209461,converged,False,249522947250301621667561835207703199333152074814847,408278501435823735347708203332732052607944622080,0.5057704996880386
2024-03,SSE,4,4,1314190,converged,True,1213578604923136879092088766012642621669522518261941,2022135719782254213476809008043836751711282659328,1.0
2024-03,SSE,4,5,1418919,converged,False,249522947250301621667561835207703199333152074814847,408278501435823735347708203332732052607944622080,0.5057704996880386
2024-03,SSE,4,6,1523648,converged,False,372793465992668728237819995520454980477051009886167,610002943781399033950609882511452254707610812416,0.49929641815780823
2024-03,SSE,4,7,1628377,converged,False,1570359286210237830332919863871693835090618066142223,2569661196488949264975318738480440483534130380800,0.4999894106284635
2024-03,SSE,4,8,1733106,converged,False,326343612863790612878418818011561579331919623203951,534012468508154222983884580334194380431268249600,0.49952427393879684
2024-03,SSE,6,1,1000003,converged,False,8958086503153707573939500610307972168365223837283221,21243129703287846355728371819246074993767245414400,0.9880974701750642
2024-03,SSE,6,2,1104732,converged,True,1663925590801603004595074473975540009472272219841048611,3946189385886114862148871904983176087217798654197760,1.0
2024-03,SSE,6,3,1209461,converged,False,1663925590801603004595074473975540009472272219841048611,3946189385886114862148871904983176087217798654197760,1.0
2024-03,SSE,6,4,1314190,converged,False,13521453976295959335378082853237217164384966375253772729,32067622897290143743613989027614088209692728712232960,0.977843208390453
2024-03,SSE,6,5,1418919,converged,False,103243287635923181024131005409853628080412875521249,244827555146208367396020153633626752602467205120,0.9552491395234924
2024-03,SSE,6,6,1523648,converged,False,12103339013374519126968016703665846883148820578098029,28702482430815858238236521097276375452813130465280,0.9266358573904282
2024-03,SSE,6,7,1628377,converged,False,16401993334058317016326448871313462485311046657255367,38897276458381323121005745073804929298953496690688,0.932488951420582
2024-03,SSE,6,8,1733106,converged,False,12103339013374519126968016703665846883148820578098029,28702482430815858238236521097276375452813130465280,0.9266358573904282
2024-03,SSE,8,1,1000003,converged,False,13502850961082885439920120132191559264332422655111945310203,38162579932671815266067063308519957492289741778510151680,0.6522048852379843
2024-03,SSE,8,2,1104732,converged,False,2331657202664998642709063343372672885034636372750094680559,6614509571727737702719408037768980303413424515773890560,0.7325825930131158
2024-03,SSE,8,3,1209461,converged,False,13502850961082885439920120132191559264332422655111945310203,38162579932671815266067063308519957492289741778510151680,0.6522048852379843
2024-03,SSE,8,4,1314190,converged,True,34724324156302106244899303395270116782030687854200509,98521676738800876374735437249126861546708375961600,1.0
2024-03,SSE,8,5,1418919,converged,False,1986759157191953372727269054429789486218971732805480045,5633580519170319375801523067954017170156618050961408,0.7160661358319037
2024-03,SSE,8,6,1523648,converged,False,22911522720355606802748054267366082587597463006754284163,65005072323169516785898163644512853120584500065075200,0.9763308555750926
2024-03,SSE,8,7,1628377,converged,False,3447169087951034982101063987986422750871575064013795519737,9759705779791431456754538434013607944716633413349539840,0.8281691849032363
2024-03,SSE,8,8,1733106,converged,False,3143454575192120058651062856964905470509425343839335399,8854911642552698592011088710581503716940005001658368,0.5817075816409618
2024-03,SSE,12,1,1000003,converged,False,1994584649644299118311124914280710053704000901850602684957339,7182834780903450072609652559370382234151539870669492715520,0.6064922418366109
2024-03,SSE,12,2,1104732,converged,False,1757354670421617292791840177949620610800756047180325652056482453,6253335576233823766348554507201558118736308409577248579911680,0.6526986140875609
2024-03,SSE,12,3,1209461,converged,False,129712685164987648868752633695584839480219782105668658919,461741800104437325340716218316060441312108131595059200,0.5217696232684845
2024-03,SSE,12,4,1314190,converged,False,2890138482906538014150690292148560548058510225601351066123,10318688355996279749232142372326990229564127172530012160,0.6270666531034345
2024-03,SSE,12,5,1418919,converged,True,20437441147939123891214453521455149186966630096352891954889,74338350212247617572524878330697018694664434260985774080,1.0
2024-03,SSE,12,6,1523648,converged,False,1775323631764616120003833629383181008437662219407552997731,6345349186303545083311551237975705032087509238273802240,0.5110993485548536
2024-03,SSE,12,7,1628377,converged,False,6047314071067393703731065272977421870835357371873297506045,21269345008360453707793658668665726868151226554375995392,0.5020785717458479
2024-03,SSE,12,8,1733106,converged,False,1637843982310091754293618110845254251263918195327611987,5885848216182528259734328421727944917127967591628800,0.5740361995072787
2024-03,SSE,16,1,1000003,converged,True,594626100538593823697972190349082837952628194559729841696573,2576928254078380630021455446056810311455592590503575552000,1.0
2024-03,SSE,16,2,1104732,converged,False,44766776829365217342969181826366231880587977032578186560274614039,183081067420638456376984682294235796994477682421363105175961600,0.567489456683955
2024-03,SSE,16,3,1209461,converged,False,42429306336982491478400214047794783195622690138641333173752233,182928742774689308422406886978073117616128879468768206520320,0.4844567624508822
2024-03,SSE,16,4,1314190,converged,False,101817677463251742518170030397153529345524203998146073071732732941,437436226016944036208710057908998112396696084699193324433571840,0.5833775314506835
2024-03,SSE,16,5,1418919,converged,False,6987378387183049072121954836981118259088092721014882913242240511,29818400229054556338204710314656358525403140687361735865139200,0.45547531297885707
2024-03,SSE,16,6,1523648,converged,False,101639238714309083509614140651714199120916042524567285126889,439970125539477611176481443000577144920067979310352302080,0.6205046235960506
2024-03,SSE,16,7,1628377,converged,False,432682881636530771161206724516005827552952098606444124053,1872654990828676628098017076938555214159074530772910080,0.6145559615267482
2024-03,SSE,16,8,1733106,converged,False,1413523439552886955324093017630431533311472847976052831223857,6074667648421835354326376829985045021056972559510897950720,0.7294564605011851
2024-03,NCut,10,1,1000003,converged,False,24887130064582375967528504580013783914871271306947334213788602518751099876976266271335503950432065963168654922457382673809198450822167464985918492470381636847404105142740466888152255779791,21008828466979998422450611480005413138842259719559763557831851755369674137976619000655471759321088132786081205529062457860124203762610294000590151199992722598912667917005903754836552395430,0.9930101669585786
2024-03,NCut,10,2,1104732,converged,False,35261784811463815613595698707566505361186426495003685549562649362419430355048036119185560294618859120560893052804432140912540688022806878576076452342608649371604700098694841356411824591468,25348158362532618704219093458844086368825914511223792017826704708728548037938762147552511061893016090536338444779669316288220469553847661741630213503421865821889881170128601289082466533809,0.8359961073762168
2024-03,NCut,10,3,1209461,converged,True,40451246263047008931266301371266234381923615083384718861179991094988482494503263144013931601025338660430538658754207114134107516189525859792072049402133558227910492678112880673610423712182,34359675733896090968437533086323470409500289100297222334318386752462902047888914118858683992895768762684185453179045597320682289314409225561391741099575343722518240895408729105472781872299,1.0
2024-03,NCut,10,4,1314190,converged,False,242498022056085842348934023235181575648477288868401274885112802549625467700165645766633854148625797338715913941250904721798924696611884977584958490527991765245973594011172666103877039269039,181500657211422851867058185227913267536058636511987524249729669139111563486153801466838641702695503390599875584426824325060196024037762599651379463320491480130472300034734917404035176010420,0.8857923735094917
2024-03,NCut,10,5,1418919,converged,False,10123306455563858686537263628855203077803893581171617354400929055322069014041236265187987278248929887315422434203448828494695162979103377173956798508109253121994359550107810913564829091797059,6966219151581623468467272906302568045619645994631788270569193396688670891253254608177197681438017289731901534678522640122583203932914113777287373951929788607621693139465151247346896243344825,0.8304296310082501
2024-03,NCut,10,6,1523648,converged,False,3581295235961297103088703375575493673963488046369355778900153528487319418795546756228881381497329816951490501608297914789186508713264030900987283366203197489012640310280601172940790231583,2503651403867810113895015581347253994292317419295363655356318006178298416398229288380290031636547736681296894004560087678534625053454753381406829033187726075448023539845462472598786095900,0.860926906943847
2024-03,NCut,10,7,1628377,converged,False,949982749140882580091675085451188636758082014563479325560650880399882164548652900938239143238626882026829373005187882751235380653498355881338866448997582706241513929074538841979373316924089,631694485561854301603484513226557324561477316403466914243904202216990410636841560637717896647192367309576567129034562395306696495513103754151802024731719580760892527233032734550820056384220,0.778933328157268
2024-03,NCut,10,8,1733106,converged,False,4454097551167050636208515826529760181701288803645026810640829253410590132663823840253106496969196860141901906076376050765769393994507828549289812101979866198789510100454516485767475686741319,3778863078192050709974700961281064015245515771985445093951824314811303429405881754204556831038115563326682713061303131698778748506798977609654168063971639986733933029407992605467567574365110,0.9768887427204432
2024-03,NCut,20,1,1000003,converged,False,4561451013068122302098550701242896766995256343551601683392997184076480081641497914239955927713305699278034145494998783767370991613312120921497230690767138854590393733023540754453836821831512807339256006542512356125144523010122158014971107836861070296330375343685885387275702229816848820164173117696745109855705515837179800441502017004614504408941693242596963144724441704465,996577268893394960828762515675886539373248813725594291022032564260809857566755615435014919010653990957167420443850227688954403488687772721153624677637143601083600218915219617192462956737793133420649388426673465337392921101517264852971759415371730180637508166830745681567800080337754163332654527970577102159415585239774796743414978535674217732808302392638050294382967403584,0.7265802631150651
2024-03,NCut,20,2,1104732,converged,False,692278010145578724245706218424147746120927419971031586272179291747562481482712561649177400816212194692158303693960678178558985872843090023632713369711917261102218499428964968721375534598535199743165462375269642742039945580209605206383179137850206175051441077150199966667362962710657766442326174881101439555476679242887294082325201823532677490691532230430629093,150860629282528752170073917558632732307982187317217456795998859220229903277464971740672669879903675623615489943189603059844798968640889475736760656084435167499131758393251987849225609642023497507924401558921703315030492256572805872019910923578627837767347858298553277292793589028065204879139726545348522803208763593529620315165729568239567548554463246772986595,0.687681166396028
2024-03,NCut,20,3,1209461,converged,False,357911620423775754721364824748978984549621482021318734842147970791255786883678328274944707962586856832285796268950425851350786988325022650295478543906928960048019149769108077337661283246912320958849145082003604944453227677127163322504178744302828930870744818834190440648207873771545628754243413892354868473202476719184449746484024958329760379991390203378429540163,82247115317484129836092289560189105815773895098026176270328266319743724350648779855562804547609565413834287505275409997931407209013545469477303807081402709835494773078595438369841776936732404444195170136164406038333216914203908894800386095502451411659148992822037913876383951695251232035364598348495604184690036517597254489242795121344263337928169429379602201600,0.7993096616510585
2024-03,NCut,20,4,1314190,converged,True,256906410940846032730635927829504217291675752299617180338102059828493141961661168213328398967699158941395954568519983696555252012060900058108687921943644735854538010682876867022933210282595251917740575070727804435155196666691277423379742678180577662012717617948623384496883095045639599192874893470326049764035649767531049837482974121019644175364305410255833730786386624,64113128367754109401705176431518357277913133320274374233304416191100367813822554376625030430708490372806084065037019926159147374409413877839932718907232211487592543246855577379504264255289657538999929158172916533336560231426812206966330833692412455356329633674245134539435276674722676867460523439599661408863508014527649004308004294486313301558467246015482812054635425,1.0
2024-03,NCut,20,5,1418919,converged,False,1434727655418862823186572089850857540146774820016038433435658728540654954946881434021150553890171536744189371368633097335781986583760435528463796529432753021618561836838281620408880665762665419728730850905403773250944303274054786583925533067905691403324812650798731784713222333918505914640565180255371677234570778037960592710681791775918409022966682855642873380335,345694928725134440025380535376653797027099301804580533455617408504089067867926094171017422507482191400501097611208447636718483279840848258660877909509258251008750476597518203404134314324750089110572199084836645633296454968411857759212238320834054885877642217633515290662998477258815475213919568973440670421019910052033235733470404437190247048578708997513433859763,0.6435398848517322
2024-03,NCut,20,6,1523648,converged,False,321528109785731001983211536468009915936554611800901852606640825941646291586118329380321564349841058093056312137277934595507674333933058037507891681274985146906343806139995268099178608463661785811332653500721212003912362731893054837591312415811349890052349210730502467316994544893244082528401118234076305889555022996484917236236621791312987208872685122723876589303507269481613,76209083843097666413679174309043674708882696716002751553105729826871129441678961456238717651382318690548207511764754365637384510485625506624282447472170693515499963787977431363688993758058992585829996546782628647100124113702957532410192693913057272774361797653087631614976242088374337983854976570575520621868619934978891423867766998792380984321146821609755949140104168297440,0.7053518468027368
2024-03,NCut,20,7,1628377,converged,False,235600970896189795357857191395629512683892128628549646150099205713063692260947865866779507570103144055437932167403390987543447346212701628641664612392540738556009049174248018092949466537495037446442711885057192826838131463330487825334974938498748228758774948023640327887356480878079284761528022295600867902245571480407581402685623367247969991234629740112645528367,48985714067781178293330203131300832674158311143057812784015107316261220449012357792834389680537484783151613261919593622270908854754031426453766842916005057034457243433062483718986173937306621305571156534220492353194542088872785045083263455162568972300519425416233661236607530887382620927665313365805625615537024387834155893360843186560618907154912949834848366520,0.6784685991984768
2024-03,NCut,20,8,1733106,converged,False,1831761879945394986327183179955565540341139946690042087348206783304475851554209732187742417144606573490379176639859105052181285830234439904664884914938990721566147243543741331175104737101834772298542267015106541866961569234798237910965265168750083861738067122175943581082419165734361454849332143997954954380838993131262060964177759706892518288480278920530697401494336129813,432846511900012415319172353134734339640763314652975585597150820835573165859630713779286357942603974144786818361663376040126737632307306920116330552639864136799809752831469955642475199151603806413721461847757886536295482836741186926046236096755510860774748841746874146666906935004836691641045690405386332833212487890973639542360351118580218357615249419817390178458476485820,0.6573286239054577
2024-03,NCut,4,1,1000003,converged,False,870077232030665192872759671674815013797454218091307038555548618366317671001521,4058447419386833783353688750121817527030394816274309369471198081611819398593070,0.999063646521619
2024-03,NCut,4,2,1104732,converged,True,2618847441473295255087246995325651593320329360899861739394448639940920332232165,12217678097903867667962162959652044229605625373788957320048491420259655530726082,1.0
2024-03,NCut,4,3,1209461,converged,False,2618847441473295255087246995325651593320329360899861739394448639940920332232165,12217678097903867667962162959652044229605625373788957320048491420259655530726082,1.0
2024-03,NCut,4,4,1314190,converged,False,576014877062900162113571595003958132423034950673600530495845789549407905182661,1963568715606921723367179764927635193314118712736779310890353420158152968396725,0.5253413514904994
2024-03,NCut,4,5,1418919,converged,False,576014877062900162113571595003958132423034950673600530495845789549407905182661,1963568715606921723367179764927635193314118712736779310890353420158152968396725,0.5253413514904994
2024-03,NCut,4,6,1523648,converged,False,870077232030665192872759671674815013797454218091307038555548618366317671001521,4058447419386833783353688750121817527030394816274309369471198081611819398593070,0.999063646521619
2024-03,NCut,4,7,1628377,converged,False,870077232030665192872759671674815013797454218091307038555548618366317671001521,4058447419386833783353688750121817527030394816274309369471198081611819398593070,0.999063646521619
2024-03,NCut,4,8,1733106,converged,False,576014877062900162113571595003958132423034950673600530495845789549407905182661,1963568715606921723367179764927635193314118712736779310890353420158152968396725,0.5253413514904994
2024-03,NCut,6,1,1000003,converged,False,696495551143274992250614574179749549218232567264894543882790158301751222057365936755760884717041261119821429693588317,1075305456311146990453240478592690368096461693436129822686723783198597950415993006490415226848290085105846984762813690,0.7422104623243142
2024-03,NCut,6,2,1104732,converged,False,114648866473665594799619175834262629143438318651024514718666147182794564610210894200705722404071296921770217238661,207100788210685413858036309869794001186998642434512294626300214500047789805609978726493408781297144806944282445258,0.9412949849864224
2024-03,NCut,6,3,1209461,converged,False,1391241911062310390544383055908719723714961678884484899407204889845557783835431600448503501830004616477172791487721,2548273834005736463995493050933077675045631328128074412419274674944483973355572754671102067711408715087869946951070,0.9930732245079613
2024-03,NCut,6,4,1314190,converged,False,1078063558171891473715177185529957367499379091741076262358504537080301418186845718221699775873105223196794508881698005,1605012682306148896628037152814642807792211065366008091983791909164066138124374487551970924529535817191063426542863469,0.7284829011901273
2024-03,NCut,6,5,1418919,converged,False,1914748063867594206036248814372498720104864879153571659338228543025256703175592318069000112444252376827437652202266,2967991038014430413986988252409197197896529538571943780017439160255190265969747596259947839971273933704993519570609,0.7458111702732102
2024-03,NCut,6,6,1523648,converged,False,3897837292478303094570724387733352545045357905364694698705258593367383323388535939475065144008688744644168402118781,6193447574154518080721025910557124610034324318082392238312175758966710410307421270945218312959199403027426720924175,0.7500486686974076
2024-03,NCut,6,7,1628377,converged,False,64076933784390419581660422429572808560503924895404686119446136546827204402621679013836233133554565381124212140738405,97300226574563302709319575938264250996859925892332485629589251869887857706148831898731659996833024802896579724696648,0.7306236108154195
2024-03,NCut,6,8,1733106,converged,True,778293749920390041345426886218473366570526672279265171233501698300904878311001490960565087486387362994312753556882,1437225372312200973048841885117183264064969527753289420910411263724438353844992408624239150568336153020426704074295,1.0
2024-03,NCut,8,1,1000003,converged,False,12471232370164574238646120465143020282832758372560284429312977634344910565256708483659306919708843478665705499120682163222337270796298417529631878176667,12672429552290146518603056122190719965740809248181582657613156256374536253203876013361811028180897453651824270962108833944578610979541929321571687050600,0.8100917000422464
2024-03,NCut,8,2,1104732,converged,False,15100675559548787515128002614488889388131469727568232066530576917799520400694249542262160231016524106404051825005787229570153447659737515154109699882021,15964419044198398362317347203425165603628872060881059305405810865719118534772919508778273991355737646143613722477477628077968881919812653985974206888320,0.8251365159867169
2024-03,NCut,8,3,1209461,converged,True,181397103232613604611578308029743582940522067039763476883314729894685505020249621364341074286096155615605257269437594433086461880203043747976477961461827,222270990890742235562386896110121983593240473618325120934620209393908746465363544985719019130055322157026990686743012474898684920846810082914556135111980,1.0
2024-03,NCut,8,4,1314190,converged,False,96413201357551035714448101105850568705672399743764223817653104385279931671802439866420520411905924265688973095600149474732143939974854202925321059545607,96327585303895159938413451641580884774319398904312375772323971366451242711819779907298338972703508684559932595039590179009316033449393966131401473981840,0.6174124794572012
2024-03,NCut,8,5,1418919,converged,False,18917767813830780009263730942456837311635120305013431213705879148490559589603932454926501353965986154020456404042117034402376741745321040231899268201580511,20652581751092712138259379252335253561288582193160913923424852528123772411609539240663826217267104385156137998357802454603227964157561012398523352687998100,0.7787130681789812
2024-03,NCut,8,6,1523648,converged,False,2067229738024410154540176721310028585749257422812874605789634357456734750310954272788901084101316886266889978920744056931776504868845448671634946570947,2081146722303844371070091775361054587669971334815263499528769518774858284140553818964533698690202374506934707496469964360393250404077570957138626103360,0.5980592304769735
2024-03,NCut,8,7,1628377,converged,False,98651755613780567210703735289380423630145133669708088993754697685884174874156384177286358231993490599166583773721890441153819567291947921115560615266927,100964268853281681655262772497109384458355685903989678744709323722313170956349877113404647324215524885426542787412075950608656150997367356202066504809090,0.8130113711105889
2024-03,NCut,8,8,1733106,converged,False,82136295528388690901265916299774693694511340996391033989270849591613938244246667148929611166185563613322278024655672876566205618800511792672036791189847,82460511480793803426857409002396901902924510405809956755188312173062864441570720808121953628082236171174322313896173706727563506445897625861715100847850,0.6414236605923963
2024-03,NCut,12,1,1000003,converged,False,45632503512245566048010112101802290281080290896942480718588158083289270338757116630936875017344076811883504680401198929537758050851678830914180461082274317057945143206187693753131002300088994379714204193239869997599228438682,24621999069725852438939087377492976841344628877182371928770813150448820853856143839360126695867509748687579811698729487843350887385729826365975872467586379324233801330708614469882356962942081207706180441697852661039121353465,0.8369205096846418
2024-03,NCut,12,2,1104732,converged,False,260512326425492598097339806605008441078779888152399170271627535192752232486596333753646883759001131890096361869130193959434309884358971778375583882873929004450084418150981731230440959987252448378140352645091163565686447990723,125591227590828832156204656604488834265636662065886934331872704184946330856128424682926245400046526599438220456197135012415924711399847867763948927200321016183533651299432787569611968364031946341938100941900099824840447308325,0.811381631272207
2024-03,NCut,12,3,1209461,converged,True,17708928505526949639245855834231801016477939937924002135681264379026791074290010917430697159270092856760445585350883685337472652592932336637411340389352693595129838405156240337100626461258060290303324734435918155954836343593,10895649673292567651435883569532482724361822524398372973216719673109041164567705635387922035973457028349385109105703629979185815088994231063223743539816278632259826407523868777276025745367076470842799829882837882136952541200,1.0
2024-03,NCut,12,4,1314190,converged,False,32881388686073448212080900854596620042260913730350379745393399893031193884436464079058891270372880518202284447514347875793247390797735206472722719613553865048038752294670817848740917379721058909924020984874657168837497280577019,16948193566831178273082772553444856011003811401128475184097361864031175784159627932137195905501005037266729395699158273426225054053344040374367258815917161117361846467399669913903210885866615172467796960417452146143034090513090,0.892372276718809
2024-03,NCut,12,5,1418919,converged,False,170225999027736046922640635081391441109064574052128950923139744185355192674595261953861563961181393608534116353963084836194795415324627435793777850587671098375387807876792683899159981163831585070103837236876931874664457459649249,83236148134961920611061132788315500257866058319620302400759780836328691908533230878789658486968535090115799023035322452155317587311776166941259479903321281945528894990943811080578410421514804437050951460806274681264881405746000,0.6807342142952247
2024-03,NCut,12,6,1523648,converged,False,202071596154843821047103865471756665176356253455510612176279561921415190238002192813152983243257964580592351302975762780783925292095970216906924873607204356551762270286503885446526491753038952342160357941516277485793486119467,103976454614963317685227425251667687028827728046192001276501260740442845005272201167737895945294773165977250242779340900091005955230560194206515123726654846016912010706504779998731893883434775502788114166497929600467098863050,0.8919773332080395
2024-03,NCut,12,7,1628377,converged,False,10727864666068061831757836219398099927175100712092100890165061721812531382758863638534520986621545039194097440049580565465884645556562216618039777912408650680374232560223642300890200863907413014273872038157477662989758747731987,5136998581744475495640944605440905029938934001540078320828283998396974889501424534396791157006166972073676040517526409377989825524880116312850128912590187123831729467909830742566365660571184112826512683526898436343532592162766,0.7417745853778105
2024-03,NCut,12,8,1733106,converged,False,32179588113017231391758963753844627029392249680803200497849875843134533808128906720707473769736573970908163864590431833447742246422197807463696740644702607503658743572920948546164765699244384204463490619977255144611196609890837,18262345914726459938805052000648803646878729419664949722620577707462013418079181573970887081892134242198736970525723024293627283039541139702919448715878057123544134900869817974653173414491943048820009676474729544834791951577994,0.761786350345011
2024-03,NCut,16,1,1000003,converged,False,3962435038208857011334002442619164973652078384012499899952457015137823424686287928236713984749107217382438328562881287354274728503343275193040142471105332178808862986952345618642208494386384068621591116865301452603242574425587941061353285064122234661472722613843016769875637369623177161039,1150053695227102856822373880256499740245599846221133269101214146996297489076344275859295357664448228061678757037777959541226594062008101824773405361882376470494073140845785055604373555342904511539309505292237108906771301633904835647665364408669715797754000015606822147999771514882313688500,0.5885565392199112
2024-03,NCut,16,2,1104732,converged,False,155292518745769755428918599483764195016029324033783543989065833383749675968705688101886979436823825885409730708544655869386557362059651488832208095466330694297683400513218043480223666672077880888376026136691816607225486299549017660569230214924778127652680380668975573102977649581019871733651843826856,50418950964811897600628548473332610619747514361886115115518792471691192700241634126982525928997436788430516773400293609295757957132200633438073598920507025870772642557366743427766324766099229459127205172851216160256789748688734826719352481510077237488292440954154313157042359387324591159133712136515,0.6021132416195829
2024-03,NCut,16,3,1209461,converged,False,551135566527124912558466613868077597763793619093630822006769484888803316553069288581063604309320601925205692707923031192362339504607594463026945762958862451504978374721612227780393692099965296619297041597034879573209574402743340816859142312726001719984680385470169779003794429840222572536702384723,188293491223985062023108030348678326982854813161255533482070641362290115617431504938196592641222369918046784067205998418466829625364774791492133368064267812020524325427388546136684554378140894460044285903505943825034977741044181456441557480979489249225237142993022985263466590287919411837229994015,0.6579339086587793
2024-03,NCut,16,4,1314190,converged,False,10514189235318299073360659702311857246574062006867569508982074289425266040792409984919028299406479329388599330678625401299163590581529826210181635620477623602050744281406830973761821582700554655550922668711040190100026034505838055627515715501481117176180383462828398985404186906023566971315377653,3430878321779110467038682799859059905015191517252782134381719574698701043425210579542842888261995103098332514661748137539869770938267065271212481735208109889592806340384370302614607942920904598368093088132575552491444814040135785352787166969378639159227740444685170299791467879185200617088867700,0.5842537267244694
2024-03,NCut,16,5,1418919,converged,False,386564136191953979833273248807255707019908927626758023789223248886053872884333105099066709271553007570629206901147419059992143919247518296161331052218059798472832970273497785704806708317615218065234689112767530342223401499991606626441617669517958330827185002664463384984740750842442285110612797821504,126830279314646197752212824723576439085780659576699629694056573183587110196262717935541336557734483124802672216937474738615009211135577892218678821802631200953245512150863674319891079431250301218236785759066990084423740888316661186621311097748512577088331387112819290272271958230781884804724625671965,0.6000845203053675
2024-03,NCut,16,6,1523648,converged,True,845152963630889103469473506789502089853379958345123812077104886687632959401250755426531182046538879880132706198098228141473553306607055518483687742111769254670688713586062116728133416810569006326163913207176579221742132312553332263943838591482235778809405241510161202882898609344175964033769433,303648219455590673532011228158751350903661491159637180703783570026822660476336238109971424957501185647201388401038612767070409628111254578133007668859980066044646863996700963185494223164334423829721903266629989469104011726904696476580867488847217009618231234465069823971688417272505396463041800,1.0
2024-03,NCut,16,7,1628377,converged,False,6219047298194601373697025594757600894639710347921263378640199167132238457875064258792895554797941835097292111424116909550634498424566974152506753817942955399896900735485851852370806337941257411060583930271207203830785976224398212051024519083757014395992965923488412426748564395046163580905407922923,2089249352682789076418196120591650158926163551136332472632374581625856713060440637384422295444216470846125449834230201242958535031037224311036510877530573352980234242381640286019318544995178300991853598898637478575423621596700860489414551971344697637284133650216220885684702629921349656086729736620,0.6044421649629347
2024-03,NCut,16,8,1733106,converged,False,389514935131096971086532015196995105666490233354890766132797273191131668170990034529568052459284893702071645230242246468369575080891335799710238491143214890954608045835285182678550070561495007746134341214460117829476484361742338589211483698058647958605128599544687381506878720924010135430092117,133222118232035033753524755335154843331237787638550104447734566301506507377227490922507916074574163080053111681500355689406242486167787041431444710819285780788327729328909493703660543114125337618819462789676098549409456770635489496386364635623355130540109204811159365862219050221582040228222800,0.6232244207751542
2024-04,SSE,10,1,1000003,converged,False,9025431670281537727002575162555830019675221709279926493,29573463141011363169693229443108996151763341305446400,0.6849940960154922
2024-04,SSE,10,2,1104732,converged,False,447647741506422315061301549940779693079591348272900519,1454058081184521392196378576329145580940305562075136,0.4070961277023861
2024-04,SSE,10,3,1209461,converged,False,4660207173353722619592184847622866099794872257734469,15173984865939697454633553460126750427980182323200,0.46153674956339563
2024-04,SSE,10,4,1314190,converged,False,76124995488147403909864722088969987014682792389221761,247276553125642483395361749500838962958199003545600,0.4102900975438527
2024-04,SSE,10,5,1418919,converged,False,5204778107104997747299678848155728976980042062627973,16922533218968523609540285223887709292701490872320,0.5332374775392615
2024-04,SSE,10,6,1523648,converged,False,45815444364964664424496429870842978331234887882567227,149705593611912265252385313076569635739131153743872,0.5777042875230401
2024-04,SSE,10,7,1628377,converged,False,148072462270773962026958612566340617433906985431770237843327,481029658438742857125050084828938594184197639353296486400,0.4121154720895049
2024-04,SSE,10,8,1733106,converged,True,45410575639339149641208894558020753969251866926083019,149180367576697282558182850920351715645852326297600,1.0
2024-04,SSE,20,1,1000003,converged,False,25953701201478256416390451789369808686260502739682777893,128985933642381163348156949405656912056742713281740800,0.7885048971552611
2024-04,SSE,20,2,1104732,converged,False,31892120486979816442566566872419130924430488493124820595309,158433685045481622961988065029792037363106325479565557760,0.5295222103090395
2024-04,SSE,20,3,1209461,converged,True,35712167701744867991838484922728747567078516251917633705584709,180522463381373815419829647855345628000992362866196116144128,1.0
2024-04,SSE,20,4,1314190,converged,False,374066209426722423560189603259749250848801927464702830471637,1823412788099759638338646876032003782020133469939774259200,0.5466805704248252
2024-04,SSE,20,5,1418919,converged,False,69965501837434811906244142085822891425167171296326452369998467,347638464249779453598794537581430539815752492178202259619840,0.7760131350961175
2024-04,SSE,20,6,1523648,converged,False,116673958325430275031873689189955647894750195261218081171213,562414689442281348331019703289128415446953047849886023680,0.5273346119948984
2024-04,SSE,20,7,1628377,converged,False,15732497574683672595592978729612859482942424319271103796195713,77312829134811859222652007631391621704697818742371699916800,0.5102877727488934
2024-04,SSE,20,8,1733106,converged,False,21835054484481667436200232288556958396116637706774952455630479,108829940023625199552712587953171440744333973127912908390400,0.5961159639965173
2024-04,SSE,4,1,1000003,converged,False,125871865978849841162040347195910869150756353883197,205817292469979980318908005330548364668141830144,0.4785482222160936
2024-04,SSE,4,2,1104732,converged,True,5258002236177200436785640334906742423221010611,8865195730383783040052583729659659086200832,1.0
2024-04,SSE,4,3,1209461,converged,False,676731469074413461193073384069570997170362565395,1140886350016793705872889140968729490483052544,0.9418461673247664
2024-04,SSE,4,4,1314190,converged,False,8945333121564239334633760017209652463841647964669,14627182034496593655468205635897237284012949504,0.4754905898021173
2024-04,SSE,4,5,1418919,converged,False,279532723715597602243520422605880806684368609,471296395097482911560265446521240094244864,0.9994904454206262
2024-04,SSE,4,6,1523648,converged,False,676731469074413461193073384069570997170362565395,1140886350016793705872889140968729490483052544,0.9418461673247664
2024-04,SSE,4,7,1628377,converged,False,17938331891729495330161205994968444173976804747729,30242418586067246504345480758197453110126837760,0.9373824989998388
2024-04,SSE,4,8,1733106,converged,False,125871865978849841162040347195910869150756353883197,205817292469979980318908005330548364668141830144,0.4785482222160936
2024-04,SSE,6,1,1000003,converged,True,75818007903851828788430353276884858554320561844924971,182132909435493572369099357271548166591102068981760,1.0
2024-04,SSE,6,2,1104732,converged,False,10131069135454371961461258853729433378332679352502347,24336929872642983425155978407587732899672365203456,0.9955477818607326
2024-04,SSE,6,3,1209461,converged,False,75818007903851828788430353276884858554320561844924971,182132909435493572369099357271548166591102068981760,1.0
2024-04,SSE,6,4,1314190,converged,False,75818007903851828788430353276884858554320561844924971,182132909435493572369099357271548166591102068981760,1.0
2024-04,SSE,6,5,1418919,converged,False,5013195565990973174386172713365250102950783421914709,12040307268341532854783670677835525022303339413504,0.9476406935419687
2024-04,SSE,6,6,1523648,converged,False,75818007903851828788430353276884858554320561844924971,182132909435493572369099357271548166591102068981760,1.0
2024-04,SSE,6,7,1628377,converged,False,1548806371840778751159625622362550485784545002766543,3720484489305024801567981787736427405738959175680,0.9922740463549874
2024-04,SSE,6,8,1733106,converged,False,75818007903851828788430353276884858554320561844924971,182132909435493572369099357271548166591102068981760,1.0
2024-04,SSE,8,1,1000003,converged,False,146479005261309489753234424999342842269395315869353,420414843043948383418707349052526300333049118720,0.5289024073300169
2024-04,SSE,8,2,1104732,converged,False,101342262322614515553947491851374184371491157594783399,290852815087401622556576970149695551972484935843840,0.7119016573562011
2024-04,SSE,8,3,1209461,converged,False,99014860301090869061883094913013222538668678960412513,284304030938107313654410302616375493663666051481600,0.7272623496169529
2024-04,SSE,8,4,1314190,converged,False,20754881290304349474244381569098326368200210054370601,58324474763354254312882036009495218220478874255360,0.5504705818776926
2024-04,SSE,8,5,1418919,converged,True,65543487151970654058625595257816669163143622102361859,188945715111588838159469477399565439692800765460480,1.0
2024-04,SSE,8,6,1523648,converged,False,32585975657030470658276025538138919833841542212089,93110083843394688532237405434455623002111344640,0.6261922656585591
2024-04,SSE,8,7,1628377,converged,False,369383655428916513933025503200026394286255415256295073,1056521164993039604249605399287504268070604547031040,0.6745845285145573
2024-04,SSE,8,8,1733106,converged,False,274720516903816167414320539942776492985434910345678249,781095679871591709405700545470811110929103669166080,0.5677476389808677
2024-04,SSE,12,1,1000003,converged,False,57402165430911712791205763209459871726601182468263,212559549797253332185101527545376390808338432000,0.8583596702523243
2024-04,SSE,12,2,1104732,converged,False,189430877230317381211798611507927268326409200423567657,674896341473305396348947363093463637878895751987200,0.5823197857997602
2024-04,SSE,12,3,1209461,converged,False,2289506069434119701868722522031483410931164694077719,8354198636454906671523923544854802775718800392192,0.5336845929877415
2024-04,SSE,12,4,1314190,converged,False,687489148396275138308398072839279848431654084188168481,2535979747297229062254340301617330091052287634964480,0.5951216712426395
2024-04,SSE,12,5,1418919,converged,False,161998155299027699311586378885234468227052475952233422322001,592754010224330296308238710475137329269714470931582156800,0.6423411226653017
2024-04,SSE,12,6,1523648,converged,False,89003914384137021743842111494184295764458574930787369,318950790186177415121688014434630444655430504284160,0.46825016968009947
2024-04,SSE,12,7,1628377,converged,False,4007122988056969710117384747379036561205617010639623081,14513076917150494379311756416232667550606099795148800,0.5645974217691786
2024-04,SSE,12,8,1733106,converged,True,127686300356717495915219007032689416400498543922902318205,472883527545580467975094271730800187086240249620201472,1.0
2024-04,SSE,16,1,1000003,converged,False,792299882107616333619217834626946737520138865979943528016537903,3531195036278396287779533186920887597646265537756421056102400,0.6284676392180674
2024-04,SSE,16,2,1104732,converged,False,148124704218490193338901020148390261368268069963504693,647856378628936662175842401240112439632972899942400,0.4536816408773597
2024-04,SSE,16,3,1209461,converged,False,28505748226079347041496923448084962057534182516463915813249217,123777130933558016049693958235317477323790973644469541273600,0.7044000193958523
2024-04,SSE,16,4,1314190,converged,True,20968458998365388120606984032640685715639136148185274155313117,93883434182643892269798538992606583614813433320206604697600,1.0
2024-04,SSE,16,5,1418919,converged,False,15368732345692741921798451943709570716451526864164001,67020621614070097461932214757037387338761004646400,0.7160901927950478
2024-04,SSE,16,6,1523648,converged,False,10078765624341272733611012959937548199085468521039280553327,42668553924440861093753339422891119916727595016566865920,0.6972352205779009
2024-04,SSE,16,7,1628377,converged,False,141362713832359070603954864196044837800871354299779457705713989,617943989617314001367441761910804267904731335992808361164800,0.4810059618683681
2024-04,SSE,16,8,1733106,converged,False,47632351228766581426868859489387307200235322326461972971241,212980352822497889021147526429539356473968686949151539200,0.8112141048697268
2024-04,NCut,10,1,1000003,converged,False,7285140221613481315725079179031773812045681461329086867682536052751769427108024544762380532834779172573872372889499190370409894244375216520992681355914815640580055336868844281832264142584927,5710599527713214887974378643872280472736929074372414335390708893496381842697538456358951101739875801704546630939006596686267606183214256490856060433016479820717496517348462596445837647509640,0.6529019608085388
2024-04,NCut,10,2,1104732,converged,False,790243663129146658401232576439646659076739917427560524665743348409680384041807157522078200323980371183524001612278872574736116166771200372854571105378455811011735913179532580226021352813043,571618607550969551348932680849562323256592752828988589137398025995850228697374950933759704177570119825548443139005732804356177470220528677367239525368727342084833988593275543813185522843610,0.6927422656520451
2024-04,NCut,10,3,1209461,converged,False,21665267531593136157586664042921077993127326167718703501533711486163931427986926925055512610042018976519374547410044182617767734048353205212257674725762445579272179070195629789344667520049,15934767410936482013495119439482241099393651383169622335024477212676599489487011310628480648500493811402020804963047679936524803628734016623140762648542663801389388335042507424063371212000,0.7463120792596961
2024-04,NCut,10,4,1314190,converged,False,630032231192280648753418805766476573817625008641154598710098691698395693467778154137054997761691691931816788641139791194424531845604249730143472112283016614379576969065125972431695852694104,514722417051524000189460545063269600399330037946972596857306374224266981632575352453937961119764182726726512456286690896450710666705647166358305966293711668018874189538462025297685841647445,0.7576134707732616
2024-04,NCut,10,5,1418919,converged,False,61961926031645090543532993755626794308401335005098403925091608569217581533658786574181797535281730498521539741968983589016612755811100653408005874994459377401192195741046962132120134603914539,47191767564850352489791105178814124657527388565774851407693604472714647832250560336507871514356380714372630663496432315770380086393518150372597548783721037841986213605263346022722092847330268,0.7332770727879537
2024-04,NCut,10,6,1523648,converged,False,105778609885558602448804203043302920448994553022562851966198532983798689323126909074553349528775685765713641791336802422228568009571735126477042004889442821972185984139775300359507103204814,79323775671949593348978805531035409324807428200384818326742704300314728012868522642572273390462890286619119803124852240461359205576857448325088324521991353117623879339146564516369686885875,0.7798507605782223
2024-04,NCut,10,7,1628377,converged,False,200371511063194294001565999041251826837645280746946122070845020329405692143071634699647520977004447163415182069145274809495400126088055014458797762275681124078783416011462346036961984304159,140976171466103819956598657682539461373459810906915888628911403443449810458752030979687260344924135361736347484335968864474496841795209525418811983161636578017964806318022546382718046997325,0.6140881031044889
2024-04,NCut,10,8,1733106,converged,True,8233948465331727912874287613655854170230627849336347486895332268431348019068436420388081481154588263768641708185574329647198732580524713747001515267875232458713073910000243451770885748439,6973328536035094568944908601309221626239165172027302464462125934754418443949792232180874268913345641957983662497372753020157911394276379507917574751242517336598898404320414336700355565190,1.0
2024-04,NCut,20,1,1000003,converged,False,1464356219191766079420694785491612767656939151532575163572149639842585518238750056342560122569704766072358231889665533797172870564810119544334938574157076370934569515129495328531385422187542871239458391862355236448711223173457695666760780900132145358987197356518627693982348611444346359369796730645210123111415800319699795964684041223774414019723249413020458501179122,331034979602306577749818590227375077351207689604960797713879062833741732640882472603725166153033767224346771336573637503518338455289785368581900171240055782691089432668821518742413219873535780101484276146170744858757581894648668300708862296084672390525644296777975237253399565725133132863286324124746224092959397980345887265518463710079474446581039547416525425457875,0.5946552999437998
2024-04,NCut,20,2,1104732,converged,False,2066461090114451102052452875819169339009500658455764379596287883845133768108117738502614671480288135171099693510086727950381130351633800807182707423215402790841790293139482595882527289113946837085850425796716025180668827788648573740864188990318735421393622365316151168371320006663840028671322053510402661970494035537476496026968096119450789145070987834660834438240831,434692244054528380677448085027386787841993489498931134584721555272209367809062124845297467004482917230140355664242300557281324403226468548654697605614692686021515587710467369671570791748743013688419842365658144354669298840283138915900375756280538241911495268333906750773026719246053177508328898068275623036890747717384438960373641411328908434222824715066586084796420,0.6016466032686079
2024-04,NCut,20,3,1209461,converged,True,736505289317224794505158809305080103001784877856289873491833169868526553271099306809543896261714410001315776354296908862332197208938071964754189517640941070622947656982431743526574284764637104847306892884061976920650062638714513466306774588009977638082169335912142190792744713712608718630600587225628287494377202569180890254130990025233308614058294576343028925101,202428292623851058731525346681889975800610063226201254984357754116575528681425834600456399649473142501968210178499140769405021879377281074248181832576637775065449176144458613739199902799822041082743781129629249076960157222552242370566684594112154502551298352279724770231481469162391314330076371206986587296503032489143444632104312699405556747871583334426418367000,1.0
2024-04,NCut,20,4,1314190,converged,False,14242244122949256350742467973393837435145769512073997944308433920012231555667042627825360927790957267311477578050748040635649757600670176425879182602569077023187301831449780377605366397038803104174081209887702449918811105464296685940040432144392185429372291335523019484208803177054583109441450705294241907067165881957203257640970443797887433956430417659649727884034205679,3529120224133135357245929979634901999030785236661188700096452409016580862123020560058634155122648609670362906126778499583464504399827587751050073717900069719374016604199838264816639697935928816240748372954678480099099942056184748505694056593977772974153984452864417527447022094488198004030625937414105469867479817093695382919629504996188648053465380532708628543184156800,0.7839907697711839
2024-04,NCut,20,5,1418919,converged,False,185102801882500355018684007035839646214128641684007247134797900572749954000810986879592145803007422056597328068074506070161221028106288540048204292054428316996661289569684535218098761498803741595670381680085743612067594102782466772074760743886889314282795900642262837398582798928941092764648006947756557622587619045740416246467955646691658032239030797518281169853690619197,48691521191941313994548082260688640776879106993958470941118134769232287046642766630574986744188544925073405985987081722095791152481316221436761506367368807177307357799439683238225605042723687022403054160546026882623732888692217776990180326084828005960705442279096225984605836284532898469979375231466115462898325327886190717563746979800816580279959652351045897198995760500,0.7490560738454474
2024-04,NCut,20,6,1523648,converged,False,324470539153284954012292996279784573342372768496779965030467418823646577465164871681281018568967203858833754867502049920976264373780913213036429976695953529902234491664198908000005752436503526372967259200378217763935390927165611660386991801491882556143743349341245925095690318727704894466808850773522807020831739281657333022070137898249840164659678395737341784194414470997,87719198546491669785574472931825138427786338389118049553433886087400427207899241379322509074646876058873512770073557265480080455946334703394254459152853879017394290350029532313882567217833688891159695391333171815729543255991100874717162879250119824804142935541521030770303491968087634710277411592153822724317061639634575896240511278355181943476896762480124870376127489240,0.7357835210606154
2024-04,NCut,20,7,1628377,converged,False,53517732788108644340474721275346944061043511288558005957280241710492571191790981685211462984357810623208927344288499618827258387698246685943750307055103684899955306218461944822146734090402063006959240595344015015026932007679307680422080914061689304429107632476279691073412726307058459311517912475586036803308187478164357744454670522175797241143919350576292839857744967,13231992932804327931887014992181383992318447310464638737003949163193765558527002005918789192137295301345264393922998997831982335977114517853393322456617021067634981440657994744713236082806422333273789729738417378153428952416533273594792100094699747096147940666239821187503447094352259364101366410209141150912069948816875108928016356485018702709732865573717341143014600,0.7016534440068133
2024-04,NCut,20,8,1733106,converged,False,4916913421972478901736689950444211438481232176891897742271721975878993413608983271307640268515283515906033271560711538765109749463325040709054543503571312743117223287562110405429070120983468970990281208723967603690702709345288822923951347579035227851454666830471418701132420793931392987837489995579951479872999509924065823412760550739915687105883213758759625036361939,1156194412943988368403219895870147078573018510770176820808403916046932014306966101127006701698455290561671207660481174321616088132776937912378246624491171305197629619810588176767529806117764692562131183381558667246160171427461602100184625312936813916011993170384405450560837128540926996838042329507395701086952168135185711615135931452053698294267659058123825078018000,0.6852668138657436
2024-04,NCut,4,1,1000003,converged,False,336267453588706248751381016109091408490927631687445533191432587573910587473637,1155291955033054021422110272863081217682431075874442626605678050997850128568940,0.5347501341537786
2024-04,NCut,4,2,1104732,converged,False,7311732571651111981724714902789791487823981029331097192094068616954212336964137,24918103166419266169354501235490588777891307685344592289717336643572929306937586,0.5342777159604484
2024-04,NCut,4,3,1209461,converged,False,2016968016207178027993968844367547580920845492331286360197322274496543722648202,8406632146351495327652419829890981710356671488757073213962961094692943570890309,0.7932486223857474
2024-04,NCut,4,4,1314190,converged,False,7311732571651111981724714902789791487823981029331097192094068616954212336964137,24918103166419266169354501235490588777891307685344592289717336643572929306937586,0.5342777159604484
2024-04,NCut,4,5,1418919,converged,False,336327405088069093316688630795380082566470553093347330298570924748361184606827,1154900983851100768901348077530269599106451060621613012819851232204168236601140,0.5354506967268217
2024-04,NCut,4,6,1523648,converged,False,3738910740282830239828107239280016070311167966060679822606178392411121922609419,16106689013151948468822780113622818278699667444547209829680216024971148801664660,0.8204556836660124
2024-04,NCut,4,7,1628377,converged,False,1209131076236524774217279533557633332869751388702972029122958738138648376034296,5768888817326592650135783344690746404920220690706351179596085665067617057125635,0.9995779075050228
2024-04,NCut,4,8,1733106,converged,True,1126639648263864621642246743786744677248789425897226720794490056916989229406,5416350502618551059960785573401950073444853483433422686260881532357545667625,1.0
2024-04,NCut,6,1,1000003,converged,False,875267898393732103210603861897848266049657147680015708892493045775217445599450926548099541806952606307289365523024529,1366163530688003654645130039092196178586778128715142919507028512020607300901412088241052718271303893354589009678233820,0.7045620503737084
2024-04,NCut,6,2,1104732,converged,False,48039533601534527908927302817551211076783801405807122109806972097351848804779486122420288089469635000464530809850107,89964897487511537398885551380889668852531039205677985011596475235130472907212728055755636450390417821732848592671625,0.9967938599479222
2024-04,NCut,6,3,1209461,converged,False,54997997558043677177345532467365468748097855753990427188372255316869599671499118756565683506019218810900536835091118,103050395282934055127510647559682751846261942490013177394259402489495388774815979794586905390806895450967746173690875,0.99599987801106
2024-04,NCut,6,4,1314190,converged,False,875267898393732103210603861897848266049657147680015708892493045775217445599450926548099541806952606307289365523024529,1366163530688003654645130039092196178586778128715142919507028512020607300901412088241052718271303893354589009678233820,0.7045620503737084
2024-04,NCut,6,5,1418919,converged,False,246296091394671598992224495070919668167223796170117588385106051013613521613302529901288767750098018659771211803577,377441828622095401777692596041167726197496117118898907655090841253115104746982602248570804117947695322825548728840,0.7027021496891852
2024-04,NCut,6,6,1523648,converged,False,54997997558043677177345532467365468748097855753990427188372255316869599671499118756565683506019218810900536835091118,103050395282934055127510647559682751846261942490013177394259402489495388774815979794586905390806895450967746173690875,0.99599987801106
2024-04,NCut,6,7,1628377,converged,False,218937754475053827867379008599850454427173718571884228409372164050219303461198306404943510003200497324764693393668971,341815466846871916064426453072825172168955163595187205806107079705571656973079470646889993352661520910098838226214980,0.7035920000882807
2024-04,NCut,6,8,1733106,converged,True,476665461042024461181528772011825909142117101824235821756147793277285255522118710271142768890454962769560710127675357,909319047929247614514300312522894294404832464891941190002075464334656955869221379862006908303661282359027241596859125,1.0
2024-04,NCut,8,1,1000003,converged,False,435450742872814361361041824021599386481580561541761990873969897991672127976383466931860182091034218717416565431894042741797266330170175030995783068153,495332558360317702255875718829111651501531134293941876792962289040317005739627415869110645483089304446966059352943396346812699718591832502379704752645,0.7741929703169885
2024-04,NCut,8,2,1104732,converged,False,97070503291865716899045923912036107540455234537446222507600463364310691717067212517260651542471333460688801992112434274439561865045806709932288159707787,106803607688172087696297874035969980534408638879365360323967590071857564784580059987576214737481212692860198774951313842222545396626646538007290145019640,0.7991740828534322
2024-04,NCut,8,3,1209461,converged,True,17648487948837837006288905266460986802260409616271633796706352069024226803416349204524315548688088248387542895617465501233921739989052953305869208468348188,20708446277677730533465966597920855690579835377902451647310945103566663574505150251739070853537572307828863740466141579580656228369346640857561768484195697,1.0
2024-04,NCut,8,4,1314190,converged,False,4196617055840210107492726096708462908990121317520778828330299219632240542220589316022066956228038562818122427268671021966184161661315709509967057079619752,4319512918020306013617617429506567697334185890542498279991870680518159202458579108671869526984202130070947299243963440294669997881682149574185308431541075,0.8363530858720664
2024-04,NCut,8,5,1418919,converged,False,24982840972567262121047735042397483264533663664750390073987951689168347354260765984449381894621158462384649034002004853920460438907583963225816681795937,28239764716031615673398781798256920157182747766982912063105752589157804198358469902743902819364341186951069850179198941963120661565774865557733292137290,0.9162432787158028
2024-04,NCut,8,6,1523648,converged,False,368949696406794693681634957591607728343455389682619843074263865008678819387282711163796698299921105129188605024841237023322210506401820012387951991882283226,370868795334869605693888354683724439494395148942850197891400559409549003702290111636494147139051967119843502976608135150280326669099438756250981432323060275,0.8436631628398608
2024-04,NCut,8,7,1628377,converged,False,4102864281017919332977151043246004271399451082973472139803269296728685931188971981217167597481174642796348106015431876322738033627553127467724351961157,4112757602710619476701035355434955374522567169604532545106226050440550389314795745543212279446645010541345061960896859232919720550063271491959556640756,0.6472896828147217
2024-04,NCut,8,8,1733106,converged,False,31425870427155834305749962989321739126907454550143880175404676275446311923998451811082016950922093328501034173314692572213626483468392140557910271216495029,32588462777005638866754086154741487060938029181146604889203718485146263916327853621514399631753901919825363026548562387637227202495821994252774504590138495,0.8219151187398209
2024-04,NCut,12,1,1000003,converged,False,502817212213962935009527051260770753815116525371662932913077938791393968645083841842418084746060838706986487505480903634407428779584548694777847533658604334174913661863899317222271017455081739738931462106036287578601171702933,277034401005119382706273347910159403622880299476146200322084926562233752107566805389487309601186565052030562901058845579577062652442328787980561877207581452606081294224345836363952771947773253275538759309220036822414726647105,0.679378980578081
2024-04,NCut,12,2,1104732,converged,False,179285719065703408179363262662178154552674395008393345231172993761566369620311731751245489539153969840059061651572074156154915480846655305512964628728823898978973109444705702493503055691368122499966775322044520559190199806144263,92483301164037000933530943173723708983489484568206241800389789216414815028685478602673353755607781777340617575620303465642262734463553154084691864904088534398102375644918910575892420749241486139973513973737735673391324643694792,0.7214036650408923
2024-04,NCut,12,3,1209461,converged,False,10347733807494449275574710795019276994196139692854230699455048136323936213253688178250403255680768623131999606174302554407737710928668530031362105995818875353292733569410949140519234848636991671450817464831746883206725763313352762,6166517035852877985291608416053248027308641908769794688430177022114951865300914180178422312434465598663478167486627487103512109340150801929381692622645236899457588297264346942127814176445727457081851099345263041432545421434281987,0.9128575156060358
2024-04,NCut,12,4,1314190,converged,False,106740646335243037597737067652669038855547553634640574208386878219385575825167994010966780033848200199866015726349864376262064987943655241083366356730774343887420558937979282215369600137569604291527049362063907888899457547,61426548403041402430302461534521568499053315110241905180928408461997362143508297539814006158607703270526144752107966310953592012458139462394483264863831926362154044115520736267299432395311918388413943218591576863190149235,0.5788767885006845
2024-04,NCut,12,5,1418919,converged,False,4278000063956643002116459361601642055532829032817426535476115945031685388741716233473455987296368255855626430084675680901260471449416074887344478059954676468593491081488289665145204607180766428150499116153707060105126618423029,2252559713939270849620767155341624694435024157308959899352633451382071547697967132599814944156561792791944044537304600364017025480384651230422487336672954399595823156252651144910395560611855554308671284030528500478052395108797,0.6329464771070353
2024-04,NCut,12,6,1523648,converged,False,227375225261301096188095599987126828354631244471977684533881452345177780525068133625720999244177950361899300282690945489115807202027359322553072069785327457317248449793883196276378758295635518612258542334341661706965503665949,124024450765467558469853906353228142469299561590528612476145359242130132233288030212190232541731672271848360916191240282447364208305258440391952096498220734926119124789774938140862899343342347588006456123967626189902495096500,0.7460235941044031
2024-04,NCut,12,7,1628377,converged,True,26146182267137206101696278665328062082073947587548135960913929827823561247933752526785605036881000183396150248340953284335066981341057268405614576814162919737705602455812945613862558161706106832471563231810332373366997379731562821,15805428211606583174640067605562948155300255336691569333657459776022175573505461624637724017245386512743223887467182991533623062433174026036891993823862844249649635221988057546977882175465501996123722777333859656850728069025767640,1.0
2024-04,NCut,12,8,1733106,converged,False,996407353544943550149284265995550659665984275609282526769363260204750753248323399665002027393166051487964805210525198135776050330227348237020780422493121357531825292754672861519066169516308489978173386311633796451573126849071,549289480520792461019455408940866193627486591637089627830335857796948773737791737922014533646229138150204720138308058976809946993838237750079269863513197675417085260974395152773469827863855273694818699334558411491254473469600,0.616502917574858
2024-04,NCut,16,1,1000003,converged,False,136214635492541182534651063430585762884946715087734264066058005704155707561893501165306353179113235625185468889914786339655258156186240666102678457078902072116755834305104028322316459131245015007862466211993942544411997893913597757646666333663223777177067547834152933202238233960743300116268088080,47585860296217755656319221818918072097107473634759559936998000618632789242058154480707712311396046548122745212024981810636543514798031483711820043044029355262168279549358479002181030884807151414558255219066156065216922267454209240874398540418002269282313099326625257492303212930804051676307777501,0.723230493855728
2024-04,NCut,16,2,1104732,converged,False,74798671478243529642226014443579877944167335649172878686335315272401863407728098396421249342939476000539462864480208776284822101794251633296884289379709197509823162098986400248823359701804839408406130516014142213626315387330788680863846801207061610462681056523612267208093822875208258209641798417,25374232703491496059781076857266792170975115997097285779268658888745635485363576671986900919997061625899162972448338213769607324549548691996834994599939181318549912516151617974168255837279482407269999376425026244264197681429640203702354441921487827951992885697011206647831251921153909892014007220,0.808838174215587
2024-04,NCut,16,3,1209461,converged,False,4764887335923082632070034004516006977081161385232331946589658853274392146682272073914226130817871685737670651964093295410196437031036565966642895226799027825827982540451030951194411881968082133067399087361787470693320772271081132856504594744444321787194356295611805777854051044824932415736713702,1764991476353099138308411642398592841333390416744687342742635006607540581822881438839576609828846055142041842632489060715866075859092649560672693728022626524485724122961599286683954594873265654471768675978318843297682395919311432594552318899306747688198876836601557941069043299908004062551933125,0.8122436337710437
2024-04,NCut,16,4,1314190,converged,False,11656824025273597741184597731132395752248793933837052145922045362243114740547260490680356473396153767326009747754992995774644559172248662508048215809899869848720619427928965849113088705220310411264070053303146635677617197353607574832764469429611436838185013099268202512003168345008292554945261199635,4059194035493920106406138898981886770583354234455567666066591189617866648321584382907232380382299035739808132386256948228158485822597177724166722850110668202857459189798798828993673476216963195485395880318336295172017950871962807720885460301334748939482950315008208454479747088301620193492911393146,0.7380205277068217
2024-04,NCut,16,5,1418919,converged,True,10546519766717055530751256999373134990346731369811622314422607112359806747009401490417755695687757830448988631563301658188055115577655298517884908106386137108978439980751892930442406242924373421046550632252303282793964720780369878559090051031080741714802771308652583744144900643880351572149258466661,4055054647149714160799668747235967541165533834027053720577967317021874584639809217973760680145474554650899912522836430836692341678408155421134372421815525412585807855055248669393061159280907048738683751564139293617654656047377055228347184300294585766093342473272611518241208686931223285703534427695,1.0
2024-04,NCut,16,6,1523648,converged,False,63276008617404769557224564466022387396485559969049828746397375571482316818783023814338794024226363777684572590221961421864763599764022546293880213662149940296140305236530743451630221693567855244030218587857678870385869891445517840285359903980128364001301880106553823109310739691121191787853001,22774108736484183434767976570248131880233748660771179153887411940374426865594485955988118421535512520380564554875707041965037975437848567673480658638085813940576928425125956182629321188009906287292044173878196525547686769346058609057506226448227520523548447960078753583732883163142757954606100,0.8074971241627952
2024-04,NCut,16,7,1628377,converged,False,1643301319353955248466860788136048682897574290783086836685881262215043910144411184751200606120072074264608800518620119106233053257100937416155056133661962776587787682466397607167330104270644363225126433719048095971582219612150307687096875994615649135315483892573569364145647636812580083374382592471,567568613673719115579465551378473820696061092635653463086678755000922790667090479887184419972342671791105318042117270454997096401282636370166799525376518433070449465068154371220090096219477046897666537669840053212340994528051220585621830262867489694429706079280983517267401025844183676733352098210,0.7218734889890002
2024-04,NCut,16,8,1733106,converged,False,6354061716823636023150141937773716207860907752348647605958297860198267490917996904478378269679963835820174705168385625403884093557927016799159273246001999322437252260501207282794145159526299960882747651653382395207976357458827470596934454695713527899509414062304985714889388154488029993409186484583,2259425130643350427637386371860634651856303499295559113402684042541925394886238310538591978963523740048718090230755118442743041369202120513677617885333617715283560647848735458148557396292518105983090406126928643012846031838160431946925571795848102810384195651857033578466280242176795309513226815600,0.8074235550610048
2024-05,SSE,10,1,1000003,converged,False,834063534179186316004446767487942444350256009536094599,2600918964912844392585291014352196065372335530573824,0.5204207216054652
2024-05,SSE,10,2,1104732,converged,False,138481441459359177770773902652673950207771041851659844528869,433199693410900360050501344721951885866673114930971934720,0.6273521172673212
2024-05,SSE,10,3,1209461,converged,False,37160631752277740965786207987379117362980881935906540831,115460069964695759106655304524158945628825598715494400,0.6158275314102322
2024-05,SSE,10,4,1314190,converged,False,444233561368050527215170865026794685422947470054008901617,1390145394170616309736603112238567683243229608908161024,0.661467109984069
2024-05,SSE,10,5,1418919,converged,True,51950502975419026330849187489529197108884614626769529243,162620292008690101606210166345830472631972185285591040,1.0
2024-05,SSE,10,6,1523648,converged,False,4000517973584117676259891740419378944706864347327644708647,12414554561641722962739648387576447140147066911932284928,0.6085335029582399
2024-05,SSE,10,7,1628377,converged,False,661067950993606133790668712334692162990765645955828658191,2064843400613106022810026718682834560949965618742820864,0.5505327256806538
2024-05,SSE,10,8,1733106,converged,False,12933080405943496837479751658250629503369612591078942786752013,40275142806824533765127215766729617195275866898258104156160,0.6701050069961798
2024-05,SSE,20,1,1000003,converged,False,13434655252480748949011586155599014715768104613199746513240198360231,61452714150075972577981652689013781858185679735375900274096865280,0.49140800863256845
2024-05,SSE,20,2,1104732,converged,False,189403574252801023456585651480549720753049764103638338942638807,886677135774115866133635785798435289296229624863124105461760,0.44873668809888584
2024-05,SSE,20,3,1209461,converged,False,34545600806047190317298738146638250949249804804308211557,163726224971621531382908483550045909808462541390610432,0.5503216583639791
2024-05,SSE,20,4,1314190,converged,True,2346713047107088130337724993770286151836732485247474728857723563,11266175161080573500903493306052329009865219871309367072522240,1.0
2024-05,SSE,20,5,1418919,converged,False,22251607527986194020378174272671292612984403003907726565,105794799522123315986079507235445242545641955772071936,0.5136036453401178
2024-05,SSE,20,6,1523648,converged,False,220496618679897810886212211122503840807942978293727058836287579,1021815560297011321253643042634471375553007425191095042048000,0.5134318974536571
2024-05,SSE,20,7,1628377,converged,False,119936227621659021203166841122936344180803432734031505028313,558425026356604377821851518762846817569667778033441832960,0.5159976122149466
2024-05,SSE,20,8,1733106,converged,False,111338556048448965395085091317382160937665378048213647663,522789272912130042636357109877145547697023214419968000,0.46026727771499243
2024-05,SSE,4,1,1000003,converged,False,18615364657190587231766267674558142544189075396547,29024204136866978143722901552350730758987448320,0.47421341667160427
2024-05,SSE,4,2,1104732,converged,False,18615364657190587231766267674558142544189075396547,29024204136866978143722901552350730758987448320,0.47421341667160427
2024-05,SSE,4,3,1209461,converged,False,1148017823271886589379739073943980455291062852061,1790263388784377210684874110123609344683540480,0.4666569023388281
2024-05,SSE,4,4,1314190,converged,False,1148017823271886589379739073943980455291062852061,1790263388784377210684874110123609344683540480,0.4666569023388281
2024-05,SSE,4,5,1418919,converged,True,51860591406968797501048190954270767630154032526647,82811580001983907663371580016818565469924491264,1.0
2024-05,SSE,4,6,1523648,converged,False,1148017823271886589379739073943980455291062852061,1790263388784377210684874110123609344683540480,0.4666569023388281
2024-05,SSE,4,7,1628377,converged,False,3025431145641111955447508606466232023305846555,4830478339626181958094334239797665645723648,0.9658003434163203
2024-05,SSE,4,8,1733106,converged,False,139082749959055831149693033350386189926673181239619,222088154372991826792920351331082176646447366144,0.9992267707267283
2024-05,SSE,6,1,1000003,converged,True,27697786649809317527256835891542707796491504990233069,63443197036915959324640604040825266499713866137600,1.0
2024-05,SSE,6,2,1104732,converged,False,275108227226671273605423118988879444747809711346216037,630124436690492427499605664944544571147107843440640,0.9648646518122105
2024-05,SSE,6,3,1209461,converged,False,27697786649809317527256835891542707796491504990233069,63443197036915959324640604040825266499713866137600,1.0
2024-05,SSE,6,4,1314190,converged,False,38839720553064198839541345857581646269479403699135049,88960728073128300961772302902745913159171493068800,0.9661145418790197
2024-05,SSE,6,5,1418919,converged,False,275108227226671273605423118988879444747809711346216037,630124436690492427499605664944544571147107843440640,0.9648646518122105
2024-05,SSE,6,6,1523648,converged,False,38839720553064198839541345857581646269479403699135049,88960728073128300961772302902745913159171493068800,0.9661145418790197
2024-05,SSE,6,7,1628377,converged,False,27697786649809317527256835891542707796491504990233069,63443197036915959324640604040825266499713866137600,1.0
2024-05,SSE,6,8,1733106,converged,False,27697786649809317527256835891542707796491504990233069,63443197036915959324640604040825266499713866137600,1.0
2024-05,SSE,8,1,1000003,converged,False,664857131436443459939217302451420058675742088964079231123,1811820813237476112579414905509461500334434673953341440,0.48463790116297073
2024-05,SSE,8,2,1104732,converged,False,23127351300768114279539499223227501476706967425810810769,61387366972022549218814411098962681703586413538181120,0.6240914745432904
2024-05,SSE,8,3,1209461,converged,False,102007679588699998354442545527598987914959305909228517617,278049767300762738464007691606128106290797857313128448,0.5506196720673189
2024-05,SSE,8,4,1314190,converged,True,26099044970023501837926423814165760195452309501921553,71360902919967944526097147457985394150590413537280,1.0
2024-05,SSE,8,5,1418919,converged,False,1946071420786456848516885354625823380161766581315653633,5262672052938893761873174740577140808345677358694400,0.6077906741427597
2024-05,SSE,8,6,1523648,converged,False,26099044970023501837926423814165760195452309501921553,71360902919967944526097147457985394150590413537280,1.0
2024-05,SSE,8,7,1628377,converged,False,3022127750319189983304417653404894800727164950874046899227,8204490529153952699669628927189170129910137929146040320,0.6002463331820869
2024-05,SSE,8,8,1733106,converged,False,179675622291573451364728539706967648937335250895215151529,489648846298141943768367712281088456554312725163933696,0.48746468870691956
2024-05,SSE,12,1,1000003,converged,False,626333070273938272099990941046754564777733263931008822071,2205963822670126407317392821446660483670763745920942080,0.9040528308577567
2024-05,SSE,12,2,1104732,converged,True,58946738919053659103800856921384111356870477456028972619187,208321475511153461559014251820533361761900841337272401920,1.0
2024-05,SSE,12,3,1209461,converged,False,107863707489933312716985157926240651427315228271796317393,374662680472422822062432224952096483805471182979858432,0.5830275214420229
2024-05,SSE,12,4,1314190,converged,False,166927174925258160249928102526600116099708512630374466793,577509679802534039884880182228173711004766581869772800,0.6945080889597894
2024-05,SSE,12,5,1418919,converged,False,402592594153135027144542530399483424705767883978066505197,1387096387676852694413005324026727217025327794361466880,0.4896758409076212
2024-05,SSE,12,6,1523648,converged,False,225276815387539892375867408707582929800877280176641015432689,795341256415667684219185510804742364918465465940086620160,0.7918529655459091
2024-05,SSE,12,7,1628377,converged,False,907216572590179295359834495366333907969440743275801509403,3112429808472319793849867677544912032332685871381741568,0.6675420337198958
2024-05,SSE,12,8,1733106,converged,False,3155417066976554260269741847450967008905372774468616697,10892066500941999236585567179319217052197824306872320,0.7165857958427323
2024-05,SSE,16,1,1000003,converged,False,328951554074752163143299332819080338293586407212753701397,1341597424565785192465217287662947582263837273589022720,0.6640265356086538
2024-05,SSE,16,2,1104732,converged,False,2545097517447973892026061268059271013408398875691679189827691,10719954807195398448366696317102199994468216912932702781440,0.7742486886568188
2024-05,SSE,16,3,1209461,converged,False,189363721941262699464628756256962715479480911674172591334993,790456025621582889388415050573260958215690211028474265600,0.6304856662741224
2024-05,SSE,16,4,1314190,converged,False,1871094410946136517542327282008902189755202702118199922179634749,7785401426955061238556252757728414725685136698873961261301760,0.44381324456391713
2024-05,SSE,16,5,1418919,converged,False,1799165708261323918663202103514991609047140920231778600920959,7406781696325706038153126018353507026278788388600707809280,0.49640656768700747
2024-05,SSE,16,6,1523648,converged,False,14970581112543359782637385372009405536892770011293452491,63202904451204117827051401823761816217746762681548800,0.6535826760886654
2024-05,SSE,16,7,1628377,converged,True,55125846484939789260480392077074297531143918641984349827889,233940528664541042389141019095687624594395599151405465600,1.0
2024-05,SSE,16,8,1733106,converged,False,9262085945736156653282057319240080013586163076979742363581,38743262163083856171098002171224176206212387652795105280,0.7289806383990901
2024-05,NCut,10,1,1000003,converged,False,3386295534368901181570565039752199755716703170871009638773706021288918306400898896555501317739667840889484240915471422241751421325243574095616410026040754574616501082142929103781232692227067,2557894442835880414125067099391062416791580715695688792959335661358719866294391848226941945717532609334080939795646375974006481931882798173307108964670850702397905615136514668989237688016560,0.8175123830544219
2024-05,NCut,10,2,1104732,converged,False,3500065590625617154719381359273798673529473445638293602879850625473467522126194955917974436138196165008681171902696777597952942670958962278831157067500015130243478553736816472388875422563135,2606030773551787769502059918070227062637065989059345994788647582708863059777060480526166388126338112655915979983919069578982378729898036822360577162641237525442691565405690848263925121995992,0.8068310731422711
2024-05,NCut,10,3,1209461,converged,True,7801965621463517091140550729246082610915473080068993943715398314235624880056455448201343086224266875256747702851362636863010585424222168570011067291252600146945681488834813532441535161754211,6535013320471246633144061058581202465063616537347857447013751896486072626241224865620796569147415905179468128685786186662661292570917722866531016879857901046895566023064518167406084524096886,1.0
2024-05,NCut,10,4,1314190,converged,False,302130580689049811867645130320686744844557343091322133837235307318305084913453274154892697254177275222812609629336405028442089466947836238980014588039935205449831279295613453432375957332098837,219219816437098325996833051645141426046347343146933877558633821942670063071618911788362840388137535195660881370155252931909273874528318129547649029724631840024873609378851640478425961238031215,0.6959807574497877
2024-05,NCut,10,5,1418919,converged,False,518796670996874250925955881055490771958536343274198907649040507086848676353667524210233386117189398812457230786564231287656608276817117030438404252852116609087738180822588794543605943624253433,381554582049994383414771071693725879810288915116177603365817064036517252859578926442205561297160454056141649327060452323583497332195487993346903627367880124426993271431967506654235792813691620,0.6854416806890133
2024-05,NCut,10,6,1523648,converged,False,56629660044705607295937663949392298768897764871847799529764345126353730844600258388200839373904592000262220216557561780348742735540666167806435207995812172747956392101981229300138494682329137,41356596977851645410552979712710372551384968798333951723496470363462976132707780584920206983823151540824788866557714068641020446749177324964061602080549521910636782078892531346408264583652840,0.7255940857687809
2024-05,NCut,10,7,1628377,converged,False,1766105986383180536308287465139744492049821642507589877776857058568508421404115793872848281907014175070728059723968707671451871633708097430579478489184597483500985381144416353970748641,1379964691261382324645690378659247802597962409488175174987831381830528933966860435359887771076871733422043729651325145954763813825405459201451194454416474751228097296369665246109268080,0.8811322475392429
2024-05,NCut,10,8,1733106,converged,False,33909809812343581457526723275371005887999017460433507817989030746419297191255748588312604911110521145832171139262176783914639886353918290037850912420810312492385234549280728051453740870339,27026904374016982009052583271509170798746922080041133144434272360115147930982205130327671284060396014159234490102197038227235937068286876937401994614720209658309178679367898559051203475760,0.8730715642035637
2024-05,NCut,20,1,1000003,converged,False,1180732511590692593171450548116880229317690292882675449109529654359064749702790563519099873395877214903724785029542783461831775706681539010159643008465261307604432163097797904290263756570981009918603044979050487703449859364774611198223995908902386518346917756301069988011650523022166860010652878988794627677058034079225746169286997583785033685996170424341810106636550390778,251042804054082928006936621904995171618374047726770868329972798751242893322598484035473429799893095945028268526072661026816206414841207382336893553532349662706591202855508961376199236486955092792648542900519559926732220584919766606103515118829669283711461964264079434729681378374949420768071690598134276941094212049039043166346109720016553419289930941958571980946161956315,0.6241225713983123
2024-05,NCut,20,2,1104732,converged,False,106776553938582705068399350584464252259938997237611630029622556676727024489970989567624305619086872562740748231985038719703666346479613965027021166913666222492246638317567649325921761297584083723736434638304466904361511071380708143380137078499339789575780557870116624867675530467941340303111495211885451583662387546973414766806511835193714700234784529495428753970139238661,23822052354853879419126145805209594499726026413274132335373418002727780615146651337269098895287139592768818189481853159167206943534290345463402721266984616303269664248711767803194170817379511872355588434868394156431244845115656869608939261227603916692513393341558877639356615219879448399421643478694544813750519292240756784997624646237785171303385814382991905745106610270,0.6835964643802126
2024-05,NCut,20,3,1209461,converged,False,1524451028684132875854370150390741174565397875779260990107595493242675228489475134597790998138888035143422866976237698451756891104740132967930184719745761238571118194838756901150979140014948874317275440983930531502660224809919538315900605378921704533538275804717544545937718729221074368873935633354236302726971110418760450466552358875545466604502931838278694502149089940969,377406935980275789458040837328011434027630180309319079625942500816420434086550756350760126811642544469222214933279075320093969836909859321687013887778740120722742497694263364204246155787338145807582155354877398174862868174171626071666238129893091054262776114871341244871883919492271910764994560915361942726706496284452232336298831286672883514917094858640647703650455083504,0.6344848909039953
2024-05,NCut,20,4,1314190,converged,False,369369149679186729610680442433059170530608982794403213907368976516759176151402448917629096081313820396888863594725262497905575524266904792435407162110164802995529986960593348682078757588158038605619240527774384996265152151877085507363962792190027503462441098752410106292712391949436209071677807641596840786140356528358310607721351242561849312386625916014109802432051313,87676626616035606265353333946821442356555460849519209285049087360960401393964457190119191113012767095242502388328766107996300615663169123323822156230824904649235418876078371540464981794753861023541297087857268029145149531640424531974478071441206451452014635403295092881620625090486772802458146931574041479744003167007806978499169140817989833822393600799553957193931190,0.6438859723883366
2024-05,NCut,20,5,1418919,converged,False,131351384961254258926085535395345143031711790095917783417655596968306522027662698975445778224241491578133835079150456335598915125964567672771456747549647512414524626731218042258455137321867931654345224743079685923250304571365083993443730702677631470976430850673543053840103120838178505274660569197054575068512832988208737933976973143614117285726837137284186431905200134939523,31309005641574987271018795227696739073633920613981398128828310035733510212259799450878468836907884472013033365539565011975889160308805283250475145822599114955336831192182802792734399143108153501122975136959342924177003062482178712376481313359713624386644031205862412686427281040826959326104051024524528673177485837563375711538797706299724285403558909607556992962535024610450,0.5802320766955564
2024-05,NCut,20,6,1523648,converged,True,320227526715972682154616517059406009229723624165339214128122712186432260555673987814821618602703019419732876845475183322047007888189697099639726287058529130010749590631446105646185679933139456330136503340911065616839656835702799570216949393994291553032357648699656043934232648465045356836605601208082999054981682550017025998856674787385228746239736234208190882754334,80428533133498008225007446868799505991420133461900976412636903256279334058549980291995788689192174663221531281063993875590859305321643268530857343959804949466781897999455927670072162402867499260295646379051836632482100880050603127959149859136943337379204554931293321578698730782440227658774363018757946420113675719305141837961175654492294681131187891946411660238025,1.0
2024-05,NCut,20,7,1628377,converged,False,218371748506763133178697737455288622556928063491767701185922158567056641616769049867527317544833055579246421651315047832610595202141013422008868730819577962342201527400097029868550849579240232652681910283530154971119691046369876309597975513024918454035837657301766173551977659510065398135376284413438868345729354951177953896377637177675848610956629067950264708462240279,48103320943876682945913616900500426267292106798112175898645935019094579417247680209247101876174137993898433460603114385504637060401257607240681482764092269454548142372898635524208099910133490732195349445381893860800628279464226788142053042612855527955008324348770243765164873393766984466379322267931377825871814701600793555758821550258579781841665620774785028079857600,0.577329731046417
2024-05,NCut,20,8,1733106,converged,False,1138321914769600572032991230382005080251410011845257902042771866224137839804884278382335672077944849654937450419943045508776704423994837433921105846565034602542616924185450683670060831986737283553795544193508338556894279256217591934492255039725572614060802696184403175489755512082165817867751297775279910647118891685170452522588480886215778807697411306671778484476561122771,278922959413580071625350071805562024048809632952857548913426497631141531791784154234701586507270031024121818707042626814330548219865237787556106768339476062745143631960430704363443074898870665528915712836847171832480427338110779128485606105574236784268651295388919363531692118197449063386586883589115592315424721001815308633097550133520884630283706226885774171218894851340,0.6998817901314235
2024-05,NCut,4,1,1000003,converged,True,1908764808661143153761622485819236463044198736328859991122113429825953939815139,8111798022207825900354724244163363465378138374482343142447587558258166711226644,1.0
2024-05,NCut,4,2,1104732,converged,False,7871357160687421549689183962015481370407879795049561164250638993113969171374645,27806120849300598982425263449546204983996552278401505070949720763929721743210677,0.5021628789069162
2024-05,NCut,4,3,1209461,converged,False,8600642508512282152765584401115254397982696453395832475361625343191171669060600,36192875529504334441437421000277320882364033329654132897751792173502434986621033,0.9948895606326146
2024-05,NCut,4,4,1314190,converged,False,3926350293242836037050424409214041351692544072100187324664685731843529437959042,13407015144138574589242132075162056296368670885987509612267799212954187513048865,0.5041827446606414
2024-05,NCut,4,5,1418919,converged,False,3926350293242836037050424409214041351692544072100187324664685731843529437959042,13407015144138574589242132075162056296368670885987509612267799212954187513048865,0.5041827446606414
2024-05,NCut,4,6,1523648,converged,False,7871357160687421549689183962015481370407879795049561164250638993113969171374645,27806120849300598982425263449546204983996552278401505070949720763929721743210677,0.5021628789069162
2024-05,NCut,4,7,1628377,converged,False,28683452049114322806047342250470463459485213904058324132511949383673205984248163,99426258148920765458638793671083905288711753304498692890459723771214894829615870,0.5093234218023904
2024-05,NCut,4,8,1733106,converged,False,3926350293242836037050424409214041351692544072100187324664685731843529437959042,13407015144138574589242132075162056296368670885987509612267799212954187513048865,0.5041827446606414
2024-05,NCut,6,1,1000003,converged,True,11948797476650138188848501050464952405174455710007872496691736351078139841157620378677765265126573594206576640836282,22365171490175748095268102197688430242213822328579388832117080260339905121724212192673845122493579235541958369729515,1.0
2024-05,NCut,6,2,1104732,converged,False,20084227841644606326228049286940843377027038815276067652085500246120240588822929113607086835189435320538294537219,29951852443867666972731117580774414602425011169899019086360746038951322202730811972472953760421681603694115803415,0.8018841589105642
2024-05,NCut,6,3,1209461,converged,False,11948797476650138188848501050464952405174455710007872496691736351078139841157620378677765265126573594206576640836282,22365171490175748095268102197688430242213822328579388832117080260339905121724212192673845122493579235541958369729515,1.0
2024-05,NCut,6,4,1314190,converged,False,20084227841644606326228049286940843377027038815276067652085500246120240588822929113607086835189435320538294537219,29951852443867666972731117580774414602425011169899019086360746038951322202730811972472953760421681603694115803415,0.8018841589105642
2024-05,NCut,6,5,1418919,converged,False,901132557567184443820603806518750204859387688230611392136433824543965390041348431812398512897008236587932309111074,1340968128637277331166002971317757821869103876823783605693990888494949087254608160791480136211660983083249752601425,0.8071571645569063
2024-05,NCut,6,6,1523648,converged,False,930852400978229350606306840500498773493702264674656737987606478991376215790540764952268367446124166707278540234102942,1413297620665334531728977707044425269338576612834417440102296645544304645015434844498602577540509571030230616748188569,0.7885717696018095
2024-05,NCut,6,7,1628377,converged,False,40303308196313855097910114251579712894884355934375372450864345808243778053413849111775724637187824491202187129359669,60363295412784310313786553126480560871650097164882474170675578940526931432684887775812269460904234142273249811864760,0.7335822245891669
2024-05,NCut,6,8,1733106,converged,False,78704404034264062822644489032070090917111383915299454091538349019350572551789091734698618335846717204605558583071924,120706775622165026310204060679431913890429114768756363420445579313693316174431121176140546542767612869544480427149055,0.7480747172887997
2024-05,NCut,8,1,1000003,converged,False,1084276166030741556197359886106638063154750199378532926072327768768307897010292458335377534902764018334317157326587915447757700303746533860831989545770971129,1138060910086620298885882842708937720780314708586244634478742777206016291293370255218335164117521546606583475732514764513005309906296832558869711160684647182,0.7849133666143988
2024-05,NCut,8,2,1104732,converged,False,6075892582752788101359853587119990787726522466972221766221772847733581786468999552154801177715130324700691798703323281812411822949073948879906987577675528,5740645584140174006727447207374328595716675246924029648902972082772484433566279053477504263633747684142577765372097361949988616298582495387742078061091647,0.6312138610328354
2024-05,NCut,8,3,1209461,converged,False,14972392747116796233873248177795177870805261002205897411740593460819551942563791689581423958067932068271706726333978819297610809416812548953216484886075881,17287571083461397345682791426812239009689078114190887755787739486875353085224614244307984908404023788048188325262732221230828517252835680602578439313473280,0.9964273708179977
2024-05,NCut,8,4,1314190,converged,False,175564248712619394888663307851184424214487314913883254982957714407425512125289607401908072545510550026622265094962196019463158691069166858017674957938736241,182226666594858314573235993033154751209243810100376359972542059482462661019398949024408111541575885875514193782306367084942358960087281387314075751346269295,0.7913442119267953
2024-05,NCut,8,5,1418919,converged,False,30505842068248543236317666658594487499044534856725921650792487422047616911411120649116291561045350544644087109662359558393783174783770131366980867777187441,28970612717849987149921338508947250599329402616059225972096059413963690894036123721186282388769711924629947886894884375187653546339284774780547028746936965,0.6286252535187999
2024-05,NCut,8,6,1523648,converged,False,810389590132714309081348783270976189582155680807470966773286502060198797188159434715558283347739146573423579817439119949089645059013562620107147033925945144,768778164425056202517879326651868092506559718020054500752507425308083003763485679734199350641319091139779592813411620302900930941278791982976296204541298075,0.6254394321692889
2024-05,NCut,8,7,1628377,converged,False,2443227255451721726905310582196138948282037475246741802284966781412110361201682277572367821935250932757107286274856523645043469954138410301425337743607,2537683104174701675616041722353547375348352799488351600965625902632394424245146514873471035023571887811972559020147248297254689434933470928669581935870,0.8092805461212325
2024-05,NCut,8,8,1733106,converged,True,47014858023869604037623640381135240312540083555896092670534904440769003021709596307287618267220899047654987484744189025375831274270770146906769014375151,54734352991430962338322439195929113701923130790669524925528836296704902246276517232942339991491870722499726450948387561463383779513837914388867783305472,1.0
2024-05,NCut,12,1,1000003,converged,False,30651442275215844362771542614500251819863284611065818244705716867338252756118873284285617056737901532444096999192131517949080791749142210445057369407446877472544737566385985335349576341412541440365267050486625695572788324445021,17528636756570417734635227133469460146337419359016067564170638532202080199303408957647450258531546948529608358275532691964451579277652233354970996296471665663006311329968056904043546539520499254292025542007117211792066787125600,0.7746377152811471
2024-05,NCut,12,2,1104732,converged,False,328143862296681495569374157284268050228400517487529337890783276949426228237830798511954670747798404931991987901758448994023938643434712045695657146368201483773611825410849548707522071761040638938232194975073125228268035506,157159091648002248821920327348452699400036612581418431036486849011567856886715543104714832346554799745675943890538657380599568289264437293437462038912039817077922257748882807653856782605189608351629995322120909260525544285,0.6798753067769786
2024-05,NCut,12,3,1209461,converged,True,583820006640774388549910767963381060381477458981678561999233596183212126623832561500151661622997489306194699777109610445388407948687223719560713203489396340137814598543917871023482611254269965516253600979518909082187470199,360041827860633914932577701827515739312059436947570108001149529440682122807193432860223423734325615092518552491109910038033211512427476442887561424387122412233248638467728465891967737528015433346654299174326125074615718193,1.0
2024-05,NCut,12,4,1314190,converged,False,142515586193456577445556928470740010939376102038994293356262168112909645516052314208065514161998834892802894741321877299904383003045633572616199169200650459278390104939102463559716356596781800100397867370310819214558654272744957,87045746023446564044052757834621982745159946865846434342392839655868325273542556644674897936546781723437555336239395315698158164861170349462967021371565269039860112391485556598387484608712040154546691021895962789427282432837836,0.9037878693229905
2024-05,NCut,12,5,1418919,converged,False,4443229474453337854388712738452742765418498529937282803211335951987681047457156289118484749975842584815753320966209865943213330632848839922312407249524891586489029688237584597958817202998578047346873248594683603907385649945978585,2332944477205031705244323620156926707208035495353441121944740910850978643219986155870465270124357723226554640911341562160178708627118527826109690122063152002885429335936551733243068699800960105764992701645668319992700801255933723,0.8172565480568507
2024-05,NCut,12,6,1523648,converged,False,97106616701343501760472578936290352831482506118357204012376892846364938651798635265286679634622906335834407073811508057435742477713440100608876934469270955860703622529158800324025543492504969025025080608423834997274249383,55212884189891804237377208152597876479589848283165256041121152421070590841949426071805649901198405765843370523058263369036309376585934095815131871903645220557354362188030255162487770672194669971012666905571624888873502400,0.7431669925847586
2024-05,NCut,12,7,1628377,converged,False,328964424871264596956927792006400100033279577603588847656169580764002949988412461163252416096859239488743348283089705073615947233116827975697294170619945549536869553314903889527502454627591188407013795046080377910365879106703872,180309590687848644037253229707230024713114926137579759937718092122997937426582911842616739712340797684004782590908448380596828727455491588275804798248640517863703731096171582596669123925381239999441952759705636717019096003863415,0.805926073645332
2024-05,NCut,12,8,1733106,converged,False,601513410977268793055343447033113996857658833970241586280868316996866642612215814857714672668935586504409055783877536274492726607895638417255105760647653717431319632044054170490019356508153041758987085786278457123132232086813,365504383497612480785379584660900248568356036865552518655249669047671402533110579780922283774936660846953837276146242248734652785625111212106687302864209332017014673273223248338480745667854347075931331963478275092595750107980,0.8998143669509401
2024-05,NCut,16,1,1000003,converged,False,526005335901058248315941943733066176383868005571418849098759233078121532429712549738825562485535599399156213692035515703888750224326685190803131958222950319139105243815909257424324308731387444436516244975898164649314383146441132611060125718206504332517835350416552912901177309828777441342673835553,183251662392538954444347863235959981118010046533684886215045035627004270731861287249094006522121027820620036206996503183559315220226805524342235222091249985291187069370705548236645843685622381550531493323095847304704410355628298442128634991654786297566331476347268092029408842948682755345760704250,0.6641882564602511
2024-05,NCut,16,2,1104732,converged,False,315979648333065781764951426690002770234883563156061854313310784006234117750220899639041977530063240706831601107925819424469396156032546968105292877313965853586486471185023009590402253308921541011766177365484815177427159349053057914963413920423346561747500256903737820685616026661476683160168375794873037,95984268830079922993615558530085877721412194503549990957531730371723318502104484708760789957201227307072791139615143480770052021607850944750557111880588635640971168260426268640760996806315402836363163564999357350528566383491577268947871024010568933822417053020605514293168037456967364504011235369412400,0.7065804471395065
2024-05,NCut,16,3,1209461,converged,False,12344560733550961182705615531869514883790435169391766153105095698854647783628239700018636496419876839926718730803702938173508375604436251300070993410769585514983104779834469994747192190215629363230799601007218174075652931141574182109316599051677258359038587527936349500760492442793440341833401638648,4237042447939266646062529763196033667777691104468927426962297638820570534963633566899230793084488461127182798431727760276592084441710611352185247057419177704987997950924873441582939505743471653817477773881496073500519515900177799991279044663289133202074110556181949217852811035724255347559392020575,0.7591912977580443
2024-05,NCut,16,4,1314190,converged,False,43097311299157161675056666494186942163238126470156032641990933279841916303266097818998942268767723122698176259617783024693558492988155349928446620113613137459873122285856327985090616228266148770463881940512191036729837092815125287239900060711551568473944149561337618376497937789318748571003227,14791756294315435481835867468535901466471910223819051833874993719927176843916906789787828806515963391528087931182028570454812288061230103850224385969701238737074366551319334586392501332054385090114094995711391104107863300150137019877627705220192309415525661181989835921701174022201708503898560,0.8548664141646134
2024-05,NCut,16,5,1418919,converged,False,11244642728763864153644963931691256535241267935701124797184500260742667774743248219280588819559591984885589135085677551648255033111186230160142015265076129154858302610491697168917787773368887190103418934446633208626386648826934269882103218009693583034284525679054658753434425481051199243276939834015383883,3950161598188484979183850428043785753566189830845225873220901692529664543331841211784009528459220995283722385667535687956415300591221743297748341726026798511970426607221923843942319146538591554646079913442971221633152328861257977015769147197743186554298932892060495862676005817579303184210289908012052280,0.8263478687800275
2024-05,NCut,16,6,1523648,converged,True,27030089299314827906758724325544542093409219415977134153634990536015027034272436921147335796245154897690701817454383974595857006308851925112667597494795855269071811739740348959944256931084370038388466518008009082141296449970747219922912099265068931417329459150432467782388308479587312688054124603,9899262277267743464325006058774754630394214064246153909301560291569811157769249451951429025105124357029719593484452102382074383581282359734885894932163254863107317499198398100707733660872281788606782954737206067898954707989253296247233995354461536198012959902519545489461564079236409920798719800,1.0
2024-05,NCut,16,7,1628377,converged,False,884526612964734088499712085539124420726002591403063025772118715919031161133193966339322377434828657514912181003025681276277743120643081197772113065315800363836855992483162228126231133125818715167372361787733486376382015286257493864525613958855022174147723978901831751440455431925121926686027456965403741,298931466413310101775658197785669458626382562078880110080800550174992702802862533129778610642709575869908957718932636334258130879055212275272667357517748662338675752443489950933046914812315733661935452296253505013653998515607048620938357392205100453664531680742434271676368143977202284114277574687144755,0.7379556558631637
2024-05,NCut,16,8,1733106,converged,False,710009049364864500609197502979787096087796184667975941361239449231884040198395384750557433832541364222471381050578898989186280668369796326190390394007575189742459282888829618741731048090211834297627760576360193164155244756335447244715022213982893693552762585838644331252526668749596209999597926991,259937849231927771292905165555718178199629504068697634304287524790950053542302964674841333716819105788985827590572577447033146870268298718486065379956330849320485941875801988861101814460215172759107599277804790804723142150350583188483441460310973853211876267748009756864843349637043109156845273200,0.7999653117634565
2024-06,SSE,10,1,1000003,converged,False,62881190917103286852290554849630290194134083598022623613,216127548509279535654860707173143446769735403747409920,0.7957823199927048
2024-06,SSE,10,2,1104732,converged,False,17029193424986342284801713818464853383311574684915687697729,58528396506343557237338189224875078083387626782877286400,0.7802756986198656
2024-06,SSE,10,3,1209461,converged,True,62678737229357249794128220439590900017256793726323606046963,216121128629290013788692692238629909076540256692889190400,1.0
2024-06,SSE,10,4,1314190,converged,False,3141307215366873204266310891557070449649836315910522992477,10613679994744971361830471403626704333432716917315993600,0.6058813019906781
2024-06,SSE,10,5,1418919,converged,False,3050127314411144552301295997192393262835295580160442089,10271704225315677552999918744249529886875742518640640,0.658486288107905
2024-06,SSE,10,6,1523648,converged,False,54644231122293239572420057357101732581969461976942833541557,184212930790461916048081162609473003264458755906071429120,0.4591930923558972
2024-06,SSE,10,7,1628377,converged,False,488197312366607905018656555139813295221059668355642312887,1625231602027909667193579263915230161095467073494056960,0.4570755766459638
2024-06,SSE,10,8,1733106,converged,False,2523557551660515813564828295176435226101831594763142042953,8376732320891019216666888384329758997213336188156379136,0.42392179852154144
2024-06,SSE,20,1,1000003,converged,False,190652590782258594229398515569150668234703010397954799,991239704235852748934295757713406339550637824409600,0.4939499619487385
2024-06,SSE,20,2,1104732,converged,False,184689048376663498240440373492322098920134391828902916668819354599,930883261296888847431301609984524921833304603375452476711895040,0.47217508245472756
2024-06,SSE,20,3,1209461,converged,True,9274070792180022280412952490999009495332461388679864387009,48695826314041868709745892461670200449037443968721223680,1.0
2024-06,SSE,20,4,1314190,converged,False,194364432297780465846546975829041878094510978658686350179984849,1005545403859441912954326627287434805125079313980909735116800,0.5000640427183506
2024-06,SSE,20,5,1418919,converged,False,26144655393022754482613841652427753968290553044593504986303399,136348609147875631294008408731370076360721095494632000716800,0.5962571501796139
2024-06,SSE,20,6,1523648,converged,False,317622334712931036008590620331079482755411297254602111121,1666950398417165944675154000241583085886385860221337600,0.571678372958023
2024-06,SSE,20,7,1628377,converged,False,15621864476422598296522004074015336416619423790627999836464119,79871940007618679162946898656096544926978576848511031050240,0.43730739195911794
2024-06,SSE,20,8,1733106,converged,False,33073337227456071234048256625802490880824835083987837412763145,172293172201165700729293222403160043390305492471578577862656,0.6128231677628818
2024-06,SSE,4,1,1000003,converged,False,27183726456605434261506314462833378828390924368157423,46969501823447782114022152934449047335475154518016,0.48258453514252936
2024-06,SSE,4,2,1104732,converged,False,27183726456605434261506314462833378828390924368157423,46969501823447782114022152934449047335475154518016,0.48258453514252936
2024-06,SSE,4,3,1209461,converged,False,105936940483758617847010087167979340649748850791147,183038930514203980619908960824342151334127992832,0.4864582346300325
2024-06,SSE,4,4,1314190,converged,False,105936940483758617847010087167979340649748850791147,183038930514203980619908960824342151334127992832,0.4864582346300325
2024-06,SSE,4,5,1418919,converged,False,27183726456605434261506314462833378828390924368157423,46969501823447782114022152934449047335475154518016,0.48258453514252936
2024-06,SSE,4,6,1523648,converged,True,2233191855537983746396655880509639073781974166249163,3865883028379619756143523856915239512251996045312,1.0
2024-06,SSE,4,7,1628377,converged,False,27183726456605434261506314462833378828390924368157423,46969501823447782114022152934449047335475154518016,0.48258453514252936
2024-06,SSE,4,8,1733106,converged,False,27183726456605434261506314462833378828390924368157423,46969501823447782114022152934449047335475154518016,0.48258453514252936
2024-06,SSE,6,1,1000003,converged,False,107817041490682611419607202387479892185185840221001,268923793448149983921251098754896690440830976000,0.986572117061786
2024-06,SSE,6,2,1104732,converged,False,107817041490682611419607202387479892185185840221001,268923793448149983921251098754896690440830976000,0.986572117061786
2024-06,SSE,6,3,1209461,converged,True,107595522963946724307700325632278963153040165683431,268396775007298575899069854990893805651510689792,1.0
2024-06,SSE,6,4,1314190,converged,False,609792866272274295454402891937870972031213027453047999,1520972278841938708715641171348078924584843256791040,0.9759946942173578
2024-06,SSE,6,5,1418919,converged,False,107817041490682611419607202387479892185185840221001,268923793448149983921251098754896690440830976000,0.986572117061786
2024-06,SSE,6,6,1523648,converged,False,107817041490682611419607202387479892185185840221001,268923793448149983921251098754896690440830976000,0.986572117061786
2024-06,SSE,6,7,1628377,converged,False,107817041490682611419607202387479892185185840221001,268923793448149983921251098754896690440830976000,0.986572117061786
2024-06,SSE,6,8,1733106,converged,False,64133133268179262497470570670209620782908395318379037,159959749460698893398048624123599072740648157184000,0.984357106691102
2024-06,SSE,8,1,1000003,converged,False,2137097224149314176596466162486851444640674481579909820828743,6410137525395217306238760860109566716948319979314431918080,0.9243328560445585
2024-06,SSE,8,2,1104732,converged,False,7251653381896248925294697126497550074394879190447660583,21758107456338671505831813471510580604489603645177856,0.9988602428745544
2024-06,SSE,8,3,1209461,converged,False,14581186203699381296107171170077996693444513259684023758499,42402438786554137226101938865080930039389143416019353600,0.612916197238961
2024-06,SSE,8,4,1314190,converged,False,2181716187084445694908116606375578206439739202417276873,6545879134259901257054000488962462156216391245496320,0.9843937837484941
2024-06,SSE,8,5,1418919,converged,False,92855230403863118684890046895542504610159750621680526953,278605545644820955681709654625095662665241039963422720,0.9979361857928511
2024-06,SSE,8,6,1523648,converged,False,2094082366138810827192466202742572893266391777320106225769,6257028699497592194638162613131077840455082663120732160,0.772187514161598
2024-06,SSE,8,7,1628377,converged,False,1836094927054902209711994822345449295358641522800911,5485329690856856877379627706590557692819889192960,0.7656450399275984
2024-06,SSE,8,8,1733106,converged,True,318757086446015041296138029501548023172993599056549868451,956410723406886821408520148682486825701695186316296192,1.0
2024-06,SSE,12,1,1000003,converged,False,11008703188162196503982565479194009477096479799864070310211,41197044159101771286892371049454128369166701724140830720,0.40830352576679324
2024-06,SSE,12,2,1104732,converged,False,21417614511496033910383077249076864495321292629936144159117,81440047543919381880699901973520153638149983920361308160,0.5964708741696035
2024-06,SSE,12,3,1209461,converged,False,7852518769002190904933666814972438303908907503743692711744719,29703228732912091346579713130414555555757491247633263493120,0.43647972729618884
2024-06,SSE,12,4,1314190,converged,False,563984811290631702270855848739369918588293418804511800923,2127806929146930347043489142936048080761017431270359040,0.548516923449641
2024-06,SSE,12,5,1418919,converged,False,673857745157966227054941335435457400863958904071379823286889129,2502444056093528675689232497750459974422004639282467470049280,0.38548904488243646
2024-06,SSE,12,6,1523648,converged,True,8735126451877054969093030123020428877986385126049108451,33303254878488484048196434729424681245627552754565120,1.0
2024-06,SSE,12,7,1628377,converged,False,882275167760404539609928563317084028076306332881425261087,3346931875530287090473102427043245811245383568263741440,0.6514093003044334
2024-06,SSE,12,8,1733106,converged,False,1600485615031731174904906805278471986161201431074459380793,5887583211921603768414892665799330380804959606941941760,0.5343706356109801
2024-06,SSE,16,1,1000003,converged,False,320922263031350496373600195037043963863547134148294366553,1442216738444026372558968442461680326979153312574603264,0.47807008658820355
2024-06,SSE,16,2,1104732,converged,False,13996781238444299388701709618063420406668287389576630231,61240330019589495807452198377285701789670527782092800,0.5766941639688218
2024-06,SSE,16,3,1209461,converged,False,211343826038930234119051337379660990192070041211788471701,964588029232097724013955125225279192613144747852169216,0.6254124018102094
2024-06,SSE,16,4,1314190,converged,False,4637490363159264065560175006322056836079149427621080988597177,21356525891585029057552464831865257462798863523464966307840,0.6509777967159047
2024-06,SSE,16,5,1418919,converged,False,183639892645152785162987871819696926121348362401530264035707499,829098003937939314726623882814443913189491792192889799311360,0.48590859450393586
2024-06,SSE,16,6,1523648,converged,True,1756728036343046855741362687567777644600665976726589219277,8096281763430216950797117123684083772227791687170129920,1.0
2024-06,SSE,16,7,1628377,converged,False,70541089404316288836605016780029364538544010761988946332071150997,311835001438630898737873836063364303483118254926744081273978880,0.5866214279677882
2024-06,SSE,16,8,1733106,converged,False,36113057577558766567518665791499327202270255916393164947281,162050117545573312094107209094494639970650875883681742848,0.5515666210697685
2024-06,NCut,10,1,1000003,converged,False,3970417974970311991119599387700955772178371577885365309017465047877752189105117990234345298461822110888691285478275326362657919880124565214569674798361132601988755754858644966849141193594,3008284779374897845216863237475345407829971071049508128633968838267056462130862938272596432945697675412267832786802935607481964684204800389454050020217968795325542226487176438825463505515,0.8943297386584547
2024-06,NCut,10,2,1104732,converged,False,446508823751764997730306346192923239797891447835386794933243734006880012409308952931245941890683423631201874275444622495389707433897850068929890883235210485818736140348827354327609762010282713,330770848276014564867089071761882594336624162855872670410430215239851322277396656575026666112440063034381382961759051008287639235849931367216478876333336179623790984015750790324471511264193330,0.853402290249153
2024-06,NCut,10,3,1209461,converged,False,12067683144819577115894800231537843482647203905861652092216887664948188360060369980579618165931436617145777931345458893891016582717521154669628875464987758143177410002460045098975629330583,10507729499113455491782470520763312561569498897902303064065203688888214038479821366546364985875173397499070099735791654744708160988622679255811380370372016353717274080438863161429301295925,0.9958811444453991
2024-06,NCut,10,4,1314190,converged,True,10404634284760460243839636889357032309202764007157114977100192550446492006134267744416758409211736444884415514889967276642267709455231447740900682928540427106586479391050277887241926278881,9076750373287648755506791873257182370568105167505234344064050708211984987171101576215971249754090055400898276257169022003560113588558830707661617571123422331717820036583629589713472698350,1.0
2024-06,NCut,10,5,1418919,converged,False,535655792430048649102903134647252703494809013122114647417370933363096832263332482628281332351384247511548191028112408111290416620373896628153445054886594342411521436173908745332973177,415862712943011842263516532846875673681941668848469217167112166203010611644732414356965224330656050339223524461302335759521681777876631538732966715344169897130057683212572343035899960,0.8329980361816287
2024-06,NCut,10,6,1523648,converged,False,9370988132010332428312829591126296313652551372414222060493838466556426405937466118182866042442202327141715808791782407978531530227724514110473599207590654284164164091950336843941628585,7412736069863371100709263754096837144848755690355881733471369677577983919914165715194550069677267598840153727986041047961924580294310899468771607586572730585096401892126144943734827621,0.833419546473191
2024-06,NCut,10,7,1628377,converged,False,3041248769137721089368187171135433636273417669615151850438055517346049755015997537445331055656361934051178100404392387855496560806761459395639663449692416638939959702102711147032382831714919,2138505586764350015088238061323325477874586715221120326319575711720046980440305675398122975799010350292761070414537938878270011407756399316607541229942503097485083410781201481117442270934850,0.6992934774270961
2024-06,NCut,10,8,1733106,converged,False,1720629026353123064073871793321794957359709635632465351122745709774320766349758887282582122739363516645577871255200045212761259370365458090085298003487007127025228817209644586075126058678201,1335213480527202461698494800811415123309417896595811611827348236115928483751393096879147255732333897048782039687411862447490902967555832670963704057859690387729750896161171196721939510535750,0.8729338146079632
2024-06,NCut,20,1,1000003,converged,False,1483555272666900115527503177231394078754458437369223918487885871884580805778381437155701169778233996210738178794273343976005448856008279865418845625494672602649466208243164852699227113818252785420333087429565458010005435230572242920244643669279679357095826391269753118520305973419831579501152157987257935765808077379935489999706378772449893302138807475451927755247311451,317630990587486562811258992425807757642723696163053276279704205271383390622644212495162255771287956466629373754637646874653573807644615006383716230584002701417183253907766363806790581192508339687666097092033636806885473357996234312213684535951933030392398232497118842399380153827704843012136296937218277256166408666416271348326521379482575399665969918226686807404527700,0.6115633259877011
2024-06,NCut,20,2,1104732,converged,False,49438636137660728348688065091627130049431789427961638289618173992191255178310167480464026590502096250899770198506683017100191740278038444039967563631745287437104260509087534330077157564066840917226544546058114317957763500577908957312603232104216247356351495798401485304204521905267541577914183649371848842248741394466657434404259254546626787569775116471674806132790453,10536256198804974043941380642945945616004046487861939443946557643140472745930993524661067896400944662186683477488793831645707784733646331176581057261518262367987990171710392240643818441140309737805744341697239356487380955668843311799009962310100012661888032946230557710623132384791797633590035829918840942790377678086045775599337561279844358428917869311356193387543800,0.6108134456994169
2024-06,NCut,20,3,1209461,converged,False,616293063790182505664648893457203302522150629760634190264548699070720088913512865587677298798068187449490845432200486899270357918445933841327480506029623841049632312604166604971747017831230694029421317177241792263804661627610412277957267515750401705437266561030452237315171231694269306596281904687368094531628028518897897483875103032522483023617322075782481689953559131,142890336310658928788044034042958550297647690679274367400877357152620245960767325216203236991388766328111627955387777630209755141020702845438053873405394472893055339347100517734401420261647669951145137442903133047276491175734227444095030820349581487945529022726898774413785745931351449877157878517950792919855337320561128441522361851362924813478820794879625220358060240,0.5223438107820061
2024-06,NCut,20,4,1314190,converged,False,207623576503254590452901655975738228829243101944265912934417884901044620150932483171482476271392712529066874968897244240851256615343375211782254978084206858810339901690966243723138134907596062335151818512104883728993731745808397804294686972949707159571703661351038614869370411936005534870655933946468570467397329663532285891051905000564693905138938514724862500,46043461579060529242128555382278841451580234310187996286520689282784374650064931227178708819765709330245735341720256950787880989618345137743647742293065386113747064885056897316990677586067966492715779115238639019666606048112421963232892691466307658060818181044609627194752873060150020335126941742350269061239395479296632174495765515195110718437999262073985839,0.7515988716541631
2024-06,NCut,20,5,1418919,converged,False,40499875085412832628143060423834746300865458164696594525539603752292974316973697617486003600846207015299200803574888551106966537449784656644799526173761330839213810118264725538153679512725078652947146062934038052239455379503501894662702761564206084838416048098203914653536452620113942945272276705298389515750573961214504232855237326300304446036249471669488207832,9295669123014239564890040651810889066382962036403575280670043811580467372843768613681414336131562373920778359377532052546020847934662008186478403998352407380030543565369403695508239584734482380935756045760119547274852026918362665863497444220152224573093336083501034466118954419745747054699682606938376888058760735969394970246917142485750478111286638004581720395,0.6425106120994497
2024-06,NCut,20,6,1523648,converged,True,3244186294536968493809776702330403652601382385421864501190860944645037944832837919419264781098538416951760917941933335725245410064761104864893242595124766372473765485372917200971404568473152152581084845745497541225353220899511932984490375433993158511430196311256973221650185126532662144161894791735233071181124152463160467220164050049407046740998876027348936780751,779610393855753560240088589919243410658150846513377644111778424096099407160885194100746354752744888324337237800176438488041281289882760827269792970889523451636000342012265669917350701482498095397270510998828868572522138762545435900678309581696960621471249798668292128729522508794391908260897817825211415999400867843877928425397640213665334714215157047928742614425,1.0
2024-06,NCut,20,7,1628377,converged,False,127100906015752302699013684082232051501015048841126797760709155225465628094219270360028338669878650317257499975070404484886613989258089244629209996595889059456237803760235106281908978576011927439599524027041677695447712763892696794033722729818702075303765255579689647816514517504541953181918666102377578185771566810658487079698763343951008647439682747428952219989,29892608372316001111284695136670725815973189797120199923088291143709337675135426043366701674766064777874255051927125743241336044848612475244613003476904330060258131530781361157997382116575293822702169424645241293408580491422759810525005224918726116043839915470381790639492880874499130286042917083975751808557441062046777520647623318917949877634673644125735655744,0.8507983178251788
2024-06,NCut,20,8,1733106,converged,False,184499775540844195410821048685681685725721996261871941733916277186365956347937698943353692784302484635368047258685232483413796527953576360061670740753605070421869773027159543519037249476935239239566802110946340205217494788372718725426947641234681894830239332533321175374235323494106800437655707914111861253119183365912370473206741764767302351684289194331,42923942451483087013505426486005693211240797380776189993283894098237673376651426257164092913793346948425192045533383896981116629183142569324766361897986220809567499065065280060981112436793625358214690767558436036041135595402595823981922115984044737687896602946513800890277934605310461937458704530428818065775187526277760961329454586998778022106159639600,0.6455215406686016
2024-06,NCut,4,1,1000003,converged,False,82542067028077197380467720652580666727510056983948776718321523818782108911,278370402057276626703096133574247755020135269150424186760752924285413863000,0.6128435193010985
2024-06,NCut,4,2,1104732,converged,False,82542067028077197380467720652580666727510056983948776718321523818782108911,278370402057276626703096133574247755020135269150424186760752924285413863000,0.6128435193010985
2024-06,NCut,4,3,1209461,converged,True,7903635981534688800674622195457797821523480654684942028800969379603207198949,28994050866646687771541003047687505933526610463525366849822978657162155465600,1.0
2024-06,NCut,4,4,1314190,converged,False,82542067028077197380467720652580666727510056983948776718321523818782108911,278370402057276626703096133574247755020135269150424186760752924285413863000,0.6128435193010985
2024-06,NCut,4,5,1418919,converged,False,82542067028077197380467720652580666727510056983948776718321523818782108911,278370402057276626703096133574247755020135269150424186760752924285413863000,0.6128435193010985
2024-06,NCut,4,6,1523648,converged,False,82542067028077197380467720652580666727510056983948776718321523818782108911,278370402057276626703096133574247755020135269150424186760752924285413863000,0.6128435193010985
2024-06,NCut,4,7,1628377,converged,False,135560939860614134334566703358938207758531739470896930911829354641316520045131,445538292356661840794511406556150768484749895144675719825029475038181162252685,0.6051053814429223
2024-06,NCut,4,8,1733106,converged,False,3687354616410867286932717257865377537043428397067378136738280579908432333,13525726970406310340302405470224667778154710181498074186017836119138316805,0.9803118243450964
2024-06,NCut,6,1,1000003,converged,False,1559037583499000613807481399996237699989818139827846170050498667837339428646200819059255249210877390436941197547781,2820886772395493634718660162453853078920661393128381034635122521607976622854609483019935058748992931717952197868800,0.9775676619977218
2024-06,NCut,6,2,1104732,converged,False,456851163722919588150456667083561246799868056222369491868162866555839400580871813912590477232363636954269606983,763904967315123349386985362092784440941386466772612501385335665117007015088791977409489218345935126673207922944,0.790926578782634
2024-06,NCut,6,3,1209461,converged,True,397631575852174976717663107831425503514006232242037775197511355054880361645346153056648333309527508172888644133076,759540592351324771242240633908878282636432503949058198034576011448004995822456207635744169251964861239607844575317,1.0
2024-06,NCut,6,4,1314190,converged,False,182538932462165144108345144861873981187846589476244949374298800013257223175422641256591020941858311701329212757687613,295859423478661402360934130821933518588678288177074737852351354368974145540876516040347024574069376911785869572058531,0.7277051191313434
2024-06,NCut,6,5,1418919,converged,False,5879876193262631605083203647672495123797710942491606661766892048472070264260878780787544193191722037291862562669521597,9829850577544252221928042721832676946953670740344373642782367476591572504497288738415363634187165396110488419972154022,0.8011328719562559
2024-06,NCut,6,6,1523648,converged,False,47086261284947041269063354687817057214351706552964808911899513916462640904871455785061419631153528787735894602282475,74738539863296938529096770273408179942216317040896770571026637162282924839427619106063020307270783968661487223984668,0.7404043186591237
2024-06,NCut,6,7,1628377,converged,False,50521128661296326405069036917124790596314984471168416516163420397140596543194558577230016333527879289879539973896787,81169267660103681927217388162209125154816471415675120535755746201524356198176732030434209320061925321660269905324860,0.7464314837118928
2024-06,NCut,6,8,1733106,converged,False,33588883764640575842058640145005991159014583450123703029760337090545352140040099895035124892507188554233878281297,61082727019999764801956921268404491306627556780003101404981359309118929073683894696350303257437543621800537303296,0.9750822982573643
2024-06,NCut,8,1,1000003,converged,False,35888800813011828255937991894644309845103288388783058676586782533693763771691299639396398975368135291905345926214450203527844865679213624305592961352,39283541773343929258505159811513794221594179673939240618792657951714956554325603039934192379482601030299815139110380998464211774119979778395601683365,0.8548918329361587
2024-06,NCut,8,2,1104732,converged,False,210374940548761528913491865107584227730884056108712841535387688049572121455611797083854102740885188777927465826006040924267840634236981842183342508357,250005755029759774512005446547982092424681345696152819765183244508546516226783854797589660063887689629296757404840120480676905950275190742477554120490,0.8073994559657537
2024-06,NCut,8,3,1209461,converged,True,110526263409311534543387184741767849866165214903788560008243319268665903145729939901289812021063514100093666097656818532547041751466778376720976995891024,146387954752511439537681774613507071029039013730911986600334462882976419608136027060222447936570446607420005319822781917671868467109473325890612210448825,1.0
2024-06,NCut,8,4,1314190,converged,False,259898050784183943370501688265900323615157706461168096129227189024230546884203498502559100075907903391947052171438301912126206138052690026858032797861,310749116323309935601625970221846942647973028180168557285309446174962071198026611113162639221821042147015082708747555913698534658248790751960767967300,0.8067235533345358
2024-06,NCut,8,5,1418919,converged,False,2374574377534294394265536940539802711548181040599644016953216027305480431422483351642242683085750388679226449281436151558333210809200829326727266398333,2379424654609191567605639687098817499864797120272395274151230275235574413596735069081314608911364389366915031438254407945226181050883518825436977238950,0.6409080514860459
2024-06,NCut,8,6,1523648,converged,False,3392061328397557268252030834365818459104083645333759365052695212284433963258794964077653004315855698655266453221630950025200405371621039581419972012223,4478506001749885247538687867643819854547815516388828534006350414323123736963269952342914895101025288961319506532763900015918249634620219604072441342650,0.9942948804426771
2024-06,NCut,8,7,1628377,converged,False,1618007733223361508786549656593580998945422031196141699302052310245006059068840789029887770214759036979600754142034016117243665444102838331296430037,1638692151284138742855947266225373225577347858749714725443867080842744301663668361337364312617125863780249924994613059365209979004866691398393243160,0.63318723241473
2024-06,NCut,8,8,1733106,converged,False,745538338673660635129320347297700401477312394189525465767338909351132884528472420964502656441072859366994260789313647689249351360762200447760771845577,834871566241634577260989546614813648538246885793947991141028583084013546065273710914447769000938535056916942874658858658966510948617113570907890701762,0.8222669330971396
2024-06,NCut,12,1,1000003,converged,False,3213683906841914977246444654601580200160567173434148745118394113232107826912463260881447192341492490846464087604707072417474932348530321732273063976280113337369750601107302542892049055123406972818071952787118182052077504507799563,1721779002374936767293448480545477633640646960814394375376405700284780218018919602680918649467603335198864511006439244819388868375882399010905675755913506231987808647240853147422199287027947953740665847729867306999139533360793110,0.6859254332221089
2024-06,NCut,12,2,1104732,converged,False,970080498336581718689049533777599831802003422890265823058102681415761712711479381859629107681508985783806292111945895179467490911346224670850751756523373609374692918864309012350764299901712473419680606480187598293958650145879,498381683927687742469468607559286386797745732175492458622827423177661038114145287782541419032980761739372692699662977542045709034710413534178179976584141631457010243055413893702040775310116048416017230705581378617648040711658,0.6289540308000545
2024-06,NCut,12,3,1209461,converged,True,45331390852547962157709346243859890048521267299177081999257993992670960513536736576522808449055468023276979351047555527451832262905068535823074171600397496137014162357943575613084269573533983641969980089100461119907198747641827,27252719931029374212142035326272122193656372928636482490472016490991592318073001598541703999317557491160998022958131202593914531517905843112067775590976374633833003261486054614952448646122918261912242148324582984190510042802810,1.0
2024-06,NCut,12,4,1314190,converged,False,1677959703082590673555418849788125438025753754032318554276738317348667085523044535290982467654277785808764827795626350727248186130273677561462953642398359666824227360671122421181049879416222255484385785268691043653655526502808310,929530828363721277327501498459917768053821499360418909419669068476745147055267246019936788791895775782200019952484426812790796044076435866456677809294825453179598235460629685483424015981208663113181990977171209102215684002440333,0.7718146772682632
2024-06,NCut,12,5,1418919,converged,False,31687398319044875572523731262395452102698302412709689326781810877569953843578020470274040891642319023874972544710756267447910598803701960808358795622340869765045546941580574832051367053700647421431284963376148787249659351,17521925241009859601414057829555720972513219648622317018970197309432099830459026874112921207953926304346836013168058593851966406566741049926201161132958294089754305603587961758295608336782181248321642514123900152030412320,0.7701683588681019
2024-06,NCut,12,6,1523648,converged,False,12045736343172487651905968920139687251677900857242727055899636044534892830615571487104301227934996860392374275907646514179801847271865360230161836051037004890909778511986957518061258347871549440683199854871402410065206789,7037169177212958854098646656987713830913075476580165072151709454978690318117476015488270158769854711460348668474277381145120684226700267359033618015012395642133889660740856067788287029100302858831773823271164365088954976,0.7174367908839206
2024-06,NCut,12,7,1628377,converged,False,2015380856140206332392089810909441604347405613220446008243410111913497783317297688939497621427006601789133323706340571937179351771726235975128173583278726802142145527939833198303382657942740750586196983801444727560536216093223178,991257451347443524681882000907359652662920013517259120787315388333101498344088304392686586833728256432191026102641491147385562800934094779565589689801606752506388476327307410316764559951944688633700306960624524934292673283938095,0.6956712487675382
2024-06,NCut,12,8,1733106,converged,False,248847413415840360481242905303642601551171483747943111598963069998051548851004267525744997103094595597925191216480587992060841647809079735213838263888341958137176323442830573817668612683367268493998548416093764114109240893,144741069556973238561374353612528699033104456154159468173128348001356125419399267847877256158528877091331350826686961319697636053987525315489960610396029824138585606683946268466129377581285822349301644059903615029548770400,0.7159244781038961
2024-06,NCut,16,1,1000003,converged,False,100730771547895650967973783893720022222919345583371317650542660976652888791972598868648693577735089542269752981678993484045751500758297561140995918909771639143982202544922438191274972735289491834776654513289991036331170875933350523617471703714084316425837836040454734371728916886835363964159313,30054666995786541821448315993952155113334146357419637358226763053704239766196771096671247907192010649596065311787875895174114684530673649571810973738421637282514901755476578150039232910388430249973041333587614454012573978770864194839818722888093734720088342226367079691222631191140241558119860,0.5960035536914576
2024-06,NCut,16,2,1104732,converged,False,95919083786883837993777611733132902841583902176128666449039833368708495367711529059510115879629865563403947987787799854883815435019180804073333579215344683239524074811060998049047262461279674890386544654489093750601883586327340547281100384403533440457169989820303081269513268014554844144477066664817661,31180162241184485265436131137207956293857220012307405210462715608334825507735102805508269298236798736751789077950282752807742324540448468686352317433490442286098358828169247981272972172244023083356554000698197567683916997021465262393270178834833845823207910188582189525102967857420152978795576733320955,0.6927522811869107
2024-06,NCut,16,3,1209461,converged,False,7704750296923137344443462383540955259485176249760917288126829503782629130135329743382434084008759682601462535901714685349797811000913235749095639527592347826609761672826797271597499020663723542262426133510178601168748762322038052934495242846740652708623953807119892963304009654003821241274731543443,2859897412727032189511748535783190742378379414947780807929983100323987590127012804062595816646049988702438323676743729032599992621674142386396049542137670948814421973326848406610949341924572333502401862362607916514557520034045049405317175404783449297820259262672650839456499732655211695953796709610,0.8724192688702759
2024-06,NCut,16,4,1314190,converged,False,2073100060682623081558989875773446719503276283622761857382637230958566514965686499787124327867298573669231379771384545383969341486398714572404167539741420062291994211940603866644361822288216023983639256025552513677356611682156571089004561733280403044616136978649319490899511335342697121437170313264,736291502621447590810303795240942766386277168958099281680486909058290571641057968134164349172894245124249735450430345818023880769183649386249178455145607649778676110422051345318240362724966940745505694321236113729066353678841307838769472345074813790475590512189460117428598204647326652688927178115,0.8174245199679538
2024-06,NCut,16,5,1418919,converged,False,109887488215764535556015740038592873529665568610928177181889646591843051163023962532691266343993631711250665060932217797921459824408933055663612288484914022219369302105041484787643092134637297157217376948404536643025026571613195364731718219672609562837964017323221644345306301839837695533149937370971,38137728721278210051173538517126651001360634698241576534448274562533876890196441869640515219674350756921865321488010651618508817521101027625381953160724997577300983541383541306027984214362153988718341341813062392187880786290430050525081797641041397657997861133405086891414168969649330245380303556560,0.7732553820419993
2024-06,NCut,16,6,1523648,converged,True,391309449563679889790294912707619482051645604742809472447279093688735705283017371352657771622100685964417565571051160198451345394816339176695759562970935709710807586094597630268034850607069415656194120070776246021879186915307575552236102517793749926233024951578546277011831726353073337113923129579,152331300498115774380332704101294549316047461252729006977093711438038362467008005827635017789460646905261008961322809895262820134774594672994549453299295024963456988282864042826685081039679029381645797519484081383181400457687354529736927928986679084701766956342866419268810734180946964272371988980,1.0
2024-06,NCut,16,7,1628377,converged,False,47335600661769112083191980434708615378376196686318817123656652949078914061723782524479664489029861497566813274145897629569441388562095904342875435811328571509307869687530220936429676146369008586820398404566147245211782285655456796662430076750182788940476827899244170703660126117554002229155633,14801428174892342610453920633053600792037950528224691127832784624294305443824094653987621723805367680578518445156898651722202587110679706043793252955824630627966397730534805568606421090848068804685915590476585611143122957865648542629410554169862929650540417166477358595496304349192203789142600,0.6106209004283822
2024-06,NCut,16,8,1733106,converged,False,101186272268516826891949275149305732641001893577814388305329077622645752192268039059308249857303400335465840636535755161860765280944042226607725616231324293606524020196372886826189060752728346542953537704750203778150736694260811020530621178420036584287947390177189436131329231665555419980682265,31262197460095766869968312228787449539117800383712641463428620511658323985001826485645895859891288253738825232036597830562677832506736292974855664843921496660135116800959712425566499192944598565441079936708885949870112577785794281359462096581876438399558756065650929548839853640434342769469588,0.5976284054993048
2024-07,SSE,10,1,1000003,converged,False,201182550671131854583771678254471864612812456798303421379,743795304102314411762897305395872341873927290869514240,0.845277416845681
2024-07,SSE,10,2,1104732,converged,False,25180242910531240058044175761530335317980697643381286568004959,90612481760342069195335329892924234878681073351627489935360,0.58931466746759
2024-07,SSE,10,3,1209461,converged,False,241556631161557082919051711591665985083248526269840464049763,892919654488253887817111546046286451781412338185231400960,0.941976672956541
2024-07,SSE,10,4,1314190,converged,False,88512358156888913097027384771915850887544173755919347533,318615777935917961631677487987375790089147329072332800,0.6155300475399483
2024-07,SSE,10,5,1418919,converged,False,1193169876168865912883663908557372544171256372978649016573,4279251342623740452263385610433874228409828212410941440,0.5587642485786607
2024-07,SSE,10,6,1523648,converged,False,691924842951016581924700244437331272097344035964095821785,2489055725268624022287769416452529561760619757135986688,0.6008189423936674
2024-07,SSE,10,7,1628377,converged,False,563360859673626559949178703710724290167300003457821,1999588685012193553494187768497821425009214619648,0.6687307926996361
2024-07,SSE,10,8,1733106,converged,True,302785918812160529310133172070586672715373268678082076019789,1119816326028084391803040383373414692521493329720691916800,1.0
2024-07,SSE,20,1,1000003,converged,False,35722434575377595185861629687799912244288238020129048130650791,193098395392762134061915200223864570660745395222575694479360,0.5824622574246826
2024-07,SSE,20,2,1104732,converged,False,230981877583432204416653663646018680004231806989119410809997,1242117137254481846383822298756241746402428927166298193920,0.4488042385470766
2024-07,SSE,20,3,1209461,converged,False,28542246311155871020258204256966842331194472439470222525900569,155613840087015715950827301952767528475860574525811306004480,0.581428314919823
2024-07,SSE,20,4,1314190,converged,False,1214904495848901607587396274337088892799492515942650396976171356593,6494826891305576408378205720355342075154645787292815409104814080,0.4677438912563914
2024-07,SSE,20,5,1418919,converged,False,66781084479550361447423263012755415142708079354706946585957669,361964004774548958861054740913305774691962516270812758016000,0.5981702163260656
2024-07,SSE,20,6,1523648,converged,True,27571877538845353682218614736354537121996403682818894386581981,152440374777284586811128795376127321823412705829247170641920,1.0
2024-07,SSE,20,7,1628377,converged,False,14866467257530784556133504626596608393906029174860293931929433,80388150051107869590574934887668746852941750123891576012800,0.618866798360807
2024-07,SSE,20,8,1733106,converged,False,273374521250812515318753782473673071901974497480121592505256187,1460549872979865109064396636087828831045939171676307335413760,0.6083304651995927
2024-07,SSE,4,1,1000003,converged,False,297934149279324179092025517638355730899175320372897,546706219005178804630767652072493940448774062080,0.5932653235506733
2024-07,SSE,4,2,1104732,converged,False,8505250410623745125711849596143581050207988852522513,16368303860023272939820095205710099696824667340800,0.9606753737043321
2024-07,SSE,4,3,1209461,converged,False,199077227279679488105114833752624240800800120554373,383108468096826405407172233300250427001510297600,0.9430168514476798
2024-07,SSE,4,4,1314190,converged,False,199077227279679488105114833752624240800800120554373,383108468096826405407172233300250427001510297600,0.9430168514476798
2024-07,SSE,4,5,1418919,converged,True,604021460536591425825090752489045254420857255379699,1162566444529517420036726455555167651107249848320,1.0
2024-07,SSE,4,6,1523648,converged,False,2307787592757390306435060777694442624128278583862901,4441800317583460172275225322705755338973078618112,0.9947242073201336
2024-07,SSE,4,7,1628377,converged,False,2307787592757390306435060777694442624128278583862901,4441800317583460172275225322705755338973078618112,0.9947242073201336
2024-07,SSE,4,8,1733106,converged,False,95973988195684916469265950603718089334701758730597,184720830557889426325730843961510854802163105792,0.9961487799535171
2024-07,SSE,6,1,1000003,converged,False,8387681663159001238663235970144427563797012479928903285,22303347495060810772017477987920014801878324929888256,0.9993803730855343
2024-07,SSE,6,2,1104732,converged,True,1475855290779694124452321646282688927669276004952651723,3924444514079526031202078811328186970744706815754240,1.0
2024-07,SSE,6,3,1209461,converged,False,60859733899017026008044099351979014981193457095984663799,148427836957683075069545719980019840484055059445841920,0.7071730518900916
2024-07,SSE,6,4,1314190,converged,False,1475855290779694124452321646282688927669276004952651723,3924444514079526031202078811328186970744706815754240,1.0
2024-07,SSE,6,5,1418919,converged,False,1475855290779694124452321646282688927669276004952651723,3924444514079526031202078811328186970744706815754240,1.0
2024-07,SSE,6,6,1523648,converged,False,60859733899017026008044099351979014981193457095984663799,148427836957683075069545719980019840484055059445841920,0.7071730518900916
2024-07,SSE,6,7,1628377,converged,False,2950248677215239080855957870658451874597395659865902361,7844977361755225037986054680123984892080072771502080,0.997453318995344
2024-07,SSE,6,8,1733106,converged,False,3280829263960506042172029336731725497922194800148943587,8723227372411444684949037393155214890246060764037120,0.9782999969517543
2024-07,SSE,8,1,1000003,converged,False,1377825075923747368027941718588493057782582314862611212983,4332134755740348822193417948484519273917919553185120256,0.5266838732449651
2024-07,SSE,8,2,1104732,converged,False,3034276463984730831705069993862354950471948867616371035,9666662398347065016593318316219335655373635267330048,0.9373525021634747
2024-07,SSE,8,3,1209461,converged,False,416000185793588086084868096584792685525755007549768201,1317718659972850066771501044828026866089193969287168,0.636578623546513
2024-07,SSE,8,4,1314190,converged,False,998516551836101439590078886711195396148478701673733621547,3171917130461964506515140145331650954542718404211507200,0.8546710688123688
2024-07,SSE,8,5,1418919,converged,True,132509693208729719129912618937992142824238498681823373,422183301039978580485581335713427045815529777397760,1.0
2024-07,SSE,8,6,1523648,converged,False,194623674829438297054188827782164632497016689119302027,618815260857660388802660603222192352982980479680512,0.8696496056609178
2024-07,SSE,8,7,1628377,converged,False,1478735438625948637249462935327129957750011853552857471,4694669872304049449465407125688814011926431567708160,0.7792377131188873
2024-07,SSE,8,8,1733106,converged,False,8667289687568059937381292533775203819869470205888260637,27593482651026969134057060952893812484603179224268800,0.8877753990867947
2024-07,SSE,12,1,1000003,converged,False,2281139962553077585032093405179694719239824449237070516453,9155970459980451175649894374846629444991674977011892224,0.4762015454999975
2024-07,SSE,12,2,1104732,converged,False,94704446549542483617525019067892304112987087535157908727,386625565154965336508609482964426477236868766278615040,0.47613206209295866
2024-07,SSE,12,3,1209461,converged,False,7586336302219678935107259648318038712607779312329792473889,30737794322788787292647072591601948005599644361949184000,0.7315306722129833
2024-07,SSE,12,4,1314190,converged,False,65466456611689932509496633885797009759331987255479741497213,267697586224372970345892666242367208311839711234202009600,0.4602223616459862
2024-07,SSE,12,5,1418919,converged,False,769111898831101946499515466689496721284325826977126721768351,3130556966962824620196577436231651478927527292801719992320,0.5490270437918229
2024-07,SSE,12,6,1523648,converged,False,472997913316884504111939978551208478977926558737573931,1917157031275859150124739167288497084152517555650560,0.5989193303529351
2024-07,SSE,12,7,1628377,converged,False,22157762906564453241327280355559418290926427073342605668687,89968802331928668594235712464931406114414026374986596352,0.6667689918736919
2024-07,SSE,12,8,1733106,converged,True,23433049874774214947381498649254622535063758657839593225417,96046042027197408010676790579817978646674711677134438400,1.0
2024-07,SSE,16,1,1000003,converged,False,992165176596844368095481359067875033405892678561746580945888181,4720588585721891474249181566999452265075431892164625175674880,0.5489248108872532
2024-07,SSE,16,2,1104732,converged,False,787523797457381694435423486522661347634186210521699351563164991,3770615178448746340403497093206918870536076056316666024296448,0.5519769588361101
2024-07,SSE,16,3,1209461,converged,False,1237466306143365757962625425713225297635714543470299974577,5898515517575505466562145048496374743502642205551493120,0.5641436415816097
2024-07,SSE,16,4,1314190,converged,False,6637139382987544233241078743295395470072846406535475722057,31167604487101048658333804664655516682758027246238171136,0.5451662586037728
2024-07,SSE,16,5,1418919,converged,False,8126166475725981478976192420622877640985379111598607047674667527,38907592522805630073926183778552528784394850285361389599981568,0.4412901882245105
2024-07,SSE,16,6,1523648,converged,False,1822171210142774039605475741535668935503034902284747479148261,8654666995781842440365006541749949384966884577009834393600,0.6314369110318795
2024-07,SSE,16,7,1628377,converged,False,21472016463145500963866017551511455041801060095501213302701,100678331803429685080926345312032525142417521143028121600,0.4440979113594826
2024-07,SSE,16,8,1733106,converged,True,672345797092546793105150750355782238325208417009580694891021,3225301420680368201123820338471154540311006602412068700160,1.0
2024-07,NCut,10,1,1000003,converged,False,3037518276658989180665528210715449948041116030559332663912703589354214486217906371444992572492608536897552175831301284862394036175343027618492727135070743611108586998277758216380392355602447,2280363610106584882683944829190783306964825969447760999352627526427079994408095469011381417391476394286167046974314540322901390856792337477726281943777589517602700070937953105379935488006740,0.8365978916834693
2024-07,NCut,10,2,1104732,converged,False,5585987223779822625301113131740549841209836938040398604577630640373379438489936998441316027182395271898903311511284650125496057146291064428922586982188105809219537123791500986041464211921283,4281828803767257850624221588708061806171507346962531131315679216175774658166077747685337613595344406714938332492621726367267015327419704542419078456768785678016522046474995891997778898833480,0.8742679745844748
2024-07,NCut,10,3,1209461,converged,False,122621336193967761334077420797222407650869164899088324579019897446286854492110696467291907640367041683672033969242282922948608288368834517607698484373087401005789653561849035617266259141,99550556438682737716582762071182436201736024972992182903843115950632362841803960663479076082799258513405543077508135003581256026207663488508327342969262510390950981627999048110699330720,0.9682416582708512
2024-07,NCut,10,4,1314190,converged,False,123469583772402608216343679678895348460229574345458370076306669534636645553935022474970734456632160638044602472895477585255181979359873720251213629303388696126144846888231842977112717373322133,89527817701291452900948987875533750934595945687130482435171811321912443771619188551834552160725477977962684273238746001981950224148682536907303856985104188842978377082818853986054682112197360,0.7832976251119261
2024-07,NCut,10,5,1418919,converged,False,119508590552713307707478802693606043870014102796314367561425511851521344623321556903317576007186532014323525451799056040690137083710760244270876172706035550775743770602470899435540427472822915,87309397280180102404160081836088989348782770848669471316303519776490004825369570690288725127147348778099744376015999719763393428666390152945663248789931945975892932896043207343627387453914552,0.8556804016862527
2024-07,NCut,10,6,1523648,converged,False,56154733893020196328461086675559204272057183375101619279387248836679100353229127383282473879809260216589625056852061051335100326336122219764385260924670043973154961407839622754205248369,43054036517883637517103407304946284155037896606295706578327267524498137344835700638286630669499470252140198150839827911840557025799040325357823120252724055617634575784339688805611553040,0.7818173314980048
2024-07,NCut,10,7,1628377,converged,False,1137554897379488766522365773735570410908023838641247627906286458023729117756289497842013439283289352866090637770888708954703676274682813377179300050212920768083483492454029932333720019098399,763904945660789908211462813291305503112980880223155809644221936914332289521072460103191989686238151771123870359852476955644104694444358815690360245458025211669666856731359059467258693133064,0.7047193578589235
2024-07,NCut,10,8,1733106,converged,True,8914832152561466576799445375452625905227042322502545304006395155890996546350851865792048349490484610969959249890658506928205984812065099207244630154118380124196559812614530488580255847141,7256216276602056704155752175688796276189048354580322428415137427329883942218025734733022286787474530498294557256546940270440370121221558382299961045333939902352119056034455819240773395976,1.0
2024-07,NCut,20,1,1000003,converged,False,93834076473196086478052079359068142522586113095990051930590048322429721251126741899402497278389019630120507337764657071701983883529616336788036585152314906284219709712851692394260958271936298589826823304084830505688019210233603397932054585328862557356084279901195859227220388752701206137630672335425069909801758977413323534584952993654877311010406438010762593444059854009,20265245545694261282398319230036584645545617949514021591192324882277420839608318896125703486744768665034868456296284399264975544403344691447117383111152354750236105954750866739206073850627068874341956593815505777920773421397457808868280970355064945857108677733055338740249681309443698072781275565776650521611546372295040300510084974326678904119871559427788301178445343600,0.7532845893753026
2024-07,NCut,20,2,1104732,converged,False,54998057994744844814182836715019974850367716516725070776513748017030852438789033582683422139188631639932386448335628545895272175927641103609782707155999131781885017876869556876532070727270439913236787613953383600432722699966610508677438606722688979728990207884959147401912237939543888718478490415318274218699639926825612465487388105197288782239387188498492552526477,11514253816518120401955571028544219702828759368855565140495523050444882510435933101843259851003875860627663289923945598724871912081754615294290987570084160113549643680709514739978496715771781590172685198603106820980803470851347895008860216648183200887177053039255528755821840214083087807883555340917676997616243656684974743665532261687063455838250879887257152554350,0.6430140714657288
2024-07,NCut,20,3,1209461,converged,False,744266300881693585400501022649627522951104307333005954771447833613456019336252592264389128903669493793532752880833867569742986077625726910682645569983476046157640486631408522957043182158587152053952195468364467131367943727067420505414306961804146232414511544864034645668899512202133633064129947296699320516364108144121818143159095343726645341370985575711107,178656526203450418535042662438420168798690395485997093235136389805675469074299883292101075661440684416111749474861975931561336487036868806284621103844536725826229616605009962596512924064578600256548959819480357842056532804224435470853430685207882232153398387294066358674461969013719667800316887790527123791652774729998088376750714404903991870079749881798360,0.8814537773435787
2024-07,NCut,20,4,1314190,converged,False,1186363172327495209580674590537908016936518045779477505017432320096568726469405650499134593280503947716885567698667474041598652113701586753466296415537179427856441386343962381686722997134323647264088887363046928880059744291058643303920968441722087448672207087846894222763176714594186617108650113447582684779085101940376447851657376730760391967022919900428717633006303632933981,264187521383581252891827274426022756364031947963675989119704746942449571316121077142638340110970070878157187953097360645217890953548638052907821329190259855318764073700141485759939789561591634152919069198314025551340216714212928478112773393966719249276003918432438359516636887136485183631624960146936184560170344083269747615002218211395016386926227161907234798172751990407672,0.7075129040646774
2024-07,NCut,20,5,1418919,converged,False,2726013425286135474969118578887457509522877984788143659205550832242476015831824342901922016777230446473811909138527368856248117978169669138333169656429097347485925937170611113211956178737856620336656109819066459813588406027477885108498896665622452685722952156248324561569454754227475842613654610732824724161977756553594580413392900960226613968375597620150359,638217234107599090346193234056203808624781267245894593831153531743196424011530294950376246892797925308075943739131328805982251838032736610917967833365538040383910869044565389439466984661115367416300780757702657228222949337172197132047384634199688581105729343914885247483967407000414499159319673456701457552355983148730468088777643890377493196359176263061190,0.7321053915639284
2024-07,NCut,20,6,1523648,converged,True,4108459204984612865921420562551124102842945941586315083119887439498776539763494275289371378753949605180890408235083907103441361151367311762085064029681988777728581766798654034464968055555868392196336972883181186419732325935242960414557118301790357885028108339948866423453823567410035733793018234756704163369699904244791649941448174437984483414336369991102782047199101,1009794863630080970806735704343938904098039434787975884041375616464105382637344339608034522544290229566797506097331626607777947610701516250623376140422318896786008493850894582742290553327576798485768282646634863728257134724365027406175569196106194958291132743393195086391075946508506742841406602682174110103689199869060828040089330187073937908024249317733147336238600,1.0
2024-07,NCut,20,7,1628377,converged,False,3872432191607702432313623328192676635204767925436290171805572417267258806529509986552865769211630577242489157347164038407971134360405836296517557706723181663792803350806422645108628047899114737442941870816417034794236611321381591996548812956250051940533281900693273535176288393889112279422730166062929627029833919148599868668317349089658779282324933298724486123,798334184258158847068623534549682587857393300978009771930537936959895803631418501464503152851342347315939430369717576945244840525653649423953386689082982873046154385881066823486640820353020488938273658712743630299085228089874333208255021186451472726817000494938231060724721582896317517211469422766077305300860788752035921478047825142722371518106347520192137200,0.678388743932156
2024-07,NCut,20,8,1733106,converged,False,3774355599751196702679209570684280231173393146450468101327013226563882486972568910050625416321977964058794341561953193642224051108196742841567776988379830404202761304282147394525256275461069531656768131233448729159533419198979508535811851187801646326360631818548093600192766343330039007900691964150676171117370797983207374984795366988134454157923749812374714061,827530157507736980932645443173717822439678141393092650411117152601040782655268132969678076804938256275991964453712687285763109589242738197266376027286173999587761859898249026451850052029114052474582033336807104439952343636710754235629371479132181613387963342632269525930622364072281653299868929095762858401190021229988312856163131778851022911609543342939141800,0.6504362110862705
2024-07,NCut,4,1,1000003,converged,False,27724705517313286159301323386580391480745180586306000415655712921602705320125,88115089707064569090922444429912907845665332102916615712216148605942017074579,0.5604179522688006
2024-07,NCut,4,2,1104732,converged,False,218055130955222545116463968872882439655336301927488347135541444223636705334263,692172100556663230403630415656254556098865226505387221406741817570789725605132,0.5579939833743764
2024-07,NCut,4,3,1209461,converged,True,613396754398492963351719040913157311858841295831624645654576435375671778734265,2453201888003987269663457007805772841843888739340979262357407612892308496681242,1.0
2024-07,NCut,4,4,1314190,converged,False,218055130955222545116463968872882439655336301927488347135541444223636705334263,692172100556663230403630415656254556098865226505387221406741817570789725605132,0.5579939833743764
2024-07,NCut,4,5,1418919,converged,False,27724705517313286159301323386580391480745180586306000415655712921602705320125,88115089707064569090922444429912907845665332102916615712216148605942017074579,0.5604179522688006
2024-07,NCut,4,6,1523648,converged,False,218055130955222545116463968872882439655336301927488347135541444223636705334263,692172100556663230403630415656254556098865226505387221406741817570789725605132,0.5579939833743764
2024-07,NCut,4,7,1628377,converged,False,104092926227746503135599637134761414713274049908786492323529779633406408701759,330672871078767845750032255805813863766639547191989990588581215788577984465020,0.5575401213892224
2024-07,NCut,4,8,1733106,converged,False,613396754398492963351719040913157311858841295831624645654576435375671778734265,2453201888003987269663457007805772841843888739340979262357407612892308496681242,1.0
2024-07,NCut,6,1,1000003,converged,False,6859561863500848052450199285186853976471066324195765941159903173863054909346741145514785679133716893297199741948969,13110879335877083169911490726555669108981086977284085065590501297796102270906339555479172791913380862024302068828240,0.9961322634846796
2024-07,NCut,6,2,1104732,converged,False,34228264616909574451789833612883776974416848804615044312761684251757604566336899557139871798705220836241687766781819,65467818001948296882702908653693183623398872791117600766091739458599389846453419538346805577058294473573851861600240,0.9952921748670088
2024-07,NCut,6,3,1209461,converged,True,956436512926321852228492891479100474776047409120460370097606774303938714165374686212015680892289740009728669561747741,1837910043240753700300099496423012580750802484292787270608609359262569799309025381867347022251867818960401840340603210,1.0
2024-07,NCut,6,4,1314190,converged,False,956436512926321852228492891479100474776047409120460370097606774303938714165374686212015680892289740009728669561747741,1837910043240753700300099496423012580750802484292787270608609359262569799309025381867347022251867818960401840340603210,1.0
2024-07,NCut,6,5,1418919,converged,False,1646813922101549472477283183223755920329258573443275070662345355450734632077243017346221477790909511579270850290066,2535348123722670632012274069256161569395736605316310557855775855558774654965956284449282917765957835939772653900955,0.7702724831083284
2024-07,NCut,6,6,1523648,converged,False,4829144461333768946202465723691706632391844933786396113825159753884488819062078380289356748453717709179692920163447092,7289809099506841577318881478639040949709861395948188794201888767000444066407322551108518638847937504604988206613105675,0.776651513614448
2024-07,NCut,6,7,1628377,converged,False,6859561863500848052450199285186853976471066324195765941159903173863054909346741145514785679133716893297199741948969,13110879335877083169911490726555669108981086977284085065590501297796102270906339555479172791913380862024302068828240,0.9961322634846796
2024-07,NCut,6,8,1733106,converged,False,95929734891480043797160946659619340192709391681708502229596063954324936839521548503516513011806868326866630032515973,183513516098473754047632663378056614562313240577161276683627310155784039319487382479660278588761770668792539279679230,0.9975814550625434
2024-07,NCut,8,1,1000003,converged,False,17275743845842274930132429027419999844929225907821638155567955428378497120833143309610464581708154749781750000582529966824113940880248511940967136445193,16871683585943806522663697417557832392896723016280745714377145798848720220245079686791815649559579889652197143710052405424069062060811569762940637039800,0.8569201834106049
2024-07,NCut,8,2,1104732,converged,False,2185493982739597810449580321879219692689786390842894896135598788142018797404033835676468157107248906621803903056925710501964878267687482343665851454721,1897170734876292310656594483020458947284643749570823749830793784208206318564288575790762144758489741558662007378695480112838333043962014505670415418600,0.6458817326729057
2024-07,NCut,8,3,1209461,converged,True,9145766761632843108467818821008790271625211611636175007030461779849038346240277074919087804812575197058915529049869373680416910231702625800985208665172,10777786478430275464905245142800029717277961162436622451814915686842114643191327166197794061483079071035290131339930747534572078507062603862134590986425,1.0
2024-07,NCut,8,4,1314190,converged,False,1423524038722397691987416549251355795299693255029646756092586413851896560455115327281674046678850196924914172649339245961502368583613549523002990784710051,1458808776118065850552459463764937799143607435965661471704216542017423316111474796534894099686594665822823452529700587414904351769138684993089013842266680,0.8700076137732137
2024-07,NCut,8,5,1418919,converged,False,10876321120803736604159528918020351100362680394064373704470421573405438042551226971750627509857812009827154909598625740410651016144425441348959156566897,11628404014504137889220045588527221737117923409497378821995144459675828373548926178689406285860051581246322802797828550907850660861665223350287602033140,0.8056496263163516
2024-07,NCut,8,6,1523648,converged,False,4576340311383223173847438558835416616777243756925217586347069977688738604809395094344713283675054470490067946896457475733866359180665104795555558301667,4338471749429151663043092392796253284924494457889724580352168265641776075879395364936895465024845361906520027061504164543057049686858345804633520183160,0.8645308921848717
2024-07,NCut,8,7,1628377,converged,False,2858742881778304589581089607753490155198236610641861832946982543049107629293564221674968078840384664028221504734482552788911314509278396597452934298047,3131180550641413895790430941564868863974546675442174189184273413761605297813489100013265992614131242229844359563339819029100337212019812432633013874300,0.7975678117640035
2024-07,NCut,8,8,1733106,converged,False,15918176815817544148144547734873607603874460540842822092665965481358954568934825545517837567037586560562063985743653888427620585406259020161543579285677,17694542312793340609763198965904217868476580669677677937441317123508110889208150516588336779774183256722973068648340859945722372860181759734587911953300,0.8004446507863163
2024-07,NCut,12,1,1000003,converged,False,179706701413311592546946517831103413842684072057062415760970567719993935349465233649912865000641717961273665282582911090139362206114143919590482272961040296575778385631122640142642930436695646634533592814542819951166573391,92786234466864854073021514143461454242182406286385884028325963329647389323453624654648915307993688852856446102971599412238962262876817593967347351810697552798519352988058574407755970233771366245960453332175412921468959756,0.6788628911839983
2024-07,NCut,12,2,1104732,converged,False,11258896301992068990095341914683154252993618604468317585732657818550708414028749904746279355809174348455239724727436508607596976500084723484450055022718136389768471801457981478790088753888488792684440020721665639984160661791,5642352541224693170246213837359575520160063318543435203742504680615796103001376511563720263353726746587083960515114261836952386057368826810256461233738636500562167138222574998297077043554406188856012326356524299980304955580,0.7450248437515977
2024-07,NCut,12,3,1209461,converged,False,31423094713823784928009485578578496906374477129583402502566621280939525701360660307083176836063533469059227593521870180436043216479275344775266679142831561664193093028473918702198574621603991299482921471469680219046421529471,17094925065211777944631242365966080665017448493608337807677048320648103052280154640674184875166028077347874523275973691382392067298550220610372778099008817458106535903102526764091583891875755337810120290091289957575302460376,0.7430137658825685
2024-07,NCut,12,4,1314190,converged,False,304481845673106681911448449417220325916223583386398083910411888124475046446256616027750752556817399080355855395336317308493060685078612690246937274144655689066938719016099583442739065580031897162151583609165618336113738838430389,168886371053340249600816052904437696310042630282568531370468841108700461555029973095768181376686996808157383322773825930944526194482923870362823000741676899240621992844259660986813168630250807610701231080223527007406693313261620,0.7370146267590174
2024-07,NCut,12,5,1418919,converged,False,888408207714670042292909223433580386166936839733063247186714800010527423986770230205836159248231362618592222680703871117772070571171826948189930440682231543145244391757147919389977182909990114068203739935266789688276170587777,485340343261955415454959152058549530121346171490712499903782520310132136202618113360142751735050567500155158410524590681857894031579324692817018778393345464349251246524556143272831132392827576166902089346900059363260597528560,0.759107764525671
2024-07,NCut,12,6,1523648,converged,True,31746087414238702251978840379992579085508718074664345495820057810297931055048524724222527486685717343912942906521242261691445295777355075499484806746454215288574206773389889300960591701445040174947150006705783958412887183756059,17888906964176424756191506613686302446362755262556489003880478210290083353600308919026715078664099747683974542063327259430838704746240041387552480364477195653481555273307162438623155292266619508027096263287359902028391562771390,1.0
2024-07,NCut,12,7,1628377,converged,False,45144929357225436637532268862232460161851207801802783166491037806007216805359937786354334705497805745243034877005152391080149219155947201403448346341568877374664230132313496009740574567114252836025886549320946804602816,20713278975172258159249336580672939972974248822905161936944218536333942625263305703490147053088003786382003863479501536207822299908593952465390040502473775781801564226164015540074150914878673426099441660772065704403175,0.5577598664304346
2024-07,NCut,12,8,1733106,converged,False,4137422872629665601778422778590438436523800748971780003033008716897393997692657288588403177626687896489024020961627790157696744160628001678076202486223820450938150305213704357439539975848682024946637664457550069693140341,1982155071949131806356808349832428588982066343380182309855988167900090473025592782929543091935948778800689257946074221993009089785722632232850139700569063671284986919234031524075757144729064184221812418809840835839752250,0.5466552202036608
2024-07,NCut,16,1,1000003,converged,False,507133319180136147852532227579354188760509725634037766652433069429238589907987620889710348655695121286383810736166737508695729649101379329823927411989767540753299752509405913313469443796093113917519020426599443029202561814463182477696356431721870062330517156278387038519466188895299039105521363289,151893400997730321958392149133888734374013714417214615813719302198743288874526438863081755423465246519787197891034024533470184571869628818956127279942875210017535750242902822387989201013469424674121865372724791957942806043895735825018833015930389458935999281064650798008574374286492746153079531040,0.5679401463416729
2024-07,NCut,16,2,1104732,converged,False,926823350482035743166794364739941426964891114997973145800359464029583235154879279776139302460398437485176788089755331958647989266862460414335272791434190060017795036865486782686827341849786890652274078783019550565012984523302612785242527414526102172495014293152876562520297791383982685400762222671,243887371366223120701027711531049373128950743446744182758507611102108117196371295479348964580967672066101554882248736444670264627663017136072955721873915079943418308803429643051363347251548110916594915775836179404193620830245439910337848802026646086962642228254933969068132568944344453988624278340,0.6702299816441468
2024-07,NCut,16,3,1209461,converged,True,1381451775843712518465353148228722047560898912130162083113832283530653570662418960482463275434635981676281075010280825179064629863424063677717662245703375346330319688527370728346293722187463415447352162910387308906116121341798465209340074409414532078148741692604242736768570891941260418861,475877811810954685430765726095122018482988670436311711487989307964221239263868501239679065613661956000546207259529495955025770726428413566122217602828890535580183850652977753883720509744113086260013204966994071285711202720685088412907734851076563428436865955214431300753810406509392375122,1.0
2024-07,NCut,16,4,1314190,converged,False,22859819477989496403076040805944430910995176230470183250933566734147447783684436375687719611289284671107486056123992395112801164854398502480601317622144486961898548933017630676385473077755077043080291346909209902453408984740150930268783618047948460975200372203842873721785392754134821603327906746,7745139917516191623981139926359035981776955638249220703905270135101260440846788728390364921217650822821714142988678802842124441413212624899404795203282802414325332338281146936387208384482878784650004392728666418111520189262696740481687943242549252334592125985895983347908363684595002822589265467,0.7343325098329008
2024-07,NCut,16,5,1418919,converged,False,4145198759273296636248055532636888300642176162382530491333674029739881772685045716052007390028743984301811585192772467754810565606778004783942659639888583993109714175654392162594036503649439022278427258386371794695615280533097576042368928943709595448395980819556567064036860678497386692096469501,1362348028303781428215155605628559629295643669621358574328364002870118543260269435765534650546542688828692740486676291189653152115383631677981212765661772453923652893941768082810212401115097053860688136521007222011008125635936358174817685183681599239869171700226118407736019239847866676188872720,0.6875926480424244
2024-07,NCut,16,6,1523648,converged,False,418075276898190889855046612814848053221139797315567064663095568268814599650818169461505524298455465596189566532120158344034192620997968698130129457617938299120121992772786327178339176272654172845160910368653219982244173856805677561334987763596844397727554799982541559878989775588434874093442497307,142230724237899047540701555132515480822092506607347569707600892713598213794474558002575175209668526114967451261612046656588568329445735741357041750867629047789682496800090888804246093127316514167857190249263913894735084791463086385084684833265634834566868456390591468780505676729175364297261105025,0.6345041785182648
2024-07,NCut,16,7,1628377,converged,False,14654529937532560080125566669156985150631354742165316655485358627819270989731020292712502062600319855320887238345116169336545669020277215157424990590000033832807028414368328317515613506666010277995878335717524999186381270325159785969996196596468141450007128621310809468470203272466296148019009,4925703776980390173396208447080086812033094015938554918695124622718373566157462608207287913367886799967534662774045546708698723898602633151282005414887434568504875626649107241818813723079615426289029211828207684482997498952338735631044034511147853285123036623912807421655091126749600275942180,0.9232827712088885
2024-07,NCut,16,8,1733106,converged,False,572621826907832875714118393381549072659359383787289895247796620485564588240149282763701964665085318861451797203670302959607114079920430559424157825932968012285190583948119556279459259045895704232308286400612178180592924907407753544457701420093711312876328448727210015656370841013351491212354315544313,195222482972704561354624151737992130401084558375369483339863316105924279999905566067718644524784149573700029058671696599637885360678108650666726518983683436727816419461562912005444952698220357848590008160861641135538356500063535784271127773054454237675246800558612995442708700511221602382860195635400,0.7226235901430553
2024-08,SSE,10,1,1000003,converged,False,17187833267888036087136718709051779854242789537991089,64317901440455407639134218539560916560717545472000,0.5590519300205409
2024-08,SSE,10,2,1104732,converged,False,768970725026171811862831662832302379379441987181714313,2916837325172614487456801130867832970587401218949120,0.5819893661846881
2024-08,SSE,10,3,1209461,converged,False,1777574795972028008145279635339974947114531348840617672851,6669112391969710608004034217340307071819086013000581120,0.5596552438330175
2024-08,SSE,10,4,1314190,converged,False,920041722413345937564926842883860810228543213892934642413,3491286508873126201766811446772410462378859369741680640,0.5378191221005917
2024-08,SSE,10,5,1418919,converged,False,2082550869667406053907186489688328577139590467492811993,7586285687550852156154486593196689357552003684761600,0.46712835534377867
2024-08,SSE,10,6,1523648,converged,False,12722645576265225368107713246540223524378526267619583836011,48252262409010026623983008740210344505087221040278405120,0.51660056221834
2024-08,SSE,10,7,1628377,converged,True,3689058077682746859543822921982962708019200880046989710645683,14163631263410742992190385877503182658477265422825637806080,1.0
2024-08,SSE,10,8,1733106,converged,False,584539009311919989303841384676984192773973002829056898017,2233039826162553011122387478130160026617854745861160960,0.608508386208279
2024-08,SSE,20,1,1000003,converged,False,23896291827524976575646650369739906203098345326079751347380586279,135595688287540227203416970806154824642356596623079588757504000,0.5276718536875398
2024-08,SSE,20,2,1104732,converged,False,663511139584341919398066786853441754506531351350677201592799,3766307143234814783197037821802766933667426822093264650240,0.5129008357317458
2024-08,SSE,20,3,1209461,converged,True,3115589188320207350843713445665742769782292511457274229758677,17986848396034339316231896143565283636060968523409905418240,1.0
2024-08,SSE,20,4,1314190,converged,False,168239889302368760858765277715212653355355058541454274192049529,960375550724195962361301840446102120717653704318192483041280,0.5027330161815007
2024-08,SSE,20,5,1418919,converged,False,75339283574928275474846355775352837323581136554176046983209,430580326895861078376462167062196666330855618619270758400,0.5507970102234587
2024-08,SSE,20,6,1523648,converged,False,714517878505822460873163279599438388863903861969458653319,4062259595981771141731189857366899721543136447561728000,0.5817457479411929
2024-08,SSE,20,7,1628377,converged,False,4866724505943940848956923654379744611495733080211317082053179887,27816774241515844856808537171001389304926889955175989615001600,0.5615742440592613
2024-08,SSE,20,8,1733106,converged,False,227849610397428985162088877530180104470741704222872559297437,1305305308044143292658120748769981248128483744068245913600,0.4575798469857023
2024-08,SSE,4,1,1000003,converged,True,80026474620838644719440441115252706455483969779,166185741227380243032389037279097232038035456,1.0
2024-08,SSE,4,2,1104732,converged,False,1344247996643762633781148383801207869236307081497,2780396518038316965128177874508470722343469056,0.7028393543015686
2024-08,SSE,4,3,1209461,converged,False,80026474620838644719440441115252706455483969779,166185741227380243032389037279097232038035456,1.0
2024-08,SSE,4,4,1314190,converged,False,972689687769246546177481277387807160917685613112807,2011714499559944543682646595394916511694987460608,0.6667410780454365
2024-08,SSE,4,5,1418919,converged,False,80026474620838644719440441115252706455483969779,166185741227380243032389037279097232038035456,1.0
2024-08,SSE,4,6,1523648,converged,False,80026474620838644719440441115252706455483969779,166185741227380243032389037279097232038035456,1.0
2024-08,SSE,4,7,1628377,converged,False,80026474620838644719440441115252706455483969779,166185741227380243032389037279097232038035456,1.0
2024-08,SSE,4,8,1733106,converged,False,80026474620838644719440441115252706455483969779,166185741227380243032389037279097232038035456,1.0
2024-08,SSE,6,1,1000003,converged,False,125493026230063230317115909617782812447610658823817,331391775492158412134620672725937660218467942400,0.760927183677479
2024-08,SSE,6,2,1104732,converged,True,7483863955704795146915389473378288836776185077554165437,20730239280697506714753357824168377836286054695436288,1.0
2024-08,SSE,6,3,1209461,converged,False,15024511832060185219807234636685324683606071658266013,37961455164616290698309819256903795318719302860800,0.5269588095719262
2024-08,SSE,6,4,1314190,converged,False,250755335513501339869255208478700209353488665590121785,659806546155027728904629022269949132635417725632512,0.6794053637282507
2024-08,SSE,6,5,1418919,converged,False,33668015563172433039373631739423184941145377371876629,93258014032406961414300814722939223653068266536960,0.9909835374651749
2024-08,SSE,6,6,1523648,converged,False,33381225032537011643866897336321077068330282671101407,88150212280914137627809098945099417618112472678400,0.7633193691999558
2024-08,SSE,6,7,1628377,converged,False,34714036208762216529489222952140074868871101169075153,96154619466212881056761902943154023545849585336320,0.9312548531394823
2024-08,SSE,6,8,1733106,converged,False,124692593054580905091485289370293211822784506016738117,345393325170373965112310159691425416168248893767680,0.9180439419056422
2024-08,SSE,8,1,1000003,converged,False,186636641453043444211350672178865907936021381393012681809,618991449492795149157980579817641868176696584385331200,0.9889383606798476
2024-08,SSE,8,2,1104732,converged,True,27725859526107230439416396879243484994269643505072643805,91957265352003001489612954446835324089687820399017984,1.0
2024-08,SSE,8,3,1209461,converged,False,1765223558325162789384319691274766671633021067447389503,5810495126614689762032049305466074253126273324810240,0.6115808412132834
2024-08,SSE,8,4,1314190,converged,False,18600970514339884638866207677381865754838343115177103,61184190098139565534377405446699378707775933644800,0.6369968860153631
2024-08,SSE,8,5,1418919,converged,False,43236902163633948270207938629156363265927881065622968131,140033164666337765037782945815085481359576681108471808,0.4926381135497946
2024-08,SSE,8,6,1523648,converged,False,31487114054524464565674814659857316776625752852947255901537,104092895797795023104263974497193777443713446304756531200,0.8088606596823275
2024-08,SSE,8,7,1628377,converged,False,8103251223866885353683817403190597876908698767268827,26814433511059263101177560018213547107976122204160,0.874465079137345
2024-08,SSE,8,8,1733106,converged,False,30946636501830539673203343239349918107569008485720273,101773469638805960465377292330834347076909122191360,0.56766203910904
2024-08,SSE,12,1,1000003,converged,False,86414890760744092084678065995342403021430112540133,364603630123948268733936168217968444005207244800,0.4314234882162558
2024-08,SSE,12,2,1104732,converged,False,24766393316284487772119146884985257800912625328176588629,103228607280629129155855236935455301178028588510740480,0.5011558438605787
2024-08,SSE,12,3,1209461,converged,False,3973186890768450630749887017851257058687502148364504847881,16860756285122077134474321670566966522105014489658163200,0.3910583330998347
2024-08,SSE,12,4,1314190,converged,False,4939328599466053447034691661271429146037685523609894067999,20957924764690325626019829912454692452898303857739694080,0.41612388732559097
2024-08,SSE,12,5,1418919,converged,False,21784065606390322610925224474356978204601501653833374987779,89311943960262648790334191003408425451469527063682088960,0.4782237075059269
2024-08,SSE,12,6,1523648,converged,False,17050534839003344768720533024490890490229825143691240971,72681653318839673212724226046287530257172944178380800,0.6218479892759591
2024-08,SSE,12,7,1628377,converged,True,22206014035832224476381906523534815059222864699284058213,95383913281949844886178646532877339804124518232883200,1.0
2024-08,SSE,12,8,1733106,converged,False,135743064803629515561990887340158868360159424393522099307765369,578998574079125758253983769293163197201876924018755329064960,0.4918775072982882
2024-08,SSE,16,1,1000003,converged,False,298726636220997049685784087387042315550764496514950047062008619,1502352880759988392028610560634816009162784793220638520115200,0.5784684942265199
2024-08,SSE,16,2,1104732,converged,False,107325077511886350995578147384244311765356762576480080802959,543574559038514317361895621997332889306545952037252628480,0.43201787276629017
2024-08,SSE,16,3,1209461,converged,False,696729670936222663637332330760591323015836908165850991082627,3557979625730954547041553598828424884068120079409715609600,0.5693780295862021
2024-08,SSE,16,4,1314190,converged,True,425982517822090056157742600487025375551316868039359367112313,2189700247450081508537873222553648646700297437224055603200,1.0
2024-08,SSE,16,5,1418919,converged,False,2957098436720423628275010124716988945116958517460686642301214099,14945600149648349980975648612689135520357141271955343713239040,0.615053938584012
2024-08,SSE,16,6,1523648,converged,False,1494158264005985266440406173464683416519582988517220555903883,7617990769027254988344044088687254472905026222374990643200,0.6705921095535061
2024-08,SSE,16,7,1628377,converged,False,4279913480888276371694393083864344049998671886986776407861589,21612001620874479086143484925881550859998491883345228595200,0.5971358921636041
2024-08,SSE,16,8,1733106,converged,False,5036859194952266259123519128829993262064785298843452360091267,25271598339331191925477560550542309017476604238354312069120,0.6127527001484713
2024-08,NCut,10,1,1000003,converged,False,6822723848901653287045205752510869718573975427036636256449541943265033579550203760234150797901073692309375093728164307866585781568875674406649909657226752499717594433716921028664563457335749,4723143223046625255091321032178839293053617906315712870784189497919085577726587350693573890996304340350775833597055851385804300841977382836168671016582817120803681466964659008438364565990400,0.7878702082227753
2024-08,NCut,10,2,1104732,converged,False,5396278175105598241720076172039142557423782849695315928452968037088280934548445965314137575550038253122412391563106287403950547770407418651962146294196881489231352623949593945748879427,3539753118619274810088402063047851303246742893970569731825659561851043021419489188297500468992728168395928917517201181663016237055249713965823857779835906012263211920158912228793214060,0.6698858684199035
2024-08,NCut,10,3,1209461,converged,False,15319484943059151534027639067202744980525076125859305211277808793715501484443895246222146217357402509767331054837300870882544040982471375715349369228766976935251262033525457552510512649747,10937139362962070677748862765575922802474830266909071846550714704489823722559609724281756780867079637434627544267481540313598372789964037084592958298316390005618314626912599779696006323170,0.9229848565404851
2024-08,NCut,10,4,1314190,converged,False,95497716932405104164119872848874538150629537407056985738201135417617559646248747089807918848483847860821335219044202626254049419608672778265546460597703640055935685320984613121528813967,67742531867288080419511921853212947491550890619811427478943733914116890967941021060740626319582064804146601814331281386286869335431360865917959762638688958585945211416469864636478149161,0.850848664593905
2024-08,NCut,10,5,1418919,converged,False,8494373413409908076402110221634896226975292283761238672000286366064061992931303133691763368187626270138534493993611360506628363585593295798365640361984292103326480639757637503512421068985509,5975360035360045748361001830303294716687722878569912051331017828049133680256022019246990333277242429022002445999785850495267707777110628682155122920098671035399815450790112370339555541478400,0.7887263891441363
2024-08,NCut,10,6,1523648,converged,False,6936040485347065159740091395897710981048006681822703092979568310696485276722768507405404103670421060303840169684018214936475406805086537316142192894036632953429086252767294299670881880805869,4899187806802531532819127734660307786799282617843282209443599175263923194051012664363017205232388319454549669404108219507159227399511814241489745700479364551043427630650723407203414032393180,0.631793122205162
2024-08,NCut,10,7,1628377,converged,False,388836299495106395994831210619366407372212811132703895437644823743181286732957970385410362776096351997157217437170474858251821990788847327403512020042997189778167583797080832026709405478,254963596614922107312700456787443152919023683919866488906140569449807826538044581467006041872834519406130954784765736267777372805727506248168808119887217087824720212696838612277808938745,0.6800536194203635
2024-08,NCut,10,8,1733106,converged,True,379018099429384280025471056087601213591980188690312663078826074256420943875583796431350711665817041362395738090873738339273840834046346595739280902554868305586496274097612582213607447655359,278542994842080859273673509879572978250460593159323407450321173391604723471836843312686057208143025809022762579873657883294630386851897185721491363568276667642873696730015645488582616557700,1.0
2024-08,NCut,20,1,1000003,converged,False,138936408650832813725909004308505036171644668375514839698615092972782937626609214765111193696830124409976500605310791102033723099012977422771971298329620421633675081416234787501247052152924072691887923380531052041856387147415501207287897733838625590736135702762547338898925514966597117301545506685280609416231128769938307486853444841706049393942270231998592837,32542311125087103526213349704272309866896499780066908749287029084049102094927115291664156236113252124183542784874066985511177438440517574687147575459840771400033505189070696860179655829792319676242858816217334348531821003092393679220739446253969248453748494119830972083989882289970344076224460788301882526620510330397913595588746327699557167874732666978732240,0.689640326335937
2024-08,NCut,20,2,1104732,converged,False,2034304342143915793307506065355689401826100860598607315272479371312824663247053858842765033520720980643357937331716669550543493252408565693467877169983810143246513968217937497171435285074744314269309137655514425304821404723211068287624091248305939843317605141768480018246352549309434528599006342318268189509607235720830119192228220413668020560391690154850457263,447289953963263939316046214758139634424668294036687933339823242036286990148624215082351409416349095742084898769323931612663925462562100781610485620006750453798252369527660242775962067826103453246196498751393139675861513273027524450981521188197146732967516785128916932218384150939809229950831352973332029753168423659877348082209511425669246239698618431996962250,0.6650195322246459
2024-08,NCut,20,3,1209461,converged,True,21010943341284005327112408489178387854087529142982917389009983294380372269566426957170903177329246167798719872828893264931021783864807893759244064508620183282805693306034653292748102903151723805952847426004708859524610051459955394328280527103329927018641587319683847731104866009213065292459613780764060914267453551533091257237990924897932402864724003706996351,5266462695709763316171475736364082077738120667236738477842605497773520774817574937782553273265819564492413985054765508316327337739876792028021249991064810605869891892285510582529569186821183571445585116255403294593699283755286341032390461375165318034657583418459251850593164376488308074763851586583228754832978768500021220610142988857173893685583910965180200,1.0
2024-08,NCut,20,4,1314190,converged,False,387506015982920688487785856272219108786711811735975096369828810823387067155080349332928353615421966646595351179831796163481158223853941312595224595682437635408985524884255831927828565147549278629871111579958710606076831352692372179606103298562209816865989271183283634671691808449817318044676355007987229878312154922637977369877757974403534022088161875407729093901,90136199830995952300753207628129160201804593921766611134182681293839928794158950498335485239476812181025247430696864827454274579964881478440461768676191493723212460072200556260173698104484563778934119281071485298358855708122708951083347053532903042300527535691560010924080485114416359498256931791167331680597028209394784453146163765828493690954579286874685306200,0.681288748013343
2024-08,NCut,20,5,1418919,converged,False,843261615836854312089749287310293815969614957365471540228719195152706996452634221417436113601051742194267485114371077282821255367011109520313327770772637978401947937543207762124693715536500361886977460441801716077192185739364545763556431753794620210633764839090410840419926318023969474599388153758667428715168819601769648369733213180349215415673894274314756063803033,200210721885447484168623738194135274140951930532819748779416543674578866754937008634046668613163836447151299887660192159385368253737341222988803558733204896306273477910098321590875818691557201215609931046205950163309286745832011697395357475100481079436527924735232488762110852147910683557093205093778795646634283005242384840447624767428101069428036596650755647801800,0.7333958104220407
2024-08,NCut,20,6,1523648,converged,False,11355168374557318060596027190902254487610625901305149071631779447924587430775884219389184255938451968034809868080703610952675705653544835461548282126934181854403190011441425647466637893936121724229201853044652022320565566755289594351034406704753308332628148329703801441348104735613675306490167201533706406359234726641623326680919280303704139064126812546232042515279461,2795209505871168189811995936703717922071316645461604369818649660767697415354559031766806966390127483168058373620955040082946087448667614643194301425265244865522146841691336465381008746784210814131469989412510794393787040380453999630466657175425688461578676908256595017314889703278469595185316410460305751288980764164328447157458719498334837608410337380402522296230500,0.6499788450092787
2024-08,NCut,20,7,1628377,converged,False,87998528099124366616546785475765608852699768986114503738100448428209122249230795189362597782168033164198364441687271125357454356786792980386806402673053462826581510596267703365948276549307491911726991329617014565396298642747008440015938068113395915316655567597807413589898353785958071288320895051736817423722745271066536647271371487190402446248419208238329443390130061193,20235229443021007023913649798572476597260237708785958027650009235670897881953806254785411868121067426975616582726576392796759048095646944012791599020055726259632579385384078050549072604551779637883341464909835542842854013162878437889798858725388706998072949726359762804191196241783467654813501450307087847830096210022578052543026757538657401272772256676081518728061705520,0.7699864391890925
2024-08,NCut,20,8,1733106,converged,False,14251909659514762730878625771345858412548993118565864344917218753358918778846776444800007453899113301846582823039831687571434741643773413801261590728109646437805738324326360767486357833556841324707560581948810493232132746544935583537243936640237543939377046987247400352846370260351878475835150105800373870475478111129998423104512787362723298940934354593142113837907,3393879096626009710138008289353857875117037580923027252541033554214635168427261758226398656334226516861255699978029981842100563581820725364767254752377036578487411632680270874884774262855319791974489880385930236918500458206984961091700641824862535023131504888161304187069865520351300882593977677550875523234105560888594602853257261253544160505497290399576701935600,0.6419324647918322
2024-08,NCut,4,1,1000003,converged,True,4104435019385952555385458802418093409571772954717938192593933120879390007321,17550507726088625542421979390914741408563279076952229204542321827761069087280,1.0
2024-08,NCut,4,2,1104732,converged,False,8432468822168458120879110346859816284525546462327766935226609707096632724467,27491865710053345199737799862689031907342517819774604083038910534832727064765,0.6496965090897707
2024-08,NCut,4,3,1209461,converged,False,4104435019385952555385458802418093409571772954717938192593933120879390007321,17550507726088625542421979390914741408563279076952229204542321827761069087280,1.0
2024-08,NCut,4,4,1314190,converged,False,8432468822168458120879110346859816284525546462327766935226609707096632724467,27491865710053345199737799862689031907342517819774604083038910534832727064765,0.6496965090897707
2024-08,NCut,4,5,1418919,converged,False,1226458233921041567867199713214296296929048322111632302865576568638847239353476,3987315877215260102834635612896302013333678325407641913325264735695302152804875,0.6547314350409335
2024-08,NCut,4,6,1523648,converged,False,4104435019385952555385458802418093409571772954717938192593933120879390007321,17550507726088625542421979390914741408563279076952229204542321827761069087280,1.0
2024-08,NCut,4,7,1628377,converged,False,21658704832724505602746425510467038083933752564009120481071108317215653631391,71220610745434652444258330667132660471877209947611446214902402568052899734108,0.6574632995464427
2024-08,NCut,4,8,1733106,converged,False,2295543581860618792791898881544099202031819391043151413983354922434886366302079,7481808199650701548608797302332064740903204516006881037335976677812037204801384,0.655223388516937
2024-08,NCut,6,1,1000003,converged,False,6756240772269920776362827180322317741409198443513961314230359238779220411808855636334120660200491957397167157701593,11841484375073482832594971434530793205813625267327362471963099872218328043576489633588519500687371084891568007538635,0.6135247744319717
2024-08,NCut,6,2,1104732,converged,False,196803450204696750747920067932972247505110521430660065733546737622458962112037200638572121850190675156567467545574,369559501785539908947549455164995059548948839838182484707167957243637960642155079304151716352608116206414543805675,0.9958108473410076
2024-08,NCut,6,3,1209461,converged,False,196803450204696750747920067932972247505110521430660065733546737622458962112037200638572121850190675156567467545574,369559501785539908947549455164995059548948839838182484707167957243637960642155079304151716352608116206414543805675,0.9958108473410076
2024-08,NCut,6,4,1314190,converged,False,193745517206619625368917152827810733993451867840051892482310510512124178353892182868952618746469215918909785658627,363797867732841549945111838563436362409990607850402764937426901959071330032739800226882745510676313525994555966942,0.9972058748381507
2024-08,NCut,6,5,1418919,converged,False,222414079808005400806299697758945236340563921395211417924097242780469903971394635713986858514240092505908727573071533,343885386570709654674056572950995821436652102363474535017544776836596712226042177668395900164798506135376644170337280,0.7571582620564595
2024-08,NCut,6,6,1523648,converged,False,193745517206619625368917152827810733993451867840051892482310510512124178353892182868952618746469215918909785658627,363797867732841549945111838563436362409990607850402764937426901959071330032739800226882745510676313525994555966942,0.9972058748381507
2024-08,NCut,6,7,1628377,converged,False,8422144119078883455160772691875212759834879894775629658149212345099083408082625012668310115555099780177868973583753,15825668046102888782076678143706367696179532382135931838226641384009875273109317660159747934879207286746311049370925,0.9931930752769358
2024-08,NCut,6,8,1733106,converged,True,21408592151372221043516599557120936641274250965428895484147055946427489969400849582216954630539930646211014274983,40228568948030360788611248199851417464835826890538973864672525996412301103889534658064837124247976552940487517990,1.0
2024-08,NCut,8,1,1000003,converged,False,232641334771245786553906814128605789147760507688837829288395012984946515880522771283058553876224948792798391158773308971857448256707615912646011359395517,259250348060365881730954601420063951026903125494892710331820663137291462050468229507136101325110795756752617993835108395339325334279904187083659496931895,0.9991238952718343
2024-08,NCut,8,2,1104732,converged,False,330911606857169923288131209742486800077787764859068090397222526058064609891921947404105168348973681215076423993357208784373286976053593864979030048371,338478630039070051598415484703397359599950406525966302211429454390291215623526763542060398834616309890222049925781202203256797363865698914543162464500,0.8459671059261379
2024-08,NCut,8,3,1209461,converged,True,507146901802896923156950960784992500252565047646734673014081290396003826337572565667109466404695322506465257546921105501072333981371935901225705486069916,570649754988301636879637631917775662203893625986973000166084674526855165812826751299591758431088068645917234842128968915230064959976620795214455412624115,1.0
2024-08,NCut,8,4,1314190,converged,False,461813460030878861214634209964035052942235487809004964008110411858078981596382134885954387996642959299359003574467698924160101608521137919734552786890426,401100314105925896850245980860741207860229284755988177831963353760490822627512318112314141519114503170964629504934170742535022911215918038460122298961349,0.6733394026460544
2024-08,NCut,8,5,1418919,converged,False,17046049278103832556426329706262317864157522887730591923557042828613034435742436146215045698821905132900546149627675741882890583241022987894760740196729257,16320324154486464516589371405999048807624450786969120414377867875802157304998588871991190338692561663871823674073138152699866742258823989541801798019496235,0.8212944429429341
2024-08,NCut,8,6,1523648,converged,False,507146901802896923156950960784992500252565047646734673014081290396003826337572565667109466404695322506465257546921105501072333981371935901225705486069916,570649754988301636879637631917775662203893625986973000166084674526855165812826751299591758431088068645917234842128968915230064959976620795214455412624115,1.0
2024-08,NCut,8,7,1628377,converged,False,396887585251457483913700360361553816700662395975502267097322699235843936852580319545637718810493328347182509726828255234656560583057274015780127641171,397990627591236676899640214743840784267214053037169046333150683867075058846794227702636629597440412729693945124536478104496360305568628659997490108772,0.8033124499927694
2024-08,NCut,8,8,1733106,converged,False,5123822548076403801843460088890663779813038534440453665594684369729888343291177480606629573951412507801094496031733952916117088193756443809629282234431,5193710288392693141815077066076670127387669121838426766768123274034469542343797191711470564219068417655892079265763111959960867472011096541446912909500,0.8458771914367093
2024-08,NCut,12,1,1000003,converged,False,15868818224390923864760013692064128611943053502408933782683425923953409954391762222009222021906411749706826761951347047588103950531248374908788809812912692291699109033141082198737494066669264606715291725131048308245918799604,8613241973289811900297241164445077171633938763431818900111140941609512525934830030099870534826112215689629664501297861741387123182990317250115816336904950510565979023132357192915445424740281126566460931916653376727699340185,0.7887952041942013
2024-08,NCut,12,2,1104732,converged,False,4089261046753028833304729339512372394902111873600612995460836353688133582965591761943181758861543652031659533984063575248457149095569573459107957291508830597891597288479450468511984216576623802040262933680745381171571592861995081,2201793925260484708176219368271008953162583110382717327413590702892738436119840886261144463181663144668803288780649909735417128913602680956882992943508328224923520719793928895768040280103804098123654322745398659266521227052801120,0.8354316140121417
2024-08,NCut,12,3,1209461,converged,True,858580733554709691088828566329220271991765026236091776211744870193791718788846244714545822804430400862458547432427302084682165317027193761032923020277463299879148992033208629417479520583577038879217497378416233772661179023669,514891036874290554626070614138939668633376305683647237282836158774851273946355798794470379775862960140323755329999756168114773992152219722191918957739772592783862221337756038956963742343966869457581668011384609349990050368436,1.0
2024-08,NCut,12,4,1314190,converged,False,87962532677139834092455813982480739562374184200136066472529039130507740957743418062331699162144778354223106594579846756953467225361659930713914717831008351018923577046593370832831355168864018138375259063987637328538514000360379,46871463791172494368936104461432753164096367871969039190753697200403217910139577036360516363500789106571175258706492766045417678127500604043714755849061853079995903653410670770590532596523359079950527816301247678276148730421280,0.8334691027461525
2024-08,NCut,12,5,1418919,converged,False,5927181003697428215940929604022933544623153870059443218966854357488222317656029804003334166055816623970840404369408496768282557164383500558699409123090906972819048588487746377272049196302510679402578141124046695458873963950823,3247559079462752541866841132911950075632131149379689229603629424068884382690742106364490267345494931385422481506564760555263363422804309400510660210509339912686928314634068414386411682575708436684204135463991171065007365241940,0.8376842943143209
2024-08,NCut,12,6,1523648,converged,False,4124057305179191939113022898931027037636046717275343083737067813894187740220925393683737595162597959520169361212360057754208720872592220837825414103816842074733770551929610872642759821588791733491371763822351936979696530069959,2244885675710541034309044278022999398577563978558386789789243340383481183586442833099580777348140154560072672504001676276622436568121468196018787516242163204129133296116557480649821713434991889502363873723459909499212624168836,0.7796551454735057
2024-08,NCut,12,7,1628377,converged,False,1511225613212354338554396379726710261744538842804497253377220344819100606990075449953974891403699712441592012225988110366302327759910620219370711522897713175225580844141769279582689326297308199226868232952509754853776837,818140558215664847079519347052697373629900131982992895514280096018131078961278836274738596730642640305092166032375908041534163803430847111238389940395008633870596865701577065121686816869742929144822854568590571875750780,0.8290717057944181
2024-08,NCut,12,8,1733106,converged,False,16003810959306558548334551672750294285777680895930762951980992918213919055876354268455065057879165968068091923078708645373558632418185555751217613452450533381381857296963870800207747971970197465847892315641108930508044542764387,8536042020645012828395731528874771920252217555831799643664614369942726608961644725116117380403238226054710636164591329730189665030251607045281064540036416701404038005709728174343372244221919760201025110479118682659971513166080,0.8715528261526009
2024-08,NCut,16,1,1000003,converged,False,41288141467499782117732678276973579539951842047269126646312345887838906165398453417487520334630981853984878417795812785158999688527575996394481154173490865017835865262104469523391610895151872777843005662565452320775988587033284631839646659863987972971205403335774700531346503353117636863059344999893,13973204460338903950686604378905253284206547693919522457095979291657428129358461876309677854461427864186357796551296091025970275388509965677641060342504512476733345866581951552522056507272222946739421832087605726940749864584093534108116577730677663055710819096929339630153047069936006602821509982680,0.7131977998600678
2024-08,NCut,16,2,1104732,converged,False,31673908722024983762567516486517507807681624704353011203890103038416042368696734712873169546852032978414904544929597922512058826445045451259944640929793140285454338734295881665006717308888795621503241742908167079130540121635863868675854066642549864789503825825030102187469703866085575902825567511,10551799031762744384443868008107696042258385331936053934648664117570177553910739968068559530581962225802949947142736398113855692600266862871026560630158045002800112024785147952836208793980331449204782554082419726403622671382632973170618179984861935319652402961419802567206639487239242567697326075,0.7221221993585952
2024-08,NCut,16,3,1209461,converged,False,1543638308331569759552639601602028689594557676766453249189390023063774208984865296556644820910161566355403574952899516501330144529790109360234472352991653494959896965254283210521423084466355751089337067352090169542394969458665158491639948414051724387551975417017414974577000471890783195369701177021,530815780490536730904520413979497738380321566762696038644542364919936750937149320781083042272594924588451846059004737160509875802818761806539440475069623137290427076475140515292366650700560418586874281375958147818568624659510175138537826190107555289705991941389812604698080902849939947940166138150,0.6698613888099962
2024-08,NCut,16,4,1314190,converged,False,8872871747322621870302683935636351793270270236405737835469357925881942589525118667130557565422714633089218269848124725312927286645903064905610992097993652442650025686052425025909703106909068463085024650689578063329711349189822055033163998060737815960426462104081273017311849506681508925129,3153297794527344927625134321244260567469593019923434534486840025050021424480178859775398173729887249546668880402560864205730756624096479979283726671418979658357505880237336478079224731287730056102272514659767290818825553845220539187966145167863449695595598076283598015189808822889523734168,0.7343730197886221
2024-08,NCut,16,5,1418919,converged,False,4656183864472752838615717736921645584647617781586741591839498365460282082188638322828817705623880235733898855775972212051510947135160402945182120591751013918491661818787658458166543207152619368171588661610854599435301047235050647862942707419366565932939672249600831031477772080139924423377499699,1581871986432811922296144720887585842997254163206601319732461195471669627020481023775046011564042761320774737837426523814015351299281971940031050145770204338882740843900500561098609095723185627839438244079197358054376126337323075154965854911754845934293557357076415984917715031447528002085326650,0.8182140885116502
2024-08,NCut,16,6,1523648,converged,False,271149154795414586968688522303897331681091177836098594501498714565562561073833548109064817589053887886268925008081558883482472509008948237600529396914404353837587429857212245814524699655110865943193599165347953263992834973370414492846282941637654428669584835610971938721397095849779686356257759,88615293697965081741671040665452334277805516578510165350463802343446101074051767622623707024108071191345405608045978807248867354447459766264683154246195679296306728759187212989317206026444352552105322922930467971109830824363664629478246310423235217552429894339156033970662928799570263123808890,0.6425990465232567
2024-08,NCut,16,7,1628377,converged,False,4817723265146636202420017373446039116586399160127148565920067758650143172792181839566880488076735351600229776032611226737541551765455890709166987873552342193145752561989955747578362777392010128117596978114315873391033206175989758256871594828756328206023206690338523158886184600251876670402632918441126,1616785522144623087048388335087491363718860520496930479455047144025403176942612484734498455952446135696857347888693209492468836975307550142964275947110277259199907249078896593590078002258809954898209140766178459079610737485284013880865962178940955021901214461812386208692128347855887639241197157263305,0.675288071054282
2024-08,NCut,16,8,1733106,converged,True,9948838297409090457521718045107102209156185122079908378617470411835128197727632950713218098422546193638896951275387419124423061941739573740686812864339799810984585743219097133980743192552486507809322459625584511246484484548901601879891324581012361113551923769513869992704064413065201616852674377,3603206862934236240774247065747838737996540891243341929739155978026469330285044957665635996226738494634600525402284445845166062155846371347225862237281519778049528342448545157486747900509790622631743772330840199688451397258476012636578689326808591711152115394046898611863295251336530674987008535,1.0
2024-09,SSE,10,1,1000003,converged,False,230864479117686389868570768800563742175290277333914752940621,820755017379081182403401842915960637518681184849142743040,0.4565231643227263
2024-09,SSE,10,2,1104732,converged,False,671010500791577893600277779034686754677043141820796154207,2432714364170826825229931048630979288275642698275225600,0.8013293507685726
2024-09,SSE,10,3,1209461,converged,False,3719590772212806283171835886088969428513238832114827429,13419784222004877415709773092912505162180825775603712,0.5901906570676423
2024-09,SSE,10,4,1314190,converged,False,5152697075575710501933826759316239348643768076340832293844971,18538157174477749506721097505455916347440986084414238752768,0.6387820171534406
2024-09,SSE,10,5,1418919,converged,False,44437078199425666710903814705599471307402960145793508939,157158052435524591594653311457819569667958597620858880,0.5163078313866661
2024-09,SSE,10,6,1523648,converged,True,112016345977471619070684052407627758012272652743413636679,406962450038087772281788811706194814414766293431353344,1.0
2024-09,SSE,10,7,1628377,converged,False,246381544918613880894976378799916021829696288614935670887,891163839751341303358045989363697926818291276316672000,0.6340385945657655
2024-09,SSE,10,8,1733106,converged,False,1930753397299524613808658061642944508617675930367419759329,6823314819692308568585687127511057948255687178515906560,0.577660220681823
2024-09,SSE,20,1,1000003,converged,False,2605512656286079226195796435164881538858207922315696121828574947,13921282581770397729829531653966176504280177533279124481638400,0.712181322669383
2024-09,SSE,20,2,1104732,converged,False,5338438669140056190816998571247154840088320690286663997184711068579,28988550861859395202609771925581466831133317994698929679483535360,0.5042848817321338
2024-09,SSE,20,3,1209461,converged,False,19490411636073543915703844551943089398548367579710271347614800679,106726352527047977237101013331878909481907622095825800265728000,0.5119718676896964
2024-09,SSE,20,4,1314190,converged,False,859386996583414883757143631490621853061857645109832857077017546099,4691909221396542506060145769459003275437291877870458417813913600,0.5751897709904337
2024-09,SSE,20,5,1418919,converged,False,46806511713428437941249274412221150605258194837360833677662551,253887051618894601389423250649293992150065955208820057702400,0.6178401609015997
2024-09,SSE,20,6,1523648,converged,False,179653482553767497436289845120329608113103179074195572895557,982039779298908348776098014295766716843989622735786475520,0.46990965510962307
2024-09,SSE,20,7,1628377,converged,True,216169699256870474527851589744031176169281769896454844848959,1184373381133738468349959821799919609999404286632525824000,1.0
2024-09,SSE,20,8,1733106,converged,False,29527697039883366548791276923067397782842645698545718423984729,159046404125935732713556410980743960383729943169312772587520,0.5727505734872196
2024-09,SSE,4,1,1000003,converged,True,66951723851332097640385825295876040609836043793842583,125648910048338786891968948561276733289921754693632,1.0
2024-09,SSE,4,2,1104732,converged,False,66951723851332097640385825295876040609836043793842583,125648910048338786891968948561276733289921754693632,1.0
2024-09,SSE,4,3,1209461,converged,False,66951723851332097640385825295876040609836043793842583,125648910048338786891968948561276733289921754693632,1.0
2024-09,SSE,4,4,1314190,converged,False,1154609934232642611954034069420584636518277890497137,2166779767353440758593063830545102510867758448640,0.8644112072820943
2024-09,SSE,4,5,1418919,converged,False,3542846722727300938587278426561398704200692833981229,6470738656191067558668976998864221312176399319040,0.4315158173357197
2024-09,SSE,4,6,1523648,converged,False,66951723851332097640385825295876040609836043793842583,125648910048338786891968948561276733289921754693632,1.0
2024-09,SSE,4,7,1628377,converged,False,12711955216650321010512190554483029493466220332660591,23258083958357748041710587407250339728347166146560,0.4498145008335001
2024-09,SSE,4,8,1733106,converged,False,1154609934232642611954034069420584636518277890497137,2166779767353440758593063830545102510867758448640,0.8644112072820943
2024-09,SSE,6,1,1000003,converged,False,5905939326859362299825820805919349074185486680154289929,15736504578074806455987009709449247716131784087306240,0.9780299168219684
2024-09,SSE,6,2,1104732,converged,False,28819821331444733384956681136976472840409529347824703389,76794520639853032894119437267233169944308071836680192,0.9949567765187015
2024-09,SSE,6,3,1209461,converged,False,1121368363006585004593636232671588770667296079960248584621,2987905293709985762150724075244562098591554885585469440,0.9836595771072865
2024-09,SSE,6,4,1314190,converged,False,5905939326859362299825820805919349074185486680154289929,15736504578074806455987009709449247716131784087306240,0.9780299168219684
2024-09,SSE,6,5,1418919,converged,False,5905939326859362299825820805919349074185486680154289929,15736504578074806455987009709449247716131784087306240,0.9780299168219684
2024-09,SSE,6,6,1523648,converged,False,707894855508337415899210706732514203377455291917347163,1886217913441597207566432822223308864426024691040256,0.9829626914281792
2024-09,SSE,6,7,1628377,converged,True,3196057965867486442921375652116809864789936813687128867,8516403848893929181571697636562139347602642504253440,1.0
2024-09,SSE,6,8,1733106,converged,False,1121368363006585004593636232671588770667296079960248584621,2987905293709985762150724075244562098591554885585469440,0.9836595771072865
2024-09,SSE,8,1,1000003,converged,False,403101792012755024239352690131212239989804817671974466121,1266405265566558248535000464746514509632648276942520320,0.5819354689348201
2024-09,SSE,8,2,1104732,converged,False,49303193337852946586734208299695215587478897778314321606963,155222367884671195511154332612818958642620183764365475840,0.6400640237971893
2024-09,SSE,8,3,1209461,converged,False,3095725956371696719348594739093349046544326411472098265,9750428824812934388002831136154188134612908046811136,0.6165947640678052
2024-09,SSE,8,4,1314190,converged,False,536085900441173423341520657267554438204860629648572673791,1682959570683128650180951893553396241448022578089164800,0.7876259338355774
2024-09,SSE,8,5,1418919,converged,False,50657797404620412698639822455864235928464890059987747349669,157349801729271491995399683427751863560384973137166467072,0.576455755397067
2024-09,SSE,8,6,1523648,converged,False,9838824212113621653379847902265277824614073076436696183027,30977554186558525070723044254272225298664987571225886720,0.6404977712950897
2024-09,SSE,8,7,1628377,converged,True,405183271097126562501093864698701647412273067601043691129,1276405412100775962492584283392096420302210258006179840,1.0
2024-09,SSE,8,8,1733106,converged,False,636057218420622180576394374913642720936300290421464672487,1998004413884968421665313197390883207678786427043184640,0.5152318321897364
2024-09,SSE,12,1,1000003,converged,False,260733780744564715323809795848664034992295170722027963099,1047094376935756581204681962805460792375095225453903872,0.5804202264883407
2024-09,SSE,12,2,1104732,converged,False,3767123648991415588672059564996173334028176394843569502073467,15129249566694346184110386416797550371733289979793217945600,0.5417347320394471
2024-09,SSE,12,3,1209461,converged,False,3585352398327091698987028856936143091013623133292889026277,14445371031757680377291647945614164636974895381694382080,0.6450033215902703
2024-09,SSE,12,4,1314190,converged,False,1845602837070747918261810042498075545396048247567017524009,7426962342420519200005836812150644377667321177319669760,0.8712837944025663
2024-09,SSE,12,5,1418919,converged,False,81872396105997570130986151326055462104514564511250260030653,326348903980147025817551923987569835337291479928820203520,0.5544032594566356
2024-09,SSE,12,6,1523648,converged,True,84313383240571700723543181493276381254845624217238477256183,340675667374044983244207297035884599672526444993865318400,1.0
2024-09,SSE,12,7,1628377,converged,False,33989296242244659261524097240879295964928139135193931345053,135394038903619650027344182721742689513907614403841228800,0.491906404337454
2024-09,SSE,12,8,1733106,converged,False,2463079146132040628396535114290513248254517931696853938311,9319112555567425875081660392248646159656911318181478400,0.439872803530719
2024-09,SSE,16,1,1000003,converged,False,6422032032428769324384229960379496697557453075041520831119363,30628006208645343587267799201146813547451545524886935961600,0.6128915245339319
2024-09,SSE,16,2,1104732,converged,False,8871640709671893390134054838503209730500163385591630341211391,41772395356524299143078664940888609181771302657088448102400,0.6452316525063264
2024-09,SSE,16,3,1209461,converged,False,2509020923469590170127553103108435526886195787925492506469,11967414923837005431332104519859902729278745792783319040,0.5397577643079102
2024-09,SSE,16,4,1314190,converged,False,582569532801310184947819988423411811693924381183766206641643007,2765012182896921586379801811318260407718772357301029725798400,0.5547159369039312
2024-09,SSE,16,5,1418919,converged,False,4357548123218547622311859869803768000085676847180043730842007,20450664616022075985806983127266818454395089253761128857600,0.6795513837847518
2024-09,SSE,16,6,1523648,converged,True,6855629497282043294613397854099329275603300075244571759311,32801186973896707972112238259786339056666255732517109760,1.0
2024-09,SSE,16,7,1628377,converged,False,6181172989331409891290976790201380449718091868892540089897345839,29131609883513292800300094321692121738408044869257750852403200,0.6845858172913319
2024-09,SSE,16,8,1733106,converged,False,1180346540406993111562676971761826824015378001805866673276299,5445104239665023604865345204689293769386030935451935703040,0.5320645660783606
2024-09,NCut,10,1,1000003,converged,False,3985695753312226585525899255863355590265596453896537997041144121982346092095916837666025101080431246360248124370811946411457858600101310214425935585615651051789147076631520445529557848680009771,2932268919908518987872664639309882877019993033358155808115982781881060550561485225903404663384774285762248897270176982189750490246885334236392894434668043206853029945436956737603667665217132836,0.7997560394287676
2024-09,NCut,10,2,1104732,converged,False,28600108027618840198382695805971206209124759135930454510633199097246681863154315958412532205286604339232969632444266914035689975277262301642855563756735770935571022437576202216068650206402379,19584093278068408772839638156307151663115911881027933019359164274569873919857174828778738549425820374722770692892703560033015246705918837361100847378768657918167833782686875382355298446445115,0.8664237174208077
2024-09,NCut,10,3,1209461,converged,True,14018195124341457125925287271165699624466727947046442279245962159710365946589740578299784130641290269000861704650315150140802017449142374558520960950288419092617668159921664810146644488681,11278283322170982816085617539389886233675924847233314563280411997632004629611282992930565956025895177582905422264675308485630675275369384889651873243709470594518442641769746838274727595190,1.0
2024-09,NCut,10,4,1314190,converged,False,3872525109799233000794848771017545503015989823297744347478072748951065265879555482175259525430174850534235472647516488417508516672333902660466399534467365019148530569469524025742700889,2941114757416083541598873933674623464710883937203481463162906249721566164352282118446606422508521192525831503305308824825034152584353513431673384559591492855872856112078130909978002712,0.7647601437662538
2024-09,NCut,10,5,1418919,converged,False,3400821778528027781763061114551461959535815681063469021583289294270721492599926332694058151451791618187298914787660724341014913184082532306634094569341760143462463382985128053881379845301,2296458691820102396676471835968500842043979826738332265513058973372596945202814809620000552962493869806099675126379861065130331353362520439509140028640458969601187161087103446205695890488,0.6477131606694603
2024-09,NCut,10,6,1523648,converged,False,20957872523881215041826291148211581458113741151417942329392296223947477656911713380271239752095804725973037945536717657422482896313271934124027118592656109792707426040623914961126883353,13943587813308611452979468973150578418813245936092268566273934481103402354534535658596011789946715604039793085176703139240017287286053740765511044899426674618421940859642960752166252712,0.6560753512338585
2024-09,NCut,10,7,1628377,converged,False,112126326175238516499857941056911888388746028034452098922109623871362268084987362890721987229177271598244502473091269988413047846299744517734339775877920231191465503529104673825203540588699,82295927406523186978439403969500622894061045930857250725793989785115312053702779906315057076192520881387382102187246645008000168044806321856841334784996687198349708756924055918702863895140,0.7846909367089934
2024-09,NCut,10,8,1733106,converged,False,262704954672332557385479010334827901235283256900776029682829824752218540520950766221504012289468230477202749915583348722031229824751157328348558113097162283963501947169889171037787722612,210606994865407177162971540599232513465675649119123306268289459866454408402092496911437970880179201053201984189207715816122395729014762868955891975345661670112783297748231228550004236655,0.9945365298154696
2024-09,NCut,20,1,1000003,converged,False,61343034095644122195021988640888256891645119046104571966495937131005761135702992456506441871463298912995889420787941404539103723526650898182469602463823127833506192245575412440604173433239213689369665218971074180375644804118186999904236781904218082141954582320274013266947188928063135193399774636896085668896392434148805998526195343491314736941761944645473971095397,13106440793504221331414997882650485133221639955996839718644848683187107540841527105943512852443997236549976451712582395111233016836764243092493477675359283467376771184025176762392642880572723997542257436030502946823353769863711834595875051037242419292890952208169125267226394704075463427286304197771864426296664362629838363695267397441936421205068331669677301948576,0.6665395846003901
2024-09,NCut,20,2,1104732,converged,False,27846946516790541682344225517977441476426254188338645375484522208001511150548948060584905240357974659702819458814530465157628014997119912870206336363699163160874409417670002631358217046875650378954805028163221740177609521091939437600546496383292182973298496165125788860291631710570214984332073836407125276668164394398588511769382909665369302902545169210774667615746667884306,6046302320326731599170280718466248135029987058718160968855290806832879847900463031546503881479288087860679020346536186703955202753784652459390977854553103626528342161065169408034802895981014819677097720940933597136355916446905501306642752680867988002957011618014197560323047239225597089846140155446052415365200653721291298435182738912998172101367368325424684685772208921585,0.7118710392903628
2024-09,NCut,20,3,1209461,converged,False,423024599612563709342460016321363178696195909568411063979428481238426167232422935281081458653334214632753142644986959743760315070904653410058583972400381643609476150282224373678545531039958991840283427917032965709628355229159003064089291387301917970756725867161460597704209482300721163900566986586966100412838656482767686128146262431155991503093823632349858437391228577,101941011960937770061079776279139057783995234714952756472463165732360129375858832677220234727384636888630601720808513603471456629153079440744082991673565973934772924166120202232445214588165541352808585364174806012682204584027532019576961512161136611173869372964034004499472159017654580926329140736963590534109918264334982956820797188420654370263433657350017332497613380,0.7930338471904764
2024-09,NCut,20,4,1314190,converged,False,4871550104328231703680597758785987856034243078204089210484185655430123945707355551679536660752517027215958184062355689748843493686450148753468389352895895327190755492586095422496065891285399384351874029175032885544527583952544681381619799463785650203860887025002468298158878168870342481821593124811801013460247343466141811819700450384168616242469678732893478737586083917,1084213053176696929996129863344528922438319062003947496693192751948962403940493990974156343809235844531798974229109340427091331950151221197536035862478326898542048524261967978954207041261006694561774359148668605616790750746572879067343739284249085973228820856189845213076634874990451356963170480811582721800481551185456460337628995131777378016985747433032542124771422320,0.6845088884163476
2024-09,NCut,20,5,1418919,converged,False,3480671215987061519588269300092703496422634056054971432078496022622806129849640615731009699324998865112259859616704051894111542327583636069333198454815450525828568074061306074025506265803025847718289053631426051115538040804415890286902858438172705343164623565170094517966394027325728889345468631151956731009572695689615810994319832414016607787450384132204536389,820181427213186466872908953646192906814216002903663650011943123279354749152908423907001128615294446059591840810588121307293329167373733117105918782213287827097924986619222298987828376281068325170452173341986785570194624352308376302021699995125865623253552154527994013209932905124654226934081238582766276186573965285585560694017293623995998733302433019061370750,0.7872213230654626
2024-09,NCut,20,6,1523648,converged,True,319698117859187034871586457498496257733390016909031304010415209006939374041898684049744021837741823280302205625167820966276170760223032718055474532058511171627547665756181337151264973872085370232205182147106127135716887519178991516470611979312209116562765321725532676882563539049958933896584672284757701943868158554077245519042273881272096811124326466728498843493481,79587406835779202924440343873718422711628880876880779765229607848907713106785021380772560434516571978237205092372440264922364874887786438888019834891071002904427981083396731885761258466164843909648148239311285065722356975945864024747634681197021391330757968307683472312067490667880407115460221994400655929341367511610755056884193863388844744459175580644689169625560,1.0
2024-09,NCut,20,7,1628377,converged,False,518136665172265949348247879283903903465230283146070611017812373743247643535806618391675406607433790439056992567646861784020593185189346941334832273243240688448631422867642805940786557360340036989267313751742800942731377698454050310031442100460739614107252488746832603871547239921450614944689179409309486255623611705171346116929659358165068421561812849263770732199973,112046842906338246521975683069724861115415309777666980425797916984482695008298567014045822445918926770373944442113424999520858633089798336416621266909083937532306554961825520115197850951520269782276498199971119933764925761471149969806491869699251034671973146633844457810366879614523639900865023498730089991912310784169005092496660514606122719193259964698690833019730,0.7025875699122283
2024-09,NCut,20,8,1733106,converged,False,55144152112153498275844985092216932863037043381387937167881663624272962293801199865888912519576124128657838409376032382522121312657988471703640838062254818878453855411843717672848960892581050838334415842010898627800045795269714180538291195682524942614970423856308691330746597993666985570576758920159351521186723988526218134161303990626643880273537062271367705452617969,12831942651129679160846552163860053080154722012175102330494135055718326719805601056194921066734086736211461688887040753733870351144738507212890130820207135925083062770023654780126754439622637154037953033144829414648608036163731227767860284482224621725638990682729583897022216491472857388950649883848841696682317292511256420723625139410690968158537109324137655635699104,0.7085894134725209
2024-09,NCut,4,1,1000003,converged,False,788607216234724974952680765137933173532831923480047872289538675982785208705941,2749239432088726190855336319059938482035969797782887955163841750347138179589380,0.9983889328247711
2024-09,NCut,4,2,1104732,converged,False,1038047269921464042771110317194771386574234129182289789668102022552220400240173,3251476982985996745993091963464406332127561303118331901800837790947010014631655,0.6313365296519148
2024-09,NCut,4,3,1209461,converged,True,5293247544182204417275233532296222504642339627189626271721162088474918722567,18709692429056902155527773338141032719884006186344279336586788887364013533385,1.0
2024-09,NCut,4,4,1314190,converged,False,209912141914014468042458378228639444991635120502403226656414451590076589185986,669314751362410207412144317588157571139792211190678194319588089406947763399555,0.6341435037526065
2024-09,NCut,4,5,1418919,converged,False,209912141914014468042458378228639444991635120502403226656414451590076589185986,669314751362410207412144317588157571139792211190678194319588089406947763399555,0.6341435037526065
2024-09,NCut,4,6,1523648,converged,False,788607216234724974952680765137933173532831923480047872289538675982785208705941,2749239432088726190855336319059938482035969797782887955163841750347138179589380,0.9983889328247711
2024-09,NCut,4,7,1628377,converged,False,209912141914014468042458378228639444991635120502403226656414451590076589185986,669314751362410207412144317588157571139792211190678194319588089406947763399555,0.6341435037526065
2024-09,NCut,4,8,1733106,converged,False,9236747539183199478329622866490355802752713872298470917981914367583223091188866,29470066112354052283363373497779454329141615756048471239047594599921288342219465,0.6347225051824427
2024-09,NCut,6,1,1000003,converged,False,23561073542786359164815151048707605966008933615919273267946706715345314746892051965091837491751424598213619644442157,47589489345005868814452439123320014965164109390367113079655569733135557577097453011015850603398218001063997494989940,0.9195177065007293
2024-09,NCut,6,2,1104732,converged,False,8054692030485026307359753981181898115602435414019073299560548818860620595216986849024107858929718328912592371874057,12811327006509321035168331419632184251887246186694452516188567488909954725982428341164355838364582411788226840153215,0.7640025832227212
2024-09,NCut,6,3,1209461,converged,False,23561073542786359164815151048707605966008933615919273267946706715345314746892051965091837491751424598213619644442157,47589489345005868814452439123320014965164109390367113079655569733135557577097453011015850603398218001063997494989940,0.9195177065007293
2024-09,NCut,6,4,1314190,converged,False,1363991681541512297343486476191387936823592931737047310104494449445583637554879506800832474576914976676927167755992069,2332587552608509712667119848922370980854879910754963939790545545307277100225993103339011509360955142985149959265418065,0.8757729783734131
2024-09,NCut,6,5,1418919,converged,False,23561073542786359164815151048707605966008933615919273267946706715345314746892051965091837491751424598213619644442157,47589489345005868814452439123320014965164109390367113079655569733135557577097453011015850603398218001063997494989940,0.9195177065007293
2024-09,NCut,6,6,1523648,converged,True,92578825323540390343391897068882526264734474876906242146210727246064866212904562426247481137898884917317957533,187747070778448177157148933926507874246584573120521380556990161175948798887178705943316948603030694001317320288,1.0
2024-09,NCut,6,7,1628377,converged,False,9577239770946791444347434008351894130237322295890884783864317338020281418244938016454784409887755136980611712734157,15525728413452457019451513467080590451196977898233457329696138060835220550513887022464417392106111253468912928531615,0.757534443222559
2024-09,NCut,6,8,1733106,converged,False,26490995692585094434630827668906832142237634808506009608379844759059766739799543758292729143274793457563489908074681,53412869438681328727108669120027085097616317871055694950916678290793075518755481769640646877231542656039584869882820,0.920303717443241
2024-09,NCut,8,1,1000003,converged,True,19137306653416303264604936460823049204557247299230094091611386693059647084951002284544299391323286070535324348607450817916883472792623241358351178595,22901329586969475102838762100601693245398936500950789089883423884296686170135876400417005565339751648296781640232615097763626845100281904129557192136,1.0
2024-09,NCut,8,2,1104732,converged,False,2054280193115487369847786763146134383144902759879541058881253830940941380136093892058889950042925466060730148323212360844585782316060768747020773756302,2150438463457940928935966268832684301426520099115277866632223771265543354061718083616222923755368147576450097182163554477898299609189222874956424028365,0.8145697155336704
2024-09,NCut,8,3,1209461,converged,False,992133129837829959593886000366476978630329567647433271748251779965038456988765053429108846412823961081050066236513394687246550720075027018826097570405,965804522639735465609155379743402107287423536170737913401154450065905913787353511137123109872627169862510058861492614922589028104079629714281812163304,0.9046888777424782
2024-09,NCut,8,4,1314190,converged,False,876964015689732521249316429937147357714467029463314258286484748014566144786134612819528624730212629024918658977672679145427060166752210723485764278535188217,911923666845692253999688295350283373107013497633383215024159104646417851514458225946720806094341148190156708595207237055368205471106097930145551683334826360,0.7695440990899719
2024-09,NCut,8,5,1418919,converged,False,7109327465457231863872483825576811010337936052972362210235759099169039303478940816115694307122928667907269150131754057938663112441746091866427318495813617,6937851847118048996861937246606196817498985599125310405226755887413780160474763168255777308794020184421290479329322162732471723430780872820487006156633990,0.6167533586320996
2024-09,NCut,8,6,1523648,converged,False,13563686713750901954718106673888740179946778503033370567557972625970004324576750619829882989823517758342997073761552958588194948802799231619381900573823,14478793876387971135001997369818856783245731664166846063520255637415070474471258601648667605018604676259322105377579978107040870581618856867142283122550,0.7814873088242633
2024-09,NCut,8,7,1628377,converged,False,100494127156973345122831152638831840449255116961778776189471574231393589056427479307076811509888048241368754521076134732289057637407975165337701291803031,102706626920208966500569734812521004607087252484381305676957978996856977656776608258722301287005544845879624977735639036210546188762856495683528177310440,0.7961706828959577
2024-09,NCut,8,8,1733106,converged,False,713178570107827422466349749938920961177459781884347191232958200618423971676467641283838532726906827679571187662411606803999105743786063932698529569323587,759089379923345162296554940092492851012537020072285992014935430194672684501370902323920082454757456084233820651623853283234153683166024565172609269528200,0.7645720719944822
2024-09,NCut,12,1,1000003,converged,False,56884906952284254276896277838815906426444669436229589142431663778204812464864896463572027308867507790754855283462310645843128393523935489748665317990594618366407044708888696764292892415807924388546105305005611128032399742159,28591390423869113284282125819172972414553291117655928443928356357808279044325835921611131815572104005141815327654201771895042405847453769028946166345018892728798372149310863559470153907093682995241215093535328875202315981078,0.6157735885663425
2024-09,NCut,12,2,1104732,converged,False,4822368818727353432265408183096536861267370194071194157607838381379428072276336658899859559924883422287515338981557718569476407223472745905563384639199908096019906278114202965406402127569049033010147229447529399437900501691179,2445609869173127720704322826741455171559826191860200738365196346774199506458309825262186796266357707103652768983203080482326900537565901041244473504569654309966381578885710882734715365643239489520981533588830581424005124892800,0.5380363670253127
2024-09,NCut,12,3,1209461,converged,False,31323543864763316583304957767585831718616969317778199460519115916197979451806425928640872016712777304317020899316495324122486514987530414725578744347115030351146160462995159882732088546723958874818103207277952684004095969,18798347310754041351123409680974325208676778319720161862928699576473643340460435582471161944449819943694770078218712162222544575839404494610187332966941392581696334021135025768073648710996359436491334884074491743111470000,0.6957161406581603
2024-09,NCut,12,4,1314190,converged,False,126591001080306405385553932747698866443227652745597903615501554257064546784077815931288243615663031668780370871317289937549173213719100379785383106708459849414838098381489473446093158167174591532764702747910296314662798281450,71418750565150265946445590085168649076752777610436483240450258569632888655289292602496288797765872400891914542513578396882064688638782304096322732722490384041832933245008274714915730831514067993897340040912208096890890027951,0.611048143721384
2024-09,NCut,12,5,1418919,converged,True,390206277035762916918097841534402734803010772540538663561418508247930339172449412158127164374597601007476787965238701557122091464055560834973738727928928789776925602176328101766499040316850368400658798798812470711534264941,234219852113851689174530943531510057827286481597182486465269405488590650033328525520982835069789441787668524931483431587950154068299749480632705349823304131683086671112219405613733113930156073291518854831544407920734633880,1.0
2024-09,NCut,12,6,1523648,converged,False,20169896021757722221002581153240418793912962766635745558927041236001037846603978297422848493399433742211000014655440316405992139696011930098933140432422249341473247549382493507701607408878579410780950237087229094736834745783472,11337800995011076783035807193786280814650184187593962395653690263258727591242166791088716206675891444526388272210573262053713537066326001832107685243487183696617033125338231133721959152521709573826694375268269104984614600487545,0.613677741875356
2024-09,NCut,12,7,1628377,converged,False,13288531029552142943946135877693901056650281291835877200077783984090465016625772514803143220675911331337514117525162448647548033258835257597515356126845636218791928592534731463647764176286152154928889540618046061400632187337702,7155862622276909189402917043169960392987278880080923625923784510216531494849218141462428942297389202607325110339253572622928453219698805600045354871696500663866456364265472937109726448620273694552810013076575289356633520263905,0.7609799653739568
2024-09,NCut,12,8,1733106,converged,False,3550565113107661294106811717352975920476695858560950584372665085403908983692031630925051430917661985069251708189818358018753393323612874649710306168745251622640208595435594791290800708458278544476965177581768256368367106283,2084999068086455355251177622580136074314157716221721844139287033519897863723651641997824857949957809763190875959742400864475014750099353291765650628409778859917142946608815808786818214485796638072638002851294952140340308500,0.5826965007688251
2024-09,NCut,16,1,1000003,converged,False,118541870305651490326094550473448087510794000260952434332804040228662479148060964261357742305840455167620230153894607043110432527880394590310580503356337763522336660697453896631323957022637105030018438148808788679250717150048606094289016040951435245889651091012803104198327020813256515463039298673259,36617394294776985346634418590873630084312892776160437127072516892983456676415869031458718233746239726993885384461942286460237231803863395030134455464623762815892831855336839115838256204393091183412285407675410016818885402386287180143865745764779327881577272021146071632931655691746561429577488635640,0.5717437371791232
2024-09,NCut,16,2,1104732,converged,False,1227605541155421187347018600727363592440592804193027458635464486852618661582137159263256359584792850557683594960107541092651371942324512611729957497372359571665156991467607520450644706326969159186051150756600382787868851918362512125534451155570432085780115060003913166965577395587992987340489189293,360421619803511007675071013606838752119150208353902317602908658297498918258230973552703229447129850214990023224653448817119560020611162683515050264908217031289466529052756245887107103837532322136387568517725561183527187640003927030314079549289032620739361066378805793000265857844169203386567441720,0.5983685194740025
2024-09,NCut,16,3,1209461,converged,True,24181496347421884663145621297443146725948226828192662860179843050486526782422214509113206806491356973091062035827906999506308491556877284876642486281346293443424261549156376243359689039603010482644840530035035561366693123604931861950109665957063221519259598493231997004550087799831237523391,8646535682392062548086233651266232842609121355573852686023445233666446313131478822901835873253866059075739208109269155403749091249678369744287561012451931894143130575932726703915443695181196979876836218782331893024279964012225079447095298534597764965931724499793015379081231406014272399920,1.0
2024-09,NCut,16,4,1314190,converged,False,9882999634867163975384926321485567779980142917099644235044175446258589433386259693282079583504675267265009742744369285455887211692529493273570293539834427920475213131639279819531903858318950908157954289241652015972013020153100022759337859758704725021169841028113859989638605957893464425502477,3404453946757064291753100363554390585609729313689667654889259508036877232207784990191320375836408440816048501755521343102872584859711758178993798749764816287459504292760869964060016180833780326432380502185360346059030108261435718908289617155603067190029869488052022821475612008240591051679225,0.6132643755762647
2024-09,NCut,16,5,1418919,converged,False,15929706931057240458263390130030318569088991112153291543935041990778864706183202802976532240957869155761751257431644028358920040839700902300715869286107589483014749273673299789868914117504119607255110088679810184474332879285430617498566607497050470673365795548731277387681576924013010232844353,5354224764011951775846668725676784043160551526625457801599103575324257645763516034870994445824473972500255545511779565292644046861669090668465516888845033518447042079499003585287971555637178448698849352921553538584666907590941172690859926327540137804858161881267879883325963486676755497288960,0.535252369265409
2024-09,NCut,16,6,1523648,converged,False,1062172091563656191525187055099671877649936085930318158143548021811266059824267404363455074399550344706792650198256545306200124652728140844895124808744299127179130171332395832231237662834959831983492363477157414615515524142986611933043441744994699721234820308985111779779348520583309479434515407262137,335022616168010851197713283290486698391401154141925602109773108381980128705422913425420473029545406678234832181788797393036467062240353414048736492817700059637651726256489520401460047094910175997969171916118012555741156389776962386910313410937203713747936364309156503350432321432163684446609341325520,0.5985857837748524
2024-09,NCut,16,7,1628377,converged,False,110455941310429770500545112367780484102459375174585728017934600603795431822566782129145695857643448788309989544584391596152235697667550683724013286261938997342375840124155037851249433564404409048735267536084509142310912569074982650568463559971859165964733082580882706927328872400730819815875183,36633877438974948902068763642224009440399083391298317798965971264098167729891593359264701047577535007667579232508919066098293546842703783370923570142011884119750807037455862790956692888009063380684127721745285942340893678106229757529802859239418600522569525718143071254691814083514791296979950,0.6767175649697664
2024-09,NCut,16,8,1733106,converged,False,1727467393957768213597959745563184178225630465296108618927827484545629352202933970270023573093773911601080034981414192589589803464735556063078457629223868704397076700537717340233185336502018837120672863931813706362188442947750343511191229892450135124250954349299738016559974909692248483927753,600786639462557992695247105324667541721951039567964457723882885012463548531558944772650111074457528783638131767803724056204888631443734239971918723394078351508755699118483332514939268196419091675195343567752454687866891569353977861055156868013385771123276950248711367604577983528023192016330,0.5969004067160022
2024-10,SSE,10,1,1000003,converged,False,41592455426087807968182200914586763140886073630511396537,146165585635907024850148415908757219242839239137689600,0.48357223646290304
2024-10,SSE,10,2,1104732,converged,False,1421097700193952382978167993708213557432965375105292014868219015,4986647119433991684815451868062658960799125352933035706679296,0.6610500075510338
2024-10,SSE,10,3,1209461,converged,False,1521984065520700760593036445770157333382900325103418104701,5398857002174123023052111447595593891551029253090836480,0.41200713928335353
2024-10,SSE,10,4,1314190,converged,True,833399035213700718037998214352516068518753892014922519234861,2969541990983439672020292643965651951933743603335481524224,1.0
2024-10,SSE,10,5,1418919,converged,False,2073918529120081575247059003095251107436794003608787601,7318010354318156869455231403691581220728168932966400,0.4660076025290679
2024-10,SSE,10,6,1523648,converged,False,12618187524721826132077639424475813514117224380691461693,44703902243622472219975933707593422922495806773657600,0.5090581274385358
2024-10,SSE,10,7,1628377,converged,False,1050329398200968550039719035389517391159325699986005087921,3689839111137787597615361349402075892277930920771584000,0.47148134820785204
2024-10,SSE,10,8,1733106,converged,False,5685267982155658112336225432172497378039997917187769993,20246448245097561317347656471996939258776067684433920,0.5914329315471135
2024-10,SSE,20,1,1000003,converged,False,9948300941660766535574333065412836501753119982155287311003,53851129349397697271774789038678780737264212518318899200,0.6088021132545184
2024-10,SSE,20,2,1104732,converged,False,5804392515121797310786867367464212167779249985064577919848001881,30894133434322178924805203371217153599770551391536651069030400,0.5453914683463986
2024-10,SSE,20,3,1209461,converged,False,3858797436843309674934170297240747605730717820991785889953851,20728373137260419173189585039743202002061791049710431109120,0.6708884902283055
2024-10,SSE,20,4,1314190,converged,False,781921135183417512691734574647406214946642537154256366763754261,4134004656688718495945370930079777601613446414700856800706560,0.6194006603405786
2024-10,SSE,20,5,1418919,converged,True,1968803129601326174688213381008448290667039260002459383454466030593,10731665525755601514417761037623160606027022701623632285076029440,1.0
2024-10,SSE,20,6,1523648,converged,False,13118580549984666274686474792911240668391978938525103640355272474811,70961367704169886050229516176739310766466986043458650704202170368,0.5768072378454527
2024-10,SSE,20,7,1628377,converged,False,43809348333191151249426612873993641693586711334481202824498633,230852515104004923551366010058935424892997328086594119270400,0.5795004201673701
2024-10,SSE,20,8,1733106,converged,False,163998852496250537942320594842245710937500164592612719216839,857481832533937110626863820509168027214992973064138915840,0.4724595483853214
2024-10,SSE,4,1,1000003,converged,False,34070760506824661571518710770780952035346216587234527,62124153578208253037973401290583173952924509274112,0.5559827937914269
2024-10,SSE,4,2,1104732,converged,False,35316908140703875904182189555280440219034669385725,65645492507914250337559535036292210615736336384,0.9815971141878399
2024-10,SSE,4,3,1209461,converged,False,7071744046859378455649348067446964637350923660870969,12766192529553646394492862631726494288506257408000,0.5042212999252953
2024-10,SSE,4,4,1314190,converged,False,2641965871390843677059637353571472213245683771748479,4910755142261591807587214178465983326190483537920,0.9754380850119683
2024-10,SSE,4,5,1418919,converged,False,95637442412228289363981650612885161760004291600467,174413679024983667951179080955901025404233711616,0.5548369968628675
2024-10,SSE,4,6,1523648,converged,False,11561070432997379636715638989677109656175883653965031,21081052128464347089312698826341573731900767338496,0.553412650484257
2024-10,SSE,4,7,1628377,converged,False,102896546136633183007879615035903024008176421910706843,191262486141874903016328984624416454092028389621760,0.9890483986047574
2024-10,SSE,4,8,1733106,converged,True,102580018064277958239328819178268438670999698500518783,190675232038001831838758629862688703789024187252736,1.0
2024-10,SSE,6,1,1000003,converged,False,54252764700083770529741157555094184400474018084433785851,142898915965933827328849666672698449054917642168565760,0.9813676764225113
2024-10,SSE,6,2,1104732,converged,False,32217336341726080836053668128090779992371505892476204111,84861263513431300714003693986116260118294120575795200,0.9870103688511879
2024-10,SSE,6,3,1209461,converged,False,54252764700083770529741157555094184400474018084433785851,142898915965933827328849666672698449054917642168565760,0.9813676764225113
2024-10,SSE,6,4,1314190,converged,False,54252764700083770529741157555094184400474018084433785851,142898915965933827328849666672698449054917642168565760,0.9813676764225113
2024-10,SSE,6,5,1418919,converged,True,652085208948501837945427023781657474994341701828179,1717682487021372028088143813519382169076000358400,1.0
2024-10,SSE,6,6,1523648,converged,False,54252764700083770529741157555094184400474018084433785851,142898915965933827328849666672698449054917642168565760,0.9813676764225113
2024-10,SSE,6,7,1628377,converged,False,652085208948501837945427023781657474994341701828179,1717682487021372028088143813519382169076000358400,1.0
2024-10,SSE,6,8,1733106,converged,False,54252764700083770529741157555094184400474018084433785851,142898915965933827328849666672698449054917642168565760,0.9813676764225113
2024-10,SSE,8,1,1000003,converged,False,158884387084695097946965709016792634716413409245951432249,494162722055332862084852165042622180556858557852549120,0.7335013417354307
2024-10,SSE,8,2,1104732,converged,False,20582830776713275212982964708885660415241428925419651415,63979271308316747276776392650640268510505551571976192,0.7260846112116894
2024-10,SSE,8,3,1209461,converged,False,12501297197693310254805135883852867535861543576190875827,38790650519928515735938506651274845192585340218507264,0.5500402192945444
2024-10,SSE,8,4,1314190,converged,True,2273509382371382169374147802742948547698166798640527983,7121370690709135132308534895752021425928017648025600,1.0
2024-10,SSE,8,5,1418919,converged,False,57715021583006786642620440832263686648598215088036370247,180470929541377216391231052734418871605805976691671040,0.6300188245411974
2024-10,SSE,8,6,1523648,converged,False,1662976314371337721359930840690606422197632570603120737807,5150548841557501342651642157393070962406461828549836800,0.606491612149369
2024-10,SSE,8,7,1628377,converged,False,100807071904906531738487528883669550173422836513069100759,315313409471888760925337313416987336344782337002700800,0.671347710440454
2024-10,SSE,8,8,1733106,converged,False,26543810547336037301291912381388612339073655501611211159,82056137950953369372444611655551471509614676777369600,0.6161576726994602
2024-10,SSE,12,1,1000003,converged,False,300680647908694736661992011471925764436933392748614921133053,1194054468874542669141896786993414017022870656361535897600,0.6469272145344079
2024-10,SSE,12,2,1104732,converged,False,99491274529347850428152122381241389978094409521696543809,397017045100946545053858561411290806318967234022604800,0.47836723857675445
2024-10,SSE,12,3,1209461,converged,False,3304900167907322828210946860525099669807678283116704850856436393,13000224464861966460169248851895809021871887314303247670312960,0.42578219541342827
2024-10,SSE,12,4,1314190,converged,True,97609760307024036592148093041306742655241833151365391,392797966401971340034203894827431087512992140492800,1.0
2024-10,SSE,12,5,1418919,converged,False,10512051717008290287699536423557368136491870013000593552271,42043582706416641773108643193093428634204142604921077760,0.6691134238831149
2024-10,SSE,12,6,1523648,converged,False,31851852875627570252865387645430141236394438265439584223,127136039334369938096874457699986412984446172088238080,0.5353422768553607
2024-10,SSE,12,7,1628377,converged,False,3458704738364477705246579279805697824722067081758274011,13832936340692194095634778859160351987236739764715520,0.7224572533625544
2024-10,SSE,12,8,1733106,converged,False,54906901759695248613856629282013366841183259744219798698422025,218623269765833015944888502638254645979258907085215625117696,0.41627463196400055
2024-10,SSE,16,1,1000003,converged,False,781829539083142608648768884415949035054811805550122544617,3616954814419025696904332567922577901221625133111705600,0.4482254197093679
2024-10,SSE,16,2,1104732,converged,False,190401837688868993721443684883017657311920263881283444111,900421594020322234072662132128783538919820455386808320,0.501779377752484
2024-10,SSE,16,3,1209461,converged,False,1761213304841197015497728241634380729109795953313354182727,8277812558123259495163471332445625889434792199664435200,0.5538375022683695
2024-10,SSE,16,4,1314190,converged,False,269666869869263691259431805989217689389653274627722631766283,1259785163221134078236025253912749845800628131198591303680,0.4394140647293544
2024-10,SSE,16,5,1418919,converged,True,8342433849692999736982912007160330593512594973867759293,40254005362319805488523096384170650076037525043937280,1.0
2024-10,SSE,16,6,1523648,converged,False,1207255234989699160957650890578587962907950594224194180671,5689070187942824780482579945056405067477845277881139200,0.5747088844450057
2024-10,SSE,16,7,1628377,converged,False,31302832291313124611064552664942694513749451036812588268560561047,146226702628407668308293580052868539582654670071957330937774080,0.5738464554692729
2024-10,SSE,16,8,1733106,converged,False,4061632923077848150068560782920960129300111638442357777459499,19203210081756074452312493138184690337206654752208086630400,0.6844076040888007
2024-10,NCut,10,1,1000003,converged,False,2825957995244240033049338957045543725707202955460774680890571682702351996638336146468281753630006610314950596799371306453118657738671924158874536962091169281591912498608316089275946954909,2139017907065336474301812323517762300657241273237269550848896183695456239293725433448080074063395503661149958644353137636591935363221879398699756653139611406387946464674644474306377064600,0.9012773915869541
2024-10,NCut,10,2,1104732,converged,False,127285979989501096423831994245172783740137659617726740458234929095796020891226035326454983637751852884162121663557521640141146841411228657424033513284564988579585114248165957028050722183879413,88325393585994360944549971136533172718194695963512750096395153887032520590735601894220066724816433487874403343602747686231103917795458137227047694476908664064069467116702320185862182535319860,0.6374284785280795
2024-10,NCut,10,3,1209461,converged,False,138556919593326740497729658035354362580203161976328247016631999592081257470775269717962106084272692196662159172044369491691400153552393819013061073423273747535816284275948564574796521714623,101721996731737515110475531634792392369637724354973702855362588449575468115852266557091844090945718749469645669987540619545990389860887541798157215051965101739960059887249142895954434916172,0.768793068565194
2024-10,NCut,10,4,1314190,converged,False,2487164169675312008831711074574295213920599338598096780602319860570799236811137808678657451386652696399608407021690909490615383662779655914957057823300107453514470177200635958394395265744463,1792111784735258927567782734681809123460831805189698575187771411786931943975322109648821252649695741255418116782358135871957827593366038927321044319978151468949579027610317918189028397800764,0.7158924733480861
2024-10,NCut,10,5,1418919,converged,False,56641433963558866316655362492278133487565229743109567526457860313195346498004873028252561361110741028335751594132563788040032057384185218136951745323314244149181256432833292820885693736987,40476355528180881389817396716702610130432652653938565763818532818853705116639482687110698142192810514352997980359545806951317559070316946106842661104833850021714409944380419479162180788870,0.66479417476576
2024-10,NCut,10,6,1523648,converged,False,2714400370069930377911661332677951173940063510153401372389626097374863061010179816939651089680258599570964986327085668873618014521959095932240408306683463925037032728211578378711267246711,2037868265857887844516080849530941682367301565981814477094404618261319995376665293189307457023420340650174247571369037194500776413609962833990489291584962424000072318978048650402457466480,0.7346387962797588
2024-10,NCut,10,7,1628377,converged,False,293491631476073049407939521720270179440961618717045051521511165938740607339285492515931763348867466889037754267485102332036015291731909801718413509111086914338311459976299028575567663316497507,204111068720800127460173845878756357576011074091094326775700119757781863765117544801579383006106484836253613708588716550354707935692898548812228402604000679911321128921722044246684876182069735,0.7940059070187413
2024-10,NCut,10,8,1733106,converged,True,31320838477866295630049838258360869787917694962498791028668578852235096324976422979204564751922325820868219597281835569156724334574986447226011097978356708458732592939031935639846168864409926,24678344658354793878348627869779969728690087222228140806520566919778578933311669119327234332681554852519742616932504570816050335405138802133409580007232401742783986197815248862753873332593545,1.0
2024-10,NCut,20,1,1000003,converged,False,1056215746150341689563821620541510389992000271716430425477792642103516993832909159219817353377627414883698398175968708755514455440564066008619446816994559453761876133361273872955222235395298970858776385565421703927245949506840253627860556555246923299369731188000238496335392790758162257103142452553678989327661789137170499254635851897911801530373008553406082241282343577423,229588145954041172442793899659781366887029943052684841770097090562858051306199950408797197306543743508809216296092939090693890653347326767537847437627732712616498412085879542210329910141502150098948287911799084908522481437369078390048066926510515147344509641907743954466125195765228829004027655492325090736793320633816981556844254622785416037304578223662525601309427125150,0.7128070708848613
2024-10,NCut,20,2,1104732,converged,False,3240202820421384591214823382842358845994648152766130744618704021791827995559097188041119376710252897469647860874289539601472065406060389507633122853813518066731572831515802026904408559484970622893637107330083183045266448692494564922652616331657960206719247752381037337212855217226369902807163404801772417931045744374494235571474977769106519190636349487768525574237,729238663512976537902581418284083972452827214518689029456878656551465811499945614082250764412469136236441705245311312666347321573722468639368615795816278947929266492599736809728984718598303800054703395643027470732382197979451135586797548745152615486287578256846096875443022537376723194678984472947702688774713524763014330150468640738859374479051255031140604980950,0.7332049269719867
2024-10,NCut,20,3,1209461,converged,True,55016269524160714480070127270382967121963806263893068115197642447684212698745565627908235040911679513959872622080412353392908022904133874917415987139965707504453084468684005293113131072276907995917603557496114887869437310461665916889213272959044397163492572069138802767399297227968883316511195616031847907240641369083923643712831432002563880155680707996,14514295789381134947234085021533783210720895791598319046871659076618421115591750814471636652567042223940710710473206266140340035691432245758293463293581291092469964653037919689243968344754759275064872200957631624951530232622629553330369588433840475865638751844911349581838196050807572514423955798499112243317208430076658554050870337154362326775957996915,1.0
2024-10,NCut,20,4,1314190,converged,False,119488903639407922577492983541281215335036848568249897775738447775539174677876755929457926527434901661295312506970924137754748184535953776601558348806192248249514928725920092203242222976318662818990678821272191223149243778994003199701338292733205504057525306060855845308928066723879069705463201317860163341325707820134414052454388021056860332901034293009914038614540430733939,29016227175600800114465953021571882650075334479512665741979985212841323372848175077627205551765729153509116458326971829389881516418606469287350131329637428993530947098339680051329733915571289344612849903564267943100779917097807506664229447319336255964048136616302637285478384389451518425291173112557630380978444296658644595110935595720231386083738258426108756382566065946750,0.7227658863593146
2024-10,NCut,20,5,1418919,converged,False,20339108797399309097969327386510049675865924729162354339032521953526656192620210708015449583093698098134419736798273385638128333881460863128511101625816084205364213351438212482733954980067062734755889945805440615133773232193390006636599570895313825789969547987692165701618962972740561418735052073345923192980723669855975875601192955383708286141170994370315612607074813,4657092412778457241164870455318039753653994102828817454439713644134447030104713838499426911313144302409408549969309936715140022371321823779565552594082861326010945074802090706452875381959537964530912556719615821332691112112367273361689656232505428786692658953866256500754201248888358791075606241363244697989776254410372606977862571715499672421409676605836005549219155,0.7123573691368468
2024-10,NCut,20,6,1523648,converged,False,9969087693035957224176873496760397843669414051689106783687604089063278857799471881275420665704128171629694730350309153975356415319354028973731824428042144776335609639978578111906956283352872575232061319371718862866742960378289254225800451505402036863535233862499864442163037081267215879024278546234756351062795324269523640029790453143074169230568704323171996680507,2496351841799922492560345851961140273230166949248755357552525851605213360241017882566860714688460343916893026715627268916429392977989597870422073823402210852345969945393912471149334503843302113221023357810083551081853749215669554289482531572061201597671776295655424823263982114506024059679684464694956363346791775325833049402988595670731864645387768860899483286400,0.7642619581151354
2024-10,NCut,20,7,1628377,converged,False,413935276589647150738452296760389734932040184888728325966664219124051438917384368265893596576366445303152757707155643898464424666315939149108440547348697585556253687249114858127664787131257389096559206490783296723644209444992007633067345149312019803615304423242610530606751988190595098880071770469799139181441656921064913338471379278730171114352270403611911410604463,90163026422385066572386841921585057587174231933302989852775400627622276982267610044012502159072412435993390081583668718643477148539667244677912466856003746604421870859345979108899821990893329396844393137983863563633174899943684003100404245579706509755587876979101959389818565492231155866409981088717205921635055804841358073185027322936815584755389947761410517775555,0.6574525089405221
2024-10,NCut,20,8,1733106,converged,False,6833466261280043873263081687609429416387934322088972255607511159606197021066538819637200832927408706100898612460591928732016775280197218123436787028502816915387994517369523030447170108520657646383119401575957671710952858955096139362584999342425273678193371187591799869868871975211581234563793182637140389831854685065807011129951158786239041552520927575499083061194757,1769879733502178648336011816398149850745775978690845876201691172116314127682403167951620834978076672522164563355798183826966889437608548446530526658195954612716714183739529975823327832531909767859573083616286738019559539587389536979454220883874513202077136910644277750418286505517749190276707203706369304398063140144756000015317830722591641093419526796768248526691200,0.865281079065726
2024-10,NCut,4,1,1000003,converged,False,382645316311945817284414596703662771181296550837345619978231244329918822522992,1642016947828756119233075904662621873513061907555740271937630496644864228445765,0.9884139364909699
2024-10,NCut,4,2,1104732,converged,True,9643941864576334117386203270013160310779766335763747631311237747004583554047,41481655765195323493282344035083365202600319910056406288604239992114357537628,1.0
2024-10,NCut,4,3,1209461,converged,False,8310965295647226132606561659602045115526628649918774712484753667429544829442666,27362104609968316442260163020778982798256194789355265036896905068562826299320975,0.5605857310034301
2024-10,NCut,4,4,1314190,converged,False,2198839224116829527811755080430841551430208641047952584241837345349459199579917,6528507599627228281692663884118789238560586703532495699404246879337821187920199,0.6057347984807357
2024-10,NCut,4,5,1418919,converged,False,856781685329482763039863430879650684393101772345983749455137536513402555681659,2662068888626316368526439608802729960213315650622984093509875452869474192912075,0.555721586769645
2024-10,NCut,4,6,1523648,converged,False,8310965295647226132606561659602045115526628649918774712484753667429544829442666,27362104609968316442260163020778982798256194789355265036896905068562826299320975,0.5605857310034301
2024-10,NCut,4,7,1628377,converged,False,38217758492481455366370596980877353637878424970930574968270714184079854426127603,119370218618790297512924981483726375109607835370258653725013809572753081080768745,0.559608135292136
2024-10,NCut,4,8,1733106,converged,False,9643941864576334117386203270013160310779766335763747631311237747004583554047,41481655765195323493282344035083365202600319910056406288604239992114357537628,1.0
2024-10,NCut,6,1,1000003,converged,False,237223759538045987768547586358202301236672663799997643932045347869107617044388624391706976323294706081694971628162378,401995102010084790836921198380441723578263246293865930791818134429080356899776195998448735161467594300473464786886485,0.8015190128038612
2024-10,NCut,6,2,1104732,converged,False,751789218961704066148204650108059313875119564779203272505749666578384427758485001124787497903066371333349276254039941,1431919390206452042960508899997632910363143106864921256725359710456545209679357868679222632250900687450600317000381290,0.9371049642591397
2024-10,NCut,6,3,1209461,converged,False,1074164888414221992046792945813150530519855477556178233004900507543618253903900863027233416192152015108887369592030149,2056541365696497460931249404396875938763086016063298174750529493697657955952002994977338097605718001626776941046422610,0.938301591485248
2024-10,NCut,6,4,1314190,converged,False,855208992509593896695474964548903656625443893602978842776537447795172930749942258646947296345394206958371094655625078,1654636918817705389997393059966123689932716098681123840068044414449740472574175204967654493113648449761422473456544345,0.9983213194752656
2024-10,NCut,6,5,1418919,converged,False,1512737093062212174617729474201560568945297128781989948175968320084825429233548619578974121991618779785445031299580,2529890300466538651302475449143743344937095654914161465715861032727504464410445001141524680947938401651465532072263,0.7769737743928045
2024-10,NCut,6,6,1523648,converged,False,19009329272873220392255643068989625844657428235179736637329381357370801340860223706015262642169176108377741431449312,28051570521799245041107340585255943476987926891683898596179735489422763070110279399343658002409661773480026383433855,0.7973120681250327
2024-10,NCut,6,7,1628377,converged,True,211946533644205608329349544203395490550799774135750051742144644352365626546884530064151511407601531422343658705880517,412077876611616436869869290421314210777026710866668036557663591790129851507988610084615896878277331571364368339806680,1.0
2024-10,NCut,6,8,1733106,converged,False,751789218961704066148204650108059313875119564779203272505749666578384427758485001124787497903066371333349276254039941,1431919390206452042960508899997632910363143106864921256725359710456545209679357868679222632250900687450600317000381290,0.9371049642591397
2024-10,NCut,8,1,1000003,converged,False,5266481527258207485471190630174313222707269638620364018325884114353731889029177988657580255118017786631173007221495139278337454141654040863752567311830316,5411728261111753280723963228993592492066048493348177461610027794187688192110968602935437970089531427525311124265040799091626121569117846234006891388652945,0.7820928657147389
2024-10,NCut,8,2,1104732,converged,False,113185297656019579838555577334757332176263446219292852170904612244742998697990732999813998419182342807582896838497693622676961956897132160936327694073,115833570398985805105558041930826723867619098174545245128639178931108517500313994792546323057974675139073091537953137272069520637433234701201001875451,0.7716665136909066
2024-10,NCut,8,3,1209461,converged,True,13560379716933251961073300046748247688332743423204852990477032458019777344564646308785041477375995603481845817137625831585146325895091440219768783097889,15884816336774680265800521008459435923749114293425085025461852513655848440982203146560564538415204294908151098001456861491294881956584198440462417404920,1.0
2024-10,NCut,8,4,1314190,converged,False,61393484718852960909291744939435681060974034784631874017438040623686508701445746211506564416916056225857814707952458670144582396402480907412748593677027,71683267189376646638351169489964228952045960151694752011340398050754371356737203652199355020995845316246059810542154109366640255736179463179599877914685,0.9934906144323112
2024-10,NCut,8,5,1418919,converged,False,8260202475619410359349965182579345055060915298736204103023507780396302955464916901543182501275527538505500859484865796148465908800078597787651115701093693,7600982729156845025362199934643156244695012287188067402316194209395408480123302584460035062817288986107341298870583132768550754962459243200670824738891344,0.6107274596179807
2024-10,NCut,8,6,1523648,converged,False,34795007559181144445665074484319588936645049950542504887639543965666131487409427930375259723107711864556868278421723712894116209635568220483190715121557,33505054172274882262091565061665057314590393823154208163673528891835014600514115255766970135672510127109050730319185945413165962033095678476404488288264,0.8428922323160369
2024-10,NCut,8,7,1628377,converged,False,5892043255127775415748004264012610653210656563908165936875875539166085519596395447430099968967546925394195798139156898918002519341935447770213382183860079,5445539353749837245194702394195387767376616981774865023380563713301030671406715503077016656347948644630387467712067649765054645284939030040230209388246640,0.607149904620088
2024-10,NCut,8,8,1733106,converged,False,14677167632219899969988408949100307129430859987047924592351308205282587660547356468059071318926915407480565925576827480964005616513408252632556386987130247,15387549109358612944407699835178411622517248619942689581736785921838772811113845366629358321499976067945315958760840212166184035426310928748589446086310640,0.7264606477158416
2024-10,NCut,12,1,1000003,converged,False,9393436304867446283033585357164964191531534281589809864957816910546725827317719871707529077932381014229079460219897725551864729549224363493434616229590563997974653544477251339477342997542432304699718992574771242372342287379,5031207244731155605850396907143496745491824664837622575138239056779612166540057753123863732467825544889023460306997867880819581071800911221446720485797530294998481570779147438668149228004075875899229010762703823790678704300,0.7201396282805725
2024-10,NCut,12,2,1104732,converged,False,16443715246283618359605921204890866324397963746656122602149562266866181833093070743967234150608187934562008069467136964756318355220403939845930636075494096060642122674199873977539809491237886463308471979969824300923118241255976636,8682263387984218692568738510055522884991207679724822040135737941984978995054465131708608104845428191441979647505086518566895892360813616187721543315371184831855173732280080246861981571391215855744504367924321292553485971711386295,0.6990236913587773
2024-10,NCut,12,3,1209461,converged,True,434559139729540100014679243665695798662453839220371370962638519120423638206585126357133338591770697306456028674581574426593366336209169510150026748973699872019800384863586475639578164644157440111012420913134931474857488241,252149648557217298111366039760358649124469541536580332337401098509120422957969690766823846494708865254481245404590836569166678439701817956643074689466699637766280335211879235851691831027226331307658660639102635713743365575,1.0
2024-10,NCut,12,4,1314190,converged,False,88394116111110269173137373189275367058770970971625518504888078004117626544320694775196695202212549975757721553937232042563882298361904262978033458318692617457195862993106289272211148354111163619650900242612480177213156137751121627609,49681053603767492426474013628584499042055640974702085074546989039781223330319270680305453779204856859840357090118974627572731727346081096042900065206148343363510838833330705071392484718318812503083968614535564030103870887479470855930,0.8318195409120922
2024-10,NCut,12,5,1418919,converged,False,323734859575537999263686888762238987194628926260492982360373395004953084492859165759949669603689392177758645028115586620243250063546153142359525803313256241714398354469460619614922736663848609599016392562080125360239891363,182338975659624131995947838889653497193654613664784712649485818538711551871714310083547494478395192540151540025293115019930890850913265929927513901399254537796511167800230458420692686733023785318391472490475660574489258960,0.7090035778880356
2024-10,NCut,12,6,1523648,converged,False,52920374372212935444641517214447953529068271026338628952968588285614503975863968419382313485662177140860487187336977479396125616468051714758966214883375763575205409132774981789655151804428314404239965031685217072582259800959,29503566527862299247162273946876590308577972681935323937624345425040583497046253745056818762809634177476951605473405801763330606745912841664402663211699761002877007487757156803063038164841359941949330087195151914284336452700,0.7589219318617665
2024-10,NCut,12,7,1628377,converged,False,1504477491631705710933375605932706930079050416955949251677606410666334724752411719570482013348297794275784755393493995910421045100348957105375048916878189110856530870821756169661006788639015877287930556608829475841639187185515,843928145213496245547033789778449984003587532049718582877759234014854614898589118670409716740981426805369749955608214467842913414624076248958495360916048638513847805630566838523202730908657637938212139640015721090412651493162,0.7932430827579345
2024-10,NCut,12,8,1733106,converged,False,44782233046074079919817936491789495980633337114176289081105552620255573186155422734525964962572065238666059527646003764350555054663118775936590639374675912300535948039588615249858891128562257582504872949117994216166629344581209713,24120603262406743689648829565066148909753817640966844203479682995873785058856913589137161441353693077699544491934954115564771467402726992759579667736016835051626013789221366183630367875780488209589123355183853587387168313891661350,0.6128031013931712
2024-10,NCut,16,1,1000003,converged,False,310123241944600599070441000780885787468837572274227992314467692499839933594594343479486817766604857913860900490610418892110905096245692358257081187904957449322982917642674282419891418644130032931250534394279553856821362262778959127227096183896984738883881288114072972555140182524091695248616986427,101453837507161143874206043539881241025669096220465040346478387252936398644067328224630673640997105456626391162555205067735691130549894181194906927846666008872207065873524021305357229111182933444771147796148539894501366355362970728944032720958433602834824403352160339561029113989032814278460203170,0.6779421063916756
2024-10,NCut,16,2,1104732,converged,False,1457031794820237682283059890770074701061599490311291428234430099442590823641690941959196407750546751009160522987187712829529162681151750878733910324996620508162804565148897652891305759981010348686012602055708868438592477672892441485665733189145653180676920029444926478192894181082723305784591,497518843064898738114144472428807556656426469690535572259803195767667967219562506555325379626140371139800449530560170403273119165055519694927707141203359349416304759910451841526867986519713676524758846132082868191519426222605077869545983040472510702354300260182378198494296997980429356775950,0.6052236983278697
2024-10,NCut,16,3,1209461,converged,False,1194966435518358041018164410052309211037050131333506619481961311081698155119181082875398373134086323723426270768156175488972227077691524777130856224390113488057038155959931148760078420320910326275520244508636504168987244645210524656565043998896336943348640737750846921960177616245848962253204438126763,418535291260860035760885747629013917448769129357975071019360120685798942205849444384059054058443002121331799592219347789491663280083606705919499627182922090906605929650264084736072117161770508735449573929919068843522527172373748775142787062775769949606725597912087524033307670709208926887733381946480,0.6787031466153283
2024-10,NCut,16,4,1314190,converged,False,31819536484975856081306163158863323837533842633606624459645481184935073944622848749536515243673289170690622426960046692667998541391243838695976626553191975343872575756476577324363481564238163731252753768227040249433164418786064851257608520175196412357299154653611159545947008025656763626761709,10874128354831318343685836393459805765133659507876183714505936432884999534516538463262057809797781787165814276913014870002335316583150878920178363528960527075725929919654428571049894252364553786141022609898485154058805579055541563078285927035535119467447341181004066569736309692564364921461200,0.6117199479449982
2024-10,NCut,16,5,1418919,converged,False,1339969477306042913974559265081166367002942823392460303302794531829328356131039612136742089228258686901613300379132960006775185880859569165559956747137758211310437665405659555906197052480205580004471971112903836949712634317974209952939093954433448803818399083583826094451510899694923964946377658353,466202448635672076985954068748723090352452695978552132474665974246094735198869218920481993648282212617446551522998421872888715037459432338552699933845407590834919380741735430198808534814346098393560796764093337940511171861351730962701325879633625551182581748505715187139432933145123020100127716160,0.6068040317838662
2024-10,NCut,16,6,1523648,converged,True,16550770455564136460528652307418917110514393818532718549516527834672852347912858526332598657949474627999859385627342828651767252061615014379507300889195539827958043993318647655201490257803017142613156714822148310640470841249856685108401892463662025867616587140026929860183721447805413414958121186891,5940705262211957445657940048753656057473724682561082404094607314029247072018072922965422420726358798434678305440723709973595053915931007595274238847607100450309798349035216328283269268451987499047602107493012569618352832435959450796206723405184585086952992054845982089432253871635069794032989298024,1.0
2024-10,NCut,16,7,1628377,converged,False,10716185876351759571025775902237992545141640491402760377035621877703712186434528986238629902103507787564573569323992853106797029100375638164958910790209438716244010311746168368446454134957788327658880279375775449534278311819878755270673782361679894022134696588671670731677669295893793330826983475511,3607219951890129995312706928122281298415532661523063273839101631553396117427510252499062338777950724136187543047270723892611431634147582239170371250111646905420217313538809068109682858379070090188363461585454930715394681561903300801563823023452161759358937073270336451414150980799257541331525705400,0.610353339065868
2024-10,NCut,16,8,1733106,converged,False,296491353667643666244142816929650266953427022737379593275435311034264600253209856263236888732500053952581288916094286093832177122960230778188578731750702762485830771656269977873271464399479966083037598083970183826649370045937556345955995678095103816176828029193518731954472439739909743051,103743156871574265482666180822040030220489827690939387575234873360793769412648525961258866429591305084279484883988866177424838685345705308782695396361659591976868176212271924434850610036085380311185091947685430477379434950377834419192274165549207920491902199265537629295035775854051446525,0.5805985148874173
2024-11,SSE,10,1,1000003,converged,False,72852735424802969925864168696102866174747887627148130401,249069760321795036679351682450070423136004781079789568,0.5561330902529915
2024-11,SSE,10,2,1104732,converged,False,10498569314353227018828889757264043849280821726250687927433,35776092344234127353653657102772943670027074179520528384,0.5979574320742744
2024-11,SSE,10,3,1209461,converged,False,975111135536975121610188614301179301570669895871852395447951,3217170581696050141684495895945182239072776121538930802688,0.48821589934862425
2024-11,SSE,10,4,1314190,converged,False,1680046206156493017263237912325353048041047569954678331665327,5765159063431024614187152559177161237560578416930895953920,0.5176780104485271
2024-11,SSE,10,5,1418919,converged,False,2404553231101106695990590410364424737055789578977233981253,8097707777824745862124674993118720667167211169062584320,0.4321392545079993
2024-11,SSE,10,6,1523648,converged,False,12009738903939423188205032760122382860507405814099463465649,40860010888106766205420932740769674763102331202370011136,0.5314585372980154
2024-11,SSE,10,7,1628377,converged,True,5910987798974090069436277677075262355854965051577773793,20478330793515872198314176860242141794305657505054720,1.0
2024-11,SSE,10,8,1733106,converged,False,2916441489533852009827061732370152866199316977781015711490819,10043344571099117525285908484627120098853727697938205900800,0.4149679741471228
2024-11,SSE,20,1,1000003,converged,False,879776920546641785564954772220670873694580931337820280533984937,4606010713077356087561218559674818818427350823208455503872000,0.6274192714543337
2024-11,SSE,20,2,1104732,converged,False,713639671472239018118005028115326388337924007413378443233963,3638973305305992997086867110369066692007820670828491571200,0.4211276708327892
2024-11,SSE,20,3,1209461,converged,False,7740476921869778559834805016656152876649886303594519278351553,40861816361722975944582523428582578478611658171319087792128,0.7499574297298306
2024-11,SSE,20,4,1314190,converged,True,17441093766475382034823862694151027203876325737582064219460677,92278261709770570976360606021007752634632306447475120537600,1.0
2024-11,SSE,20,5,1418919,converged,False,15019417974300383787943527222711325814762517432406905243578933,79272730225407394413313696840649333853727278938524766699520,0.5051183704334199
2024-11,SSE,20,6,1523648,converged,False,11865580995170722398360940028675861541693406102958311041236147,61535935790982354468916790038061353568192321927301090508800,0.654816463069576
2024-11,SSE,20,7,1628377,converged,False,929162303234010090800876206478073545257388849621810862882671029051,4899542458535583798273601342680107116894500575478156965707776000,0.5719312151046826
2024-11,SSE,20,8,1733106,converged,False,5652788413522496775683241249281635155194283820893786829409123499329,29578935160325525892755294641141592189339504304187749519411118080,0.5957297953983484
2024-11,SSE,4,1,1000003,converged,False,46947786928736876370136113853293699908485395951890399,81190125952743519063831051528658265254674825216000,0.5458105217681746
2024-11,SSE,4,2,1104732,converged,False,70247874399730711541119580894768964422565563574738739,125158396315800083762305835805544033071532508971008,0.9883597462969347
2024-11,SSE,4,3,1209461,converged,False,6105336666698153526410007015575165814014653639046431,10869708138590351184904500993233955844844609863680,0.8374517624179956
2024-11,SSE,4,4,1314190,converged,False,561532029673157550689062237047233612373119001491541389,1000467034423541427875849821505544757786912732741632,0.989422730416405
2024-11,SSE,4,5,1418919,converged,False,70247874399730711541119580894768964422565563574738739,125158396315800083762305835805544033071532508971008,0.9883597462969347
2024-11,SSE,4,6,1523648,converged,True,1070671625922095929472721188483655845241685019019187,1907616524427693558857487860749904281638503710720,1.0
2024-11,SSE,4,7,1628377,converged,False,20786004918268296638267930887464350912259487205138183,37007188006619897064674117901312687792231939047424,0.8299836377109361
2024-11,SSE,4,8,1733106,converged,False,403314131377561008127119959359050118495144609428487,697433755786668761939097162302515927519435161600,0.5522411294351013
2024-11,SSE,6,1,1000003,converged,True,68195810381580169792452314642793274357231568197085579,172479856293798408127922272610904025465514161602560,1.0
2024-11,SSE,6,2,1104732,converged,False,7483472245715465514698261752908358419680488680102113847,18923511082144659589596920695453020540191450605813760,0.915068129565673
2024-11,SSE,6,3,1209461,converged,False,149874447798894617003461709254467565227159660117430927,379015186024790801590299156009963082695102399774720,0.9201564883117735
2024-11,SSE,6,4,1314190,converged,False,7483472245715465514698261752908358419680488680102113847,18923511082144659589596920695453020540191450605813760,0.915068129565673
2024-11,SSE,6,5,1418919,converged,False,7483472245715465514698261752908358419680488680102113847,18923511082144659589596920695453020540191450605813760,0.915068129565673
2024-11,SSE,6,6,1523648,converged,False,113516842196599960814328299995045592039983133804146207,263319889794004832113982874383234500930561564999680,0.6150243587325044
2024-11,SSE,6,7,1628377,converged,False,68195810381580169792452314642793274357231568197085579,172479856293798408127922272610904025465514161602560,1.0
2024-11,SSE,6,8,1733106,converged,False,68195810381580169792452314642793274357231568197085579,172479856293798408127922272610904025465514161602560,1.0
2024-11,SSE,8,1,1000003,converged,False,12652039804165700032298752520672347431384459666977058501257,36463248103380715172833721187268006843306389885734092800,0.5633378048255211
2024-11,SSE,8,2,1104732,converged,False,8266250155361327763492923166636295398491228335755308982523,24956841330714197933317038572909419897124904334314700800,0.5645615038096493
2024-11,SSE,8,3,1209461,converged,False,4465104501177749077534974962301672504858918649441270603,13548270041678572755488476918705452774275794725765120,0.96374449045949
2024-11,SSE,8,4,1314190,converged,False,104279751441464990485589680606521618088891921753128081984757,315875692085130206136182897759272692484766045163938119680,0.8094778580547636
2024-11,SSE,8,5,1418919,converged,False,5194172264674869727531890076247359376495966676930649,15757858600887796457849629382641926473070931869696,0.9263374100659815
2024-11,SSE,8,6,1523648,converged,False,53492662562037495756129695755841926757383560517145457887,160540601332038277345081088203752651436320988971663360,0.6717714235559598
2024-11,SSE,8,7,1628377,converged,True,10439551455035745760540937798669616579764174759601517813,31676547907743470106759191687379849883372472563138560,1.0
2024-11,SSE,8,8,1733106,converged,False,18687355940235313022861537291458094548016053906098738128580205,56365733998543690634590307495535022704556428626087330709504,0.6775136503472802
2024-11,SSE,12,1,1000003,converged,True,46370122982674110488305723006803182942789245372781266490377,180029847822470586161532628164666749702317808029878190080,1.0
2024-11,SSE,12,2,1104732,converged,False,134561313413498884079197469323341037255513967258968345019,519948962972799029587992676634730994639604501949972480,0.5943326565582343
2024-11,SSE,12,3,1209461,converged,False,8679683295012635430480611637806744837130977840871896785761591667,33369303118839748215305565317829376991515378007525683495960576,0.7550825526355054
2024-11,SSE,12,4,1314190,converged,False,2098703173573872695173924348188648418300530668935817626073,8114099123676139874412019062055352153356813678034288640,0.882795081411933
2024-11,SSE,12,5,1418919,converged,False,237239040918755645777759698406271458101830558850898771,913336934943987138542269277205114772501363540623360,0.5020112358115401
2024-11,SSE,12,6,1523648,converged,False,1870131409688886922103339250268827021268510267614607870705337,7112125603020258503438850246921387384526178880137642115072,0.4533095106025553
2024-11,SSE,12,7,1628377,converged,False,67382139818583593530969348926081367410069607724526612569,259576214326857225296922886999326537172922700492963840,0.6882255620500451
2024-11,SSE,12,8,1733106,converged,False,1247232369894410389198204932207718332696659226685997230906443677,4835797467374605071011194964736381794767017179393917357916160,0.5901843886361765
2024-11,SSE,16,1,1000003,converged,True,68956292967598295257127710025720909739170744104108812071987717,321305075463010039763963678337161515664925933024400417751040,1.0
2024-11,SSE,16,2,1104732,converged,False,4205679722308218805072478984830100123937004548607334571732221,19227857195858931914762857306806019926739264924202670489600,0.56782894837606
2024-11,SSE,16,3,1209461,converged,False,2395135458500053009485247738370679219627334343198422169892551,11008546539540311022033869809006679416470907007651083714560,0.5947104651178676
2024-11,SSE,16,4,1314190,converged,False,183989708009314243942578623903758277303968007727793679002374274313673,837644435122785475746308656224870552374035604583208227120915415040,0.41578272336339805
2024-11,SSE,16,5,1418919,converged,False,323074035367074630678650137709103340165595846591787768727561,1500349004490572937261733393429190606966374044187125350400,0.4898852593422159
2024-11,SSE,16,6,1523648,converged,False,80587582970825550607306284301041767908021038590819134837,373255822689506248775951427127513030106658106874265600,0.5432145271838347
2024-11,SSE,16,7,1628377,converged,False,764379351749675485422318173305645735413140109785505865045,3537004836355958926931030976090765549181343548663922688,0.5752482833616867
2024-11,SSE,16,8,1733106,converged,False,52598405619200095812974427278873804979231250936904868685483,240005919514561929238218556836293710057108686391109222400,0.5688076484163755
2024-11,NCut,10,1,1000003,converged,False,310907209012681864115393181530250417188601390531713994220408779849007477917108467458294509118190275703860070894655011506396215988586334426704163845592032883766135382412262659287390573803853,217480101859832743059813202294867426188412508135453107718160835976706473309534161728502831929715258566987236029551950828488340497760113576716975010304714049011201672296574022717155237121960,0.7272541867955642
2024-11,NCut,10,2,1104732,converged,False,6879949122003064562114862248211374320327228263111379387459296421425545440398218288535624936182186310808640678789011256527580397805921190827153124601880880975944540678666244499206042452615682948,4924496486521040046010935255069110644572959973344381454042695213772311057699618573217091585669360149820746802084062014393447163811283815365560375741458571930951340024354014130260133583080007005,0.8436362452353038
2024-11,NCut,10,3,1209461,converged,False,3960263855953150324052055794422419078430501812809393578200866780935122861419992263137261942089650837062101502068104247166608512042562040450908087962377484580052397928207849220501950737315934384,2893937597707550793697607592304343908934754787505375799550012415514084453168270624390635565481452709675921892464602640440448023810112808921987331289364655101726150887627838412685186806924959775,0.8431430871127227
2024-11,NCut,10,4,1314190,converged,False,21821141644672445153199131072150342262754154183768367361214356983903498671387969995969741899751284277933629606259410949790249159907249333813272707164627044836672083854611677307366707594288917,17740499351742690360140200545581340165485794353828273256452466906001911394935190441657107760282947215272728606015487405430130029291204454323887686157819381786091663616631466253482437503710420,0.9457776059766723
2024-11,NCut,10,5,1418919,converged,False,183078236227477282259218804493518127208967990821848652842359783540589687897521600245491168965169459176512361325483584192342876324857765934362802012175076494778876744430853891305860872945302814,140609666036018270521616427959744400690810834638574672285346095806192652248902786447403658436133895093170536181422345723038678397470912751299448020664700798865889604115510811984235010756557745,0.6562716798175044
2024-11,NCut,10,6,1523648,converged,False,30467544866692991788476204027191916627094240766907920462788722315680245786734328137960589008081243468326584821039203278516100198486037548462224384691072365601113478346574249060473524680909,22761504868050490815590215135146396624281666356771422058916302042361995512455935761380591586290289097251920548986818422939059714362249471028481802648047334313813494354358403842277967108280,0.8198198885921002
2024-11,NCut,10,7,1628377,converged,False,1134714644103247691100442361329369739284040487328392297217967801331323239487068952894711600922382906049713217244875828730613726472843367851095099964925460159345814414418853063545405078762492239,818227180220978194772170083370428939570986647451644893287215368977127885350764898248456657347423248101930928254771774055470891042082336153779258605524586875071522142171723601422946639042026886,0.7045439897523798
2024-11,NCut,10,8,1733106,converged,True,1011824017982275751862004332953629702228871099329548924557205784281285302673088734764392415500195586979781844085433908770492477246354473913230278098520830265103783650504546388425431182092006287,824539078528390035121977721040293572656135471937150096634262656346668882028514619660941314172345018192763411264823940314398307216618979581589788962355337310961330728113120148241797786849685334,1.0
2024-11,NCut,20,1,1000003,converged,False,65159969977266240890569729722251002597237567796752141074257243369661633420460173646091097414740132155220755233738977583313083078283374484100180964711944381281652879575595355389520393742311557315104442611633449733568029972333831358475626646600920565575754161623472386348211295866364263049635339416899132382840474815868668566114281360995489285458576194678323136209,13667878191046078607946965427491773801562378959575621755289321276388544876700256996517894936304405866696184745825341270759346488874131850363658691335077001265384789020184444114112899837258447597909679872837317109385479582058542001043108842805455594703715861526997531056097911796647422248293515087431521853598263082523476866644162064147803248132269560623625281520,0.6019263864855572
2024-11,NCut,20,2,1104732,converged,False,19511445025071797423041158714694721904269207639156946280898688610547920613631397221713557814494518687366441458014720670743124084882522155112276535864048604115842989751872430499385329775737982991764094857586970201890033810905354995387731411782975530341411744650732159299301593390040268875606533423748163670080663018229012710054922599378551284388654300139073339802378913947353,4215420617979343589813771937089678018623762954937533447079140526036096113554435848803946180527103472890474243617354391156779264706659552753295992172598212157608327303736943526263314457747100551403840506602334802775507141188045634048818469458655329586686344821611420085730121868783846831984494785697760878354187327805719504703546806078125199510774713796799303599172462682200,0.7222072421982542
2024-11,NCut,20,3,1209461,converged,False,6387315138112008707012782344691928715608364962795606075245400993407518130876427835657817937758078185383309659557558929407362417939271251548591049705123790600663985144212522027301799161151612584016207085683679699336810978476479238536445990283050669392133320821472376909633300437447444805151704723142346078451021159489099870331819779921347885461129784136409397242681,1450489251829860729974563138619934432830948906297296716773451617819094363012259469776998532261251864212770839851322933737729538055854818759845562025748822715481187859827674942069980581422224663793656227061637565261286285729095610281906080228288697092175657291535029048856242578144280987601992783865377221391915218456071928582915500293777685540993332733130032370000,0.6892323542455703
2024-11,NCut,20,4,1314190,converged,False,54642902217403341452331696760548246087984550021089098053268788171496976977178080944122899919527129039351617863004087751605892085234605163148695031330331206083996699753772710075014197276626002449944338683767731201204160883533794505821589221320071160053471853226312560172842703056268835314815350481514200306486696222129591360129245238811750089189695314186537836395709241,12474871512835287200221400099683146570516718601390637161858058706378281132243632491133928102896876271714736261680141725369362180668489446943254652941223577804326078780473613647720875754595466423672111334283812675444523318507928122145462706147535500553681346321175569964583051594938797704659334735556223852505873258893157805256045218189034258223013010748535136965030050,0.690466733851967
2024-11,NCut,20,5,1418919,converged,False,3841669949264351340153386011862840269598111628989664991427046088257484525509689928944379974305191935688720719721419397703880710220569344810167858321140217730459418802342501889765330242365822998221852263921854138949682291880743594266656971476321058821487763828807266480692801177078412179632278960056412661510081456572900961786097282507094523107152331374414140771823,880065184460004525227609477746354013960229618679988427153205614994929447986893410226769991536223253658983583846920369064429362990829400209762407638948610770407622889310767859417328900469756663592165742619411589529803350674787276222233516275469925171006889265746803576241500013821605837633132943166784485106057893756374375054922388709392820563570187125267583156608,0.7076686133871428
2024-11,NCut,20,6,1523648,converged,True,163871656979383529188803987223136899346324827490157734201348703756810880488965738176132657024115102483490996251648585778780237596513282963270602817868798946208095052977107847585538067659752670515622897864255288842637811922548083402313645814769666995210680591835417514103914348610364036817762083122636109053735423918696688752527854473990865390475557478729536824627738199,41354398571388323883827425176900575472006743202978721722589821300595304255400884050144444498414525866461539557548026959006693060066319157678974607466754755559529905638810143615720671738215584305283213359488051319733795443742544456149273247517625045735118100701782901529049435531058629956088021754910779525312938908104043371796480799421769838638156614824419853295127500,1.0
2024-11,NCut,20,7,1628377,converged,False,61764686662001933055522184967108170341166033378659690101325695219927161941423448592009773003778883981477085962145236842273940320427340214170946636133105781966804480718689999985996492706638473492565819936748481816850754301418379460524435030556826836906537132771504317781670522091666219684363228288008425893787746764034373387952498674911512670402836802365954923652441311151,13686196281233843449567452821143205756068793064438350213730660011658013717452184336428438733649852222936274773060587618392823533056434793005914334525497186614057670261409693062625341340007872072373621426478683132460570758101398613552522164578941853973018092128456535871170869632693503844571568594550733574380618129858043370618098621640058470101360793669003784250231340100,0.694369465613857
2024-11,NCut,20,8,1733106,converged,False,1684353430464521582976383861459456318119762083507828965033926759730897621439353295659128394709090181665385213908679455823885559919125779178832720203892760118771039429029564371132602814035893936832550818363883170838415395831977397339799634885663707002014506624876230048501401175107544484999813803255733141362034453403753538127883696619198444349397170986009040190752607891,380023428628998057180050198872031611678494786435146392287370729045565357921786583756379380289511678671311502816703925192682897574641639968245258973155822211045152387672559143375823447376461110007246957198694101967045831060876121763223992259833270225910670189682863935894131602178503285284855136408042672785624510135035936480421801567166334931706701772314604831953260480,0.654966344719291
2024-11,NCut,4,1,1000003,converged,False,1373431370616307929860884944213415725996970122893146320018430458987447676007,5860565914320023378320768531584016445695875320373956659405795699083989523030,0.9805164233910011
2024-11,NCut,4,2,1104732,converged,False,3420051986612036673396938653425789069541851488361253312792864717356808153728265,11954609270436596560454614480870265374786290559138649354676572533467353068329432,0.5436866758250513
2024-11,NCut,4,3,1209461,converged,False,3420051986612036673396938653425789069541851488361253312792864717356808153728265,11954609270436596560454614480870265374786290559138649354676572533467353068329432,0.5436866758250513
2024-11,NCut,4,4,1314190,converged,False,3420051986612036673396938653425789069541851488361253312792864717356808153728265,11954609270436596560454614480870265374786290559138649354676572533467353068329432,0.5436866758250513
2024-11,NCut,4,5,1418919,converged,False,24905438187345050566812137050077338406677551485878372823465546152200778612380699,82074677863458982625648764331758070528394952977131058924101714784860015435161193,0.5375397462179153
2024-11,NCut,4,6,1523648,converged,False,3420051986612036673396938653425789069541851488361253312792864717356808153728265,11954609270436596560454614480870265374786290559138649354676572533467353068329432,0.5436866758250513
2024-11,NCut,4,7,1628377,converged,False,3420051986612036673396938653425789069541851488361253312792864717356808153728265,11954609270436596560454614480870265374786290559138649354676572533467353068329432,0.5436866758250513
2024-11,NCut,4,8,1733106,converged,True,3591782537270120017577274764084249765352499690847548816248110970226575286640,15449495046047381467146117237486643968562865085414173054799902642547279867801,1.0
2024-11,NCut,6,1,1000003,converged,False,6315914511269855519976055152013159268649318549673725139998663757248931922404910933614766485123483662643716050153,12006893450313667906897653124594437149703861369185300828302066443198091228455400463748962639875889700909754087560,0.9964119696125995
2024-11,NCut,6,2,1104732,converged,False,6874205080685632484688840853549864988712273783370319750498683030366654905611616948778476824634383529686889409951823609,11245550997217462806402806265930664299461003397406684274373744614090600270157730652800781729347166201371075334603503962,0.7970488441786807
2024-11,NCut,6,3,1209461,converged,True,554134132986443845176766175021924987160759872591393289351312857540154168821840192554746651728843497007105565483727,1067825537527742654752946172403111271542993326503069100607424412026555608638232204325227933112135604393555126886980,1.0
2024-11,NCut,6,4,1314190,converged,False,17680469885385378389760321376178054133113540346045782773429306062641266505351599086128903234066195939707278063435767,29298782631271755023755538520821139873991775131126494107939193195041384024100291677637287541470118387372834109174670,0.7810301110040128
2024-11,NCut,6,5,1418919,converged,False,1027317954993133338952946190780177250716056139475835113977654780572832739803235102177072005960074416830301255019141,1691923841271703466134719735282150946468866214412895952552099292342910391461225018673289998237339678810694952182115,0.7985484662352628
2024-11,NCut,6,6,1523648,converged,False,17663640534344240109661122994411949580879020782246827042855513341622928442632061551901872501370277033115066580362,28436163779809811014014775788881725235172993942981031517478450545962114530563730979543743559354369619535691924605,0.7782202813698686
2024-11,NCut,6,7,1628377,converged,False,16069773235242489598014114722640763268268559843726974363909569655127615710613746020457321905942021360353869509654270696,24182112075041317249108976023055498255007831920122806588127065016533643960883304624915471479586550350717263090278105503,0.8119644010700435
2024-11,NCut,6,8,1733106,converged,False,5435956423121822945553054164444752756467989255069735594275506892975145314783057269773435518705720606096123646172749,10379590857850673384439545239543491649163101882390635712585642842202389796027036999060470169451879295916470566631240,0.9949934551588369
2024-11,NCut,8,1,1000003,converged,False,2303965765887870706558298966133612987159191287042793038628926600932823493038834095842573098109103832766469470412788571286302590971193384116925848704487673,2194434423795327802510727429920910661687519113606848139553037467748110836339950303660159851747071512016841073847061497350591847712008174025367419692280024,0.6249614909579642
2024-11,NCut,8,2,1104732,converged,False,112661228482375949993133967347456194821942630318565484617789771906276426718766433662503373542770026696649583820236706151355915071227141832380659965137,112739584783134183875297295753342739426514197167705862402422157730973959960224683347412901706843302550346834880476201926286734429491552931543849275725,0.7859198179063668
2024-11,NCut,8,3,1209461,converged,True,1108592433005875861433907024341609133420576298286598100061441582595088959292841540769161418622240774275365754806520345889208497922022574351387714839346367,1328399554741688423548005796237475712406585701036933433207090510751574065509263945886318455941822112471682726458077519729967257948157248162067932712200040,1.0
2024-11,NCut,8,4,1314190,converged,False,22432147487654519114144797400576922222309038895078877051510317234993677697863301213323500744735416046682252008503562512147941463638235266194283096376268105,23115760928056764333735003679419349793530907489107121390914189707464596431718009092274277286374126473565674543999960500680240624341103763316393974170347632,0.7762492911828001
2024-11,NCut,8,5,1418919,converged,False,95547649378959445992750414553159906967976472872559046838289520862333151429105348009758619426639443305718247745956150064716802032912316199847001449849674654,98739811706065721260511309548464032677976668478449201577717449172108027199803717845937212307381296488178534838063995295924362192814270479084050195109942265,0.7889694261768158
2024-11,NCut,8,6,1523648,converged,False,66406405419828893882530098162504062710355624786974338881814932586955199980280576688454433124929716744956792584362779319069075195947596512195107803091363799,70793824752065161896567916118972031312293639535600623407786398504232915625760333450211604776766454660775021050522538311283422327298873365699427562408178615,0.7993201755143798
2024-11,NCut,8,7,1628377,converged,False,66406405419828893882530098162504062710355624786974338881814932586955199980280576688454433124929716744956792584362779319069075195947596512195107803091363799,70793824752065161896567916118972031312293639535600623407786398504232915625760333450211604776766454660775021050522538311283422327298873365699427562408178615,0.7993201755143798
2024-11,NCut,8,8,1733106,converged,False,17097332526685234793374065771865001888114187876820762441473193119324292861722978986921827213967292889787371491184471269414244276248048645114992432096474813,18222457959085176186894140307771591178862219354648501690717938951500241467910115919132245244760604506738544763389721663327808035852957030846808013307500626,0.7956553901361701
2024-11,NCut,12,1,1000003,converged,False,1301528458011433333794053402666973747107338626981564695362839994527476060984882767535031908668951275098858428339964700858011889239478366287934736794061871794667085716235636069733779837695641521652955901080218846465807168401251051,704358378849228772305610073027142979986199915154828982278741823549190790668679677132142651957443012563073299968698971760434940085115111769517473141038023149233970891181480629381252297937932013826604253856326098284945978922016400,0.8270548909455142
2024-11,NCut,12,2,1104732,converged,False,166225794659885639233702531406020327790804622474059983579439488999692682535554653193117937853579445126228137366896897763911572927590136222176964400582889506649654036709594688279182270208347329808980965948582627502203111232444049,85427032233219278202345589728588464759358726009878369605063386986292908592135721390098360274640239123072166731771724323783126505449429456305495190597104632220262762663916871043750197911550170215175748517355084347787191655653320,0.783774643122168
2024-11,NCut,12,3,1209461,converged,False,250533564303331788406389789490336798484346147710902927020649602166977421412231201431339360760451612455098360706596009356124588460894497128727822370100896633816830833890378423725497574274446976307327672826155271504612035476387,138889626501208346347994569523693662916606446967168752239605551484003224651858538096333954910570737831733009724029063065134096142275663364727271104636326884366396699626618573032210300867929206119708854828114854359045893541140,0.7513457666263831
2024-11,NCut,12,4,1314190,converged,False,9781181818562341932572497299246106859255927831803813668602877111173907496734651289487137961248032020315968824944662010116611803285579683755506325617822620670664757100690242794971364198770601692832079382159079042109237534618488953099,4948399112499630112953660715813186399174660035588603977295858294202203460933481917201731336983826306529186480601140213359706829601612795398245068033314779377929832595923509865177184130702894783498584219585476875018372648357622800440,0.7332174415303876
2024-11,NCut,12,5,1418919,converged,False,432333298455870776137652969946999876679922100959164954827018907473421876433164104001460131664312344547141542616272803950549533269653140233399015997441086923059694599295210277097747591413576418455883856741622759164036911277143,234086484960789101924421058581645707705508991120209333553003990554099754387001611565969703487635214530252940350800456630957970583734481695248660799705231253564595215547403534290462195495944316346033793143944833961251643898900,0.838069897812196
2024-11,NCut,12,6,1523648,converged,True,12958688430991610872871398186448424193086246388977433184174267469661932131988414860914703312091737444493929047935589412693550575186164681971404117084434138487205230599242142151338431777755467380834317787664236629984215533287373161,7732198928028366731670662473095075725227749292281802468880310851180213554145350321762935492501597051933390435901913541388306762582560262352801188535854493762189237800987844571212544978355844668965769361317155447955324318019839542,1.0
2024-11,NCut,12,7,1628377,converged,False,1747288462568217382739079136887344204041994282017561512088161283269638939961193354925730696340084981062254409371061678327677476618640685699281824251185050977613930909525063218906269111519588346711122111553053153405810802504269,974411547386574464080033545857259269940324555613667178274451339870732968844536161902148123608600892293801314100133609936413915603391735353200855129569350666734608189642607561513320502242902663395046762510801770724581240578330,0.7955308068231753
2024-11,NCut,12,8,1733106,converged,False,114782036749111040120647302949025512178994089361304157425657305731786431014003658061654729007538912203686225448486233609648121801628490127887675675951697914184900226149790139334523937619430664142090793240819322127651589556,63951896080916333447119133237760370971668982563852881988807253446609740426458219592978721966505677707681135963408539072581741221241974512341244983980355049678122822226121627857673112447963106085761799102451170407017042625,0.84057064247646
2024-11,NCut,16,1,1000003,converged,False,1858410802765121803838884435986970509802683478383852317101495152932529873036372053817364384091012098736314679863039819325302470791484553565432312013585496061529838872370340850827186779450904065590923069057127628121201049947837509690610887398630303992300710557377169874202738367669947771843953351,596009538433230686920202621838566540297664302281803079606529051300847602136246615251622125983628984824982591036643861883141255463944861688412942270791628335807212032476382718332550564853344490976615351413614232130404893029263203888099615028111056327486299480990598796402512500860310086488605375,0.6918533910169484
2024-11,NCut,16,2,1104732,converged,False,4938982424738166415438944707696837947799056841113573921372305516710903256923030740168606282030543892526373567854050302747519041473047301468719818911410952772730835573778212047355589412250242934353438269322417283723158615371411537245905911765974054053115983464679235884380662873487378123406595207573,1408139891476521899139615005930068252007767160541577402641010550153321063377795775923663971035630522246585314690585895377314363028884788203271879581273744813984078356744236852755686319937438062030403138035000032860773822918139366188567441928134823059766384758777467809514272863250983545803926905168,0.6486112505666275
2024-11,NCut,16,3,1209461,converged,True,949128175676798810017467027654561047258703923460783063219040602580777472366542727519088205775734064305939926959253662449040045720991753561948510519997939054465364234741178829106959465776118462109288252881312882360757773669756533453553374768008182664943954189822455628999265199405987154073705287047437,359952437107486161349022285759387603477254957040324673912588205080352270018256119092799749632015519194723875528620548582722633570056738730721267102007487867811423222348238697626936497576198550596133131522009328234770774098096366119269200892633708910995842978958712357376701146762745114682068925124350,1.0
2024-11,NCut,16,4,1314190,converged,False,8666249720895862612772544519212190178955869553070978392468536956363229200873743050914336661628082594852117624248048873562623737834527926188761680310626816899009326083600537762042882465724296472156543547076509870838843186953498523973696259784253198594218941685578197851904725076899960763495145273,3081453009815711781627865072868113450365568352641840236940968677669885591469293654748658344632989983355652772563105307190576647353938149990261211174745591043687535951802528902394127358902278877624365694875218201763289711336302545258198251480032248587293513505272057404402304786172685448220582120,0.7331919940964721
2024-11,NCut,16,5,1418919,converged,False,1207685617386649808926852376108609371823266417896601166053874206222170584925506759307020164521904370118769972786766402499859196777191676444524659820765705540361598185807517029918853446057569077984296633592239209990443969111462407692082846971703569405958554625503706936743463342753476444589978200117,416464132666588062907538262234422188656484700917063454882249923665957269270484802463590906257636026452491981369805670938053143540255492921216743089285426231177455550126151055961391539551310936296801365541540802725233920449464845804897472758147616012892123296656485180723408802137022697363771724160,0.7245526177446676
2024-11,NCut,16,6,1523648,converged,False,15019594094550454202017900444831461332583035633238640353183504685422189044689884681345513458205241160410387299954352708324069721339812025960739069143814188094306737831277841698748672441000513187808726111446289024409393204833389786428334231500585639081741236346188253275249839885325590067971317952777911,4709162155479808548522583026943494050789711998012421579682883120751918721888096755566185601535394784673289527079812749949611438215531344903333194299670122129761091905834876292306702297643782036796628815287707773994256881131294180022478327028493816975583381423940126297844066112507010805773869307735395,0.6305769470649072
2024-11,NCut,16,7,1628377,converged,False,218382836669018944345161985727835985769840655421755986418787505637174052769222599067098206345993645796119928804648168757410661492386044942517948705211545994804029417107122836727339924639027514405373225487298380096737313335493019935309507713590426949164655848576249675113970100572569136365065653013,70947570612245608428674161981149058450800444455397605189037318736366582733837039377119233062281108947659214512622833192606139263047852726243081388967592734437546146158067091602000563775479580372401332390807197579179806154799824161521569983398158906656399772238276688019142281138732677505449109940,0.7761236488121283
2024-11,NCut,16,8,1733106,converged,False,37722087819095370932209702138420281601394459482778956247573183472182787373539478820680280374574404548348622572972647213800460285151754532101090749436393222767603459301381563481376201288121684749398654742890585407040028087824666222862734246585315456648502080849028731672975569555455530278960517243,12595978794182543406217912353345466637688200868693072917560122959744828869436703336713353471982083177316713011823445258887352362105258653601163145729275474334396811536032848617162870378529630355813275651946534475923409725839549147966547180482301707995129279371980794444587930317645427814869890725,0.7325066799398555
2024-12,SSE,10,1,1000003,converged,False,78986817399122962154364140653700601088665875941826851513,247350546268958873102020562734978756526802027958763520,0.48721477198529667
2024-12,SSE,10,2,1104732,converged,True,750207490808527185353645139256769796417972579745695857027,2370835289205263945534969802755799827500074756923719680,1.0
2024-12,SSE,10,3,1209461,converged,False,1260262738212305836294096743653515977137177119014695166487,3807904663841984066862461313917180683232684445699932160,0.40012697394596536
2024-12,SSE,10,4,1314190,converged,False,45119336151245977329651457992590382129412766014934506603,134706507881980139952655310089690675590835097026166784,0.5256001837466316
2024-12,SSE,10,5,1418919,converged,False,39599331870652669007089873202407263982827224358886366726159,123008731902783009025322954682859254830938203378994380800,0.4715869880638397
2024-12,SSE,10,6,1523648,converged,False,184360496710853708850677797989844378082370715064610404651,578137830994665762271801408155056937152795339076403200,0.5287244292431781
2024-12,SSE,10,7,1628377,converged,False,3211483726196530264728679908869102145535273243190505496883,10083992960944619221496528905419535119900116183081287680,0.5616070292303246
2024-12,SSE,10,8,1733106,converged,False,203665587081454524855150275633428263776482958315728909310777,642423702866529907446882288562380058209734219452058173440,0.7583170063457774
2024-12,SSE,20,1,1000003,converged,False,304612091697173660058318007824974648335006665106139300790391,1467695027552907041480389896870565966087464480205805977600,0.49556822177260423
2024-12,SSE,20,2,1104732,converged,False,3975358908387507805677298990236391754508610622992382702413257761,19072264383670176574727866312665313172847823639877650439208960,0.5138657598843903
2024-12,SSE,20,3,1209461,converged,True,10740550493692574360324001216363671717604653923457907361962140811,53045589035303306192145210332511767102936303739108826965606400,1.0
2024-12,SSE,20,4,1314190,converged,False,7582285942858025319965583922559391954050153188702744682723,36123445863919426342894912089439015628935856149172846592,0.6598507490082108
2024-12,SSE,20,5,1418919,converged,False,208831003045618073856758495111566403378233468338802240389022968059,983852555230139596428289751031208161629726007621422860468224000,0.4435737486949183
2024-12,SSE,20,6,1523648,converged,False,28008660590684054381978901705282612030080747052692896746187970863,135730064874579938476511368748292800673161428276943068436889600,0.5251066082630881
2024-12,SSE,20,7,1628377,converged,False,64146814630554372772968056798147069315209778805424671242303693,315164058098165852786229981744237307807547690244373185822720,0.6324631770436874
2024-12,SSE,20,8,1733106,converged,False,9746254084782888137887884061924096031102514611489700532914381438251,47870838109475272961382923511576332862992021244717509304228249600,0.5893207071536951
2024-12,SSE,4,1,1000003,converged,True,322095952810347206991878169796650075405332298624337757,518048004990934747553511149045283113785339227930624,1.0
2024-12,SSE,4,2,1104732,converged,False,6660343961291981693994266797075018164398495651592529,10372172981580976315841177057953552488822141353984,0.5281055955989191
2024-12,SSE,4,3,1209461,converged,False,6660343961291981693994266797075018164398495651592529,10372172981580976315841177057953552488822141353984,0.5281055955989191
2024-12,SSE,4,4,1314190,converged,False,46189182414072922836869964851673317848843957045872803,74250760166515923668957908611487769607522798796800,0.922867112079125
2024-12,SSE,4,5,1418919,converged,False,134825617028977583775479741172042374056083138687317,216697212216981382668769040694319154080233029632,0.8707271276331372
2024-12,SSE,4,6,1523648,converged,False,497368562255099245365971551308973559538057087049,799429447995763783476067525734742240392118272,0.8768841584833834
2024-12,SSE,4,7,1628377,converged,False,1428131442773796515606304272773361531322843598497,2225991131450011052592011331975654932060569600,0.5402626098159541
2024-12,SSE,4,8,1733106,converged,False,36173366038732621804328194040606851610415728278136663,56382801766454365725506858655835648948148004454400,0.5411635933265905
2024-12,SSE,6,1,1000003,converged,False,64221547293470729330134814206201184130725354670180589,145678312141789999878634692569681941384128783974400,0.9568770462445726
2024-12,SSE,6,2,1104732,converged,True,18058398824143741824775249850889117084210385948926754187,40967171920893712753822688693697291240862890212720640,1.0
2024-12,SSE,6,3,1209461,converged,False,600593318891922307951143934649114537367012987320561,1361618603169260687638419222922779566721875312640,0.9587176348944207
2024-12,SSE,6,4,1314190,converged,False,61220500826397030117056835607764324728951647775579419,138860821636289856282341128939011998340083362037760,0.9912089629264995
2024-12,SSE,6,5,1418919,converged,False,48901783048435272806380354700373294799951801788902143,110926136474230457738912199643420466210565531893760,0.9561053238953588
2024-12,SSE,6,6,1523648,converged,False,48901783048435272806380354700373294799951801788902143,110926136474230457738912199643420466210565531893760,0.9561053238953588
2024-12,SSE,6,7,1628377,converged,False,864581001693304797154800223705117952400778143685986083,1958555832818340645375431444138029726176545309982720,0.9085952474906764
2024-12,SSE,6,8,1733106,converged,False,74900171224259441689874293351885624693117936767825689,169913677040031801034983727487727876624521436856320,0.9986954795440924
2024-12,SSE,8,1,1000003,converged,False,168163384932374535762685939935735398482387483900404857,452108152870523889497000415748345399692631631462400,0.5160301642410265
2024-12,SSE,8,2,1104732,converged,False,27711006591892791627336772831985453246690022776685927,74454381606833833009204402788307009852685252820992,0.6825834436452245
2024-12,SSE,8,3,1209461,converged,True,13150725337636119517326359150722402598158517220803013733,35780730430006705129130265534696982400968930382315520,1.0
2024-12,SSE,8,4,1314190,converged,False,59172603076407774455173677282466125350573913549598299841,160988054889639863885406055222567069651312930560409600,0.9256924045618857
2024-12,SSE,8,5,1418919,converged,False,7054784682956347113735524702509885241179340568907398393403,18482143939590457340772991475275022748446872404649574400,0.6122912117796669
2024-12,SSE,8,6,1523648,converged,False,50618404599887044319288805489300436605287951994071347,135488409152361790322051201656574538879848908062720,0.5347949754088837
2024-12,SSE,8,7,1628377,converged,False,726755713911716330411796498230946437765680225664415301,1945443419504556681775136383624712344619546920878080,0.519281154682792
2024-12,SSE,8,8,1733106,converged,False,322551125528400404651002685130930006662497180026712775867,870170413995920727961959632376692266917040617884221440,0.6460203194689604
2024-12,SSE,12,1,1000003,converged,False,41107360561854545435540124334262194721036466288422728966117,145246373923550153299255471993804084130071655347377930240,0.6825350737011615
2024-12,SSE,12,2,1104732,converged,True,10830657218832910455488887234762341225818856513358626917,38580902709553138775849730233259419895240558441922560,1.0
2024-12,SSE,12,3,1209461,converged,False,1667600970450115691568566690693866755916494436923637563240322379,5936363211531181839205555425633260032557267764938524579594240,0.5801106424709955
2024-12,SSE,12,4,1314190,converged,False,39888214562591606851466951705714844087752503066407971372011,138450996469918987817305949722774455413063856783202713600,0.513244453931411
2024-12,SSE,12,5,1418919,converged,False,5575126762380301579417602204502478352201745405377283507,19540690542878350941889515086383112816931545861324800,0.5259602557993285
2024-12,SSE,12,6,1523648,converged,False,75234306819921691184892720388746116595786505357792141995781,263891558719951302025556939426764746696567900980694220800,0.49638308108137813
2024-12,SSE,12,7,1628377,converged,False,34365742672167049996438916730898992382553820088357055129,120125571281514235561917276845849711310759485295820800,0.5609665520631645
2024-12,SSE,12,8,1733106,converged,False,8981256608078521874412502917799044408554671716058230589,31890608974187541283384221472492230067562638580121600,0.5538601532372711
2024-12,SSE,16,1,1000003,converged,False,91441327018422517569863003000446137386267854469903286044433769,390846738578141310008739677382883539661267363133664736051200,0.5768749462619276
2024-12,SSE,16,2,1104732,converged,False,4299554662186330940838388111513939574633856074533938824727203,18253320187472312760063849832865608580797934644047642624000,0.5549208274636848
2024-12,SSE,16,3,1209461,converged,False,2737718126020607136130765379647395980393631889182943867274617,11659495553392275671276940545956285390269064271535978577920,0.5521745308853218
2024-12,SSE,16,4,1314190,converged,False,446892984107754684524058382860577529745787077107940632279,1916560512836564660670923303162129654680029103883550720,0.5734913340137546
2024-12,SSE,16,5,1418919,converged,False,77337056508358022190845800995126792178862152894190966903235123773,325632249222342634957135547679784638244703985669845027704012800,0.4141268610971958
2024-12,SSE,16,6,1523648,converged,False,1329902988253129423715777691480210808848150456258385354176531887,5576420403967614219494509184564814157387407387826093188710400,0.5298664157471505
2024-12,SSE,16,7,1628377,converged,False,233679560378863246912027635558636044535295324846794965,1005118808715587071574401629936858624741362374803456,0.6699566482372334
2024-12,SSE,16,8,1733106,converged,True,236533055544875100642680288212102866885831832323988855312433689,1027830656403812202377526159845266558489826184415958909583360,1.0
2024-12,NCut,10,1,1000003,converged,False,43118490655433489155180770497485832934975871656905163861718215852994549359626544776894472257594202325209547168151651945615479795658646589383739525301397136077095372162645789613654555323647,35437843200983704766305532777982763164746367339225467786723546229194156110608096960126399113837412731860135883707734089082760448742800713647508160185558559610173473182760822627345726389900,0.9522801832630506
2024-12,NCut,10,2,1104732,converged,False,4034561631188662888238093591560595103372439892751714024337473560791308305870592428724321988557010090138717291569847576381219048326278101773364703977321324582960922052965421431943472296810964129,2651921604436181441690655165427941752074402907342793526300450353447326999305490266047901285611957777026890133724127085789018133648645842750525417685116561541167665314879577632550170261515950875,0.7107796332584019
2024-12,NCut,10,3,1209461,converged,False,20762087964008067525710704918764560632294935994004657949834879929287436872507910521585939103317074279976524926693176621150898345094580171109409688940589171122592119111292556286718768275402399,17022058347730722226374073731920084611811140971216827175776552259237341418287931767068404849482676121185398491739946265895222822884639309265454182245416844950015784985748910170425966568904740,0.9876758075581847
2024-12,NCut,10,4,1314190,converged,False,191719463129648193997424757897574494318648354209402072418264645891519052672528824291483817121332658939308715735222664429905516954868911597454000663087782429583085486996342540788527227693,146934614587990424558182504255571926957034182607342283003618390159646103843034518293667449996171653084096176262986367413180998353200601357659276213367019801215419095793329535537224212414,0.8527697116055734
2024-12,NCut,10,5,1418919,converged,False,1587243864474027786322572755892593144976742225730197535538085062671252315486871649672073750763293088511285697252942409846330462213297206875961255833879322636007465987945615722817875981082604846,1158310215541616454375911933460351775667883326951039046047508463351146612589257924541604639329198385578901868819930100045533074484797979597298462454946417260225272235441417232689736064877681955,0.8198323993822066
2024-12,NCut,10,6,1523648,converged,False,46194125505943355077886475824049541361186787841869271629428298074359414063515826532560857760466101914307550506581313681046051366652024244569341073930764296187001488672144347589542627365167981,36497344161176814006719260040668373772203551150675539298213967035146827703571386323694440099688133157482747780791773747129125743358606306000875081616094586396606040355548444122638108262351600,0.8439904942173291
2024-12,NCut,10,7,1628377,converged,False,184204665755471415482403833524274640782721168640235114633805593582043398036649485020069305820738127057566988155424378365922491092854836388893073480332641503187887471112982801354301746904015,124158335063202068187698847187280545644467815787801234276880975176275974180518123004441813889105437485156481136622441922310807938617867521318148260829299593704687106347902389517297634605608,0.679771900741964
2024-12,NCut,10,8,1733106,converged,True,33970390708908853906856781074401944551393528845311538445144687287645091792293373918467950173009446807135447488545946522832247790709116473939916023477495948478317142317096603103196294227099467,28027325499394538277252042166430203386413415143388515051332147100297344827562578102067141770254263281974695973086218052569256981928790255205397502473534616142322634651248353252221929169891660,1.0
2024-12,NCut,20,1,1000003,converged,False,710932951729204217286895730729418106076180228680578691975792672553583069986834443212940658422804582520950002062202828952050160211653981780059531187501414027956497568897493927964307455888722205723623957321003020670509521321695223377522350577449663855329340085595371406192266496312908097161593720306083207411860679304924388142290050952451290915001923276768165811881,172890195317984430121266830391173742573515090062539169131410605169945741432865455981353846718134933573969862047846261085879378163819583188133776114421812009167713242908708592076215556377559387001463158877593463842387888909026760752459689534832966060524614414509726044760997131327387758844802533451547712295888816256208088230092528420979149039929799366114453735000,0.7535497060927937
2024-12,NCut,20,2,1104732,converged,False,79697071576169908838139089559003985142909617493336529001634734062627895439886780204212268786658808629710382377896899592145853949920467282278685975255006175446349451075376905370304325587875369858198721165307384544428739045973026209231623599081337580674856660038748978041629422136175479465558359517380615156162904682825219912870495595009638462851236489758271654452469,18378280748634053954327238750043323532367479181313179343651253631711060827163891849452818898957962393921380779766163079127513208265741662811689574030689499252539352313830108600263418354711214430699676648403991622406371747202474365317897941328153327069007102078769185889256609869691971879343096809561629678515503784334394787661611376578155689568404015497412002507840,0.6998610146886682
2024-12,NCut,20,3,1209461,converged,False,451463560598375670017145537268417804893552877794922384120389883187159453582891225178531333546594611828069962792073234324637613710599552135282325253087050783754084541199141051051938940761196526776296634431204571513848638254026334156207341633170979560151565105043309705679027591695853619320586491822233752984157017957532378521806901047412768808997024933116556366345026817933,103432898328967882492438246837644821632773912333182874561479420815406010934689669028678549272967224235512243426658187962364707442378261186030197662385976375331461915283463341189548615877182789833412893448393437808500467990572195624718462194830241473832452456392116016932964280221162354897468201034301215281537588998510060021044930326404406884860580104383595003961104255350,0.7963718584807353
2024-12,NCut,20,4,1314190,converged,False,924681105001609969199468573635228950157407962460051020829424479416389517892571311585166844337450087475216089728044100175461811053396768865556677177051065554825175428117786403391705291703817499698033487261988949165490197905054255067792698953823895456248107270635483158473137333301799493146716150086801862923592649682317902077835649925741132023911327942670910783087642407,226133539646377605941254978117329453890239742798328343138114732342451052775163639262113741720027616194096267046639791394079699976978536268242763147049382351508413610039599847526499359979280237723672650837932999411376203423919479003568990569460631627843287089624290075282737117112464682325067437024244334907648012545282937934166155188003305658521044669368446408591262000,0.8412079709144187
2024-12,NCut,20,5,1418919,converged,False,938486445251645780198170040639525946841251512767067647604876556766684189220506319629625009089933235967411573559220954841452438060789897887889561375336315121433058285077637262252914215679015418888314052238167366058141725708068198147008311697164682336507348607199487680154101185650912416240428259921593522124320427192188075854515339308964731570980293146173535254963,221070397165591458508805903061889173975580688139570070977644422518576605269928295946049747390603170307781693099090014186500767671151751733035545852711473167788331324665506984992299882807489027028733501838476198740766589891186113487429723069429857631432143016110835744992604776891941970468999642116071623865881775990011160033406303143700708228889651563501585570320,0.707968223710159
2024-12,NCut,20,6,1523648,converged,True,163540713739538634525299620239619286150883247945365550478255287903876149656935078862708849468891758069314838353208702938917900837333672864668848129181031568231220243484616691139227442624296089869568354200037495475890423598255807511801256089944177949270459325939972190533951257724128413445466387122647051975716502300626339179466665060245202247174820855247029157,41112635185901317064303426825534424117132293751456232811203470984153229585518934482116763022609201979422610033320922165683554521664177625775690097859261487478689208942263495781508250805698276036348665078091590372300787597399517934537940018813703957005486781170128087420841103139193423040423605201224767870979558669594497461493319172995215575153571149445764640,1.0
2024-12,NCut,20,7,1628377,converged,False,2605951428082595353564915934602652998663109966694256376815581861883507868185264407618659864133329202632323811798928557180244867546157995660636147160113943690777071621038063813927101417923899182963921694063039774506799685767893759379582150220210180570003542044000720398160780887658077752686708640351651732045025758282551351974733277318962550400478612846376883707168061238,575320491019077039339551065889909835058474203365213938689956669598301111745226222174386996077441873057210753589207651882392616238807899940829963615606740526543884768656112867138837605483336649464560297440142800209325202522038559971902091596593012767811534490873835807528969305233916684576564190794659777533820946722099353030745766780677088030163644640203755973966953125,0.6965848732651712
2024-12,NCut,20,8,1733106,converged,False,7271065825762457011230103608035421250556306803171790692824644570971147755089680958701022553554390219038037956961656072048427132309257688916300790907166134475825506224937468468467468662633571202832166869553176677281220624061131157107232216162392495457149897007039565939192138515866175300415631976617840349307694059744619972136586258527857019224493406861993953043801,1745901582808024905399355478971955006655901036068220913766577522672187393532294068171311680002413801973989221091470466452897282151500851931349805298915851769938329420985320826769531257525541639327774044087237759064756846329586506898757497694092462469325693730637770252169241335177709959432486769528854903118686156053688050153617037900890318392832100110622549972000,0.8877691666418346
2024-12,NCut,4,1,1000003,converged,True,246079657768894151525267941525708073871054881787496576471626284025456328917469,862067147876806241186313727299153861203980685617185163192343508480148580490832,1.0
2024-12,NCut,4,2,1104732,converged,False,592458604263444229354794537858692201358869489854301499172176078225054687070225,1997218504167589124306839932047345102523542630579226189797182505301151524386736,0.8916937816995159
2024-12,NCut,4,3,1209461,converged,False,592458604263444229354794537858692201358869489854301499172176078225054687070225,1997218504167589124306839932047345102523542630579226189797182505301151524386736,0.8916937816995159
2024-12,NCut,4,4,1314190,converged,False,5770862801271602410455264678632170199066623818116387040011613695108364972598043,19373982889761206252642665115376910908343818016605579448401092220553970136671890,0.8882439378302819
2024-12,NCut,4,5,1418919,converged,False,12495467827212011700674381173244969047678240306068849750679647596537736605363171,42973306094547824941764364710331731989311898237590041060058670924388362763869616,0.8953583622684846
2024-12,NCut,4,6,1523648,converged,False,5770862801271602410455264678632170199066623818116387040011613695108364972598043,19373982889761206252642665115376910908343818016605579448401092220553970136671890,0.8882439378302819
2024-12,NCut,4,7,1628377,converged,False,246079657768894151525267941525708073871054881787496576471626284025456328917469,862067147876806241186313727299153861203980685617185163192343508480148580490832,1.0
2024-12,NCut,4,8,1733106,converged,False,246079657768894151525267941525708073871054881787496576471626284025456328917469,862067147876806241186313727299153861203980685617185163192343508480148580490832,1.0
2024-12,NCut,6,1,1000003,converged,True,42649499523506664708570484293074621761484275171956064916154180995569256526456716929140759428824590909112947996245746,82893715633673151991331537525031758082265217295923689703435714627045221989884661104149123350909494230374918595663875,1.0
2024-12,NCut,6,2,1104732,converged,False,95208975270790058710669094593997960471206516363042124467759888453028298785801713704001067341200100019477940136051,161077857887214626281889124759703057297944739156876644663498229345325224191818939266305729655971091142499977541725,0.8630845947652337
2024-12,NCut,6,3,1209461,converged,False,42649499523506664708570484293074621761484275171956064916154180995569256526456716929140759428824590909112947996245746,82893715633673151991331537525031758082265217295923689703435714627045221989884661104149123350909494230374918595663875,1.0
2024-12,NCut,6,4,1314190,converged,False,107460785899640697171666858730805491283916240265505180788210374522962409913504579188183074530797459079344786442618843,177710030680147216572284125805059227642553942698942919112069187083909927651759312202692174329094789025690252678468735,0.7917363351559542
2024-12,NCut,6,5,1418919,converged,False,475879986813407048685485019187454011648347621702917293181884811997547116945545681447132975571633539449669633898791391,731085362646293370264589484771145748911818702078163629051766784681269320824469429969325323819527077680184681094678040,0.8114950932730817
2024-12,NCut,6,6,1523648,converged,False,9514958297938193253666687531640157192005697151119627672905895595850427621171277185296571324818391793713873320916029,15902402217429796672999246457170219664422956900531777557590787942744823620189168616929559614609458808320281513913719,0.8087235005558977
2024-12,NCut,6,7,1628377,converged,False,32026871584225525058158974819390442012463216437353276628516008188841670131102651513137396911162090765653913175686557,48987096075711573646058227799930896568461648765386206858115599637769545561533299153165813058154610293031912274914580,0.806734322233039
2024-12,NCut,6,8,1733106,converged,False,5804923579439644412040259700856840674648287646484028964436720146895720303553252176326834555301547329943848768512517,9619735233278033971158531898053803163114040044965423321280374248986276143903920726816528663806096145793322409723745,0.7905050501445534
2024-12,NCut,8,1,1000003,converged,False,57402056567496874300975801725804244507289444361180898337220100060315390229709116537706212131641332487932846672006876360202836008671072416688274314327054893,59078443878927158025353602881563382289351178971612723775507097007311920895527941100541541572237095225612840899473248939849014751872659158491290179449546830,0.7428450389803385
2024-12,NCut,8,2,1104732,converged,False,18409652454853682309870472965372802517222611032565165426496373803692949594791098352819969763840864496897187151084371013012041783022790208144716072150149,18396975621003477713921874871544530470499205229941167651481375829426518460658152205789733312531736616289628066922941881105561114388218008240978055229648,0.6795695251816514
2024-12,NCut,8,3,1209461,converged,True,6255793191894874168104364443085518256840772337997075732901436610402520448293162007321373793737413439759714415434241416390178398376601983839506185067755219,6686485712711438274720472217411431461837423839916258109593978156747765964187471887388824424552779395747989324646778826806580457506052586286802874228883115,1.0
2024-12,NCut,8,4,1314190,converged,False,57402056567496874300975801725804244507289444361180898337220100060315390229709116537706212131641332487932846672006876360202836008671072416688274314327054893,59078443878927158025353602881563382289351178971612723775507097007311920895527941100541541572237095225612840899473248939849014751872659158491290179449546830,0.7428450389803385
2024-12,NCut,8,5,1418919,converged,False,49799342713981564521354889016519212793364558407144514597071270253174680937352785153477208337348378202946833540692699301603053397814636795983206038707577,51268330531359059555343115993326993209158435619722939315466579336631692425404777073481316921512328318163408787353244190011884260791210082552280360569144,0.8478065003952526
2024-12,NCut,8,6,1523648,converged,False,888228360148285148584458969698885176666558417721318311222471986620603163718071609113914282840394321611164499221224255827397102344184795302637365119262,835309751285727745980103492413474900493032307552753684120709001475752112213681359328392886881871975295352681922252087839414482588341051204606976010627,0.7742956625758995
2024-12,NCut,8,7,1628377,converged,False,257010849280616913377668164925499897271927194887769253026871677405970208890934014688023325951098167479928401671722533867133162932273277713922090205696263579,234357741837405638974635401839782918584630280298485926202883401382426001560246336006838748036959326157376256594853614392741792523910110797363384584411483685,0.6459740588495589
2024-12,NCut,8,8,1733106,converged,False,19610367553308411285912417612043416936526272293819643124185972957723882703747141890317107473961070694873791721019387531884963627115443453685476749704261,19619054148149153854733509095524795997486270769303112007649725114811728164959468608007038443425129211488817513079549957036220839874635179966094422237592,0.7089044133440636
2024-12,NCut,12,1,1000003,converged,False,5542111958249753419463174723143887606572214905336936203767868088498010959003856065499812586032048466824210592820731754215640843429393100240861564698175450724991286341382969500413708922879085350393488554880234213905866386691,2936795917134565372951053480652398194484967839128631320898459554505305915967710724123514721247212320845249015027224626829813202905725314837948948934426150738514489259298159838585397045361580548063254677355953496083218843380,0.7191939699043886
2024-12,NCut,12,2,1104732,converged,False,23896391027452791484701769838680691285924081313442133038625446057011740433242817865675769437560830201266469555331815640806273625942089486509326115237945350114174164450441036102691959936990584918891485612676314748053211164241,11876339457404057546865056021962008146731528319100991808270789164483646038306851297214681311945184485693724662998790323730189390584487299457562040995912283970193708892310570854674666588997926219949353844381453840672936204421,0.6722297703400063
2024-12,NCut,12,3,1209461,converged,False,691763503533899275276882282773299124994374008171203042457997940613984785987340146755001584623949096658767910642029825577307476330002815250527683534348135223054313818421342397993872254693813416184628623422175915477909376431537603,398653891401115106472544346065532835698370507743645946670650108639115802907395770908102783476052386628770194234027105321344627859972894190771841608667078039498789598910980972310395002814330468178568285777156356662016625379224810,0.6806275440270474
2024-12,NCut,12,4,1314190,converged,True,9470188353714261407621519071764720135461172014858949344514489277249013048406586925930460246575224553598824391925505199531051029272666434801380458364353315067967766129149830647333925646960549721204536129175675500631127537607377,5594996634286773427290209767524477714633384819651417089211423704695458867941630662932284200351646270988557124956056242997346764452774344442322641071922816469813424920251478951477772397693454932556894259206014545356709969761764,1.0
2024-12,NCut,12,5,1418919,converged,False,815164987625255068477226748712291149634170795080833128761359113613413781390652044969420590343810324243057757683679300351186703562358115651435546304359792156458736460364417776824250219314443504384334403893790776529672283494,434782437393387149986105175827829116381516827772720356856126200714312534597266977140546851292119920515945818811813894809403924364307640573002858242799862278919235663655430342502478735879043308496635336656497998613503893015,0.7139426450556933
2024-12,NCut,12,6,1523648,converged,False,3559375644261932978460354067123182981940829265379125158315594932067347915492371360034787216359776141945527054661785282941837986097020767942849553839841218411977825273313799456545337785493097799815363316122356290693780610076535,1942887208231626805330154064482252283351350931375440848508575464066105458886866012734961102874838787216406235531198108396637839905222068485187678718169446230496017143670350340228109482785964203117264415065339468727907817978944,0.7149055252651688
2024-12,NCut,12,7,1628377,converged,False,768920597601556158001177807056001893462282858557213108651149571084043437959976482967829198371628706018373125377853137915350366507846060582235701337397863631147296823796644258409038136247025102915021001789397975310707370779181,420243378260308353229339435203215196738954650604707736544322797165714707458145672312040805663500910765524221966656757629891079337040434087730325013997886950383303085946280882911612804479556982613160548753991324474159117977280,0.7114316462802625
2024-12,NCut,12,8,1733106,converged,False,62311468448884844401328457141965954872401775038934742147923164911025061793042832570889148984856748966381622743367009796054018563591868743802971027924583118895414077439383706962867939860057979939270196167347198834104378178756911419,32746865348243241180655668797452619585490455206517612697168462672257640826576620261201877296853329258841554215856662668860752703640030627688565968133520105536346930485556343247800043824494287784128648745008648749801766377580610800,0.6641574214780537
2024-12,NCut,16,1,1000003,converged,False,23514992254318134041011785662286343812992137329011341564792451473662716859387522503498520319405114741912397929195481020915432040521035145793156954915762729805514153816252989159177424791011842220836062630388538639187132035359612873076321736769192922705011812885159613728252953223132465274101833629,8521996985260383637069210041035212414056697342641541419307751609755628643245307356443582777417586312031747539017784091157509085909624217235591156265560778064538818984060876788683227129865289772487942975374568864439701836446049870390790794276865633181721257506460716607549702226340882107795280480,0.7482185674313319
2024-12,NCut,16,2,1104732,converged,False,1110484694400485071776420506918296691929778615588564685562315979266313099052030907841955218911146108954160887567254364790887244616195634970502780957487972859991291639160681159394974618636229297564985663991412031398740419514244155788991294843738059170603160393101081868998073655855097530061987,391697434355322867436147121401520196194925668596257065654131500291970027919081389298501291827687287499877255706502813305079999269066997074972171356112501618910380403464265332780363314690185902029721055561470862253351434094959519867467376013037582242570029885372034609263042163388720310695000,0.7166066996450525
2024-12,NCut,16,3,1209461,converged,False,543969576156499792635455516008555925498357316614199342224783216958288477383095584108537439037960930541090100475104709888236362688939988651286692916174421856059766935250691370494696942442109204152723532078944231788322532225508877873182558663204224829219954711121853307920525639423896308472895651101,196899822261639660697181788279234969795964569574052985225990804601865841386440110762299386397297531525890424125773878635932596862200171681862639693073758487939556910673167080087012539947557315928164083905486820543455257521555124359368775135437095463650225085702247650230261454787045194037808277600,0.7677537786390451
2024-12,NCut,16,4,1314190,converged,False,972584845583093643752657420213598455537794629709177497618188118766676300751411496857753849955857014909974348868835499319544807623746360467666036602045986046767351671726445643839130271516154884919196661586833132133289044824116724939567977881657536430664463281797476048273425032868025281895471093,350682125006483679390368520340837626590569080969233535615172495872823494549909784019709960985056856827030883900200754618679507784288916096506246084039783501085672722635101390041351130209428013671959660413902754306589420862683474246938006602265795588140223059993809355078530743504711513954517600,0.7434668055732894
2024-12,NCut,16,5,1418919,converged,False,142266744542227562847502808890170106649770783019002449316565731477511051528528370220304017650435006242484858559853043240324503254100904586988219529807875537220328464286554074507565703588416491153448145570768457339814486109736471360561904350265104306881765019344276047742200039897488403169741771,48956269300386836397848358127057245410681077282876089564354338386982856006513228993785522755536525960275259857705120012351068704784603166647047638777563667406759823226919247072030309796707391362603999717671388547596660749137711503907656701233091396411348540185375506488343378430478286107314520,0.6792511276375949
2024-12,NCut,16,6,1523648,converged,False,9146020492632897973308234458938454843458711345456881482235384673158431640546317769204833875202721521834664709645066890507294651355431269685238321369201318688790628877865967595867142086976410952782987081071388707967195134138555444780400990369905652218695104259510475732794672025709036457,3307498529945663088252682008520413595064130007964077289842548221143755415836858476391008700663709342173163257207126063677188084844764564511370271158522796995109648382419421644691743081841380795073937689811229559699656686247681532487013007894628556819340656923917810339991639599166637600,0.692949782388183
2024-12,NCut,16,7,1628377,converged,False,6575412806317469391379144979408309458310133221636289852497903742900208262769773173814826514171008736647930887747938807410189266044779690349970761296869968347768475763062755891727187622785551809132628409975351856238089167689318160450951204738094113955374826493611525849213437288272194303683394367,2166240285804235974246780920372226534399271294181899951299776723457275391051439314961514563485289355177008081685259622795498856290688942025805025248102856394784570987055702575586239467432747223779799742366896088603724624579025375248705261285599471026774966479410820057126679626270318975076621600,0.632532598378245
2024-12,NCut,16,8,1733106,converged,True,99383365095282563327210440710270592053835441341975001741015967666626895881635833420798813247639354394660264432799904960341494084506353659106814754966162370925733474772821226450788421429774617929271095359377240218897555061666524277388918461566240228846910967948284968534461895706667359652939698583,37605732059748156143134134611422784285137641856302598646539756231441785580637766113229503298139982422354313506037737163011492391057515705114309360270790600346617884139960373233827926102654497740072542675840304523179779804966195735470909120325216530657442615198879184641916971584754787925425056000,1.0
